id,filing_uuid,filing_type,filing_type_display,filing_year,filing_period,filing_period_display,filing_date,dt_posted,added_to_db,income,expenses,expenses_method,expenses_method_display,posted_by_name,url,registrant_id,client_id
1,a934e791-d564-4fd3-8b78-041f8cfcf115,RR,Registration,2026,first_quarter,1st Quarter (Jan 1 - Mar 31),,2026-01-01 15:01:39,2026-03-07 02:36:55.630068,,,,,Bob Holmes,https://lda.senate.gov/api/v1/filings/a934e791-d564-4fd3-8b78-041f8cfcf115/,1,1
451,ef49cc81-19e4-4e30-a29f-4cc1144e2465,RR,Registration,2026,first_quarter,1st Quarter (Jan 1 - Mar 31),,2026-01-16 11:02:40,2026-03-07 02:51:58.503973,,,,,Eric S. Brown,https://lda.senate.gov/api/v1/filings/ef49cc81-19e4-4e30-a29f-4cc1144e2465/,232,447
701,7bee532e-d94f-42d6-babf-b8247d8431ee,RR,Registration,2026,first_quarter,1st Quarter (Jan 1 - Mar 31),,2026-02-03 17:12:17,2026-03-07 02:52:15.411918,,,,,Rawson Warden,https://lda.senate.gov/api/v1/filings/7bee532e-d94f-42d6-babf-b8247d8431ee/,358,690
2,fa70fe99-b145-41fb-adaa-092b4993c6fa,RR,Registration,2026,first_quarter,1st Quarter (Jan 1 - Mar 31),,2026-01-02 11:29:32,2026-03-07 02:36:55.644545,,,,,Hallee Bonita Croce,https://lda.senate.gov/api/v1/filings/fa70fe99-b145-41fb-adaa-092b4993c6fa/,2,2
1326,4f33e46d-4018-4899-8926-c03bb9977ae2,RR,Registration,2025,first_quarter,1st Quarter (Jan 1 - Mar 31),,2025-01-01 12:03:08,2026-03-07 10:20:12.541848,,,,,John Roberti,https://lda.senate.gov/api/v1/filings/4f33e46d-4018-4899-8926-c03bb9977ae2/,247,1297
452,6a975fb3-9a55-4192-b061-15db5209555b,RR,Registration,2026,first_quarter,1st Quarter (Jan 1 - Mar 31),,2026-01-16 11:04:19,2026-03-07 02:51:58.514436,,,,,Thomas Keller,https://lda.senate.gov/api/v1/filings/6a975fb3-9a55-4192-b061-15db5209555b/,233,448
3,aba50d2f-9f2f-4336-8830-dfe05ffcbae7,RR,Registration,2026,first_quarter,1st Quarter (Jan 1 - Mar 31),,2026-01-02 18:34:06,2026-03-07 02:36:55.649639,,,,,Alisa Hess,https://lda.senate.gov/api/v1/filings/aba50d2f-9f2f-4336-8830-dfe05ffcbae7/,3,3
1801,def57555-009b-4552-b39f-660e35de11ab,RR,Registration,2025,first_quarter,1st Quarter (Jan 1 - Mar 31),,2025-02-07 16:32:50,2026-03-07 10:20:43.676459,,,,,Eric S. Brown,https://lda.senate.gov/api/v1/filings/def57555-009b-4552-b39f-660e35de11ab/,232,1756
702,109b1870-e3c4-45e1-b5f8-9ded691f6f51,RR,Registration,2026,first_quarter,1st Quarter (Jan 1 - Mar 31),,2026-02-03 18:50:43,2026-03-07 02:52:15.417658,,,,,Jack Burkman,https://lda.senate.gov/api/v1/filings/109b1870-e3c4-45e1-b5f8-9ded691f6f51/,26,691
4,8bb24281-a90f-42bc-9e4f-c8198f30f6ad,RR,Registration,2026,first_quarter,1st Quarter (Jan 1 - Mar 31),,2026-01-03 14:32:47,2026-03-07 02:36:55.655763,,,,,Richard Russell Walker,https://lda.senate.gov/api/v1/filings/8bb24281-a90f-42bc-9e4f-c8198f30f6ad/,4,4
453,002a431f-0ffc-4ea2-9885-2b25dbaa17a5,RR,Registration,2026,first_quarter,1st Quarter (Jan 1 - Mar 31),,2026-01-16 11:19:08,2026-03-07 02:51:58.519888,,,,,Thomas Keller,https://lda.senate.gov/api/v1/filings/002a431f-0ffc-4ea2-9885-2b25dbaa17a5/,233,449
5,d26203bd-2c15-40a9-9db4-656987fa964e,RR,Registration,2026,first_quarter,1st Quarter (Jan 1 - Mar 31),,2026-01-03 20:52:02,2026-03-07 02:36:55.661759,,,,,Megan Burke,https://lda.senate.gov/api/v1/filings/d26203bd-2c15-40a9-9db4-656987fa964e/,5,5
454,a34842bd-8424-4c77-9ddc-54e4498b398b,RR,Registration,2026,first_quarter,1st Quarter (Jan 1 - Mar 31),,2026-01-16 11:34:15,2026-03-07 02:51:58.524789,,,,,Jeffrey J. Kimbell,https://lda.senate.gov/api/v1/filings/a34842bd-8424-4c77-9ddc-54e4498b398b/,234,450
6,60d0d13e-4c28-4f14-b8d0-b5d4649b7b62,Q1,1st Quarter - Report,2026,first_quarter,1st Quarter (Jan 1 - Mar 31),,2026-01-04 16:41:50,2026-03-07 02:36:55.667173,40000.0,,,,Bruce Morrison,https://lda.senate.gov/api/v1/filings/60d0d13e-4c28-4f14-b8d0-b5d4649b7b62/,6,6
703,7a6f5e9a-9887-4ee7-8885-a7256467d15d,RR,Registration,2026,first_quarter,1st Quarter (Jan 1 - Mar 31),,2026-02-03 21:22:49,2026-03-07 02:52:15.422973,,,,,Brian Diffell,https://lda.senate.gov/api/v1/filings/7a6f5e9a-9887-4ee7-8885-a7256467d15d/,359,692
7,e226da6f-6af8-43e2-86eb-2e20b1206fd0,Q1,1st Quarter - Report,2026,first_quarter,1st Quarter (Jan 1 - Mar 31),,2026-01-04 16:44:50,2026-03-07 02:36:55.672070,,,,,Bruce Morrison,https://lda.senate.gov/api/v1/filings/e226da6f-6af8-43e2-86eb-2e20b1206fd0/,6,7
455,be2488ae-b784-4dac-a7c3-43f0f9e54fb0,RR,Registration,2026,first_quarter,1st Quarter (Jan 1 - Mar 31),,2026-01-16 11:53:03,2026-03-07 02:51:58.530553,,,,,Mark Roberts,https://lda.senate.gov/api/v1/filings/be2488ae-b784-4dac-a7c3-43f0f9e54fb0/,235,451
8,423410e6-9f4c-416b-955c-c5b23b492d2d,Q1,1st Quarter - Report,2026,first_quarter,1st Quarter (Jan 1 - Mar 31),,2026-01-04 16:48:45,2026-03-07 02:36:55.676644,20000.0,,,,Bruce Morrison,https://lda.senate.gov/api/v1/filings/423410e6-9f4c-416b-955c-c5b23b492d2d/,6,8
456,fa39fda9-289e-4e17-962c-0814fbeb32b1,RR,Registration,2026,first_quarter,1st Quarter (Jan 1 - Mar 31),,2026-01-16 12:19:06,2026-03-07 02:51:58.536873,,,,,Eric S. Brown,https://lda.senate.gov/api/v1/filings/fa39fda9-289e-4e17-962c-0814fbeb32b1/,232,452
9,d80f4851-5ed4-41f7-bd3d-223f9e4d3ac1,Q1,1st Quarter - Report,2026,first_quarter,1st Quarter (Jan 1 - Mar 31),,2026-01-04 16:49:06,2026-03-07 02:36:55.681033,20000.0,,,,Bruce Morrison,https://lda.senate.gov/api/v1/filings/d80f4851-5ed4-41f7-bd3d-223f9e4d3ac1/,6,8
10,5ddf0af0-4787-48fb-a9c5-ef926377bbdc,Q1,1st Quarter - Report,2026,first_quarter,1st Quarter (Jan 1 - Mar 31),,2026-01-04 16:58:52,2026-03-07 02:36:55.684718,20000.0,,,,Bruce Morrison,https://lda.senate.gov/api/v1/filings/5ddf0af0-4787-48fb-a9c5-ef926377bbdc/,6,9
457,a945a15b-0e26-4130-91fa-c6286a9b4c2f,RR,Registration,2026,first_quarter,1st Quarter (Jan 1 - Mar 31),,2026-01-16 13:04:42,2026-03-07 02:51:58.547069,,,,,Nicole Dade,https://lda.senate.gov/api/v1/filings/a945a15b-0e26-4130-91fa-c6286a9b4c2f/,236,453
11,820bad6f-f5b0-43c8-b714-468e94c607cf,RR,Registration,2026,first_quarter,1st Quarter (Jan 1 - Mar 31),,2026-01-05 10:01:55,2026-03-07 02:36:55.688713,,,,,Betsy Peperak,https://lda.senate.gov/api/v1/filings/820bad6f-f5b0-43c8-b714-468e94c607cf/,7,10
12,479f3c57-c8c4-42ce-9b02-df81c074950b,RR,Registration,2026,first_quarter,1st Quarter (Jan 1 - Mar 31),,2026-01-05 12:03:20,2026-03-07 02:36:55.695173,,,,,"Ann Pace, Head of Legal, USA & Secretary",https://lda.senate.gov/api/v1/filings/479f3c57-c8c4-42ce-9b02-df81c074950b/,8,11
13,42fd830a-29f6-4d92-b4ca-82ff2188c97a,RR,Registration,2026,first_quarter,1st Quarter (Jan 1 - Mar 31),,2026-01-05 12:55:47,2026-03-07 02:36:55.700736,,,,,Glenn Rushing,https://lda.senate.gov/api/v1/filings/42fd830a-29f6-4d92-b4ca-82ff2188c97a/,9,12
14,7cd44718-178e-4401-9997-30326c6e6b15,RR,Registration,2026,first_quarter,1st Quarter (Jan 1 - Mar 31),,2026-01-05 13:13:22,2026-03-07 02:36:55.707472,,,,,Dan Johnson,https://lda.senate.gov/api/v1/filings/7cd44718-178e-4401-9997-30326c6e6b15/,10,13
15,86c25f42-1c51-4269-89fd-8a1aca49671f,RR,Registration,2026,first_quarter,1st Quarter (Jan 1 - Mar 31),,2026-01-05 13:28:34,2026-03-07 02:36:55.714363,,,,,Kevin W Jones,https://lda.senate.gov/api/v1/filings/86c25f42-1c51-4269-89fd-8a1aca49671f/,11,14
16,3cfc9805-1c0d-4b87-a95d-b5e4263b1cd6,RR,Registration,2026,first_quarter,1st Quarter (Jan 1 - Mar 31),,2026-01-05 14:24:37,2026-03-07 02:36:55.720901,,,,,Michael T. Oscar,https://lda.senate.gov/api/v1/filings/3cfc9805-1c0d-4b87-a95d-b5e4263b1cd6/,12,15
17,c8cb4a99-31cd-4e2d-a7c7-02e964a486ef,RA,Registration - Amendment,2026,first_quarter,1st Quarter (Jan 1 - Mar 31),,2026-01-05 15:56:33,2026-03-07 02:36:55.727086,,,,,Kevin W Jones,https://lda.senate.gov/api/v1/filings/c8cb4a99-31cd-4e2d-a7c7-02e964a486ef/,11,16
18,a8faff92-8f73-43e4-b02e-7162e9f8a0f7,RR,Registration,2026,first_quarter,1st Quarter (Jan 1 - Mar 31),,2026-01-05 16:25:39,2026-03-07 02:36:55.733349,,,,,Paul Lowell,https://lda.senate.gov/api/v1/filings/a8faff92-8f73-43e4-b02e-7162e9f8a0f7/,13,17
458,8989ad19-e81e-4018-9d4a-d76dc6954006,RR,Registration,2026,first_quarter,1st Quarter (Jan 1 - Mar 31),,2026-01-16 14:07:25,2026-03-07 02:51:58.552168,,,,,Michael Andrews,https://lda.senate.gov/api/v1/filings/8989ad19-e81e-4018-9d4a-d76dc6954006/,237,454
704,7b017b92-fc36-4419-bf27-4153bd025b1b,RR,Registration,2026,first_quarter,1st Quarter (Jan 1 - Mar 31),,2026-02-03 22:02:38,2026-03-07 02:52:15.428672,,,,,Brian Diffell,https://lda.senate.gov/api/v1/filings/7b017b92-fc36-4419-bf27-4153bd025b1b/,359,693
19,c502c2c8-a7f0-46a4-b33f-e0191042e184,RR,Registration,2026,first_quarter,1st Quarter (Jan 1 - Mar 31),,2026-01-05 16:30:01,2026-03-07 02:36:55.739543,,,,,Pete Kirkham,https://lda.senate.gov/api/v1/filings/c502c2c8-a7f0-46a4-b33f-e0191042e184/,14,18
459,3e598815-f5e5-4fc3-aae5-ad4173570fbc,RR,Registration,2026,first_quarter,1st Quarter (Jan 1 - Mar 31),,2026-01-16 14:23:28,2026-03-07 02:51:58.557715,,,,,Michael Andrews,https://lda.senate.gov/api/v1/filings/3e598815-f5e5-4fc3-aae5-ad4173570fbc/,237,455
20,beff1a4a-cddd-4a91-bad1-a32882797727,RR,Registration,2026,first_quarter,1st Quarter (Jan 1 - Mar 31),,2026-01-05 17:05:43,2026-03-07 02:36:55.745001,,,,,Lindsay Fryer,https://lda.senate.gov/api/v1/filings/beff1a4a-cddd-4a91-bad1-a32882797727/,15,19
21,fd066bfe-a81e-499f-b9ee-b7dfcb1bc2af,RR,Registration,2026,first_quarter,1st Quarter (Jan 1 - Mar 31),,2026-01-05 18:00:04,2026-03-07 02:36:55.750946,,,,,"William Moschella, Attorney at Law",https://lda.senate.gov/api/v1/filings/fd066bfe-a81e-499f-b9ee-b7dfcb1bc2af/,16,20
460,ee064199-7e82-4fd8-a5c7-7113cd751747,RR,Registration,2026,first_quarter,1st Quarter (Jan 1 - Mar 31),,2026-01-16 14:29:32,2026-03-07 02:51:58.563046,,,,,Jayson Braude,https://lda.senate.gov/api/v1/filings/ee064199-7e82-4fd8-a5c7-7113cd751747/,238,456
22,39c4e726-c897-4700-8246-746092957a13,RR,Registration,2026,first_quarter,1st Quarter (Jan 1 - Mar 31),,2026-01-06 10:11:01,2026-03-07 02:36:55.756796,,,,,Alex Holland,https://lda.senate.gov/api/v1/filings/39c4e726-c897-4700-8246-746092957a13/,17,21
23,f09bb3d3-6b8e-4364-91c0-7f15129342c4,RR,Registration,2026,first_quarter,1st Quarter (Jan 1 - Mar 31),,2026-01-06 10:22:09,2026-03-07 02:36:55.763115,,,,,Alex Holland,https://lda.senate.gov/api/v1/filings/f09bb3d3-6b8e-4364-91c0-7f15129342c4/,17,22
24,a1334934-e649-4f36-854a-ca1ae567e7b8,RR,Registration,2026,first_quarter,1st Quarter (Jan 1 - Mar 31),,2026-01-06 11:11:23,2026-03-07 02:36:55.768524,,,,,Alan Knapp,https://lda.senate.gov/api/v1/filings/a1334934-e649-4f36-854a-ca1ae567e7b8/,18,23
25,3096d351-0a8e-4610-8425-826dbe3dfcd2,RR,Registration,2026,first_quarter,1st Quarter (Jan 1 - Mar 31),,2026-01-06 11:22:09,2026-03-07 02:36:55.774445,,,,,Alan Knapp,https://lda.senate.gov/api/v1/filings/3096d351-0a8e-4610-8425-826dbe3dfcd2/,18,24
26,83d3d0e2-0ac4-4b99-a9c0-c7ed77301616,RA,Registration - Amendment,2026,first_quarter,1st Quarter (Jan 1 - Mar 31),,2026-01-06 13:13:01,2026-03-07 02:36:57.139714,,,,,Hallee Bonita Croce,https://lda.senate.gov/api/v1/filings/83d3d0e2-0ac4-4b99-a9c0-c7ed77301616/,2,2
27,dfd156e4-2ae0-4473-a66f-df18446bdd1a,RR,Registration,2026,first_quarter,1st Quarter (Jan 1 - Mar 31),,2026-01-06 13:31:11,2026-03-07 02:36:57.145824,,,,,Alexander Silbey,https://lda.senate.gov/api/v1/filings/dfd156e4-2ae0-4473-a66f-df18446bdd1a/,19,25
28,63946912-6e70-4eb9-bd10-3f94bc1cb0dd,1T,1st Quarter - Termination,2026,first_quarter,1st Quarter (Jan 1 - Mar 31),,2026-01-06 16:03:02,2026-03-07 02:36:57.151633,,,,,Sarah W Blackwood,https://lda.senate.gov/api/v1/filings/63946912-6e70-4eb9-bd10-3f94bc1cb0dd/,20,26
29,3d9f3e58-cb9f-4dc8-a597-2665c0c0c6ad,RR,Registration,2026,first_quarter,1st Quarter (Jan 1 - Mar 31),,2026-01-06 17:21:01,2026-03-07 02:36:57.157522,,,,,Alex Shively,https://lda.senate.gov/api/v1/filings/3d9f3e58-cb9f-4dc8-a597-2665c0c0c6ad/,21,27
30,e4d7310d-9b7d-4fe0-83a1-22ba2f867ef9,RR,Registration,2026,first_quarter,1st Quarter (Jan 1 - Mar 31),,2026-01-06 17:45:19,2026-03-07 02:36:57.164071,,,,,Alex Shively,https://lda.senate.gov/api/v1/filings/e4d7310d-9b7d-4fe0-83a1-22ba2f867ef9/,21,28
31,5b150eef-1d27-484f-adf6-d2714e8e8d9a,RR,Registration,2026,first_quarter,1st Quarter (Jan 1 - Mar 31),,2026-01-07 09:31:13,2026-03-07 02:36:57.171269,,,,,Eric Snelgrove,https://lda.senate.gov/api/v1/filings/5b150eef-1d27-484f-adf6-d2714e8e8d9a/,22,29
32,bedd884a-d904-4c53-9c47-2b2be489b63f,RR,Registration,2026,first_quarter,1st Quarter (Jan 1 - Mar 31),,2026-01-07 09:36:21,2026-03-07 02:36:57.176888,,,,,Eric Snelgrove,https://lda.senate.gov/api/v1/filings/bedd884a-d904-4c53-9c47-2b2be489b63f/,22,30
33,1b565352-ef6c-403f-ae44-e2d2dcfb76a8,RR,Registration,2026,first_quarter,1st Quarter (Jan 1 - Mar 31),,2026-01-07 09:39:59,2026-03-07 02:36:57.182277,,,,,Eric Snelgrove,https://lda.senate.gov/api/v1/filings/1b565352-ef6c-403f-ae44-e2d2dcfb76a8/,22,31
34,5dbf857a-20dd-4c8a-88b3-65b0942bd064,RR,Registration,2026,first_quarter,1st Quarter (Jan 1 - Mar 31),,2026-01-07 10:29:08,2026-03-07 02:36:57.188260,,,,,J. Chris Porter Jr.,https://lda.senate.gov/api/v1/filings/5dbf857a-20dd-4c8a-88b3-65b0942bd064/,23,32
35,74bf34e3-47d7-43ca-b777-98d12c9da5e8,RR,Registration,2026,first_quarter,1st Quarter (Jan 1 - Mar 31),,2026-01-07 12:32:38,2026-03-07 02:36:57.194499,,,,,Michael A. Clauser,https://lda.senate.gov/api/v1/filings/74bf34e3-47d7-43ca-b777-98d12c9da5e8/,24,33
36,f80b6a37-f9b0-4ca0-8130-5ec2cd2d4e1f,RR,Registration,2026,first_quarter,1st Quarter (Jan 1 - Mar 31),,2026-01-07 13:07:03,2026-03-07 02:36:57.200646,,,,,Beth Anne Cole,https://lda.senate.gov/api/v1/filings/f80b6a37-f9b0-4ca0-8130-5ec2cd2d4e1f/,25,34
37,5ae37091-aa58-46b1-b0b0-c975a745cd1d,RR,Registration,2026,first_quarter,1st Quarter (Jan 1 - Mar 31),,2026-01-07 18:06:15,2026-03-07 02:36:57.206301,,,,,Beth Anne Cole,https://lda.senate.gov/api/v1/filings/5ae37091-aa58-46b1-b0b0-c975a745cd1d/,25,35
101,d71f5a8b-f692-46c2-a9e9-7e91b5f96b35,RR,Registration,2026,first_quarter,1st Quarter (Jan 1 - Mar 31),,2026-01-14 11:45:13,2026-03-07 02:37:01.401060,,,,,Stoney Burke,https://lda.senate.gov/api/v1/filings/d71f5a8b-f692-46c2-a9e9-7e91b5f96b35/,55,97
102,6992a00c-91ca-4dc9-935a-717b8a8ae3c7,RR,Registration,2026,first_quarter,1st Quarter (Jan 1 - Mar 31),,2026-01-14 11:49:54,2026-03-07 02:37:01.407118,,,,,Alyssa Specht Garcia,https://lda.senate.gov/api/v1/filings/6992a00c-91ca-4dc9-935a-717b8a8ae3c7/,32,98
103,29abc13a-488f-4b64-8a33-02f427f4433c,Q1,1st Quarter - Report,2026,first_quarter,1st Quarter (Jan 1 - Mar 31),,2026-01-14 12:34:40,2026-03-07 02:37:01.411743,,,A,A,Leenah Hegazy,https://lda.senate.gov/api/v1/filings/29abc13a-488f-4b64-8a33-02f427f4433c/,56,99
104,dc09d4b3-08bf-4304-8372-6b4974168dc7,RR,Registration,2026,first_quarter,1st Quarter (Jan 1 - Mar 31),,2026-01-14 15:49:59,2026-03-07 02:37:01.416840,,,,,Elizabeth Lavach,https://lda.senate.gov/api/v1/filings/dc09d4b3-08bf-4304-8372-6b4974168dc7/,57,100
105,73bdba1b-d7ef-4cd9-8c69-32fb37e3c44e,RR,Registration,2026,first_quarter,1st Quarter (Jan 1 - Mar 31),,2026-01-14 17:48:51,2026-03-07 02:37:01.421521,,,,,Daniel Boston,https://lda.senate.gov/api/v1/filings/73bdba1b-d7ef-4cd9-8c69-32fb37e3c44e/,58,101
38,f8246305-856d-4feb-a4f5-7e53300c5239,RR,Registration,2026,first_quarter,1st Quarter (Jan 1 - Mar 31),,2026-01-07 18:25:53,2026-03-07 02:36:57.218256,,,,,Beth Anne Cole,https://lda.senate.gov/api/v1/filings/f8246305-856d-4feb-a4f5-7e53300c5239/,25,36
705,ef6c1c4e-c7cd-4054-8ca5-0c42d2fb5208,RR,Registration,2026,first_quarter,1st Quarter (Jan 1 - Mar 31),,2026-02-03 22:32:57,2026-03-07 02:52:15.433265,,,,,Brian Diffell,https://lda.senate.gov/api/v1/filings/ef6c1c4e-c7cd-4054-8ca5-0c42d2fb5208/,359,694
39,5ccecd6f-f580-4367-8249-55fc129f55f9,RR,Registration,2026,first_quarter,1st Quarter (Jan 1 - Mar 31),,2026-01-07 18:49:15,2026-03-07 02:36:57.222937,,,,,Jack Burkman,https://lda.senate.gov/api/v1/filings/5ccecd6f-f580-4367-8249-55fc129f55f9/,26,37
461,d36ace1b-3296-464f-a8ca-fe94153f4d6d,RR,Registration,2026,first_quarter,1st Quarter (Jan 1 - Mar 31),,2026-01-16 14:33:04,2026-03-07 02:51:58.568359,,,,,Michael Andrews,https://lda.senate.gov/api/v1/filings/d36ace1b-3296-464f-a8ca-fe94153f4d6d/,237,457
40,0f8505e8-c78b-4acf-8c65-e0a59923cf8f,RR,Registration,2026,first_quarter,1st Quarter (Jan 1 - Mar 31),,2026-01-07 18:56:29,2026-03-07 02:36:57.228658,,,,,Jack Burkman,https://lda.senate.gov/api/v1/filings/0f8505e8-c78b-4acf-8c65-e0a59923cf8f/,26,38
462,e078badc-0061-4a4c-b71c-450e743caac0,RR,Registration,2026,first_quarter,1st Quarter (Jan 1 - Mar 31),,2026-01-16 14:34:25,2026-03-07 02:51:58.572610,,,,,Jayson Braude,https://lda.senate.gov/api/v1/filings/e078badc-0061-4a4c-b71c-450e743caac0/,238,458
41,547a90a6-6160-4479-a291-0f33133d02ac,RR,Registration,2026,first_quarter,1st Quarter (Jan 1 - Mar 31),,2026-01-07 19:37:17,2026-03-07 02:36:57.233681,,,,,Jeanette Maree Fielding,https://lda.senate.gov/api/v1/filings/547a90a6-6160-4479-a291-0f33133d02ac/,27,39
42,d35f8b9f-28c8-45da-9a64-6aae1430b1da,RR,Registration,2026,first_quarter,1st Quarter (Jan 1 - Mar 31),,2026-01-08 11:10:00,2026-03-07 02:36:57.239819,,,,,Michael A. Clauser,https://lda.senate.gov/api/v1/filings/d35f8b9f-28c8-45da-9a64-6aae1430b1da/,24,40
463,afcf99c9-42d1-43c0-b6cf-af098f2b8a8b,RR,Registration,2026,first_quarter,1st Quarter (Jan 1 - Mar 31),,2026-01-16 14:38:16,2026-03-07 02:51:58.577014,,,,,Jayson Braude,https://lda.senate.gov/api/v1/filings/afcf99c9-42d1-43c0-b6cf-af098f2b8a8b/,238,459
43,b20ad45b-8425-4b91-a85b-26b18eca85f9,RR,Registration,2026,first_quarter,1st Quarter (Jan 1 - Mar 31),,2026-01-08 11:52:58,2026-03-07 02:36:57.244826,,,,,Michael Higdon,https://lda.senate.gov/api/v1/filings/b20ad45b-8425-4b91-a85b-26b18eca85f9/,28,41
989,f9bbca1c-d671-4e3d-b11e-220d80c20daa,RR,Registration,2026,first_quarter,1st Quarter (Jan 1 - Mar 31),,2026-02-18 15:28:00,2026-03-07 02:52:33.537584,,,,,Michael D. DiRoma,https://lda.senate.gov/api/v1/filings/f9bbca1c-d671-4e3d-b11e-220d80c20daa/,377,968
44,321d4a78-1281-4b66-8dfd-4beec1670d94,RR,Registration,2026,first_quarter,1st Quarter (Jan 1 - Mar 31),,2026-01-08 13:20:24,2026-03-07 02:36:57.250682,,,,,Michael Brody,https://lda.senate.gov/api/v1/filings/321d4a78-1281-4b66-8dfd-4beec1670d94/,29,42
45,48e54e6a-4bfe-4795-b97c-d199f13817c7,RR,Registration,2026,first_quarter,1st Quarter (Jan 1 - Mar 31),,2026-01-08 13:24:51,2026-03-07 02:36:57.257468,,,,,Michael Brody,https://lda.senate.gov/api/v1/filings/48e54e6a-4bfe-4795-b97c-d199f13817c7/,29,43
46,53bc64e9-bb5f-48e4-b87b-c172d0e7c271,RR,Registration,2026,first_quarter,1st Quarter (Jan 1 - Mar 31),,2026-01-08 14:05:30,2026-03-07 02:36:57.262867,,,,,Noe Garcia III,https://lda.senate.gov/api/v1/filings/53bc64e9-bb5f-48e4-b87b-c172d0e7c271/,30,44
47,d587afc7-aea8-447d-a9a4-76e066c20eb0,RR,Registration,2026,first_quarter,1st Quarter (Jan 1 - Mar 31),,2026-01-08 14:27:57,2026-03-07 02:36:57.268784,,,,,John Yaros,https://lda.senate.gov/api/v1/filings/d587afc7-aea8-447d-a9a4-76e066c20eb0/,31,45
48,9d222a21-4512-481c-b869-1d1f315ff4d3,RR,Registration,2026,first_quarter,1st Quarter (Jan 1 - Mar 31),,2026-01-08 14:59:44,2026-03-07 02:36:57.274477,,,,,Alyssa Specht Garcia,https://lda.senate.gov/api/v1/filings/9d222a21-4512-481c-b869-1d1f315ff4d3/,32,46
49,7e4d9cff-e666-4c99-990f-a642c28fa97c,RR,Registration,2026,first_quarter,1st Quarter (Jan 1 - Mar 31),,2026-01-08 15:12:51,2026-03-07 02:36:57.280345,,,,,Alyssa Specht Garcia,https://lda.senate.gov/api/v1/filings/7e4d9cff-e666-4c99-990f-a642c28fa97c/,32,47
50,15c59d28-67b7-4ded-a3ad-ff1f1ef0462d,RR,Registration,2026,first_quarter,1st Quarter (Jan 1 - Mar 31),,2026-01-08 15:16:27,2026-03-07 02:36:57.285899,,,,,Alyssa Specht Garcia,https://lda.senate.gov/api/v1/filings/15c59d28-67b7-4ded-a3ad-ff1f1ef0462d/,32,48
51,c1979dfb-bc34-4a4b-b02e-2ef574d2438f,RR,Registration,2026,first_quarter,1st Quarter (Jan 1 - Mar 31),,2026-01-08 15:20:17,2026-03-07 02:36:58.471400,,,,,Alyssa Specht Garcia,https://lda.senate.gov/api/v1/filings/c1979dfb-bc34-4a4b-b02e-2ef574d2438f/,32,49
52,f6f12069-043f-471a-b4c3-ae02593ca169,RA,Registration - Amendment,2026,first_quarter,1st Quarter (Jan 1 - Mar 31),,2026-01-08 16:48:35,2026-03-07 02:36:58.478268,,,,,J Krister Holladay,https://lda.senate.gov/api/v1/filings/f6f12069-043f-471a-b4c3-ae02593ca169/,33,50
53,79f0e40b-7102-4c72-b5c9-8cd3bf78d6e5,RR,Registration,2026,first_quarter,1st Quarter (Jan 1 - Mar 31),,2026-01-08 16:57:10,2026-03-07 02:36:58.484357,,,,,Katie Bryant Snell,https://lda.senate.gov/api/v1/filings/79f0e40b-7102-4c72-b5c9-8cd3bf78d6e5/,34,51
54,848b80ac-ce3a-4668-a684-3e569f5824d1,RR,Registration,2026,first_quarter,1st Quarter (Jan 1 - Mar 31),,2026-01-09 08:26:01,2026-03-07 02:36:58.492505,,,,,Beth Anne Cole,https://lda.senate.gov/api/v1/filings/848b80ac-ce3a-4668-a684-3e569f5824d1/,25,52
55,9706733f-14ba-4563-99c1-39806c6b2028,RR,Registration,2026,first_quarter,1st Quarter (Jan 1 - Mar 31),,2026-01-09 09:58:52,2026-03-07 02:36:58.498029,,,,,ENRIQUE DE LA TORRE,https://lda.senate.gov/api/v1/filings/9706733f-14ba-4563-99c1-39806c6b2028/,35,53
56,732b13ae-e405-4bc9-bb5c-65f92fe47b28,RR,Registration,2026,first_quarter,1st Quarter (Jan 1 - Mar 31),,2026-01-09 10:34:06,2026-03-07 02:36:58.504887,,,,,Jennifer E Manley,https://lda.senate.gov/api/v1/filings/732b13ae-e405-4bc9-bb5c-65f92fe47b28/,36,54
57,c04ec9fa-b575-4033-840a-ca29ed8939a9,RR,Registration,2026,first_quarter,1st Quarter (Jan 1 - Mar 31),,2026-01-09 15:32:12,2026-03-07 02:36:58.510949,,,,,Michael E. Borden,https://lda.senate.gov/api/v1/filings/c04ec9fa-b575-4033-840a-ca29ed8939a9/,37,55
58,2f05b2f4-af7f-4944-a0f0-a3ff811268da,RR,Registration,2026,first_quarter,1st Quarter (Jan 1 - Mar 31),,2026-01-11 15:47:16,2026-03-07 02:36:58.518751,,,,,Palmer Schoening,https://lda.senate.gov/api/v1/filings/2f05b2f4-af7f-4944-a0f0-a3ff811268da/,38,56
59,2db1d393-b505-448f-89b1-89597eb5cacf,Q1,1st Quarter - Report,2026,first_quarter,1st Quarter (Jan 1 - Mar 31),,2026-01-12 09:22:31,2026-03-07 02:36:58.525297,,,,,Chelsea J. Mincheff,https://lda.senate.gov/api/v1/filings/2db1d393-b505-448f-89b1-89597eb5cacf/,39,57
124,d9531181-576e-4753-b3c7-8677350459ca,RR,Registration,2026,first_quarter,1st Quarter (Jan 1 - Mar 31),,2026-01-16 08:35:40,2026-03-07 02:37:01.514245,,,,,Beth Anne Cole,https://lda.senate.gov/api/v1/filings/d9531181-576e-4753-b3c7-8677350459ca/,69,120
125,8829cd54-5ba1-4a0e-ab90-4431356130b4,RA,Registration - Amendment,2026,first_quarter,1st Quarter (Jan 1 - Mar 31),,2026-01-16 09:18:04,2026-03-07 02:37:01.518934,,,,,Elizabeth van Zyl,https://lda.senate.gov/api/v1/filings/8829cd54-5ba1-4a0e-ab90-4431356130b4/,70,121
60,56705f96-582b-4982-8b5e-da85b87619a5,Q1,1st Quarter - Report,2026,first_quarter,1st Quarter (Jan 1 - Mar 31),,2026-01-12 09:25:01,2026-03-07 02:36:58.531578,,,,,Chelsea J. Mincheff,https://lda.senate.gov/api/v1/filings/56705f96-582b-4982-8b5e-da85b87619a5/,39,58
706,7933a23f-b78e-4d9d-b5e2-6c32244e8b77,RR,Registration,2026,first_quarter,1st Quarter (Jan 1 - Mar 31),,2026-02-03 22:41:36,2026-03-07 02:52:15.437696,,,,,Brian Diffell,https://lda.senate.gov/api/v1/filings/7933a23f-b78e-4d9d-b5e2-6c32244e8b77/,359,695
464,99ecfa6f-af04-42db-a264-dee6d4f0723e,RR,Registration,2026,first_quarter,1st Quarter (Jan 1 - Mar 31),,2026-01-16 14:42:30,2026-03-07 02:51:58.581361,,,,,Jayson Braude,https://lda.senate.gov/api/v1/filings/99ecfa6f-af04-42db-a264-dee6d4f0723e/,238,460
61,97f53de5-92ac-485e-8e52-75320aeafe00,Q1,1st Quarter - Report,2026,first_quarter,1st Quarter (Jan 1 - Mar 31),,2026-01-12 09:26:54,2026-03-07 02:36:58.537372,,,,,Chelsea J. Mincheff,https://lda.senate.gov/api/v1/filings/97f53de5-92ac-485e-8e52-75320aeafe00/,39,59
62,8c8fa86a-7799-4870-8e1f-891a537e0b10,Q1,1st Quarter - Report,2026,first_quarter,1st Quarter (Jan 1 - Mar 31),,2026-01-12 09:28:43,2026-03-07 02:36:58.543019,,,,,Chelsea J. Mincheff,https://lda.senate.gov/api/v1/filings/8c8fa86a-7799-4870-8e1f-891a537e0b10/,39,60
465,c3cfa4e5-289f-4a74-b6b4-4e77a156af41,RR,Registration,2026,first_quarter,1st Quarter (Jan 1 - Mar 31),,2026-01-16 14:45:40,2026-03-07 02:51:58.585761,,,,,Jayson Braude,https://lda.senate.gov/api/v1/filings/c3cfa4e5-289f-4a74-b6b4-4e77a156af41/,238,461
63,9b25d84e-e453-45cb-a198-0491ca121cd7,Q1,1st Quarter - Report,2026,first_quarter,1st Quarter (Jan 1 - Mar 31),,2026-01-12 09:36:26,2026-03-07 02:36:58.550104,,,,,Chelsea J. Mincheff,https://lda.senate.gov/api/v1/filings/9b25d84e-e453-45cb-a198-0491ca121cd7/,39,61
466,76c6b4a1-86a7-4821-b0c5-f58e20b7ccc8,RR,Registration,2026,first_quarter,1st Quarter (Jan 1 - Mar 31),,2026-01-16 15:02:27,2026-03-07 02:51:58.589921,,,,,Michael Andrews,https://lda.senate.gov/api/v1/filings/76c6b4a1-86a7-4821-b0c5-f58e20b7ccc8/,237,462
64,021094ae-68c5-4090-80de-31d3772b44ab,Q1,1st Quarter - Report,2026,first_quarter,1st Quarter (Jan 1 - Mar 31),,2026-01-12 09:38:15,2026-03-07 02:36:58.556167,,,,,Chelsea J. Mincheff,https://lda.senate.gov/api/v1/filings/021094ae-68c5-4090-80de-31d3772b44ab/,39,62
65,55b25ed6-3127-4075-aa1d-a28a78236c71,Q1,1st Quarter - Report,2026,first_quarter,1st Quarter (Jan 1 - Mar 31),,2026-01-12 09:42:56,2026-03-07 02:36:58.561823,,,,,Chelsea J. Mincheff,https://lda.senate.gov/api/v1/filings/55b25ed6-3127-4075-aa1d-a28a78236c71/,39,63
66,fbc977e8-dbff-4077-a19b-4c6c62da3c27,Q1,1st Quarter - Report,2026,first_quarter,1st Quarter (Jan 1 - Mar 31),,2026-01-12 09:44:53,2026-03-07 02:36:58.568383,,,,,Chelsea J. Mincheff,https://lda.senate.gov/api/v1/filings/fbc977e8-dbff-4077-a19b-4c6c62da3c27/,39,64
482,210c5f3b-c68a-47d5-b75b-5cc58d4ad986,RR,Registration,2026,first_quarter,1st Quarter (Jan 1 - Mar 31),,2026-01-19 15:20:22,2026-03-07 02:52:00.164940,,,,,Jeffrey Loveng,https://lda.senate.gov/api/v1/filings/210c5f3b-c68a-47d5-b75b-5cc58d4ad986/,247,478
67,51c41253-d0c4-4dec-bc8a-ca5ba89e2a3e,Q1,1st Quarter - Report,2026,first_quarter,1st Quarter (Jan 1 - Mar 31),,2026-01-12 09:48:12,2026-03-07 02:36:58.573845,,,,,Chelsea J. Mincheff,https://lda.senate.gov/api/v1/filings/51c41253-d0c4-4dec-bc8a-ca5ba89e2a3e/,39,65
68,c32811a9-bde1-454d-b4b5-a838f769772c,Q1,1st Quarter - Report,2026,first_quarter,1st Quarter (Jan 1 - Mar 31),,2026-01-12 09:50:51,2026-03-07 02:36:58.579914,,,,,Chelsea J. Mincheff,https://lda.senate.gov/api/v1/filings/c32811a9-bde1-454d-b4b5-a838f769772c/,39,66
501,c252e4d1-6aa3-42e5-b21d-b4e6caf9c393,RR,Registration,2026,first_quarter,1st Quarter (Jan 1 - Mar 31),,2026-01-20 09:04:23,2026-03-07 02:52:01.999358,,,,,Amy Tejral,https://lda.senate.gov/api/v1/filings/c252e4d1-6aa3-42e5-b21d-b4e6caf9c393/,252,497
69,abd8036c-d928-4e12-af76-de0bd18c9226,Q1,1st Quarter - Report,2026,first_quarter,1st Quarter (Jan 1 - Mar 31),,2026-01-12 09:52:32,2026-03-07 02:36:58.585522,,,,,Chelsea J. Mincheff,https://lda.senate.gov/api/v1/filings/abd8036c-d928-4e12-af76-de0bd18c9226/,39,67
70,240e13df-98de-4340-8826-2bd07ebda761,Q1,1st Quarter - Report,2026,first_quarter,1st Quarter (Jan 1 - Mar 31),,2026-01-12 09:54:36,2026-03-07 02:36:58.590100,,,,,Chelsea Mincheff,https://lda.senate.gov/api/v1/filings/240e13df-98de-4340-8826-2bd07ebda761/,39,68
71,efec9c6e-7ca5-470e-a83d-6f2d44d5e740,Q1,1st Quarter - Report,2026,first_quarter,1st Quarter (Jan 1 - Mar 31),,2026-01-12 09:56:18,2026-03-07 02:36:58.595498,,,,,Chelsea Mincheff,https://lda.senate.gov/api/v1/filings/efec9c6e-7ca5-470e-a83d-6f2d44d5e740/,39,69
72,b161cb84-bdce-4613-93b2-e26192b0c598,Q1,1st Quarter - Report,2026,first_quarter,1st Quarter (Jan 1 - Mar 31),,2026-01-12 09:59:03,2026-03-07 02:36:58.600514,,,,,Chelsea Mincheff,https://lda.senate.gov/api/v1/filings/b161cb84-bdce-4613-93b2-e26192b0c598/,39,70
73,4ec3905d-d104-4b60-84d8-bbb6e3fddc2d,Q1,1st Quarter - Report,2026,first_quarter,1st Quarter (Jan 1 - Mar 31),,2026-01-12 10:01:22,2026-03-07 02:36:58.605526,,,,,Chelsea Mincheff,https://lda.senate.gov/api/v1/filings/4ec3905d-d104-4b60-84d8-bbb6e3fddc2d/,39,71
74,4f9f9c94-fbe2-4410-b853-b82c71b83d61,Q1,1st Quarter - Report,2026,first_quarter,1st Quarter (Jan 1 - Mar 31),,2026-01-12 10:03:10,2026-03-07 02:36:58.611378,,,,,Chelsea Mincheff,https://lda.senate.gov/api/v1/filings/4f9f9c94-fbe2-4410-b853-b82c71b83d61/,39,72
75,b0d49d22-6500-4291-8374-a3b9fbc53bc5,Q1,1st Quarter - Report,2026,first_quarter,1st Quarter (Jan 1 - Mar 31),,2026-01-12 10:05:03,2026-03-07 02:36:58.617053,,,,,Chelsea Mincheff,https://lda.senate.gov/api/v1/filings/b0d49d22-6500-4291-8374-a3b9fbc53bc5/,39,73
76,4546f720-a88f-452d-8d4a-471b1a20801f,Q1,1st Quarter - Report,2026,first_quarter,1st Quarter (Jan 1 - Mar 31),,2026-01-12 10:18:33,2026-03-07 02:36:59.829633,,,,,Chelsea Mincheff,https://lda.senate.gov/api/v1/filings/4546f720-a88f-452d-8d4a-471b1a20801f/,39,74
77,3bd5e8ee-0028-44b6-9103-46dc16e7ce84,Q1,1st Quarter - Report,2026,first_quarter,1st Quarter (Jan 1 - Mar 31),,2026-01-12 10:20:17,2026-03-07 02:36:59.835325,,,,,Chelsea Mincheff,https://lda.senate.gov/api/v1/filings/3bd5e8ee-0028-44b6-9103-46dc16e7ce84/,39,75
78,054bc285-e341-421e-a4c0-a2d682c97099,Q1,1st Quarter - Report,2026,first_quarter,1st Quarter (Jan 1 - Mar 31),,2026-01-12 10:22:03,2026-03-07 02:36:59.842327,,,,,Chelsea Mincheff,https://lda.senate.gov/api/v1/filings/054bc285-e341-421e-a4c0-a2d682c97099/,39,76
79,0730489b-c3f6-465b-a2b6-d4a53dd4ad94,Q1,1st Quarter - Report,2026,first_quarter,1st Quarter (Jan 1 - Mar 31),,2026-01-12 10:24:24,2026-03-07 02:36:59.847710,,,,,Chelsea Mincheff,https://lda.senate.gov/api/v1/filings/0730489b-c3f6-465b-a2b6-d4a53dd4ad94/,39,77
80,68eddfad-50a1-4a47-9d04-6fffc159f42b,Q1,1st Quarter - Report,2026,first_quarter,1st Quarter (Jan 1 - Mar 31),,2026-01-12 10:26:07,2026-03-07 02:36:59.852903,,,,,Chelsea Mincheff,https://lda.senate.gov/api/v1/filings/68eddfad-50a1-4a47-9d04-6fffc159f42b/,39,78
81,13d82356-4a13-43f1-9554-62a9785c3637,RR,Registration,2026,first_quarter,1st Quarter (Jan 1 - Mar 31),,2026-01-12 12:20:54,2026-03-07 02:36:59.857990,,,,,Edward C. Olivares,https://lda.senate.gov/api/v1/filings/13d82356-4a13-43f1-9554-62a9785c3637/,40,79
82,29462a69-6e58-42c9-84d1-0b088771f015,RA,Registration - Amendment,2026,first_quarter,1st Quarter (Jan 1 - Mar 31),,2026-01-12 12:28:49,2026-03-07 02:36:59.866319,,,,,Jake Johnston,https://lda.senate.gov/api/v1/filings/29462a69-6e58-42c9-84d1-0b088771f015/,41,80
83,2c4a43ff-fed2-488d-bd4f-280bfc79402f,RA,Registration - Amendment,2026,first_quarter,1st Quarter (Jan 1 - Mar 31),,2026-01-12 13:16:17,2026-03-07 02:36:59.872574,,,,,Paul Lowell,https://lda.senate.gov/api/v1/filings/2c4a43ff-fed2-488d-bd4f-280bfc79402f/,13,81
467,2866199b-cff9-4501-b845-1a959df4de79,RR,Registration,2026,first_quarter,1st Quarter (Jan 1 - Mar 31),,2026-01-16 15:18:04,2026-03-07 02:51:58.594052,,,,,Joel Rubin,https://lda.senate.gov/api/v1/filings/2866199b-cff9-4501-b845-1a959df4de79/,239,463
1465,1e75441c-b006-4d81-bd4d-5ca01e39126e,RR,Registration,2025,first_quarter,1st Quarter (Jan 1 - Mar 31),,2025-01-17 09:49:19,2026-03-07 10:20:20.280401,,,,,Bob Holmes,https://lda.senate.gov/api/v1/filings/1e75441c-b006-4d81-bd4d-5ca01e39126e/,1,1435
84,7ce63d6b-7954-4bde-9823-e5c4f3ca50ee,RR,Registration,2026,first_quarter,1st Quarter (Jan 1 - Mar 31),,2026-01-12 13:26:29,2026-03-07 02:36:59.877956,,,,,Edward C. Olivares,https://lda.senate.gov/api/v1/filings/7ce63d6b-7954-4bde-9823-e5c4f3ca50ee/,40,82
468,2be2d502-a0e4-4eda-aa0b-9cbda8080693,RR,Registration,2026,first_quarter,1st Quarter (Jan 1 - Mar 31),,2026-01-16 15:22:59,2026-03-07 02:51:58.599343,,,,,Joel Rubin,https://lda.senate.gov/api/v1/filings/2be2d502-a0e4-4eda-aa0b-9cbda8080693/,239,464
85,73533da5-59d7-4b2c-b64a-ae025b5b9e06,RR,Registration,2026,first_quarter,1st Quarter (Jan 1 - Mar 31),,2026-01-12 13:39:02,2026-03-07 02:36:59.884702,,,,,Edward C. Olivares,https://lda.senate.gov/api/v1/filings/73533da5-59d7-4b2c-b64a-ae025b5b9e06/,40,83
707,3a284f0e-68fb-404b-ac99-89c849a1709e,RR,Registration,2026,first_quarter,1st Quarter (Jan 1 - Mar 31),,2026-02-04 08:41:35,2026-03-07 02:52:15.442684,,,,,"Richard M. Gold, Partner",https://lda.senate.gov/api/v1/filings/3a284f0e-68fb-404b-ac99-89c849a1709e/,360,696
86,780f3128-54fa-43c8-87b4-7dbe22fdf042,RA,Registration - Amendment,2026,first_quarter,1st Quarter (Jan 1 - Mar 31),,2026-01-12 13:51:58,2026-03-07 02:36:59.891533,,,,,Sarah Wisner Blackwood,https://lda.senate.gov/api/v1/filings/780f3128-54fa-43c8-87b4-7dbe22fdf042/,20,26
469,e5d299b6-2c45-4c70-8409-7c2ba3ca8918,RA,Registration - Amendment,2026,first_quarter,1st Quarter (Jan 1 - Mar 31),,2026-01-16 16:39:04,2026-03-07 02:51:58.604083,,,,,Jared Brown,https://lda.senate.gov/api/v1/filings/e5d299b6-2c45-4c70-8409-7c2ba3ca8918/,240,465
87,6422931b-5586-4865-a200-0978441a3ab0,RR,Registration,2026,first_quarter,1st Quarter (Jan 1 - Mar 31),,2026-01-12 14:21:33,2026-03-07 02:36:59.895955,,,,,Michael D Quickel,https://lda.senate.gov/api/v1/filings/6422931b-5586-4865-a200-0978441a3ab0/,42,84
708,4d9c1e1b-8eb5-4e6f-9d43-78805f769e12,RR,Registration,2026,first_quarter,1st Quarter (Jan 1 - Mar 31),,2026-02-04 09:42:46,2026-03-07 02:52:15.447131,,,,,Alyssa Specht Garcia,https://lda.senate.gov/api/v1/filings/4d9c1e1b-8eb5-4e6f-9d43-78805f769e12/,32,697
470,3819c291-dc91-4740-896d-3d7db19e5418,RR,Registration,2026,first_quarter,1st Quarter (Jan 1 - Mar 31),,2026-01-16 17:08:35,2026-03-07 02:51:58.610383,,,,,David Camp,https://lda.senate.gov/api/v1/filings/3819c291-dc91-4740-896d-3d7db19e5418/,241,466
88,6a49073b-494f-4a97-b62d-cf6102a415dc,RR,Registration,2026,first_quarter,1st Quarter (Jan 1 - Mar 31),,2026-01-12 14:33:28,2026-03-07 02:36:59.904233,,,,,"Ronald M. Jacobs, Partner",https://lda.senate.gov/api/v1/filings/6a49073b-494f-4a97-b62d-cf6102a415dc/,43,85
89,0440bd9e-6a8c-4309-8f56-479a72090817,RR,Registration,2026,first_quarter,1st Quarter (Jan 1 - Mar 31),,2026-01-12 15:25:14,2026-03-07 02:36:59.910061,,,,,Greg D'Angelo,https://lda.senate.gov/api/v1/filings/0440bd9e-6a8c-4309-8f56-479a72090817/,44,86
471,540d07ca-05af-482a-92b2-e2b05377d27c,RR,Registration,2026,first_quarter,1st Quarter (Jan 1 - Mar 31),,2026-01-16 17:42:31,2026-03-07 02:51:58.615436,,,,,Jonathan Nabavi,https://lda.senate.gov/api/v1/filings/540d07ca-05af-482a-92b2-e2b05377d27c/,242,467
90,460d4873-693b-4d44-b739-496d259ffd23,RR,Registration,2026,first_quarter,1st Quarter (Jan 1 - Mar 31),,2026-01-12 15:31:17,2026-03-07 02:36:59.916360,,,,,Scott Owens,https://lda.senate.gov/api/v1/filings/460d4873-693b-4d44-b739-496d259ffd23/,45,87
472,6c5aecea-32aa-469e-b124-9c4c61f55631,RR,Registration,2026,first_quarter,1st Quarter (Jan 1 - Mar 31),,2026-01-16 23:51:24,2026-03-07 02:51:58.620883,,,,,Regina M Sherick,https://lda.senate.gov/api/v1/filings/6c5aecea-32aa-469e-b124-9c4c61f55631/,243,468
91,026bfc46-6acb-4352-ac38-a5e0b43350c9,RR,Registration,2026,first_quarter,1st Quarter (Jan 1 - Mar 31),,2026-01-12 16:30:41,2026-03-07 02:36:59.921883,,,,,DAVID KELLY,https://lda.senate.gov/api/v1/filings/026bfc46-6acb-4352-ac38-a5e0b43350c9/,46,88
926,c52fa463-d86e-450a-b370-a5251653e596,RA,Registration - Amendment,2026,first_quarter,1st Quarter (Jan 1 - Mar 31),,2026-02-16 08:37:59,2026-03-07 02:52:30.164414,,,,,Anthony O. Maceira Zayas,https://lda.senate.gov/api/v1/filings/c52fa463-d86e-450a-b370-a5251653e596/,396,759
92,c8750eea-2239-44f4-ae97-3612faf0af71,1TY,1st Quarter - Termination (No Activity),2026,first_quarter,1st Quarter (Jan 1 - Mar 31),,2026-01-12 17:35:44,2026-03-07 02:36:59.927881,,,,,Bruce Morrison,https://lda.senate.gov/api/v1/filings/c8750eea-2239-44f4-ae97-3612faf0af71/,6,9
473,976bd9d4-d4a7-49fe-bc5f-a745a30f6e53,RR,Registration,2026,first_quarter,1st Quarter (Jan 1 - Mar 31),,2026-01-18 08:52:03,2026-03-07 02:51:58.625644,,,,,Beth Anne Cole,https://lda.senate.gov/api/v1/filings/976bd9d4-d4a7-49fe-bc5f-a745a30f6e53/,244,469
93,c4f15da5-244e-4978-bee4-334454234788,RR,Registration,2026,first_quarter,1st Quarter (Jan 1 - Mar 31),,2026-01-12 17:40:11,2026-03-07 02:36:59.932365,,,,,Christopher King,https://lda.senate.gov/api/v1/filings/c4f15da5-244e-4978-bee4-334454234788/,47,89
988,ce590271-2bd9-410a-bd7a-b003b74137f2,RR,Registration,2026,first_quarter,1st Quarter (Jan 1 - Mar 31),,2026-02-18 14:41:21,2026-03-07 02:52:33.532526,,,,,Beth Anne Cole,https://lda.senate.gov/api/v1/filings/ce590271-2bd9-410a-bd7a-b003b74137f2/,466,967
94,f7eac1b9-21ca-405f-8e41-839cd840019e,RR,Registration,2026,first_quarter,1st Quarter (Jan 1 - Mar 31),,2026-01-13 12:28:57,2026-03-07 02:36:59.937970,,,,,Sara Nuvy,https://lda.senate.gov/api/v1/filings/f7eac1b9-21ca-405f-8e41-839cd840019e/,48,90
95,f9377b93-4ba3-4710-a482-80ddf42307bc,RR,Registration,2026,first_quarter,1st Quarter (Jan 1 - Mar 31),,2026-01-13 12:45:07,2026-03-07 02:36:59.943662,,,,,Brian Altman,https://lda.senate.gov/api/v1/filings/f9377b93-4ba3-4710-a482-80ddf42307bc/,49,91
96,029ede2c-e3e0-450e-9b1c-4490ab0926e2,RR,Registration,2026,first_quarter,1st Quarter (Jan 1 - Mar 31),,2026-01-13 13:18:18,2026-03-07 02:36:59.949110,,,,,Steve Haro,https://lda.senate.gov/api/v1/filings/029ede2c-e3e0-450e-9b1c-4490ab0926e2/,50,92
97,9c50f894-4355-42d3-a25d-14a386711215,RR,Registration,2026,first_quarter,1st Quarter (Jan 1 - Mar 31),,2026-01-13 13:28:34,2026-03-07 02:36:59.955444,,,,,Kevin Hickey,https://lda.senate.gov/api/v1/filings/9c50f894-4355-42d3-a25d-14a386711215/,51,93
98,43c84811-9cc1-408c-ac11-67819aec42e8,1TY,1st Quarter - Termination (No Activity),2026,first_quarter,1st Quarter (Jan 1 - Mar 31),,2026-01-13 13:44:41,2026-03-07 02:36:59.961620,,,,,Adina Mincher,https://lda.senate.gov/api/v1/filings/43c84811-9cc1-408c-ac11-67819aec42e8/,52,94
99,962e1a4c-e673-4da0-acbf-82ce2d0eb4c1,RR,Registration,2026,first_quarter,1st Quarter (Jan 1 - Mar 31),,2026-01-13 13:54:10,2026-03-07 02:36:59.966560,,,,,Karen Blitz,https://lda.senate.gov/api/v1/filings/962e1a4c-e673-4da0-acbf-82ce2d0eb4c1/,53,95
100,b09e2525-7981-4f24-adf3-a8e40110d119,RR,Registration,2026,first_quarter,1st Quarter (Jan 1 - Mar 31),,2026-01-13 17:52:23,2026-03-07 02:36:59.971518,,,,,Jodi Bock Davidson,https://lda.senate.gov/api/v1/filings/b09e2525-7981-4f24-adf3-a8e40110d119/,54,96
106,e6ce4de7-af24-4e45-ac95-edb097a1cb2b,RA,Registration - Amendment,2026,first_quarter,1st Quarter (Jan 1 - Mar 31),,2026-01-14 18:13:27,2026-03-07 02:37:01.426137,,,,,Ryan Abraham,https://lda.senate.gov/api/v1/filings/e6ce4de7-af24-4e45-ac95-edb097a1cb2b/,59,102
474,f291d74c-5609-4feb-8571-2c7cc846dd4c,RR,Registration,2026,first_quarter,1st Quarter (Jan 1 - Mar 31),,2026-01-18 15:58:48,2026-03-07 02:51:58.630514,,,,,Donald J. Polese,https://lda.senate.gov/api/v1/filings/f291d74c-5609-4feb-8571-2c7cc846dd4c/,245,470
709,a95018e4-d156-43b3-8e7f-4a2bb9a7fd3d,RR,Registration,2026,first_quarter,1st Quarter (Jan 1 - Mar 31),,2026-02-04 09:46:18,2026-03-07 02:52:15.452499,,,,,Alyssa Specht Garcia,https://lda.senate.gov/api/v1/filings/a95018e4-d156-43b3-8e7f-4a2bb9a7fd3d/,32,698
107,3d9fc363-8ba3-4a3c-8da6-0e2c1669886c,RR,Registration,2026,first_quarter,1st Quarter (Jan 1 - Mar 31),,2026-01-14 22:26:22,2026-03-07 02:37:01.430878,,,,,Camille S Bonta,https://lda.senate.gov/api/v1/filings/3d9fc363-8ba3-4a3c-8da6-0e2c1669886c/,60,103
2990,4cb3483d-5363-459c-b52d-6704adf1c6d0,RR,Registration,2025,first_quarter,1st Quarter (Jan 1 - Mar 31),,2025-03-21 01:01:27,2026-03-07 10:21:57.131241,,,,,Sara Nuvy,https://lda.senate.gov/api/v1/filings/4cb3483d-5363-459c-b52d-6704adf1c6d0/,48,2893
475,fc704fb4-97ee-4e23-8e91-5dd07bdf529a,1T,1st Quarter - Termination,2026,first_quarter,1st Quarter (Jan 1 - Mar 31),,2026-01-18 21:28:29,2026-03-07 02:51:58.635328,10000.0,,,,Beth Anne Cole,https://lda.senate.gov/api/v1/filings/fc704fb4-97ee-4e23-8e91-5dd07bdf529a/,69,471
108,97891bdd-6867-4918-91b3-83b87f29a1d7,RR,Registration,2026,first_quarter,1st Quarter (Jan 1 - Mar 31),,2026-01-15 07:50:12,2026-03-07 02:37:01.435441,,,,,Charlie Taylor,https://lda.senate.gov/api/v1/filings/97891bdd-6867-4918-91b3-83b87f29a1d7/,61,104
710,93afac9e-9fcc-4ecf-bc02-b9f3f42fcfab,1T,1st Quarter - Termination,2026,first_quarter,1st Quarter (Jan 1 - Mar 31),,2026-02-04 09:52:19,2026-03-07 02:52:15.458955,10000.0,,,,kathy ruffalo,https://lda.senate.gov/api/v1/filings/93afac9e-9fcc-4ecf-bc02-b9f3f42fcfab/,361,699
109,c1f913dc-e6b1-464f-84b3-af5143ef109a,RR,Registration,2026,first_quarter,1st Quarter (Jan 1 - Mar 31),,2026-01-15 08:20:51,2026-03-07 02:37:01.440231,,,,,Clay White,https://lda.senate.gov/api/v1/filings/c1f913dc-e6b1-464f-84b3-af5143ef109a/,62,105
476,d6aacefe-4721-4cad-a93f-405b6ba2de51,RR,Registration,2026,first_quarter,1st Quarter (Jan 1 - Mar 31),,2026-01-19 10:19:56,2026-03-07 02:52:00.134867,,,,,Leah Conley,https://lda.senate.gov/api/v1/filings/d6aacefe-4721-4cad-a93f-405b6ba2de51/,246,472
110,9e4ba088-97e3-45bb-8a08-280f7e3d089f,RR,Registration,2026,first_quarter,1st Quarter (Jan 1 - Mar 31),,2026-01-15 09:02:19,2026-03-07 02:37:01.444627,,,,,Alia Cardwell,https://lda.senate.gov/api/v1/filings/9e4ba088-97e3-45bb-8a08-280f7e3d089f/,63,106
477,8b7a19ce-1a44-4a8a-b619-fb64c1ea57ac,RR,Registration,2026,first_quarter,1st Quarter (Jan 1 - Mar 31),,2026-01-19 12:41:37,2026-03-07 02:52:00.140698,,,,,Jeff Loveng,https://lda.senate.gov/api/v1/filings/8b7a19ce-1a44-4a8a-b619-fb64c1ea57ac/,247,473
111,e6572de7-410b-49cf-b2b2-f01f5524a5f9,RR,Registration,2026,first_quarter,1st Quarter (Jan 1 - Mar 31),,2026-01-15 09:07:19,2026-03-07 02:37:01.449092,,,,,Alia Cardwell,https://lda.senate.gov/api/v1/filings/e6572de7-410b-49cf-b2b2-f01f5524a5f9/,63,107
112,0200656a-c22b-464c-a506-6fe1932e4dde,RR,Registration,2026,first_quarter,1st Quarter (Jan 1 - Mar 31),,2026-01-15 09:13:11,2026-03-07 02:37:01.453224,,,,,"William Minor, Partner",https://lda.senate.gov/api/v1/filings/0200656a-c22b-464c-a506-6fe1932e4dde/,64,108
478,9337f5c7-5e0a-4041-8f6d-4641ea60dfa6,RR,Registration,2026,first_quarter,1st Quarter (Jan 1 - Mar 31),,2026-01-19 12:54:43,2026-03-07 02:52:00.145488,,,,,Chad Bradley,https://lda.senate.gov/api/v1/filings/9337f5c7-5e0a-4041-8f6d-4641ea60dfa6/,247,474
945,d49e5123-773a-487d-bca2-9cbe08123c36,RR,Registration,2026,first_quarter,1st Quarter (Jan 1 - Mar 31),,2026-02-17 10:11:12,2026-03-07 02:52:30.263744,,,,,"William Moschella, Attorney at Law",https://lda.senate.gov/api/v1/filings/d49e5123-773a-487d-bca2-9cbe08123c36/,16,924
113,e6c281b3-b405-42b1-adae-40438b40830e,RR,Registration,2026,first_quarter,1st Quarter (Jan 1 - Mar 31),,2026-01-15 10:06:17,2026-03-07 02:37:01.458361,,,,,Alia Cardwell,https://lda.senate.gov/api/v1/filings/e6c281b3-b405-42b1-adae-40438b40830e/,63,109
479,3e350a34-5f9a-4463-a058-7751162952d7,RR,Registration,2026,first_quarter,1st Quarter (Jan 1 - Mar 31),,2026-01-19 13:35:01,2026-03-07 02:52:00.150368,,,,,Angel Colon-Rivera,https://lda.senate.gov/api/v1/filings/3e350a34-5f9a-4463-a058-7751162952d7/,248,475
114,3d182f4e-2efc-4f32-b3e2-25f755ec5b55,RR,Registration,2026,first_quarter,1st Quarter (Jan 1 - Mar 31),,2026-01-15 10:13:58,2026-03-07 02:37:01.462795,,,,,Alia Cardwell,https://lda.senate.gov/api/v1/filings/3d182f4e-2efc-4f32-b3e2-25f755ec5b55/,63,110
115,1ba6dc95-6d57-4a36-9c7c-c0e7c47d0143,RR,Registration,2026,first_quarter,1st Quarter (Jan 1 - Mar 31),,2026-01-15 10:19:02,2026-03-07 02:37:01.468245,,,,,Milam Mabry,https://lda.senate.gov/api/v1/filings/1ba6dc95-6d57-4a36-9c7c-c0e7c47d0143/,65,111
480,8954c79d-4cb2-4070-83ae-9bab7713096d,RR,Registration,2026,first_quarter,1st Quarter (Jan 1 - Mar 31),,2026-01-19 14:56:52,2026-03-07 02:52:00.155417,,,,,Chad Bradley,https://lda.senate.gov/api/v1/filings/8954c79d-4cb2-4070-83ae-9bab7713096d/,247,476
116,e9fbbe31-ae07-485d-846c-b40fcc6d5977,RR,Registration,2026,first_quarter,1st Quarter (Jan 1 - Mar 31),,2026-01-15 10:41:20,2026-03-07 02:37:01.473070,,,,,Chelsea Mincheff,https://lda.senate.gov/api/v1/filings/e9fbbe31-ae07-485d-846c-b40fcc6d5977/,39,112
481,3fb1ce3a-a2a3-4609-946d-242d57a8cf94,RR,Registration,2026,first_quarter,1st Quarter (Jan 1 - Mar 31),,2026-01-19 15:09:59,2026-03-07 02:52:00.159762,,,,,Joshua Novotney,https://lda.senate.gov/api/v1/filings/3fb1ce3a-a2a3-4609-946d-242d57a8cf94/,247,477
117,985e9429-625d-45c1-8fbe-56537da7c7ea,RR,Registration,2026,first_quarter,1st Quarter (Jan 1 - Mar 31),,2026-01-15 10:52:13,2026-03-07 02:37:01.478797,,,,,Chelsea Mincheff,https://lda.senate.gov/api/v1/filings/985e9429-625d-45c1-8fbe-56537da7c7ea/,39,113
118,cf4f4577-baf7-4e06-b594-361ad25b875a,RR,Registration,2026,first_quarter,1st Quarter (Jan 1 - Mar 31),,2026-01-15 11:00:00,2026-03-07 02:37:01.483554,,,,,Chelsea Mincheff,https://lda.senate.gov/api/v1/filings/cf4f4577-baf7-4e06-b594-361ad25b875a/,39,114
119,fb475305-8665-4755-8615-8f3b5348ee72,RR,Registration,2026,first_quarter,1st Quarter (Jan 1 - Mar 31),,2026-01-15 11:08:03,2026-03-07 02:37:01.488153,,,,,Milam Mabry,https://lda.senate.gov/api/v1/filings/fb475305-8665-4755-8615-8f3b5348ee72/,65,115
120,dbb5aea4-6e72-4ba1-9ffd-3c58ae58a214,RR,Registration,2026,first_quarter,1st Quarter (Jan 1 - Mar 31),,2026-01-15 11:12:12,2026-03-07 02:37:01.492675,,,,,Chelsea Mincheff,https://lda.senate.gov/api/v1/filings/dbb5aea4-6e72-4ba1-9ffd-3c58ae58a214/,39,116
121,e22bbf56-946b-4400-85d4-228be05bcbd3,RR,Registration,2026,first_quarter,1st Quarter (Jan 1 - Mar 31),,2026-01-15 12:27:03,2026-03-07 02:37:01.497045,,,,,Soyoung Min,https://lda.senate.gov/api/v1/filings/e22bbf56-946b-4400-85d4-228be05bcbd3/,66,117
122,5295b7bf-70bd-4017-9724-8a8b04dfc094,RR,Registration,2026,first_quarter,1st Quarter (Jan 1 - Mar 31),,2026-01-15 12:27:31,2026-03-07 02:37:01.501957,,,,,Tyler Wilson,https://lda.senate.gov/api/v1/filings/5295b7bf-70bd-4017-9724-8a8b04dfc094/,67,118
123,dc85ca39-5ad6-4b38-8508-fc45412cfd00,RR,Registration,2026,first_quarter,1st Quarter (Jan 1 - Mar 31),,2026-01-15 16:13:37,2026-03-07 02:37:01.507264,,,,,Lance Haynie,https://lda.senate.gov/api/v1/filings/dc85ca39-5ad6-4b38-8508-fc45412cfd00/,68,119
483,8b8faadd-a73f-47c2-b31c-691877657c12,RR,Registration,2026,first_quarter,1st Quarter (Jan 1 - Mar 31),,2026-01-19 15:29:16,2026-03-07 02:52:00.170209,,,,,Chad Bradley,https://lda.senate.gov/api/v1/filings/8b8faadd-a73f-47c2-b31c-691877657c12/,247,479
711,7d9f2135-e123-4ded-bb17-44036c7002c5,Q1,1st Quarter - Report,2026,first_quarter,1st Quarter (Jan 1 - Mar 31),,2026-02-04 09:53:53,2026-03-07 02:52:15.464057,10000.0,,,,kathy ruffalo,https://lda.senate.gov/api/v1/filings/7d9f2135-e123-4ded-bb17-44036c7002c5/,361,699
1327,f7e02692-7135-4798-839a-76cdbe289311,RR,Registration,2025,first_quarter,1st Quarter (Jan 1 - Mar 31),,2025-01-01 12:11:27,2026-03-07 10:20:12.553089,,,,,John Roberti,https://lda.senate.gov/api/v1/filings/f7e02692-7135-4798-839a-76cdbe289311/,247,1298
484,9cffaec4-10cf-4e1d-aa93-5ea57dc33bc7,RR,Registration,2026,first_quarter,1st Quarter (Jan 1 - Mar 31),,2026-01-19 15:36:46,2026-03-07 02:52:00.175945,,,,,Jeffrey Loveng,https://lda.senate.gov/api/v1/filings/9cffaec4-10cf-4e1d-aa93-5ea57dc33bc7/,247,480
1802,8acecf85-4eb5-4da2-b6ef-a2e1fe86d758,RR,Registration,2025,first_quarter,1st Quarter (Jan 1 - Mar 31),,2025-02-07 16:50:55,2026-03-07 10:20:43.682213,,,,,Allegra M. Han,https://lda.senate.gov/api/v1/filings/8acecf85-4eb5-4da2-b6ef-a2e1fe86d758/,383,1757
712,32bbf7f0-2b68-487e-a6ae-71ec32637771,RR,Registration,2026,first_quarter,1st Quarter (Jan 1 - Mar 31),,2026-02-04 09:56:03,2026-03-07 02:52:15.468181,,,,,"Richard M. Gold, Partner",https://lda.senate.gov/api/v1/filings/32bbf7f0-2b68-487e-a6ae-71ec32637771/,360,700
485,8ce67d66-ab29-4f44-8172-5a05e0fd8128,RR,Registration,2026,first_quarter,1st Quarter (Jan 1 - Mar 31),,2026-01-19 15:42:22,2026-03-07 02:52:00.180702,,,,,Celia H. Sims,https://lda.senate.gov/api/v1/filings/8ce67d66-ab29-4f44-8172-5a05e0fd8128/,249,481
1328,9f2d5a7c-c8d9-4a15-9d35-6e74daba1233,RR,Registration,2025,first_quarter,1st Quarter (Jan 1 - Mar 31),,2025-01-01 12:25:49,2026-03-07 10:20:12.557873,,,,,John Roberti,https://lda.senate.gov/api/v1/filings/9f2d5a7c-c8d9-4a15-9d35-6e74daba1233/,247,1299
486,25df95d2-f604-4766-9033-279b5c3e8a71,RR,Registration,2026,first_quarter,1st Quarter (Jan 1 - Mar 31),,2026-01-19 15:46:19,2026-03-07 02:52:00.185319,,,,,Chad Bradley,https://lda.senate.gov/api/v1/filings/25df95d2-f604-4766-9033-279b5c3e8a71/,247,482
713,2a755d60-c22b-4293-a0aa-738ba020f375,RR,Registration,2026,first_quarter,1st Quarter (Jan 1 - Mar 31),,2026-02-04 10:11:27,2026-03-07 02:52:15.473267,,,,,"Richard M. Gold, Partner",https://lda.senate.gov/api/v1/filings/2a755d60-c22b-4293-a0aa-738ba020f375/,360,701
487,ce0d4d08-37c9-4224-a092-ebe664a59355,RR,Registration,2026,first_quarter,1st Quarter (Jan 1 - Mar 31),,2026-01-19 15:55:20,2026-03-07 02:52:00.189768,,,,,Jeffrey Loveng,https://lda.senate.gov/api/v1/filings/ce0d4d08-37c9-4224-a092-ebe664a59355/,247,483
714,ee995f51-ac47-44b1-b1e4-614dde01cf4e,RR,Registration,2026,first_quarter,1st Quarter (Jan 1 - Mar 31),,2026-02-04 10:30:46,2026-03-07 02:52:15.478213,,,,,Alyssa Specht Garcia,https://lda.senate.gov/api/v1/filings/ee995f51-ac47-44b1-b1e4-614dde01cf4e/,32,702
488,775d3569-666b-48b3-8ad1-e31e64c26bd5,RR,Registration,2026,first_quarter,1st Quarter (Jan 1 - Mar 31),,2026-01-19 16:04:15,2026-03-07 02:52:00.194607,,,,,Joshua Novotney,https://lda.senate.gov/api/v1/filings/775d3569-666b-48b3-8ad1-e31e64c26bd5/,247,484
1329,44ee8345-e713-4ec0-a4f5-11d89aedb7a2,RR,Registration,2025,first_quarter,1st Quarter (Jan 1 - Mar 31),,2025-01-01 12:33:26,2026-03-07 10:20:12.562894,,,,,John Roberti,https://lda.senate.gov/api/v1/filings/44ee8345-e713-4ec0-a4f5-11d89aedb7a2/,247,1300
489,440d71ea-f990-43ca-8268-f2e2cee5819b,RR,Registration,2026,first_quarter,1st Quarter (Jan 1 - Mar 31),,2026-01-19 16:15:23,2026-03-07 02:52:00.199561,,,,,Jeffrey Loveng,https://lda.senate.gov/api/v1/filings/440d71ea-f990-43ca-8268-f2e2cee5819b/,247,485
715,0d2b3c14-9548-4e8f-9b8f-223292be7d73,RR,Registration,2026,first_quarter,1st Quarter (Jan 1 - Mar 31),,2026-02-04 10:35:33,2026-03-07 02:52:15.483536,,,,,Alyssa Specht Garcia,https://lda.senate.gov/api/v1/filings/0d2b3c14-9548-4e8f-9b8f-223292be7d73/,32,703
490,7b0f729d-05d5-4bd2-af86-c8c337f2eacc,RR,Registration,2026,first_quarter,1st Quarter (Jan 1 - Mar 31),,2026-01-19 16:23:04,2026-03-07 02:52:00.204257,,,,,Jeffrey Loveng,https://lda.senate.gov/api/v1/filings/7b0f729d-05d5-4bd2-af86-c8c337f2eacc/,247,486
716,30523921-2179-41ae-85b1-cfc7a5c90066,RR,Registration,2026,first_quarter,1st Quarter (Jan 1 - Mar 31),,2026-02-04 11:22:26,2026-03-07 02:52:15.488562,,,,,Angela Allison,https://lda.senate.gov/api/v1/filings/30523921-2179-41ae-85b1-cfc7a5c90066/,362,704
491,8b5630ea-6109-4438-886c-0cd9555397bf,RR,Registration,2026,first_quarter,1st Quarter (Jan 1 - Mar 31),,2026-01-19 16:33:17,2026-03-07 02:52:00.208897,,,,,Jeffrey Loveng,https://lda.senate.gov/api/v1/filings/8b5630ea-6109-4438-886c-0cd9555397bf/,247,487
492,83525dcc-985e-4be6-94db-9a53fdac0c7d,RR,Registration,2026,first_quarter,1st Quarter (Jan 1 - Mar 31),,2026-01-19 16:37:10,2026-03-07 02:52:00.213608,,,,,Matt Beckwith,https://lda.senate.gov/api/v1/filings/83525dcc-985e-4be6-94db-9a53fdac0c7d/,250,488
717,93f166e5-2e86-4f50-9b67-85c4c9f40b63,RA,Registration - Amendment,2026,first_quarter,1st Quarter (Jan 1 - Mar 31),,2026-02-04 11:45:00,2026-03-07 02:52:15.495181,,,,,Adina Mincher,https://lda.senate.gov/api/v1/filings/93f166e5-2e86-4f50-9b67-85c4c9f40b63/,52,705
493,2bd11830-e352-4d5d-a369-4ceaf3ff9de6,RR,Registration,2026,first_quarter,1st Quarter (Jan 1 - Mar 31),,2026-01-19 16:49:20,2026-03-07 02:52:00.218807,,,,,Jeffrey Loveng,https://lda.senate.gov/api/v1/filings/2bd11830-e352-4d5d-a369-4ceaf3ff9de6/,247,489
494,ebaafdc1-22c3-42de-ab5c-841d5984c131,RR,Registration,2026,first_quarter,1st Quarter (Jan 1 - Mar 31),,2026-01-19 17:00:17,2026-03-07 02:52:00.223622,,,,,Jeffrey Loveng,https://lda.senate.gov/api/v1/filings/ebaafdc1-22c3-42de-ab5c-841d5984c131/,247,490
495,06f041a9-2003-4e3c-8e5c-fcbed26fa750,RR,Registration,2026,first_quarter,1st Quarter (Jan 1 - Mar 31),,2026-01-19 17:13:10,2026-03-07 02:52:00.228401,,,,,Jeffrey Loveng,https://lda.senate.gov/api/v1/filings/06f041a9-2003-4e3c-8e5c-fcbed26fa750/,247,491
496,0ff4f560-e84a-40ec-af92-ed0478038ec2,RR,Registration,2026,first_quarter,1st Quarter (Jan 1 - Mar 31),,2026-01-19 17:21:19,2026-03-07 02:52:00.233074,,,,,Jeffrey Loveng,https://lda.senate.gov/api/v1/filings/0ff4f560-e84a-40ec-af92-ed0478038ec2/,247,492
497,fe9ef43f-40ad-445e-80bf-b0ef8d3fdc0e,RR,Registration,2026,first_quarter,1st Quarter (Jan 1 - Mar 31),,2026-01-19 17:27:17,2026-03-07 02:52:00.237823,,,,,Jeffrey Loveng,https://lda.senate.gov/api/v1/filings/fe9ef43f-40ad-445e-80bf-b0ef8d3fdc0e/,247,493
498,1b8d4717-0bcf-4f30-bfb9-396aaccef787,RR,Registration,2026,first_quarter,1st Quarter (Jan 1 - Mar 31),,2026-01-19 17:33:46,2026-03-07 02:52:00.242710,,,,,Joshua Novotney,https://lda.senate.gov/api/v1/filings/1b8d4717-0bcf-4f30-bfb9-396aaccef787/,247,494
499,73d045b1-f18a-491b-874d-360eaae2e8ad,RA,Registration - Amendment,2026,first_quarter,1st Quarter (Jan 1 - Mar 31),,2026-01-19 20:22:16,2026-03-07 02:52:00.247067,,,,,William Rys,https://lda.senate.gov/api/v1/filings/73d045b1-f18a-491b-874d-360eaae2e8ad/,59,495
500,6dae2c6e-6a52-4567-bfc4-c04e04622a25,Q1,1st Quarter - Report,2026,first_quarter,1st Quarter (Jan 1 - Mar 31),,2026-01-20 01:12:51,2026-03-07 02:52:00.251293,6000.0,,,,Vladimir Sterlin,https://lda.senate.gov/api/v1/filings/6dae2c6e-6a52-4567-bfc4-c04e04622a25/,251,496
1803,8e3117c3-4a37-46a6-b181-4a22bf92b5d7,RR,Registration,2025,first_quarter,1st Quarter (Jan 1 - Mar 31),,2025-02-07 17:07:43,2026-03-07 10:20:43.686502,,,,,Stephen E. Frank,https://lda.senate.gov/api/v1/filings/8e3117c3-4a37-46a6-b181-4a22bf92b5d7/,714,1758
502,9348f489-616d-4c56-920e-c270b59fce94,RR,Registration,2026,first_quarter,1st Quarter (Jan 1 - Mar 31),,2026-01-20 09:17:30,2026-03-07 02:52:02.004999,,,,,Tracy Spicer,https://lda.senate.gov/api/v1/filings/9348f489-616d-4c56-920e-c270b59fce94/,252,498
718,6fba2261-5a9d-4e60-829f-008d8a5691b5,RR,Registration,2026,first_quarter,1st Quarter (Jan 1 - Mar 31),,2026-02-04 11:54:33,2026-03-07 02:52:15.501153,,,,,C.J. Zane,https://lda.senate.gov/api/v1/filings/6fba2261-5a9d-4e60-829f-008d8a5691b5/,363,706
1330,2cb37ed3-2e83-401b-8145-180a8b5a70b3,RR,Registration,2025,first_quarter,1st Quarter (Jan 1 - Mar 31),,2025-01-01 12:40:06,2026-03-07 10:20:12.567720,,,,,John Roberti,https://lda.senate.gov/api/v1/filings/2cb37ed3-2e83-401b-8145-180a8b5a70b3/,247,1301
503,59c90b4d-545c-400b-8d10-19088100e623,RR,Registration,2026,first_quarter,1st Quarter (Jan 1 - Mar 31),,2026-01-20 09:25:03,2026-03-07 02:52:02.009791,,,,,Tyler Irwin,https://lda.senate.gov/api/v1/filings/59c90b4d-545c-400b-8d10-19088100e623/,253,499
719,494aca91-081f-48a6-b088-4e034cac97db,RR,Registration,2026,first_quarter,1st Quarter (Jan 1 - Mar 31),,2026-02-04 13:21:20,2026-03-07 02:52:15.507107,,,,,Jennifer Holmes,https://lda.senate.gov/api/v1/filings/494aca91-081f-48a6-b088-4e034cac97db/,264,707
504,ac0793bf-39a7-403a-b925-d279d5073381,RR,Registration,2026,first_quarter,1st Quarter (Jan 1 - Mar 31),,2026-01-20 09:30:48,2026-03-07 02:52:02.014671,,,,,Tyler Irwin,https://lda.senate.gov/api/v1/filings/ac0793bf-39a7-403a-b925-d279d5073381/,253,500
1331,8021ae93-9794-4b5f-b226-895afa543ba3,RR,Registration,2025,first_quarter,1st Quarter (Jan 1 - Mar 31),,2025-01-01 12:45:52,2026-03-07 10:20:12.572796,,,,,John Roberti,https://lda.senate.gov/api/v1/filings/8021ae93-9794-4b5f-b226-895afa543ba3/,247,1302
505,d7e3560f-a843-428c-9e55-604ed47e3c81,1T,1st Quarter - Termination,2026,first_quarter,1st Quarter (Jan 1 - Mar 31),,2026-01-20 09:51:41,2026-03-07 02:52:02.019045,,,,,Stacey Scholl,https://lda.senate.gov/api/v1/filings/d7e3560f-a843-428c-9e55-604ed47e3c81/,254,501
720,63124ef4-87c8-4aee-98fb-ba30990a1f08,1T,1st Quarter - Termination,2026,first_quarter,1st Quarter (Jan 1 - Mar 31),,2026-02-04 13:36:47,2026-03-07 02:52:15.512626,10000.0,,,,Robert Hobart,https://lda.senate.gov/api/v1/filings/63124ef4-87c8-4aee-98fb-ba30990a1f08/,364,708
506,38bc4f2a-0a1f-4b64-8f91-d929ca3203e3,RR,Registration,2026,first_quarter,1st Quarter (Jan 1 - Mar 31),,2026-01-20 09:55:47,2026-03-07 02:52:02.024594,,,,,Tyler Irwin,https://lda.senate.gov/api/v1/filings/38bc4f2a-0a1f-4b64-8f91-d929ca3203e3/,253,502
721,ff7f7ed5-9cc5-4f67-8fd7-697429fb363a,1TY,1st Quarter - Termination (No Activity),2026,first_quarter,1st Quarter (Jan 1 - Mar 31),,2026-02-04 13:47:16,2026-03-07 02:52:15.518095,,,,,Isabella Quinn,https://lda.senate.gov/api/v1/filings/ff7f7ed5-9cc5-4f67-8fd7-697429fb363a/,365,709
507,2e46876c-a5d4-4f5e-a411-00b5c03f8946,RR,Registration,2026,first_quarter,1st Quarter (Jan 1 - Mar 31),,2026-01-20 10:24:31,2026-03-07 02:52:02.028964,,,,,Cliff Roberti,https://lda.senate.gov/api/v1/filings/2e46876c-a5d4-4f5e-a411-00b5c03f8946/,255,503
508,cb0a435f-2c36-4394-b9e6-cb78bff99587,RR,Registration,2026,first_quarter,1st Quarter (Jan 1 - Mar 31),,2026-01-20 10:44:09,2026-03-07 02:52:02.033692,,,,,Cliff Roberti,https://lda.senate.gov/api/v1/filings/cb0a435f-2c36-4394-b9e6-cb78bff99587/,255,504
722,b4291bd7-d699-463c-a963-8c517618ae12,RR,Registration,2026,first_quarter,1st Quarter (Jan 1 - Mar 31),,2026-02-04 13:55:19,2026-03-07 02:52:15.522244,,,,,Jennifer Holmes,https://lda.senate.gov/api/v1/filings/b4291bd7-d699-463c-a963-8c517618ae12/,264,710
509,1b724c18-8f2e-4615-96fe-6e190b6f5ffe,RR,Registration,2026,first_quarter,1st Quarter (Jan 1 - Mar 31),,2026-01-20 10:51:13,2026-03-07 02:52:02.037953,,,,,Andrew L. Woods,https://lda.senate.gov/api/v1/filings/1b724c18-8f2e-4615-96fe-6e190b6f5ffe/,256,505
510,e4cde997-d728-433d-9785-c6f820e15d82,Q1Y,1st Quarter - Report (No Activity),2026,first_quarter,1st Quarter (Jan 1 - Mar 31),,2026-01-20 10:56:17,2026-03-07 02:52:02.042526,,,B,B,Nicolaos Kallieris,https://lda.senate.gov/api/v1/filings/e4cde997-d728-433d-9785-c6f820e15d82/,257,506
511,97542d99-b204-427d-85d9-8a58bfb479b3,RR,Registration,2026,first_quarter,1st Quarter (Jan 1 - Mar 31),,2026-01-20 11:16:18,2026-03-07 02:52:02.046691,,,,,Tracy Boyle,https://lda.senate.gov/api/v1/filings/97542d99-b204-427d-85d9-8a58bfb479b3/,258,507
512,b57cab3b-9781-43ae-b149-abf2a85fb996,1T,1st Quarter - Termination,2026,first_quarter,1st Quarter (Jan 1 - Mar 31),,2026-01-20 11:21:31,2026-03-07 02:52:02.051987,,,,,John Bonus,https://lda.senate.gov/api/v1/filings/b57cab3b-9781-43ae-b149-abf2a85fb996/,259,508
513,7ea119e5-8531-467e-bed6-a251fdb255de,RA,Registration - Amendment,2026,first_quarter,1st Quarter (Jan 1 - Mar 31),,2026-01-20 11:25:03,2026-03-07 02:52:02.056876,,,,,Joseph Gibson,https://lda.senate.gov/api/v1/filings/7ea119e5-8531-467e-bed6-a251fdb255de/,260,509
514,44235ec8-144c-4e36-aee2-865c10eac77b,RR,Registration,2026,first_quarter,1st Quarter (Jan 1 - Mar 31),,2026-01-20 11:28:11,2026-03-07 02:52:02.060823,,,,,Rebecca Neville,https://lda.senate.gov/api/v1/filings/44235ec8-144c-4e36-aee2-865c10eac77b/,261,510
515,9460e164-c73f-4123-8d81-1e30977511fb,RR,Registration,2026,first_quarter,1st Quarter (Jan 1 - Mar 31),,2026-01-20 11:30:04,2026-03-07 02:52:02.065908,,,,,Rebecca Neville,https://lda.senate.gov/api/v1/filings/9460e164-c73f-4123-8d81-1e30977511fb/,261,511
516,3f729f85-1728-40ec-9a3d-f693baab7528,1TY,1st Quarter - Termination (No Activity),2026,first_quarter,1st Quarter (Jan 1 - Mar 31),,2026-01-20 11:32:32,2026-03-07 02:52:02.070315,,,,,John Bonus,https://lda.senate.gov/api/v1/filings/3f729f85-1728-40ec-9a3d-f693baab7528/,259,512
517,2b507d85-d5aa-4bda-bd9d-63115ffd6846,RR,Registration,2026,first_quarter,1st Quarter (Jan 1 - Mar 31),,2026-01-20 11:32:35,2026-03-07 02:52:02.074555,,,,,Rebecca Neville,https://lda.senate.gov/api/v1/filings/2b507d85-d5aa-4bda-bd9d-63115ffd6846/,261,513
518,26e2d984-ef45-4750-90e9-fb70a14571af,RR,Registration,2026,first_quarter,1st Quarter (Jan 1 - Mar 31),,2026-01-20 11:39:48,2026-03-07 02:52:02.079443,,,,,Ryan Parada,https://lda.senate.gov/api/v1/filings/26e2d984-ef45-4750-90e9-fb70a14571af/,262,514
697,3e45d7c7-0330-4ee7-a985-9902a61be474,RR,Registration,2026,first_quarter,1st Quarter (Jan 1 - Mar 31),,2026-02-03 14:35:51,2026-03-07 02:52:14.013608,,,,,Tory Sendek,https://lda.senate.gov/api/v1/filings/3e45d7c7-0330-4ee7-a985-9902a61be474/,356,686
698,42cfa86c-8c6f-4b58-89b5-d4bf44f3c195,RR,Registration,2026,first_quarter,1st Quarter (Jan 1 - Mar 31),,2026-02-03 16:06:58,2026-03-07 02:52:14.018301,,,,,Zachary Williams,https://lda.senate.gov/api/v1/filings/42cfa86c-8c6f-4b58-89b5-d4bf44f3c195/,357,687
699,7ccc41dd-28d9-4cda-9f8a-6dc06c473e6c,RR,Registration,2026,first_quarter,1st Quarter (Jan 1 - Mar 31),,2026-02-03 16:15:28,2026-03-07 02:52:14.023850,,,,,Zachary Williams,https://lda.senate.gov/api/v1/filings/7ccc41dd-28d9-4cda-9f8a-6dc06c473e6c/,357,688
700,d39527cc-f568-44b6-b1ed-3311b811bd63,1TY,1st Quarter - Termination (No Activity),2026,first_quarter,1st Quarter (Jan 1 - Mar 31),,2026-02-03 16:31:40,2026-03-07 02:52:14.029906,,,,,Zachary Williams,https://lda.senate.gov/api/v1/filings/d39527cc-f568-44b6-b1ed-3311b811bd63/,357,689
519,21d7f535-3f5b-4c87-8eec-cb41d67dc965,RR,Registration,2026,first_quarter,1st Quarter (Jan 1 - Mar 31),,2026-01-20 11:43:13,2026-03-07 02:52:02.084571,,,,,AMI SANCHEZ,https://lda.senate.gov/api/v1/filings/21d7f535-3f5b-4c87-8eec-cb41d67dc965/,263,515
723,dfd0f5fd-7906-4c6e-9abd-0277de6bb91b,RR,Registration,2026,first_quarter,1st Quarter (Jan 1 - Mar 31),,2026-02-04 14:08:49,2026-03-07 02:52:15.527002,,,,,Jennifer Holmes,https://lda.senate.gov/api/v1/filings/dfd0f5fd-7906-4c6e-9abd-0277de6bb91b/,264,711
520,0e6b10f9-11c5-456e-9c33-56358429e2a6,RR,Registration,2026,first_quarter,1st Quarter (Jan 1 - Mar 31),,2026-01-20 11:47:26,2026-03-07 02:52:02.089558,,,,,Adina Mincher,https://lda.senate.gov/api/v1/filings/0e6b10f9-11c5-456e-9c33-56358429e2a6/,52,516
521,a49d7b5e-f4d4-4109-b060-07ac20ce994a,1TY,1st Quarter - Termination (No Activity),2026,first_quarter,1st Quarter (Jan 1 - Mar 31),,2026-01-20 11:49:06,2026-03-07 02:52:02.094127,,,,,Chelsea J. Mincheff,https://lda.senate.gov/api/v1/filings/a49d7b5e-f4d4-4109-b060-07ac20ce994a/,39,517
724,a4136472-3309-44cb-a9b2-43156d526992,RR,Registration,2026,first_quarter,1st Quarter (Jan 1 - Mar 31),,2026-02-04 14:11:19,2026-03-07 02:52:15.531318,,,,,Rober,https://lda.senate.gov/api/v1/filings/a4136472-3309-44cb-a9b2-43156d526992/,366,712
522,3e342107-f1d0-44b3-9b5f-6354624e9b41,RR,Registration,2026,first_quarter,1st Quarter (Jan 1 - Mar 31),,2026-01-20 12:00:07,2026-03-07 02:52:02.097905,,,,,Jennifer Holmes,https://lda.senate.gov/api/v1/filings/3e342107-f1d0-44b3-9b5f-6354624e9b41/,264,518
725,03a7ae12-a636-41b0-afe5-2f38b6afbec4,RA,Registration - Amendment,2026,first_quarter,1st Quarter (Jan 1 - Mar 31),,2026-02-04 14:12:14,2026-03-07 02:52:15.536370,,,,,Jessica Leinwand,https://lda.senate.gov/api/v1/filings/03a7ae12-a636-41b0-afe5-2f38b6afbec4/,367,713
523,f54ead27-5915-4aae-9075-b09f24a9c3a8,RR,Registration,2026,first_quarter,1st Quarter (Jan 1 - Mar 31),,2026-01-20 12:03:45,2026-03-07 02:52:02.103079,,,,,Kathryn Peterson,https://lda.senate.gov/api/v1/filings/f54ead27-5915-4aae-9075-b09f24a9c3a8/,265,519
524,c1393b23-5dde-4fc4-be61-a33a1a96ab56,RR,Registration,2026,first_quarter,1st Quarter (Jan 1 - Mar 31),,2026-01-20 12:05:08,2026-03-07 02:52:02.107880,,,,,Kathryn Peterson,https://lda.senate.gov/api/v1/filings/c1393b23-5dde-4fc4-be61-a33a1a96ab56/,265,520
726,c5f38034-ad57-4570-b086-018da57c1a69,RR,Registration,2026,first_quarter,1st Quarter (Jan 1 - Mar 31),,2026-02-04 14:21:43,2026-03-07 02:52:16.848070,,,,,Clarine Nardi Riddle,https://lda.senate.gov/api/v1/filings/c5f38034-ad57-4570-b086-018da57c1a69/,368,714
525,79bb5f88-70f8-4b98-b123-7bd1190ff5be,RR,Registration,2026,first_quarter,1st Quarter (Jan 1 - Mar 31),,2026-01-20 12:11:18,2026-03-07 02:52:02.112407,,,,,Kathryn Peterson,https://lda.senate.gov/api/v1/filings/79bb5f88-70f8-4b98-b123-7bd1190ff5be/,265,521
727,db83ebfe-21f7-4719-a5b9-7a3499c23493,RR,Registration,2026,first_quarter,1st Quarter (Jan 1 - Mar 31),,2026-02-04 14:31:40,2026-03-07 02:52:16.853348,,,,,Channing Lee Foster,https://lda.senate.gov/api/v1/filings/db83ebfe-21f7-4719-a5b9-7a3499c23493/,369,715
526,75b375af-6a8d-4c7e-9702-255bcabbae07,RR,Registration,2026,first_quarter,1st Quarter (Jan 1 - Mar 31),,2026-01-20 12:45:28,2026-03-07 02:52:04.143402,,,,,Jay R. Sullivan,https://lda.senate.gov/api/v1/filings/75b375af-6a8d-4c7e-9702-255bcabbae07/,266,522
527,0371575a-ee64-471c-b5ff-e958bfeff2a5,1TY,1st Quarter - Termination (No Activity),2026,first_quarter,1st Quarter (Jan 1 - Mar 31),,2026-01-20 14:01:40,2026-03-07 02:52:04.148753,,,,,Brent L. Jordan,https://lda.senate.gov/api/v1/filings/0371575a-ee64-471c-b5ff-e958bfeff2a5/,267,523
728,60abf14c-9ff5-4abb-9ea1-0c841c162361,RR,Registration,2026,first_quarter,1st Quarter (Jan 1 - Mar 31),,2026-02-04 14:37:44,2026-03-07 02:52:16.860550,,,,,Madison Strader Arcangeli,https://lda.senate.gov/api/v1/filings/60abf14c-9ff5-4abb-9ea1-0c841c162361/,370,716
528,d25700c3-a024-468f-9e82-eaa64db6bc99,RR,Registration,2026,first_quarter,1st Quarter (Jan 1 - Mar 31),,2026-01-20 14:07:37,2026-03-07 02:52:04.152888,,,,,Brent L. Jordan,https://lda.senate.gov/api/v1/filings/d25700c3-a024-468f-9e82-eaa64db6bc99/,267,524
759,527cf460-0f51-4e13-8844-74d5a5ca8c49,RR,Registration,2026,first_quarter,1st Quarter (Jan 1 - Mar 31),,2026-02-06 12:43:21,2026-03-07 02:52:19.437316,,,,,r8f,https://lda.senate.gov/api/v1/filings/527cf460-0f51-4e13-8844-74d5a5ca8c49/,395,747
529,8448be5e-9acb-44a5-b244-c26dfad05be0,RR,Registration,2026,first_quarter,1st Quarter (Jan 1 - Mar 31),,2026-01-20 14:19:04,2026-03-07 02:52:04.157788,,,,,Christine Schaut,https://lda.senate.gov/api/v1/filings/8448be5e-9acb-44a5-b244-c26dfad05be0/,268,525
530,6578e30b-eaad-4889-a1a2-9e51fd2208dc,RR,Registration,2026,first_quarter,1st Quarter (Jan 1 - Mar 31),,2026-01-20 14:31:03,2026-03-07 02:52:04.163763,,,,,Charlie Panfil,https://lda.senate.gov/api/v1/filings/6578e30b-eaad-4889-a1a2-9e51fd2208dc/,269,526
760,de604f6c-4dfd-416c-bb4c-ed9dbadfc953,RR,Registration,2026,first_quarter,1st Quarter (Jan 1 - Mar 31),,2026-02-06 15:02:05,2026-03-07 02:52:19.442894,,,,,Tazeen Ahmad,https://lda.senate.gov/api/v1/filings/de604f6c-4dfd-416c-bb4c-ed9dbadfc953/,286,748
531,654ab99f-5012-476a-ba7e-4f75e90e49c3,RR,Registration,2026,first_quarter,1st Quarter (Jan 1 - Mar 31),,2026-01-20 14:35:01,2026-03-07 02:52:04.168492,,,,,Nathan Daschle,https://lda.senate.gov/api/v1/filings/654ab99f-5012-476a-ba7e-4f75e90e49c3/,269,527
532,9ccfc4ba-3dc8-4af1-86c3-e2bc02ed95c8,RA,Registration - Amendment,2026,first_quarter,1st Quarter (Jan 1 - Mar 31),,2026-01-20 14:53:06,2026-03-07 02:52:04.172576,,,,,Sarai King,https://lda.senate.gov/api/v1/filings/9ccfc4ba-3dc8-4af1-86c3-e2bc02ed95c8/,270,528
946,089a8759-7673-4d4b-8bbe-179f544a5d2a,RR,Registration,2026,first_quarter,1st Quarter (Jan 1 - Mar 31),,2026-02-17 10:17:13,2026-03-07 02:52:30.269246,,,,,Chelsea Mincheff,https://lda.senate.gov/api/v1/filings/089a8759-7673-4d4b-8bbe-179f544a5d2a/,39,925
533,9c459946-5dd0-4a94-86b4-4fed6ca0079f,RR,Registration,2026,first_quarter,1st Quarter (Jan 1 - Mar 31),,2026-01-20 15:01:48,2026-03-07 02:52:04.176849,,,,,Gary Gallant,https://lda.senate.gov/api/v1/filings/9c459946-5dd0-4a94-86b4-4fed6ca0079f/,271,529
534,38e6096f-7226-4c0d-bd16-e26b7c9b8db5,Q1,1st Quarter - Report,2026,first_quarter,1st Quarter (Jan 1 - Mar 31),,2026-01-20 16:06:29,2026-03-07 02:52:04.181956,,,,,Chelsea Mincheff,https://lda.senate.gov/api/v1/filings/38e6096f-7226-4c0d-bd16-e26b7c9b8db5/,39,530
535,ad3efb38-ebda-43bd-8000-4fb3712da3f0,RR,Registration,2026,first_quarter,1st Quarter (Jan 1 - Mar 31),,2026-01-20 16:30:13,2026-03-07 02:52:04.186357,,,,,Sean Pittman,https://lda.senate.gov/api/v1/filings/ad3efb38-ebda-43bd-8000-4fb3712da3f0/,272,531
536,20a591e6-0f1b-4fd4-8db6-d0d87e9120ee,RA,Registration - Amendment,2026,first_quarter,1st Quarter (Jan 1 - Mar 31),,2026-01-20 16:31:45,2026-03-07 02:52:04.191875,,,,,Gary Gallant,https://lda.senate.gov/api/v1/filings/20a591e6-0f1b-4fd4-8db6-d0d87e9120ee/,271,529
537,6c81a271-7d56-4419-aa5b-46c38e5d1eb0,RR,Registration,2026,first_quarter,1st Quarter (Jan 1 - Mar 31),,2026-01-20 16:37:37,2026-03-07 02:52:04.196425,,,,,Amy Fitterer,https://lda.senate.gov/api/v1/filings/6c81a271-7d56-4419-aa5b-46c38e5d1eb0/,273,532
538,c7682198-e985-409f-b8e9-ded6afa357c5,RR,Registration,2026,first_quarter,1st Quarter (Jan 1 - Mar 31),,2026-01-20 16:51:53,2026-03-07 02:52:04.203056,,,,,Daniel Maldonado,https://lda.senate.gov/api/v1/filings/c7682198-e985-409f-b8e9-ded6afa357c5/,274,533
539,807d146f-2121-4abf-b359-3dd2113a853f,1TY,1st Quarter - Termination (No Activity),2026,first_quarter,1st Quarter (Jan 1 - Mar 31),,2026-01-20 16:52:55,2026-03-07 02:52:04.208116,,,,,Julie Zhu,https://lda.senate.gov/api/v1/filings/807d146f-2121-4abf-b359-3dd2113a853f/,275,534
729,ccbbc30d-a295-4409-8ed9-dbbd1d8b5aa8,RR,Registration,2026,first_quarter,1st Quarter (Jan 1 - Mar 31),,2026-02-04 15:16:07,2026-03-07 02:52:16.866529,,,,,Corinne King,https://lda.senate.gov/api/v1/filings/ccbbc30d-a295-4409-8ed9-dbbd1d8b5aa8/,371,717
1332,768a9657-c98d-4ac3-9700-b0e049b90baf,RR,Registration,2025,first_quarter,1st Quarter (Jan 1 - Mar 31),,2025-01-01 12:52:30,2026-03-07 10:20:12.577534,,,,,John Roberti,https://lda.senate.gov/api/v1/filings/768a9657-c98d-4ac3-9700-b0e049b90baf/,247,1303
540,c7f06a13-52d2-4334-8b29-0682bcf980df,RR,Registration,2026,first_quarter,1st Quarter (Jan 1 - Mar 31),,2026-01-20 16:53:48,2026-03-07 02:52:04.212311,,,,,Israel Klein,https://lda.senate.gov/api/v1/filings/c7f06a13-52d2-4334-8b29-0682bcf980df/,276,535
730,c67ed6a6-f4e7-4341-bca4-93732afbf06c,RR,Registration,2026,first_quarter,1st Quarter (Jan 1 - Mar 31),,2026-02-04 16:09:06,2026-03-07 02:52:16.873002,,,,,Seth Bloom,https://lda.senate.gov/api/v1/filings/c67ed6a6-f4e7-4341-bca4-93732afbf06c/,372,718
541,bc48f117-e71a-474b-b347-749fee854296,RR,Registration,2026,first_quarter,1st Quarter (Jan 1 - Mar 31),,2026-01-20 17:01:32,2026-03-07 02:52:04.217427,,,,,Israel Klein,https://lda.senate.gov/api/v1/filings/bc48f117-e71a-474b-b347-749fee854296/,276,536
1333,0b127615-42bc-409d-a916-8747e53e70b1,RR,Registration,2025,first_quarter,1st Quarter (Jan 1 - Mar 31),,2025-01-01 13:00:14,2026-03-07 10:20:12.582485,,,,,John Roberti,https://lda.senate.gov/api/v1/filings/0b127615-42bc-409d-a916-8747e53e70b1/,247,1304
542,327d0e31-c857-478d-9155-a601c3b2c9e5,RR,Registration,2026,first_quarter,1st Quarter (Jan 1 - Mar 31),,2026-01-20 17:10:44,2026-03-07 02:52:04.225836,,,,,Daniel Maldonado,https://lda.senate.gov/api/v1/filings/327d0e31-c857-478d-9155-a601c3b2c9e5/,274,537
731,19b9fa40-070e-4c27-ab63-d8253203ad4e,RR,Registration,2026,first_quarter,1st Quarter (Jan 1 - Mar 31),,2026-02-04 16:11:30,2026-03-07 02:52:16.879676,,,,,Darryl Floyd,https://lda.senate.gov/api/v1/filings/19b9fa40-070e-4c27-ab63-d8253203ad4e/,373,719
543,f49bf998-abbb-4445-80c8-89d8622bebba,RR,Registration,2026,first_quarter,1st Quarter (Jan 1 - Mar 31),,2026-01-20 18:02:15,2026-03-07 02:52:04.231917,,,,,Eric S. Brown,https://lda.senate.gov/api/v1/filings/f49bf998-abbb-4445-80c8-89d8622bebba/,232,538
732,a5286e5a-0474-4cd9-8cdf-b94b10349f0c,RR,Registration,2026,first_quarter,1st Quarter (Jan 1 - Mar 31),,2026-02-04 16:47:00,2026-03-07 02:52:16.887454,,,,,Darryl Floyd,https://lda.senate.gov/api/v1/filings/a5286e5a-0474-4cd9-8cdf-b94b10349f0c/,373,720
544,0c28b338-fb29-414a-b4e8-14a9b91ae5db,RR,Registration,2026,first_quarter,1st Quarter (Jan 1 - Mar 31),,2026-01-20 18:18:20,2026-03-07 02:52:04.236850,,,,,Clarence L. Williams,https://lda.senate.gov/api/v1/filings/0c28b338-fb29-414a-b4e8-14a9b91ae5db/,248,539
545,571c184c-456d-42df-bf86-b0fae0185bfb,RR,Registration,2026,first_quarter,1st Quarter (Jan 1 - Mar 31),,2026-01-20 18:24:25,2026-03-07 02:52:04.240954,,,,,Shannon Duncanson,https://lda.senate.gov/api/v1/filings/571c184c-456d-42df-bf86-b0fae0185bfb/,248,540
733,cb988d56-7a5a-4155-972b-7ef49a486b71,Q1Y,1st Quarter - Report (No Activity),2026,first_quarter,1st Quarter (Jan 1 - Mar 31),,2026-02-05 00:20:16,2026-03-07 02:52:16.897563,,,,,Rondell Reid LeBeau II,https://lda.senate.gov/api/v1/filings/cb988d56-7a5a-4155-972b-7ef49a486b71/,374,721
546,dc0b7fbf-41d5-4198-b1eb-ea336fb4c42a,RR,Registration,2026,first_quarter,1st Quarter (Jan 1 - Mar 31),,2026-01-20 18:27:35,2026-03-07 02:52:04.245232,,,,,Omar Franco,https://lda.senate.gov/api/v1/filings/dc0b7fbf-41d5-4198-b1eb-ea336fb4c42a/,248,541
547,9b55494b-3fe1-4684-958f-17095557ad58,RR,Registration,2026,first_quarter,1st Quarter (Jan 1 - Mar 31),,2026-01-20 18:29:57,2026-03-07 02:52:04.249766,,,,,Omar Franco,https://lda.senate.gov/api/v1/filings/9b55494b-3fe1-4684-958f-17095557ad58/,248,542
548,dcfbeab0-56b6-45b1-8f0d-13bb78dbf158,RR,Registration,2026,first_quarter,1st Quarter (Jan 1 - Mar 31),,2026-01-20 18:40:51,2026-03-07 02:52:04.254540,,,,,Caroline Kennedy,https://lda.senate.gov/api/v1/filings/dcfbeab0-56b6-45b1-8f0d-13bb78dbf158/,277,543
549,21b2e43b-4353-45dd-bfa1-dc8423f7675e,RR,Registration,2026,first_quarter,1st Quarter (Jan 1 - Mar 31),,2026-01-20 18:41:34,2026-03-07 02:52:04.259772,,,,,Omar Franco,https://lda.senate.gov/api/v1/filings/21b2e43b-4353-45dd-bfa1-dc8423f7675e/,248,544
550,cfe239f8-d23c-4e1b-8aa7-1789436e9346,RR,Registration,2026,first_quarter,1st Quarter (Jan 1 - Mar 31),,2026-01-20 18:55:05,2026-03-07 02:52:04.264271,,,,,Omar Franco,https://lda.senate.gov/api/v1/filings/cfe239f8-d23c-4e1b-8aa7-1789436e9346/,248,545
551,cb62a628-d3af-42a3-a9e8-7a4e9903f589,RR,Registration,2026,first_quarter,1st Quarter (Jan 1 - Mar 31),,2026-01-20 19:14:12,2026-03-07 02:52:06.033386,,,,,Daniel Maldonado,https://lda.senate.gov/api/v1/filings/cb62a628-d3af-42a3-a9e8-7a4e9903f589/,274,546
552,f0da7dea-3691-4b35-9cbd-06f402a501de,RR,Registration,2026,first_quarter,1st Quarter (Jan 1 - Mar 31),,2026-01-20 19:24:34,2026-03-07 02:52:06.038346,,,,,Daniel Maldonado,https://lda.senate.gov/api/v1/filings/f0da7dea-3691-4b35-9cbd-06f402a501de/,274,547
553,0851c011-f542-40ab-84a5-727f764751a5,RR,Registration,2026,first_quarter,1st Quarter (Jan 1 - Mar 31),,2026-01-20 21:07:02,2026-03-07 02:52:06.042820,,,,,Charlie Panfil,https://lda.senate.gov/api/v1/filings/0851c011-f542-40ab-84a5-727f764751a5/,269,548
554,8a7d7ce1-6b52-4103-9df8-bb62724749f4,RR,Registration,2026,first_quarter,1st Quarter (Jan 1 - Mar 31),,2026-01-21 09:17:01,2026-03-07 02:52:06.047112,,,,,Aurene Martin,https://lda.senate.gov/api/v1/filings/8a7d7ce1-6b52-4103-9df8-bb62724749f4/,278,549
555,038f814f-0fa8-4f87-b66d-e07da1d1cd19,RR,Registration,2026,first_quarter,1st Quarter (Jan 1 - Mar 31),,2026-01-21 12:05:40,2026-03-07 02:52:06.052163,,,,,Jarrod Loadholt,https://lda.senate.gov/api/v1/filings/038f814f-0fa8-4f87-b66d-e07da1d1cd19/,279,550
556,c52a9e3f-b5c2-4ca5-acf2-aee5cbdaac8f,RR,Registration,2026,first_quarter,1st Quarter (Jan 1 - Mar 31),,2026-01-21 13:07:07,2026-03-07 02:52:06.057748,,,,,Michael T. Lowry,https://lda.senate.gov/api/v1/filings/c52a9e3f-b5c2-4ca5-acf2-aee5cbdaac8f/,280,551
557,1411dec6-1d51-4777-a182-834d5a637d62,Q1Y,1st Quarter - Report (No Activity),2026,first_quarter,1st Quarter (Jan 1 - Mar 31),,2026-01-21 14:58:41,2026-03-07 02:52:06.063183,,,A,A,Tyjuan spencer,https://lda.senate.gov/api/v1/filings/1411dec6-1d51-4777-a182-834d5a637d62/,281,552
558,2bca3353-7252-4c62-9a5b-f40e437d6140,RR,Registration,2026,first_quarter,1st Quarter (Jan 1 - Mar 31),,2026-01-21 16:15:23,2026-03-07 02:52:06.067298,,,,,Tom Murphy,https://lda.senate.gov/api/v1/filings/2bca3353-7252-4c62-9a5b-f40e437d6140/,282,553
559,4d675415-b2e0-4aa9-8216-b3ef25c4355c,RR,Registration,2026,first_quarter,1st Quarter (Jan 1 - Mar 31),,2026-01-21 16:27:24,2026-03-07 02:52:06.072105,,,,,Ryan Vassar,https://lda.senate.gov/api/v1/filings/4d675415-b2e0-4aa9-8216-b3ef25c4355c/,283,554
560,688a81ca-7f1e-47fd-8c92-6e1d4ba5383f,RR,Registration,2026,first_quarter,1st Quarter (Jan 1 - Mar 31),,2026-01-21 16:46:11,2026-03-07 02:52:06.076905,,,,,Amy R. Williams,https://lda.senate.gov/api/v1/filings/688a81ca-7f1e-47fd-8c92-6e1d4ba5383f/,284,555
561,72286f72-c57f-4bb8-873d-568d20c715bd,RR,Registration,2026,first_quarter,1st Quarter (Jan 1 - Mar 31),,2026-01-21 17:14:05,2026-03-07 02:52:06.081717,,,,,Justin Zachary Frank,https://lda.senate.gov/api/v1/filings/72286f72-c57f-4bb8-873d-568d20c715bd/,285,556
1804,a04480af-7bbc-412c-b12e-ab58662067fb,RR,Registration,2025,first_quarter,1st Quarter (Jan 1 - Mar 31),,2025-02-07 17:08:32,2026-03-07 10:20:43.691725,,,,,Brian Benczkowski,https://lda.senate.gov/api/v1/filings/a04480af-7bbc-412c-b12e-ab58662067fb/,715,1759
562,66ce5853-c7e2-4a2d-9864-88a8bbebf511,RR,Registration,2026,first_quarter,1st Quarter (Jan 1 - Mar 31),,2026-01-22 08:31:36,2026-03-07 02:52:06.086184,,,,,Tazeen Ahmad,https://lda.senate.gov/api/v1/filings/66ce5853-c7e2-4a2d-9864-88a8bbebf511/,286,557
734,492d9c18-8e9a-4999-b1bf-51de11e087dc,Q1Y,1st Quarter - Report (No Activity),2026,first_quarter,1st Quarter (Jan 1 - Mar 31),,2026-02-05 08:05:06,2026-03-07 02:52:16.902646,,,A,A,Jacob Choe,https://lda.senate.gov/api/v1/filings/492d9c18-8e9a-4999-b1bf-51de11e087dc/,375,722
563,91b72894-6809-425e-93f5-c45ec4b9f3ed,RR,Registration,2026,first_quarter,1st Quarter (Jan 1 - Mar 31),,2026-01-22 09:12:08,2026-03-07 02:52:06.091371,,,,,Sean McLean,https://lda.senate.gov/api/v1/filings/91b72894-6809-425e-93f5-c45ec4b9f3ed/,287,558
735,f9ff279f-2301-46a2-a705-a0d78305da7e,RR,Registration,2026,first_quarter,1st Quarter (Jan 1 - Mar 31),,2026-02-05 09:02:12,2026-03-07 02:52:16.907901,,,,,"W. Timothy Locke, Principal",https://lda.senate.gov/api/v1/filings/f9ff279f-2301-46a2-a705-a0d78305da7e/,376,723
564,d80aa37f-5f08-4b05-8911-e481a6685863,RR,Registration,2026,first_quarter,1st Quarter (Jan 1 - Mar 31),,2026-01-22 10:52:26,2026-03-07 02:52:06.096909,,,,,Rebecca Neville,https://lda.senate.gov/api/v1/filings/d80aa37f-5f08-4b05-8911-e481a6685863/,261,559
565,6a4bbca1-80a0-4543-afd1-a743ed582888,RR,Registration,2026,first_quarter,1st Quarter (Jan 1 - Mar 31),,2026-01-22 11:14:29,2026-03-07 02:52:06.103106,,,,,"Glenn Willard, Of Counsel",https://lda.senate.gov/api/v1/filings/6a4bbca1-80a0-4543-afd1-a743ed582888/,288,560
736,210fd513-8c86-4ff7-8370-8bcd4ef0c99e,1T,1st Quarter - Termination,2026,first_quarter,1st Quarter (Jan 1 - Mar 31),,2026-02-05 09:36:06,2026-03-07 02:52:16.914183,,,,,Michael D. DiRoma,https://lda.senate.gov/api/v1/filings/210fd513-8c86-4ff7-8370-8bcd4ef0c99e/,377,724
566,8f767947-d246-4861-99bd-d83e6c5da82d,Q1,1st Quarter - Report,2026,first_quarter,1st Quarter (Jan 1 - Mar 31),,2026-01-22 11:41:41,2026-03-07 02:52:06.109602,10000.0,,,,Ethan Dursteler,https://lda.senate.gov/api/v1/filings/8f767947-d246-4861-99bd-d83e6c5da82d/,289,561
567,66381616-eb96-4321-a8fe-87b3f0d23866,RR,Registration,2026,first_quarter,1st Quarter (Jan 1 - Mar 31),,2026-01-22 11:43:44,2026-03-07 02:52:06.114997,,,,,Beth Anne Cole,https://lda.senate.gov/api/v1/filings/66381616-eb96-4321-a8fe-87b3f0d23866/,69,562
808,192b876b-ef14-4cbe-9027-64ff92ea2649,RR,Registration,2026,first_quarter,1st Quarter (Jan 1 - Mar 31),,2026-02-11 10:14:45,2026-03-07 02:52:22.328444,,,,,Jonathan McCollum,https://lda.senate.gov/api/v1/filings/192b876b-ef14-4cbe-9027-64ff92ea2649/,415,795
568,5d6fdb95-82d5-43e0-aef7-6d54956868c6,Q1,1st Quarter - Report,2026,first_quarter,1st Quarter (Jan 1 - Mar 31),,2026-01-22 11:45:22,2026-03-07 02:52:06.119235,18750.0,,,,Ethan Dursteler,https://lda.senate.gov/api/v1/filings/5d6fdb95-82d5-43e0-aef7-6d54956868c6/,289,563
809,82c08241-e88a-49af-99d5-c76962875a00,RR,Registration,2026,first_quarter,1st Quarter (Jan 1 - Mar 31),,2026-02-11 10:31:04,2026-03-07 02:52:22.332896,,,,,"Danica L. Petroshius, Principal",https://lda.senate.gov/api/v1/filings/82c08241-e88a-49af-99d5-c76962875a00/,416,796
569,bb86ca82-4308-4625-bf5a-478ec313ab31,Q1,1st Quarter - Report,2026,first_quarter,1st Quarter (Jan 1 - Mar 31),,2026-01-22 11:51:34,2026-03-07 02:52:06.123818,15000.0,,,,Ethan Dursteler,https://lda.senate.gov/api/v1/filings/bb86ca82-4308-4625-bf5a-478ec313ab31/,289,564
570,970b92b7-8fef-42bc-9c33-b92466e75fed,Q1,1st Quarter - Report,2026,first_quarter,1st Quarter (Jan 1 - Mar 31),,2026-01-22 11:53:46,2026-03-07 02:52:06.128497,7500.0,,,,Ethan Dursteler,https://lda.senate.gov/api/v1/filings/970b92b7-8fef-42bc-9c33-b92466e75fed/,289,565
571,0576413c-10b2-4e70-ab4c-876ba4ea2eda,1T,1st Quarter - Termination,2026,first_quarter,1st Quarter (Jan 1 - Mar 31),,2026-01-22 12:24:26,2026-03-07 02:52:06.133136,,,,,Kenneth Swab,https://lda.senate.gov/api/v1/filings/0576413c-10b2-4e70-ab4c-876ba4ea2eda/,290,566
572,89a7f9f1-54c8-453a-8c07-4c75086d0327,RR,Registration,2026,first_quarter,1st Quarter (Jan 1 - Mar 31),,2026-01-22 13:10:02,2026-03-07 02:52:06.138446,,,,,Michael Merola,https://lda.senate.gov/api/v1/filings/89a7f9f1-54c8-453a-8c07-4c75086d0327/,291,567
573,a38d0dd6-fbe8-42bb-80c6-387ec58dd64a,RR,Registration,2026,first_quarter,1st Quarter (Jan 1 - Mar 31),,2026-01-22 13:20:45,2026-03-07 02:52:06.143425,,,,,Megan Knight,https://lda.senate.gov/api/v1/filings/a38d0dd6-fbe8-42bb-80c6-387ec58dd64a/,292,568
574,8a26d036-74d1-462a-86d7-5cc39c9ac386,RR,Registration,2026,first_quarter,1st Quarter (Jan 1 - Mar 31),,2026-01-22 13:53:42,2026-03-07 02:52:06.147976,,,,,Alisa Hess,https://lda.senate.gov/api/v1/filings/8a26d036-74d1-462a-86d7-5cc39c9ac386/,293,569
575,75251df7-d2fb-4bf7-9694-9adf783dffda,RR,Registration,2026,first_quarter,1st Quarter (Jan 1 - Mar 31),,2026-01-22 18:20:28,2026-03-07 02:52:06.152922,,,,,Mark Ritacco,https://lda.senate.gov/api/v1/filings/75251df7-d2fb-4bf7-9694-9adf783dffda/,294,570
576,42957519-f44c-490a-a486-ce7beb836853,RR,Registration,2026,first_quarter,1st Quarter (Jan 1 - Mar 31),,2026-01-22 19:54:05,2026-03-07 02:52:07.630163,,,,,Shule Bishop,https://lda.senate.gov/api/v1/filings/42957519-f44c-490a-a486-ce7beb836853/,295,571
577,cc72c180-84f3-40cf-bbbe-0d4bda1f377f,RR,Registration,2026,first_quarter,1st Quarter (Jan 1 - Mar 31),,2026-01-23 07:39:36,2026-03-07 02:52:07.635797,,,,,Shawn H. Smeallie,https://lda.senate.gov/api/v1/filings/cc72c180-84f3-40cf-bbbe-0d4bda1f377f/,296,572
578,3dfc5c31-24ea-4e39-947d-d3331cc0f648,RR,Registration,2026,first_quarter,1st Quarter (Jan 1 - Mar 31),,2026-01-23 07:43:59,2026-03-07 02:52:07.641163,,,,,Beth Anne Cole,https://lda.senate.gov/api/v1/filings/3dfc5c31-24ea-4e39-947d-d3331cc0f648/,69,573
579,7824ba93-c193-463b-9710-89bdc5af60da,RR,Registration,2026,first_quarter,1st Quarter (Jan 1 - Mar 31),,2026-01-23 08:28:31,2026-03-07 02:52:07.645836,,,,,Nicole Dade,https://lda.senate.gov/api/v1/filings/7824ba93-c193-463b-9710-89bdc5af60da/,236,574
580,d2be7753-fb7a-44eb-b074-88fd6030e32b,RR,Registration,2026,first_quarter,1st Quarter (Jan 1 - Mar 31),,2026-01-23 08:46:19,2026-03-07 02:52:07.650419,,,,,Beth Anne Cole,https://lda.senate.gov/api/v1/filings/d2be7753-fb7a-44eb-b074-88fd6030e32b/,69,575
581,b531263c-8dc3-4f42-810c-e6be5fdbe252,RR,Registration,2026,first_quarter,1st Quarter (Jan 1 - Mar 31),,2026-01-23 10:06:06,2026-03-07 02:52:07.654597,,,,,Beth Anne Cole,https://lda.senate.gov/api/v1/filings/b531263c-8dc3-4f42-810c-e6be5fdbe252/,69,576
582,99ef222c-2b82-4476-9fef-a19bd3802288,RR,Registration,2026,first_quarter,1st Quarter (Jan 1 - Mar 31),,2026-01-23 11:17:43,2026-03-07 02:52:07.658975,,,,,Rricha Mathur,https://lda.senate.gov/api/v1/filings/99ef222c-2b82-4476-9fef-a19bd3802288/,297,577
583,adc9e42a-3ba5-4c45-8cd3-485d12215502,RR,Registration,2026,first_quarter,1st Quarter (Jan 1 - Mar 31),,2026-01-23 11:52:40,2026-03-07 02:52:07.664260,,,,,Derek H Ross,https://lda.senate.gov/api/v1/filings/adc9e42a-3ba5-4c45-8cd3-485d12215502/,298,578
584,9c84c14c-4704-4f7c-83ac-9ea4ed200a65,RR,Registration,2026,first_quarter,1st Quarter (Jan 1 - Mar 31),,2026-01-23 13:28:01,2026-03-07 02:52:07.669451,,,,,Adam J. Biegel,https://lda.senate.gov/api/v1/filings/9c84c14c-4704-4f7c-83ac-9ea4ed200a65/,299,579
737,6be9b8f2-e4f8-453b-84c7-b2a38cdeee7e,RR,Registration,2026,first_quarter,1st Quarter (Jan 1 - Mar 31),,2026-02-05 10:01:12,2026-03-07 02:52:16.919576,,,,,Katina Pierce,https://lda.senate.gov/api/v1/filings/6be9b8f2-e4f8-453b-84c7-b2a38cdeee7e/,378,725
585,5d502486-8144-40dc-900a-0e2834cd4eec,RR,Registration,2026,first_quarter,1st Quarter (Jan 1 - Mar 31),,2026-01-23 14:45:14,2026-03-07 02:52:07.675178,,,,,Anusha Kumari,https://lda.senate.gov/api/v1/filings/5d502486-8144-40dc-900a-0e2834cd4eec/,300,580
738,dfc6e4da-364c-4e07-b711-12c1b64664e9,RR,Registration,2026,first_quarter,1st Quarter (Jan 1 - Mar 31),,2026-02-05 10:35:57,2026-03-07 02:52:16.924963,,,,,Scott Sinder,https://lda.senate.gov/api/v1/filings/dfc6e4da-364c-4e07-b711-12c1b64664e9/,379,726
586,0d28f690-7d08-4714-9a7d-331a68fd7be1,1T,1st Quarter - Termination,2026,first_quarter,1st Quarter (Jan 1 - Mar 31),,2026-01-23 14:48:30,2026-03-07 02:52:07.679818,10000.0,,,,Charlie Thornton,https://lda.senate.gov/api/v1/filings/0d28f690-7d08-4714-9a7d-331a68fd7be1/,301,581
587,d841a383-9ecb-4c16-b69d-316916b5f906,RR,Registration,2026,first_quarter,1st Quarter (Jan 1 - Mar 31),,2026-01-23 14:48:56,2026-03-07 02:52:07.684260,,,,,Anusha Kumari,https://lda.senate.gov/api/v1/filings/d841a383-9ecb-4c16-b69d-316916b5f906/,300,582
739,ebc063f0-4c22-44f8-8693-63cd9308aa22,RR,Registration,2026,first_quarter,1st Quarter (Jan 1 - Mar 31),,2026-02-05 10:55:19,2026-03-07 02:52:16.930223,,,,,Sarah T. Henry,https://lda.senate.gov/api/v1/filings/ebc063f0-4c22-44f8-8693-63cd9308aa22/,380,727
588,97121ef4-0c19-4a21-bc08-0e6f1143e579,RR,Registration,2026,first_quarter,1st Quarter (Jan 1 - Mar 31),,2026-01-23 14:54:58,2026-03-07 02:52:07.688623,,,,,Anusha Kumari,https://lda.senate.gov/api/v1/filings/97121ef4-0c19-4a21-bc08-0e6f1143e579/,300,583
589,f493527c-e483-4768-8831-56f8a0262705,RR,Registration,2026,first_quarter,1st Quarter (Jan 1 - Mar 31),,2026-01-23 15:02:35,2026-03-07 02:52:07.692851,,,,,Anusha Kumari,https://lda.senate.gov/api/v1/filings/f493527c-e483-4768-8831-56f8a0262705/,300,584
810,824a4013-d400-48b3-9537-f6ea33733f28,RR,Registration,2026,first_quarter,1st Quarter (Jan 1 - Mar 31),,2026-02-11 11:12:31,2026-03-07 02:52:22.338258,,,,,"Ronald M. Jacobs, Partner",https://lda.senate.gov/api/v1/filings/824a4013-d400-48b3-9537-f6ea33733f28/,43,797
590,dd11c9b0-2b06-45c4-bef5-7ac3c727e37c,RR,Registration,2026,first_quarter,1st Quarter (Jan 1 - Mar 31),,2026-01-23 16:04:37,2026-03-07 02:52:07.697851,,,,,Ross Branson,https://lda.senate.gov/api/v1/filings/dd11c9b0-2b06-45c4-bef5-7ac3c727e37c/,302,585
591,4973f0aa-8b26-43fe-9e72-d93986752f58,Q1Y,1st Quarter - Report (No Activity),2026,first_quarter,1st Quarter (Jan 1 - Mar 31),,2026-01-23 17:28:14,2026-03-07 02:52:07.702794,,,,,"T.J. Petrizzo, Chairman & CEO",https://lda.senate.gov/api/v1/filings/4973f0aa-8b26-43fe-9e72-d93986752f58/,303,586
947,9a20ef0d-fb45-43bc-ac2f-5e9051c9bcfb,RR,Registration,2026,first_quarter,1st Quarter (Jan 1 - Mar 31),,2026-02-17 10:23:04,2026-03-07 02:52:30.274494,,,,,Chelsea Mincheff,https://lda.senate.gov/api/v1/filings/9a20ef0d-fb45-43bc-ac2f-5e9051c9bcfb/,39,926
592,48692119-789a-4ab2-a4f5-8eb40b89eea1,RR,Registration,2026,first_quarter,1st Quarter (Jan 1 - Mar 31),,2026-01-23 18:07:34,2026-03-07 02:52:07.707132,,,,,"David L. Stone, Partner, King & Spalding",https://lda.senate.gov/api/v1/filings/48692119-789a-4ab2-a4f5-8eb40b89eea1/,304,587
593,477a1d5a-fecc-4ec6-a20e-24563dd6f829,RR,Registration,2026,first_quarter,1st Quarter (Jan 1 - Mar 31),,2026-01-24 12:35:11,2026-03-07 02:52:07.712424,,,,,Alexis Searfoss,https://lda.senate.gov/api/v1/filings/477a1d5a-fecc-4ec6-a20e-24563dd6f829/,305,588
594,d68821ea-23a6-417e-919b-fe5917e44837,RR,Registration,2026,first_quarter,1st Quarter (Jan 1 - Mar 31),,2026-01-24 12:39:06,2026-03-07 02:52:07.717515,,,,,Alexis Searfoss,https://lda.senate.gov/api/v1/filings/d68821ea-23a6-417e-919b-fe5917e44837/,305,589
595,cc11a390-e663-4548-859c-e6db1278447c,RR,Registration,2026,first_quarter,1st Quarter (Jan 1 - Mar 31),,2026-01-24 13:52:13,2026-03-07 02:52:07.722096,,,,,Robert van Laer Hartwell,https://lda.senate.gov/api/v1/filings/cc11a390-e663-4548-859c-e6db1278447c/,306,590
596,418651db-510c-4cbd-ac26-17650370915d,RR,Registration,2026,first_quarter,1st Quarter (Jan 1 - Mar 31),,2026-01-24 14:01:35,2026-03-07 02:52:07.726963,,,,,Robert Hartwell,https://lda.senate.gov/api/v1/filings/418651db-510c-4cbd-ac26-17650370915d/,306,591
597,5bc64040-64a3-45a9-8dbc-572a198e46aa,RR,Registration,2026,first_quarter,1st Quarter (Jan 1 - Mar 31),,2026-01-24 14:09:32,2026-03-07 02:52:07.731550,,,,,Robert Hartwell,https://lda.senate.gov/api/v1/filings/5bc64040-64a3-45a9-8dbc-572a198e46aa/,306,592
598,4a9becce-1dab-4de1-a0d9-2d5f042218e8,RR,Registration,2026,first_quarter,1st Quarter (Jan 1 - Mar 31),,2026-01-26 10:01:34,2026-03-07 02:52:07.736024,,,,,Steve Haro,https://lda.senate.gov/api/v1/filings/4a9becce-1dab-4de1-a0d9-2d5f042218e8/,50,593
599,1e1ab162-ad21-40aa-93b5-f36d1568c703,1T,1st Quarter - Termination,2026,first_quarter,1st Quarter (Jan 1 - Mar 31),,2026-01-26 10:57:49,2026-03-07 02:52:07.741006,,,,,Scott Reed,https://lda.senate.gov/api/v1/filings/1e1ab162-ad21-40aa-93b5-f36d1568c703/,307,594
600,c647c0dd-47fc-49b3-b3a9-fe9a9589f64b,RR,Registration,2026,first_quarter,1st Quarter (Jan 1 - Mar 31),,2026-01-26 11:12:25,2026-03-07 02:52:07.745816,,,,,Jeff Brabant,https://lda.senate.gov/api/v1/filings/c647c0dd-47fc-49b3-b3a9-fe9a9589f64b/,308,595
601,dc5ef4df-4e05-45fb-ad4c-bb72f3144cdc,RR,Registration,2026,first_quarter,1st Quarter (Jan 1 - Mar 31),,2026-01-26 11:38:51,2026-03-07 02:52:09.150404,,,,,Brian J. Glackin,https://lda.senate.gov/api/v1/filings/dc5ef4df-4e05-45fb-ad4c-bb72f3144cdc/,309,596
602,f2df7713-ef89-4214-9662-cd164c189d43,RR,Registration,2026,first_quarter,1st Quarter (Jan 1 - Mar 31),,2026-01-26 16:38:37,2026-03-07 02:52:09.155633,,,,,Beth Anne Cole,https://lda.senate.gov/api/v1/filings/f2df7713-ef89-4214-9662-cd164c189d43/,69,597
603,952e38c0-8371-41aa-a6ca-78cd325b0e5c,RR,Registration,2026,first_quarter,1st Quarter (Jan 1 - Mar 31),,2026-01-26 17:14:27,2026-03-07 02:52:09.160259,,,,,Matthew Mowers,https://lda.senate.gov/api/v1/filings/952e38c0-8371-41aa-a6ca-78cd325b0e5c/,310,598
604,2adcef28-a585-4bad-a305-166a514f4501,RR,Registration,2026,first_quarter,1st Quarter (Jan 1 - Mar 31),,2026-01-26 17:18:50,2026-03-07 02:52:09.165234,,,,,Matthew Mowers,https://lda.senate.gov/api/v1/filings/2adcef28-a585-4bad-a305-166a514f4501/,310,599
605,56e9c64a-bb08-49da-a19a-f6206c0ed9bd,RR,Registration,2026,first_quarter,1st Quarter (Jan 1 - Mar 31),,2026-01-26 18:16:37,2026-03-07 02:52:09.169960,,,,,Beth Anne Cole,https://lda.senate.gov/api/v1/filings/56e9c64a-bb08-49da-a19a-f6206c0ed9bd/,69,600
606,0403b06e-1095-4612-a2de-73d55fc91806,RR,Registration,2026,first_quarter,1st Quarter (Jan 1 - Mar 31),,2026-01-26 21:32:51,2026-03-07 02:52:09.174588,,,,,david moss,https://lda.senate.gov/api/v1/filings/0403b06e-1095-4612-a2de-73d55fc91806/,311,601
607,89beb9ca-7e2a-4d16-9ce5-84f26fd8e270,RR,Registration,2026,first_quarter,1st Quarter (Jan 1 - Mar 31),,2026-01-26 21:55:01,2026-03-07 02:52:09.179567,,,,,david moss,https://lda.senate.gov/api/v1/filings/89beb9ca-7e2a-4d16-9ce5-84f26fd8e270/,311,602
608,ccf7183a-30db-4d9e-bf15-20c215a09ca3,RR,Registration,2026,first_quarter,1st Quarter (Jan 1 - Mar 31),,2026-01-26 22:02:22,2026-03-07 02:52:09.184255,,,,,david moss,https://lda.senate.gov/api/v1/filings/ccf7183a-30db-4d9e-bf15-20c215a09ca3/,311,603
740,0f0ede23-60ff-40e1-922d-4fa1ccb1bebd,RR,Registration,2026,first_quarter,1st Quarter (Jan 1 - Mar 31),,2026-02-05 11:15:16,2026-03-07 02:52:16.935750,,,,,James P. Moran,https://lda.senate.gov/api/v1/filings/0f0ede23-60ff-40e1-922d-4fa1ccb1bebd/,381,728
609,ae6f2671-7dd9-4733-8413-291cda69a002,RR,Registration,2026,first_quarter,1st Quarter (Jan 1 - Mar 31),,2026-01-27 09:32:05,2026-03-07 02:52:09.188883,,,,,Sean McLean,https://lda.senate.gov/api/v1/filings/ae6f2671-7dd9-4733-8413-291cda69a002/,287,604
741,093fa34d-949d-466a-ab0f-58957fc9e649,RR,Registration,2026,first_quarter,1st Quarter (Jan 1 - Mar 31),,2026-02-05 11:55:11,2026-03-07 02:52:16.941982,,,,,Amy Blunt,https://lda.senate.gov/api/v1/filings/093fa34d-949d-466a-ab0f-58957fc9e649/,382,729
610,7f87968b-e415-4412-8440-c21cf729637b,RA,Registration - Amendment,2026,first_quarter,1st Quarter (Jan 1 - Mar 31),,2026-01-27 09:46:19,2026-03-07 02:52:09.193553,,,,,Tommie Cardin,https://lda.senate.gov/api/v1/filings/7f87968b-e415-4412-8440-c21cf729637b/,312,605
611,57aeedf2-ce6b-42dc-a5e4-ce95bc0d9042,RR,Registration,2026,first_quarter,1st Quarter (Jan 1 - Mar 31),,2026-01-27 12:35:52,2026-03-07 02:52:09.199881,,,,,Ross Branson,https://lda.senate.gov/api/v1/filings/57aeedf2-ce6b-42dc-a5e4-ce95bc0d9042/,302,606
612,304f60e2-69ce-4677-9566-8bc617eac975,RR,Registration,2026,first_quarter,1st Quarter (Jan 1 - Mar 31),,2026-01-27 15:14:48,2026-03-07 02:52:09.204641,,,,,John Culton,https://lda.senate.gov/api/v1/filings/304f60e2-69ce-4677-9566-8bc617eac975/,313,607
613,c0f8c7d9-fc60-44ea-82a2-7b1f8d6334d2,RR,Registration,2026,first_quarter,1st Quarter (Jan 1 - Mar 31),,2026-01-27 15:24:05,2026-03-07 02:52:09.209436,,,,,Molly E Conway,https://lda.senate.gov/api/v1/filings/c0f8c7d9-fc60-44ea-82a2-7b1f8d6334d2/,314,608
614,304b6aeb-273c-4a14-bb56-0540b7f3d0dc,RR,Registration,2026,first_quarter,1st Quarter (Jan 1 - Mar 31),,2026-01-27 16:17:58,2026-03-07 02:52:09.214177,,,,,Jeffrey B. Speaks,https://lda.senate.gov/api/v1/filings/304b6aeb-273c-4a14-bb56-0540b7f3d0dc/,315,609
615,36495ef1-cd2a-46c2-8b83-37d1ceeb8940,RR,Registration,2026,first_quarter,1st Quarter (Jan 1 - Mar 31),,2026-01-28 09:24:48,2026-03-07 02:52:09.219161,,,,,"Nathaniel Bolin, Partner",https://lda.senate.gov/api/v1/filings/36495ef1-cd2a-46c2-8b83-37d1ceeb8940/,316,610
616,9cea12a4-33a2-4e7a-a3eb-5a3d3daf4b43,RR,Registration,2026,first_quarter,1st Quarter (Jan 1 - Mar 31),,2026-01-28 09:36:36,2026-03-07 02:52:09.223832,,,,,"Nathaniel Bolin, Partner",https://lda.senate.gov/api/v1/filings/9cea12a4-33a2-4e7a-a3eb-5a3d3daf4b43/,316,611
617,934f3e99-6254-4014-9322-4a1b32f3c6aa,RR,Registration,2026,first_quarter,1st Quarter (Jan 1 - Mar 31),,2026-01-28 10:05:03,2026-03-07 02:52:09.228041,,,,,Bo Bailey,https://lda.senate.gov/api/v1/filings/934f3e99-6254-4014-9322-4a1b32f3c6aa/,317,612
618,c3afe8bb-945f-41c1-b219-e824bf9a5d58,RR,Registration,2026,first_quarter,1st Quarter (Jan 1 - Mar 31),,2026-01-28 10:46:52,2026-03-07 02:52:09.232739,,,,,Shawn H. Smeallie,https://lda.senate.gov/api/v1/filings/c3afe8bb-945f-41c1-b219-e824bf9a5d58/,296,613
619,f45f0a86-448b-4dba-b376-c90501cfff44,RR,Registration,2026,first_quarter,1st Quarter (Jan 1 - Mar 31),,2026-01-28 12:27:50,2026-03-07 02:52:09.237373,,,,,Roger Edward Ingle,https://lda.senate.gov/api/v1/filings/f45f0a86-448b-4dba-b376-c90501cfff44/,318,614
620,43ade0af-759f-4cdc-b567-63b8da66f330,RR,Registration,2026,first_quarter,1st Quarter (Jan 1 - Mar 31),,2026-01-28 12:40:23,2026-03-07 02:52:09.242760,,,,,Bo Bailey,https://lda.senate.gov/api/v1/filings/43ade0af-759f-4cdc-b567-63b8da66f330/,317,615
621,d066f9a5-ccf7-40c7-a1aa-d52d684d0375,RR,Registration,2026,first_quarter,1st Quarter (Jan 1 - Mar 31),,2026-01-28 12:46:01,2026-03-07 02:52:09.247667,,,,,Clay White,https://lda.senate.gov/api/v1/filings/d066f9a5-ccf7-40c7-a1aa-d52d684d0375/,62,616
622,88918ec3-fc86-4cd9-acd2-6d937a1a1569,RR,Registration,2026,first_quarter,1st Quarter (Jan 1 - Mar 31),,2026-01-28 13:57:13,2026-03-07 02:52:09.251847,,,,,Brian J. Glackin,https://lda.senate.gov/api/v1/filings/88918ec3-fc86-4cd9-acd2-6d937a1a1569/,309,617
623,d2ebaf2b-5c50-4075-9052-63c0bc5c00f7,RR,Registration,2026,first_quarter,1st Quarter (Jan 1 - Mar 31),,2026-01-28 15:06:55,2026-03-07 02:52:09.256294,,,,,Misty Chally,https://lda.senate.gov/api/v1/filings/d2ebaf2b-5c50-4075-9052-63c0bc5c00f7/,319,618
624,30ca5a54-7882-473e-8caf-cf95ed18140d,RR,Registration,2026,first_quarter,1st Quarter (Jan 1 - Mar 31),,2026-01-28 15:10:49,2026-03-07 02:52:09.261515,,,,,Ezra Friedlander,https://lda.senate.gov/api/v1/filings/30ca5a54-7882-473e-8caf-cf95ed18140d/,320,619
625,5f04db72-781b-4cb0-8d6f-7dfe9e0abf5d,RR,Registration,2026,first_quarter,1st Quarter (Jan 1 - Mar 31),,2026-01-28 17:07:45,2026-03-07 02:52:09.265875,,,,,Daniel Boston,https://lda.senate.gov/api/v1/filings/5f04db72-781b-4cb0-8d6f-7dfe9e0abf5d/,58,620
626,f0d50623-cf46-4dce-b9a3-57a02616d4cf,RR,Registration,2026,first_quarter,1st Quarter (Jan 1 - Mar 31),,2026-01-28 19:05:20,2026-03-07 02:52:10.739899,,,,,David Cohen,https://lda.senate.gov/api/v1/filings/f0d50623-cf46-4dce-b9a3-57a02616d4cf/,321,621
627,bce3b777-a421-43c1-befe-bbaf3e6038aa,RR,Registration,2026,first_quarter,1st Quarter (Jan 1 - Mar 31),,2026-01-29 10:22:52,2026-03-07 02:52:10.746353,,,,,Jason C. Henry,https://lda.senate.gov/api/v1/filings/bce3b777-a421-43c1-befe-bbaf3e6038aa/,322,622
628,00e79199-e788-4d77-8d29-6961192075fd,RR,Registration,2026,first_quarter,1st Quarter (Jan 1 - Mar 31),,2026-01-29 11:51:44,2026-03-07 02:52:10.751827,,,,,Alyssa Specht Garcia,https://lda.senate.gov/api/v1/filings/00e79199-e788-4d77-8d29-6961192075fd/,32,623
629,d7ad2961-313a-485d-844e-23af22836f39,RR,Registration,2026,first_quarter,1st Quarter (Jan 1 - Mar 31),,2026-01-29 12:34:00,2026-03-07 02:52:10.757273,,,,,Marcus P. Lubin,https://lda.senate.gov/api/v1/filings/d7ad2961-313a-485d-844e-23af22836f39/,323,624
630,4e48e221-f7fd-40a6-9e10-620a7027ed7d,RR,Registration,2026,first_quarter,1st Quarter (Jan 1 - Mar 31),,2026-01-29 12:55:02,2026-03-07 02:52:10.763268,,,,,Alyssa Specht Garcia,https://lda.senate.gov/api/v1/filings/4e48e221-f7fd-40a6-9e10-620a7027ed7d/,32,625
631,bd946c52-ba70-4ca5-a3a3-de7b058a37c5,RR,Registration,2026,first_quarter,1st Quarter (Jan 1 - Mar 31),,2026-01-29 13:20:54,2026-03-07 02:52:10.768634,,,,,Alyssa Specht Garcia,https://lda.senate.gov/api/v1/filings/bd946c52-ba70-4ca5-a3a3-de7b058a37c5/,32,626
667,a92815b8-3011-4aa5-8756-29404e127e52,RR,Registration,2026,first_quarter,1st Quarter (Jan 1 - Mar 31),,2026-02-02 11:58:31,2026-03-07 02:52:12.516048,,,,,Paul Miller,https://lda.senate.gov/api/v1/filings/a92815b8-3011-4aa5-8756-29404e127e52/,341,658
668,17f82d66-4228-4427-b5ec-1319ee55a8bf,1TY,1st Quarter - Termination (No Activity),2026,first_quarter,1st Quarter (Jan 1 - Mar 31),,2026-02-02 12:22:28,2026-03-07 02:52:12.521170,,,,,Brian Kelly,https://lda.senate.gov/api/v1/filings/17f82d66-4228-4427-b5ec-1319ee55a8bf/,342,659
669,d2f44dfa-5f8a-4a2f-8610-f7d2b3a44c89,1T,1st Quarter - Termination,2026,first_quarter,1st Quarter (Jan 1 - Mar 31),,2026-02-02 12:28:55,2026-03-07 02:52:12.525436,,25000.0,A,A,Michelle Rutter,https://lda.senate.gov/api/v1/filings/d2f44dfa-5f8a-4a2f-8610-f7d2b3a44c89/,343,660
632,5b66f465-fedc-4f90-b060-5e14fd137425,RR,Registration,2026,first_quarter,1st Quarter (Jan 1 - Mar 31),,2026-01-29 14:48:24,2026-03-07 02:52:10.773881,,,,,Alyssa Specht Garcia,https://lda.senate.gov/api/v1/filings/5b66f465-fedc-4f90-b060-5e14fd137425/,32,627
1334,0df3fc5a-8c58-488c-953f-75a7f7dedd4b,RR,Registration,2025,first_quarter,1st Quarter (Jan 1 - Mar 31),,2025-01-02 10:14:28,2026-03-07 10:20:12.587259,,,,,Nige Stephens,https://lda.senate.gov/api/v1/filings/0df3fc5a-8c58-488c-953f-75a7f7dedd4b/,571,1305
1805,06b44bcb-b88c-46a2-9654-6d50973d04d6,RR,Registration,2025,first_quarter,1st Quarter (Jan 1 - Mar 31),,2025-02-07 17:40:22,2026-03-07 10:20:43.696827,,,,,Muftiah McCartin,https://lda.senate.gov/api/v1/filings/06b44bcb-b88c-46a2-9654-6d50973d04d6/,716,1760
633,fe665359-b8d6-4ba3-b6b7-1136d6700fcd,1TY,1st Quarter - Termination (No Activity),2026,first_quarter,1st Quarter (Jan 1 - Mar 31),,2026-01-29 15:18:32,2026-03-07 02:52:10.780137,,,,,Michael C Ryan,https://lda.senate.gov/api/v1/filings/fe665359-b8d6-4ba3-b6b7-1136d6700fcd/,324,628
742,60f26387-209a-4b9d-9773-04e09a2a7ab1,RR,Registration,2026,first_quarter,1st Quarter (Jan 1 - Mar 31),,2026-02-05 12:01:13,2026-03-07 02:52:16.948754,,,,,Amy Blunt,https://lda.senate.gov/api/v1/filings/60f26387-209a-4b9d-9773-04e09a2a7ab1/,382,730
634,8f60fdd1-ba8e-4edf-876b-404ace14a098,RA,Registration - Amendment,2026,first_quarter,1st Quarter (Jan 1 - Mar 31),,2026-01-29 16:29:48,2026-03-07 02:52:10.784763,,,,,Regina M Sherick,https://lda.senate.gov/api/v1/filings/8f60fdd1-ba8e-4edf-876b-404ace14a098/,243,468
743,9bd59c0f-4e2f-4bd5-9417-9791d33bd75e,RR,Registration,2026,first_quarter,1st Quarter (Jan 1 - Mar 31),,2026-02-05 12:05:18,2026-03-07 02:52:16.954998,,,,,Amy Blunt,https://lda.senate.gov/api/v1/filings/9bd59c0f-4e2f-4bd5-9417-9791d33bd75e/,382,731
635,589571f6-fbf6-484c-bdcf-56c2d8947891,RR,Registration,2026,first_quarter,1st Quarter (Jan 1 - Mar 31),,2026-01-29 16:37:49,2026-03-07 02:52:10.789407,,,,,Marilyn Campbell,https://lda.senate.gov/api/v1/filings/589571f6-fbf6-484c-bdcf-56c2d8947891/,325,629
636,ac95e57d-fb37-476b-8d0f-ea3e50aac656,RR,Registration,2026,first_quarter,1st Quarter (Jan 1 - Mar 31),,2026-01-29 19:23:23,2026-03-07 02:52:10.794481,,,,,Steven Elmendorf,https://lda.senate.gov/api/v1/filings/ac95e57d-fb37-476b-8d0f-ea3e50aac656/,326,630
744,e4e30fe3-13ec-4d2b-b78f-bdd9f06580c4,RR,Registration,2026,first_quarter,1st Quarter (Jan 1 - Mar 31),,2026-02-05 12:21:17,2026-03-07 02:52:16.960397,,,,,Allegra M. Han,https://lda.senate.gov/api/v1/filings/e4e30fe3-13ec-4d2b-b78f-bdd9f06580c4/,383,732
637,e9be7cc7-bce0-4d75-9c07-03859f7e0d1b,RR,Registration,2026,first_quarter,1st Quarter (Jan 1 - Mar 31),,2026-01-30 06:46:18,2026-03-07 02:52:10.799656,,,,,Beth Anne Cole,https://lda.senate.gov/api/v1/filings/e9be7cc7-bce0-4d75-9c07-03859f7e0d1b/,327,631
638,87528325-0219-4cda-9232-f1991d8708d1,RR,Registration,2026,first_quarter,1st Quarter (Jan 1 - Mar 31),,2026-01-30 07:10:15,2026-03-07 02:52:10.804313,,,,,Beth Anne Cole,https://lda.senate.gov/api/v1/filings/87528325-0219-4cda-9232-f1991d8708d1/,328,632
639,eb882c1e-1099-4ffb-9c96-4461532cdf6b,RR,Registration,2026,first_quarter,1st Quarter (Jan 1 - Mar 31),,2026-01-30 07:16:12,2026-03-07 02:52:10.809368,,,,,Beth Anne Cole,https://lda.senate.gov/api/v1/filings/eb882c1e-1099-4ffb-9c96-4461532cdf6b/,328,633
640,76cc83d9-dfa0-4b10-b9ce-db82096260ee,RA,Registration - Amendment,2026,first_quarter,1st Quarter (Jan 1 - Mar 31),,2026-01-30 08:09:47,2026-03-07 02:52:10.814178,,,,,"Frederick N. Frank, Esq.",https://lda.senate.gov/api/v1/filings/76cc83d9-dfa0-4b10-b9ce-db82096260ee/,329,634
641,ac431399-4a58-461e-9dce-0ba5335df7e3,RR,Registration,2026,first_quarter,1st Quarter (Jan 1 - Mar 31),,2026-01-30 09:09:04,2026-03-07 02:52:10.818968,,,,,Beth Anne Cole,https://lda.senate.gov/api/v1/filings/ac431399-4a58-461e-9dce-0ba5335df7e3/,330,635
642,7c445862-8615-4b93-ba5c-4803cd0d1869,RR,Registration,2026,first_quarter,1st Quarter (Jan 1 - Mar 31),,2026-01-30 09:12:38,2026-03-07 02:52:10.823881,,,,,"Glenn Willard, Of Counsel",https://lda.senate.gov/api/v1/filings/7c445862-8615-4b93-ba5c-4803cd0d1869/,288,636
643,b4a78ca0-4963-44bc-8f2c-efd3adf0c4ca,RA,Registration - Amendment,2026,first_quarter,1st Quarter (Jan 1 - Mar 31),,2026-01-30 10:32:26,2026-03-07 02:52:10.829117,,,,,Brian J. Glackin,https://lda.senate.gov/api/v1/filings/b4a78ca0-4963-44bc-8f2c-efd3adf0c4ca/,309,596
644,cc7fe15c-1e0d-45c5-adbc-7e0cc6302e7a,RA,Registration - Amendment,2026,first_quarter,1st Quarter (Jan 1 - Mar 31),,2026-01-30 10:35:57,2026-03-07 02:52:10.833260,,,,,Brian J. Glackin,https://lda.senate.gov/api/v1/filings/cc7fe15c-1e0d-45c5-adbc-7e0cc6302e7a/,309,617
645,1dd505ea-26cd-4eba-83c8-3663484a9d8d,RR,Registration,2026,first_quarter,1st Quarter (Jan 1 - Mar 31),,2026-01-30 11:53:38,2026-03-07 02:52:10.836914,,,,,John Simmons,https://lda.senate.gov/api/v1/filings/1dd505ea-26cd-4eba-83c8-3663484a9d8d/,331,637
646,99c12599-eacc-4a09-8ca3-46692f78a11f,RR,Registration,2026,first_quarter,1st Quarter (Jan 1 - Mar 31),,2026-01-30 13:01:06,2026-03-07 02:52:10.841978,,,,,John Simmons,https://lda.senate.gov/api/v1/filings/99c12599-eacc-4a09-8ca3-46692f78a11f/,331,638
647,2e5ee5f5-981f-4379-aaf7-cd37f560b9da,RR,Registration,2026,first_quarter,1st Quarter (Jan 1 - Mar 31),,2026-01-30 13:40:28,2026-03-07 02:52:10.846124,,,,,John Simmons,https://lda.senate.gov/api/v1/filings/2e5ee5f5-981f-4379-aaf7-cd37f560b9da/,331,639
648,57ca6d1e-5325-42d1-a3eb-9521b4fa171c,RA,Registration - Amendment,2026,first_quarter,1st Quarter (Jan 1 - Mar 31),,2026-01-30 13:50:29,2026-03-07 02:52:10.850276,,,,,david moss,https://lda.senate.gov/api/v1/filings/57ca6d1e-5325-42d1-a3eb-9521b4fa171c/,311,602
690,47cf609f-9029-4ece-b84b-01fef63a5779,1TY,1st Quarter - Termination (No Activity),2026,first_quarter,1st Quarter (Jan 1 - Mar 31),,2026-02-03 09:37:58,2026-03-07 02:52:13.980526,,,,,Jake Perry,https://lda.senate.gov/api/v1/filings/47cf609f-9029-4ece-b84b-01fef63a5779/,350,679
691,ba22bf11-6917-4319-a728-93eafdacc03c,RR,Registration,2026,first_quarter,1st Quarter (Jan 1 - Mar 31),,2026-02-03 11:43:48,2026-03-07 02:52:13.984814,,,,,Jon Gans,https://lda.senate.gov/api/v1/filings/ba22bf11-6917-4319-a728-93eafdacc03c/,351,680
692,29d8f38e-862b-484f-bfc9-3b28f96830f5,RA,Registration - Amendment,2026,first_quarter,1st Quarter (Jan 1 - Mar 31),,2026-02-03 11:55:29,2026-03-07 02:52:13.989726,,,,,Ilene Stein,https://lda.senate.gov/api/v1/filings/29d8f38e-862b-484f-bfc9-3b28f96830f5/,352,681
693,a6612e7f-807b-4c98-b500-1163d93f4bdd,RR,Registration,2026,first_quarter,1st Quarter (Jan 1 - Mar 31),,2026-02-03 12:25:58,2026-03-07 02:52:13.993979,,,,,"Thomas Worrall, Partner",https://lda.senate.gov/api/v1/filings/a6612e7f-807b-4c98-b500-1163d93f4bdd/,353,682
694,74470016-ff58-4e0d-b04b-c1f8ad0a079c,RR,Registration,2026,first_quarter,1st Quarter (Jan 1 - Mar 31),,2026-02-03 12:30:01,2026-03-07 02:52:13.999350,,,,,Justin LeBlanc,https://lda.senate.gov/api/v1/filings/74470016-ff58-4e0d-b04b-c1f8ad0a079c/,354,683
695,4b68194b-14fb-4062-b70d-6235cc072549,RR,Registration,2026,first_quarter,1st Quarter (Jan 1 - Mar 31),,2026-02-03 12:52:46,2026-03-07 02:52:14.005053,,,,,Chris Jones,https://lda.senate.gov/api/v1/filings/4b68194b-14fb-4062-b70d-6235cc072549/,336,684
696,a929754e-aa1b-4393-b739-2890a0698929,1TY,1st Quarter - Termination (No Activity),2026,first_quarter,1st Quarter (Jan 1 - Mar 31),,2026-02-03 13:44:05,2026-03-07 02:52:14.009570,,,,,Anna Osterlind Jones,https://lda.senate.gov/api/v1/filings/a929754e-aa1b-4393-b739-2890a0698929/,355,685
649,53dda401-0f77-472f-92b6-09e9225e70fe,1TY,1st Quarter - Termination (No Activity),2026,first_quarter,1st Quarter (Jan 1 - Mar 31),,2026-01-30 14:51:41,2026-03-07 02:52:10.854072,,,A,A,Kathleen ONeill,https://lda.senate.gov/api/v1/filings/53dda401-0f77-472f-92b6-09e9225e70fe/,332,640
1335,4f419c39-82e7-435d-b24c-c36889b0137f,RR,Registration,2025,first_quarter,1st Quarter (Jan 1 - Mar 31),,2025-01-02 10:27:08,2026-03-07 10:20:12.595229,,,,,Nigel Stephens,https://lda.senate.gov/api/v1/filings/4f419c39-82e7-435d-b24c-c36889b0137f/,571,1306
745,073fca15-7b20-42b9-944c-61fcf224e01b,1TY,1st Quarter - Termination (No Activity),2026,first_quarter,1st Quarter (Jan 1 - Mar 31),,2026-02-05 13:44:33,2026-03-07 02:52:16.965910,,,,,Bryan Zumwalt,https://lda.senate.gov/api/v1/filings/073fca15-7b20-42b9-944c-61fcf224e01b/,384,733
650,6aad996f-4f1d-4679-8fc4-60cbe09b4528,RR,Registration,2026,first_quarter,1st Quarter (Jan 1 - Mar 31),,2026-01-30 15:32:35,2026-03-07 02:52:10.858074,,,,,Reed Brown,https://lda.senate.gov/api/v1/filings/6aad996f-4f1d-4679-8fc4-60cbe09b4528/,333,641
651,ef9d7a00-876a-4d37-a59e-083a48371164,RA,Registration - Amendment,2026,first_quarter,1st Quarter (Jan 1 - Mar 31),,2026-01-30 15:48:30,2026-03-07 02:52:12.434316,,,,,Michelle Mathy,https://lda.senate.gov/api/v1/filings/ef9d7a00-876a-4d37-a59e-083a48371164/,334,642
746,d88d4155-159f-467c-a446-fd5f59c429c8,RR,Registration,2026,first_quarter,1st Quarter (Jan 1 - Mar 31),,2026-02-05 13:57:56,2026-03-07 02:52:16.970574,,,,,Margarita Anayiotou,https://lda.senate.gov/api/v1/filings/d88d4155-159f-467c-a446-fd5f59c429c8/,385,734
652,5a747000-7d93-45e4-9bc0-ca0cc6078408,RA,Registration - Amendment,2026,first_quarter,1st Quarter (Jan 1 - Mar 31),,2026-01-30 16:01:19,2026-03-07 02:52:12.440472,,,,,David Weinraub,https://lda.senate.gov/api/v1/filings/5a747000-7d93-45e4-9bc0-ca0cc6078408/,335,643
1683,cb7dabff-8906-4e03-978d-dc260b3d143a,RR,Registration,2025,first_quarter,1st Quarter (Jan 1 - Mar 31),,2025-02-03 19:12:20,2026-03-07 10:20:35.871680,,,,,Jeffrey Miller,https://lda.senate.gov/api/v1/filings/cb7dabff-8906-4e03-978d-dc260b3d143a/,503,1643
747,6d89c4b8-597c-4a76-a3e1-55dbeecda56f,RR,Registration,2026,first_quarter,1st Quarter (Jan 1 - Mar 31),,2026-02-05 14:29:56,2026-03-07 02:52:16.976871,,,,,Katina Pierce,https://lda.senate.gov/api/v1/filings/6d89c4b8-597c-4a76-a3e1-55dbeecda56f/,378,735
653,59674e97-24ba-4949-8697-c451e007c557,RA,Registration - Amendment,2026,first_quarter,1st Quarter (Jan 1 - Mar 31),,2026-01-30 16:05:22,2026-03-07 02:52:12.445343,,,,,David Weinraub,https://lda.senate.gov/api/v1/filings/59674e97-24ba-4949-8697-c451e007c557/,335,644
654,f69e4a6d-67cd-476c-9a0c-94c7cc9a63f1,RA,Registration - Amendment,2026,first_quarter,1st Quarter (Jan 1 - Mar 31),,2026-01-30 16:10:06,2026-03-07 02:52:12.449644,,,,,David Weinraub,https://lda.senate.gov/api/v1/filings/f69e4a6d-67cd-476c-9a0c-94c7cc9a63f1/,335,645
748,df70ad8d-74c4-4bd2-a79c-c98ff3cf1cfa,1TY,1st Quarter - Termination (No Activity),2026,first_quarter,1st Quarter (Jan 1 - Mar 31),,2026-02-05 14:41:14,2026-03-07 02:52:16.981883,,,,,Solveig Monson,https://lda.senate.gov/api/v1/filings/df70ad8d-74c4-4bd2-a79c-c98ff3cf1cfa/,386,736
655,c1b0da55-d2be-44b2-8ab3-2d2d4a6685b4,RR,Registration,2026,first_quarter,1st Quarter (Jan 1 - Mar 31),,2026-01-30 17:16:53,2026-03-07 02:52:12.453352,,,,,Chris Jones,https://lda.senate.gov/api/v1/filings/c1b0da55-d2be-44b2-8ab3-2d2d4a6685b4/,336,646
749,d8a1c6ce-478d-4279-b25b-eefd92f3499f,1TY,1st Quarter - Termination (No Activity),2026,first_quarter,1st Quarter (Jan 1 - Mar 31),,2026-02-05 14:42:49,2026-03-07 02:52:16.987095,10000.0,,,,Solveig Monson,https://lda.senate.gov/api/v1/filings/d8a1c6ce-478d-4279-b25b-eefd92f3499f/,386,737
656,4f23a7cd-17c8-4bdd-a8b2-e1858f129908,1T,1st Quarter - Termination,2026,first_quarter,1st Quarter (Jan 1 - Mar 31),,2026-01-30 21:20:07,2026-03-07 02:52:12.458453,,,,,Brian Pomper,https://lda.senate.gov/api/v1/filings/4f23a7cd-17c8-4bdd-a8b2-e1858f129908/,337,647
657,8cf39c7b-5fa6-4490-9be6-0bde7bfb6de1,RR,Registration,2026,first_quarter,1st Quarter (Jan 1 - Mar 31),,2026-01-31 15:59:18,2026-03-07 02:52:12.463078,,,,,Joseph Wayne King II,https://lda.senate.gov/api/v1/filings/8cf39c7b-5fa6-4490-9be6-0bde7bfb6de1/,338,648
750,b9f37100-942f-4050-b425-e03d7a8f5c74,RR,Registration,2026,first_quarter,1st Quarter (Jan 1 - Mar 31),,2026-02-05 16:03:40,2026-03-07 02:52:16.992504,,,,,Megan Zavertnik,https://lda.senate.gov/api/v1/filings/b9f37100-942f-4050-b425-e03d7a8f5c74/,387,738
658,dcde5572-7335-461f-b5e7-64ba1755bcf5,RR,Registration,2026,first_quarter,1st Quarter (Jan 1 - Mar 31),,2026-01-31 17:37:14,2026-03-07 02:52:12.468093,,,,,Michael Kesti,https://lda.senate.gov/api/v1/filings/dcde5572-7335-461f-b5e7-64ba1755bcf5/,339,649
751,605a3dfa-fcc3-4024-ab3e-9c1945ad8ece,RR,Registration,2026,first_quarter,1st Quarter (Jan 1 - Mar 31),,2026-02-05 16:15:43,2026-03-07 02:52:19.393913,,,,,Stephanie A. Kennan,https://lda.senate.gov/api/v1/filings/605a3dfa-fcc3-4024-ab3e-9c1945ad8ece/,388,739
659,9429fd8e-9c4f-41c0-8f31-98c10c4ff729,RR,Registration,2026,first_quarter,1st Quarter (Jan 1 - Mar 31),,2026-01-31 17:43:23,2026-03-07 02:52:12.473395,,,,,Michael Kesti,https://lda.senate.gov/api/v1/filings/9429fd8e-9c4f-41c0-8f31-98c10c4ff729/,339,650
660,baedd643-03ca-4f34-a8cd-0e3affa32b7b,RR,Registration,2026,first_quarter,1st Quarter (Jan 1 - Mar 31),,2026-02-01 13:23:44,2026-03-07 02:52:12.477864,,,,,Gene Moran,https://lda.senate.gov/api/v1/filings/baedd643-03ca-4f34-a8cd-0e3affa32b7b/,340,651
752,76db00c7-4e1d-4c0d-b57b-bd036267b254,RR,Registration,2026,first_quarter,1st Quarter (Jan 1 - Mar 31),,2026-02-05 16:25:29,2026-03-07 02:52:19.399795,,,,,Sherry Messimer,https://lda.senate.gov/api/v1/filings/76db00c7-4e1d-4c0d-b57b-bd036267b254/,389,740
661,dfdd687c-31ef-4854-8d48-310f2d13c701,RA,Registration - Amendment,2026,first_quarter,1st Quarter (Jan 1 - Mar 31),,2026-02-02 09:58:52,2026-03-07 02:52:12.482779,,,,,Sara Nuvy,https://lda.senate.gov/api/v1/filings/dfdd687c-31ef-4854-8d48-310f2d13c701/,48,652
753,d6a4afe0-154f-4170-9d65-c4c39a7a4cb0,RR,Registration,2026,first_quarter,1st Quarter (Jan 1 - Mar 31),,2026-02-05 17:58:59,2026-03-07 02:52:19.404983,,,,,Duncan Smith,https://lda.senate.gov/api/v1/filings/d6a4afe0-154f-4170-9d65-c4c39a7a4cb0/,390,741
662,c6435bc8-1884-4ee2-8994-16dcab479d1c,RR,Registration,2026,first_quarter,1st Quarter (Jan 1 - Mar 31),,2026-02-02 10:23:28,2026-03-07 02:52:12.487386,,,,,Jennifer Holmes,https://lda.senate.gov/api/v1/filings/c6435bc8-1884-4ee2-8994-16dcab479d1c/,264,653
663,77f7a896-8cd1-4e3b-8bdc-a22e00cee6f6,RR,Registration,2026,first_quarter,1st Quarter (Jan 1 - Mar 31),,2026-02-02 10:43:48,2026-03-07 02:52:12.491915,,,,,Eric S. Brown,https://lda.senate.gov/api/v1/filings/77f7a896-8cd1-4e3b-8bdc-a22e00cee6f6/,232,654
664,5d6364fc-e6ae-40b8-8476-8c4cf0d5c2d1,RR,Registration,2026,first_quarter,1st Quarter (Jan 1 - Mar 31),,2026-02-02 11:19:02,2026-03-07 02:52:12.496842,,,,,Kenneth Swab,https://lda.senate.gov/api/v1/filings/5d6364fc-e6ae-40b8-8476-8c4cf0d5c2d1/,290,655
665,d8dc6b5c-9f60-48b8-a96d-b88c53c42f06,RR,Registration,2026,first_quarter,1st Quarter (Jan 1 - Mar 31),,2026-02-02 11:27:28,2026-03-07 02:52:12.501651,,,,,Pete Kirkham,https://lda.senate.gov/api/v1/filings/d8dc6b5c-9f60-48b8-a96d-b88c53c42f06/,14,656
666,06f61954-904a-4f6f-9866-cfb4ba554edf,RR,Registration,2026,first_quarter,1st Quarter (Jan 1 - Mar 31),,2026-02-02 11:44:03,2026-03-07 02:52:12.509991,,,,,Pete Kirkham,https://lda.senate.gov/api/v1/filings/06f61954-904a-4f6f-9866-cfb4ba554edf/,14,657
670,284b678b-8862-4895-ae6c-205bd9ac3972,RR,Registration,2026,first_quarter,1st Quarter (Jan 1 - Mar 31),,2026-02-02 12:55:28,2026-03-07 02:52:12.530866,,,,,Anna Leieritz,https://lda.senate.gov/api/v1/filings/284b678b-8862-4895-ae6c-205bd9ac3972/,344,661
1336,32f15e26-a800-49f4-b08e-68c767b7a9d7,RA,Registration - Amendment,2025,first_quarter,1st Quarter (Jan 1 - Mar 31),,2025-01-02 11:05:11,2026-03-07 10:20:12.600577,,,,,John Schilling,https://lda.senate.gov/api/v1/filings/32f15e26-a800-49f4-b08e-68c767b7a9d7/,572,1307
754,2eb88cba-0f82-42bd-a935-b6b46ed52add,RR,Registration,2026,first_quarter,1st Quarter (Jan 1 - Mar 31),,2026-02-06 08:49:08,2026-03-07 02:52:19.409786,,,,,Lauren Schwarze,https://lda.senate.gov/api/v1/filings/2eb88cba-0f82-42bd-a935-b6b46ed52add/,391,742
671,e58769a1-fd43-4127-bf5a-93ce715e818b,RR,Registration,2026,first_quarter,1st Quarter (Jan 1 - Mar 31),,2026-02-02 12:59:34,2026-03-07 02:52:12.535962,,,,,Anna Leieritz,https://lda.senate.gov/api/v1/filings/e58769a1-fd43-4127-bf5a-93ce715e818b/,344,662
672,427ee7a6-8006-4712-8575-e6503ef393bd,RR,Registration,2026,first_quarter,1st Quarter (Jan 1 - Mar 31),,2026-02-02 13:05:13,2026-03-07 02:52:12.540980,,,,,Anna Leieritz,https://lda.senate.gov/api/v1/filings/427ee7a6-8006-4712-8575-e6503ef393bd/,344,663
755,4dba0b1a-9ec1-4006-96ad-c2130e8fb5e3,RR,Registration,2026,first_quarter,1st Quarter (Jan 1 - Mar 31),,2026-02-06 09:51:53,2026-03-07 02:52:19.415817,,,,,Beth Anne Cole,https://lda.senate.gov/api/v1/filings/4dba0b1a-9ec1-4006-96ad-c2130e8fb5e3/,392,743
673,14e30e9f-6458-44b0-9f2d-ffd7ce281959,RR,Registration,2026,first_quarter,1st Quarter (Jan 1 - Mar 31),,2026-02-02 13:22:44,2026-03-07 02:52:12.545591,,,,,Jeffrey Daugherty,https://lda.senate.gov/api/v1/filings/14e30e9f-6458-44b0-9f2d-ffd7ce281959/,345,664
756,37cc1aa1-ec27-4699-9201-36a00288f34e,RR,Registration,2026,first_quarter,1st Quarter (Jan 1 - Mar 31),,2026-02-06 10:21:49,2026-03-07 02:52:19.421630,,,,,Jodi Bock Davidson,https://lda.senate.gov/api/v1/filings/37cc1aa1-ec27-4699-9201-36a00288f34e/,54,744
674,7b5e2b5a-f817-47dd-a80b-f272ba828736,RR,Registration,2026,first_quarter,1st Quarter (Jan 1 - Mar 31),,2026-02-02 13:30:32,2026-03-07 02:52:12.550438,,,,,Kendall Conger,https://lda.senate.gov/api/v1/filings/7b5e2b5a-f817-47dd-a80b-f272ba828736/,346,665
675,dc8ce68a-d1b9-4d2f-a8c9-77d3b591e56f,RR,Registration,2026,first_quarter,1st Quarter (Jan 1 - Mar 31),,2026-02-02 13:43:11,2026-03-07 02:52:12.554896,,,,,Jeffrey Daugherty,https://lda.senate.gov/api/v1/filings/dc8ce68a-d1b9-4d2f-a8c9-77d3b591e56f/,345,666
757,e5751432-31dc-4875-86af-a1a6ec0681b5,RR,Registration,2026,first_quarter,1st Quarter (Jan 1 - Mar 31),,2026-02-06 10:59:48,2026-03-07 02:52:19.427039,,,,,Nicole E.Ussery,https://lda.senate.gov/api/v1/filings/e5751432-31dc-4875-86af-a1a6ec0681b5/,393,745
676,9c076334-a2a2-4f74-be41-cec69f3a7706,RR,Registration,2026,first_quarter,1st Quarter (Jan 1 - Mar 31),,2026-02-02 14:12:56,2026-03-07 02:52:13.912491,,,,,Kendall Conger,https://lda.senate.gov/api/v1/filings/9c076334-a2a2-4f74-be41-cec69f3a7706/,346,667
758,a1afdbc1-a7db-40b8-b68c-8db8b3357e62,RR,Registration,2026,first_quarter,1st Quarter (Jan 1 - Mar 31),,2026-02-06 11:23:00,2026-03-07 02:52:19.432206,,,,,"Stephen P. Roberts, Attorney & Agent for Filer",https://lda.senate.gov/api/v1/filings/a1afdbc1-a7db-40b8-b68c-8db8b3357e62/,394,746
677,8334eb11-f3f8-4bf4-b71f-8c3c9d7e0145,RR,Registration,2026,first_quarter,1st Quarter (Jan 1 - Mar 31),,2026-02-02 14:31:10,2026-03-07 02:52:13.917657,,,,,Kendall Conger,https://lda.senate.gov/api/v1/filings/8334eb11-f3f8-4bf4-b71f-8c3c9d7e0145/,346,668
678,4a7f66d1-040c-4983-a3f8-e7b50b4ef8c0,RA,Registration - Amendment,2026,first_quarter,1st Quarter (Jan 1 - Mar 31),,2026-02-02 15:38:43,2026-03-07 02:52:13.922492,,,,,Kendall Conger,https://lda.senate.gov/api/v1/filings/4a7f66d1-040c-4983-a3f8-e7b50b4ef8c0/,346,668
679,136015f0-2a52-4853-b0a8-354b3d52f186,RR,Registration,2026,first_quarter,1st Quarter (Jan 1 - Mar 31),,2026-02-02 15:39:18,2026-03-07 02:52:13.927165,,,,,Eric S. Brown,https://lda.senate.gov/api/v1/filings/136015f0-2a52-4853-b0a8-354b3d52f186/,232,669
858,6a2342f1-d5d5-4f9f-8ee7-092501623ef9,RR,Registration,2026,first_quarter,1st Quarter (Jan 1 - Mar 31),,2026-02-13 10:25:11,2026-03-07 02:52:25.563811,,,,,Shay Hancock,https://lda.senate.gov/api/v1/filings/6a2342f1-d5d5-4f9f-8ee7-092501623ef9/,433,842
680,5410aeb6-1d79-4c64-8d03-10db78706b36,1T,1st Quarter - Termination,2026,first_quarter,1st Quarter (Jan 1 - Mar 31),,2026-02-02 15:54:35,2026-03-07 02:52:13.932383,17500.0,,,,Jonathan B. Slade,https://lda.senate.gov/api/v1/filings/5410aeb6-1d79-4c64-8d03-10db78706b36/,347,670
859,6186d635-7f20-4214-9ff3-f73208b98e74,1TY,1st Quarter - Termination (No Activity),2026,first_quarter,1st Quarter (Jan 1 - Mar 31),,2026-02-13 10:27:52,2026-03-07 02:52:25.570126,,,,,Shay Hancock,https://lda.senate.gov/api/v1/filings/6186d635-7f20-4214-9ff3-f73208b98e74/,433,843
681,779d7395-ed8b-4ebb-b490-b3d5ad815af4,RR,Registration,2026,first_quarter,1st Quarter (Jan 1 - Mar 31),,2026-02-02 16:26:00,2026-03-07 02:52:13.937104,,,,,Eric S. Brown,https://lda.senate.gov/api/v1/filings/779d7395-ed8b-4ebb-b490-b3d5ad815af4/,232,671
682,b59c787d-eb15-4671-84a3-9875fe4aad7e,RR,Registration,2026,first_quarter,1st Quarter (Jan 1 - Mar 31),,2026-02-02 16:29:34,2026-03-07 02:52:13.942324,,,,,Joel Rubin,https://lda.senate.gov/api/v1/filings/b59c787d-eb15-4671-84a3-9875fe4aad7e/,239,672
683,6bde5f3a-3b24-4ea6-b48f-767126e0dc69,RR,Registration,2026,first_quarter,1st Quarter (Jan 1 - Mar 31),,2026-02-02 16:36:32,2026-03-07 02:52:13.947229,,,,,Joel Rubin,https://lda.senate.gov/api/v1/filings/6bde5f3a-3b24-4ea6-b48f-767126e0dc69/,239,673
948,f1472374-d997-47c1-8385-16ad1f18c3f0,RR,Registration,2026,first_quarter,1st Quarter (Jan 1 - Mar 31),,2026-02-17 10:29:33,2026-03-07 02:52:30.279510,,,,,Chelsea Mincheff,https://lda.senate.gov/api/v1/filings/f1472374-d997-47c1-8385-16ad1f18c3f0/,39,927
684,10e9e176-0dd7-48f8-9015-f54d9811433d,RR,Registration,2026,first_quarter,1st Quarter (Jan 1 - Mar 31),,2026-02-02 16:39:13,2026-03-07 02:52:13.952563,,,,,Joel Rubin,https://lda.senate.gov/api/v1/filings/10e9e176-0dd7-48f8-9015-f54d9811433d/,239,674
685,2ca3416a-65e9-42f1-82ea-ed9e23248104,RR,Registration,2026,first_quarter,1st Quarter (Jan 1 - Mar 31),,2026-02-02 17:00:28,2026-03-07 02:52:13.957253,,,,,Ryan Leavitt,https://lda.senate.gov/api/v1/filings/2ca3416a-65e9-42f1-82ea-ed9e23248104/,348,675
686,ba15503c-85a7-4c11-a5c9-d5e63940afb4,RR,Registration,2026,first_quarter,1st Quarter (Jan 1 - Mar 31),,2026-02-02 22:54:02,2026-03-07 02:52:13.961841,,,,,"T.J. Petrizzo, Chairman & CEO",https://lda.senate.gov/api/v1/filings/ba15503c-85a7-4c11-a5c9-d5e63940afb4/,303,676
687,33ce54dc-866f-4a31-86c1-078ba2ef1bca,1TY,1st Quarter - Termination (No Activity),2026,first_quarter,1st Quarter (Jan 1 - Mar 31),,2026-02-02 22:56:59,2026-03-07 02:52:13.966653,,,,,"T.J. Petrizzo, Chairman & CEO",https://lda.senate.gov/api/v1/filings/33ce54dc-866f-4a31-86c1-078ba2ef1bca/,303,586
688,8e68f30b-5b5a-4612-bb8b-c7ee3106ca0e,RR,Registration,2026,first_quarter,1st Quarter (Jan 1 - Mar 31),,2026-02-03 08:29:12,2026-03-07 02:52:13.970298,,,,,Leah Conley,https://lda.senate.gov/api/v1/filings/8e68f30b-5b5a-4612-bb8b-c7ee3106ca0e/,349,677
689,fa2270af-55de-44f3-8011-14a3af7ae56e,RR,Registration,2026,first_quarter,1st Quarter (Jan 1 - Mar 31),,2026-02-03 08:36:01,2026-03-07 02:52:13.975808,,,,,Leah Conley,https://lda.senate.gov/api/v1/filings/fa2270af-55de-44f3-8011-14a3af7ae56e/,349,678
761,9605831b-0593-4960-986f-194ae4d54f0d,RR,Registration,2026,first_quarter,1st Quarter (Jan 1 - Mar 31),,2026-02-06 15:04:34,2026-03-07 02:52:19.447868,,,,,Anthony O. Maceira Zayas,https://lda.senate.gov/api/v1/filings/9605831b-0593-4960-986f-194ae4d54f0d/,396,749
1806,189a975d-f4c9-46ad-b9f0-bf90135b9451,RR,Registration,2025,first_quarter,1st Quarter (Jan 1 - Mar 31),,2025-02-07 21:38:47,2026-03-07 10:20:43.701920,,,,,Anne Metcalf,https://lda.senate.gov/api/v1/filings/189a975d-f4c9-46ad-b9f0-bf90135b9451/,717,1761
1337,2afd86d7-2b2a-466f-9adf-ec134f7d3116,RA,Registration - Amendment,2025,first_quarter,1st Quarter (Jan 1 - Mar 31),,2025-01-02 12:32:48,2026-03-07 10:20:12.605469,,,,,"Crystal Martinez, Senior Director for Federal Affairs",https://lda.senate.gov/api/v1/filings/2afd86d7-2b2a-466f-9adf-ec134f7d3116/,573,1308
762,40f0e485-55f7-4a80-8ffa-60217c79befb,RR,Registration,2026,first_quarter,1st Quarter (Jan 1 - Mar 31),,2026-02-06 15:40:46,2026-03-07 02:52:19.453029,,,,,Eric Bovim,https://lda.senate.gov/api/v1/filings/40f0e485-55f7-4a80-8ffa-60217c79befb/,397,750
2751,40b2e959-8790-48d0-8d9f-a49b612b6374,1A,1st Quarter - Amendment,2025,first_quarter,1st Quarter (Jan 1 - Mar 31),,2025-03-16 12:23:56,2026-03-07 10:21:43.265924,,,,,REV DR CHRISTINA L CLEMENT on behalf of LCA,https://lda.senate.gov/api/v1/filings/40b2e959-8790-48d0-8d9f-a49b612b6374/,919,2662
763,159f184e-c7f6-4518-927d-a386be254aac,RA,Registration - Amendment,2026,first_quarter,1st Quarter (Jan 1 - Mar 31),,2026-02-06 17:32:23,2026-03-07 02:52:19.457828,,,,,Jessica Leinwand,https://lda.senate.gov/api/v1/filings/159f184e-c7f6-4518-927d-a386be254aac/,367,713
1338,bded8fcc-7a3c-42a3-bed8-167db2926071,RA,Registration - Amendment,2025,first_quarter,1st Quarter (Jan 1 - Mar 31),,2025-01-02 13:31:08,2026-03-07 10:20:12.611108,,,,,Eric Bunning,https://lda.senate.gov/api/v1/filings/bded8fcc-7a3c-42a3-bed8-167db2926071/,574,1309
764,6fcf13cb-95f3-4c0f-8d9a-0a950245737d,Q1Y,1st Quarter - Report (No Activity),2026,first_quarter,1st Quarter (Jan 1 - Mar 31),,2026-02-07 17:47:01,2026-03-07 02:52:19.462070,,,A,A,Steven Rogers,https://lda.senate.gov/api/v1/filings/6fcf13cb-95f3-4c0f-8d9a-0a950245737d/,398,751
1339,7d48452c-b96d-4a2d-9863-ea4fcc2a507c,RR,Registration,2025,first_quarter,1st Quarter (Jan 1 - Mar 31),,2025-01-02 13:48:02,2026-03-07 10:20:12.616623,,,,,Joel A Rubin,https://lda.senate.gov/api/v1/filings/7d48452c-b96d-4a2d-9863-ea4fcc2a507c/,239,1310
765,3b9f3222-131d-4506-9170-fbc57438868b,1TY,1st Quarter - Termination (No Activity),2026,first_quarter,1st Quarter (Jan 1 - Mar 31),,2026-02-07 22:51:39,2026-03-07 02:52:19.466774,,,A,A,Tracy Carter,https://lda.senate.gov/api/v1/filings/3b9f3222-131d-4506-9170-fbc57438868b/,399,752
766,c7d33d7c-dd36-42fd-ae35-b4d083ebc1fc,RR,Registration,2026,first_quarter,1st Quarter (Jan 1 - Mar 31),,2026-02-08 15:12:47,2026-03-07 02:52:19.471357,,,,,Theodore Johnston,https://lda.senate.gov/api/v1/filings/c7d33d7c-dd36-42fd-ae35-b4d083ebc1fc/,400,753
767,639a7501-d639-49b1-8b3f-c4def3478eb1,RR,Registration,2026,first_quarter,1st Quarter (Jan 1 - Mar 31),,2026-02-08 18:20:07,2026-03-07 02:52:19.477108,,,,,Deborah L. Burrell,https://lda.senate.gov/api/v1/filings/639a7501-d639-49b1-8b3f-c4def3478eb1/,401,754
1684,e26af11d-b505-43d7-8cff-1fef481cc5c1,RR,Registration,2025,first_quarter,1st Quarter (Jan 1 - Mar 31),,2025-02-03 19:28:38,2026-03-07 10:20:35.876373,,,,,Jeffrey Miller,https://lda.senate.gov/api/v1/filings/e26af11d-b505-43d7-8cff-1fef481cc5c1/,503,1644
768,3e7d2fc1-2da9-4c95-839b-d52b3b34e909,RR,Registration,2026,first_quarter,1st Quarter (Jan 1 - Mar 31),,2026-02-09 09:17:35,2026-03-07 02:52:19.482397,,,,,Stacey Scholl,https://lda.senate.gov/api/v1/filings/3e7d2fc1-2da9-4c95-839b-d52b3b34e909/,254,755
769,c5bb1e34-4a1c-42d9-9ae5-4772476ccf9e,RR,Registration,2026,first_quarter,1st Quarter (Jan 1 - Mar 31),,2026-02-09 10:16:50,2026-03-07 02:52:19.488042,,,,,Dana Marshall,https://lda.senate.gov/api/v1/filings/c5bb1e34-4a1c-42d9-9ae5-4772476ccf9e/,402,756
770,b90dbc03-ef98-430c-a670-90eae68e230c,RR,Registration,2026,first_quarter,1st Quarter (Jan 1 - Mar 31),,2026-02-09 10:31:52,2026-03-07 02:52:19.493456,,,,,Jarrod Loadholt,https://lda.senate.gov/api/v1/filings/b90dbc03-ef98-430c-a670-90eae68e230c/,279,757
771,340d60b0-8bc0-425f-a5a7-3dc9de4e6d35,RR,Registration,2026,first_quarter,1st Quarter (Jan 1 - Mar 31),,2026-02-09 10:43:06,2026-03-07 02:52:19.498354,,,,,Stacey Scholl,https://lda.senate.gov/api/v1/filings/340d60b0-8bc0-425f-a5a7-3dc9de4e6d35/,254,758
772,688ac338-3155-40e2-969b-90cad360baf5,RR,Registration,2026,first_quarter,1st Quarter (Jan 1 - Mar 31),,2026-02-09 10:49:41,2026-03-07 02:52:19.502584,,,,,Anthony O. Maceira Zayas,https://lda.senate.gov/api/v1/filings/688ac338-3155-40e2-969b-90cad360baf5/,396,759
773,5415e471-e648-4930-9d71-1d303f55fd27,RR,Registration,2026,first_quarter,1st Quarter (Jan 1 - Mar 31),,2026-02-09 10:51:50,2026-03-07 02:52:19.507363,,,,,Stacey Scholl,https://lda.senate.gov/api/v1/filings/5415e471-e648-4930-9d71-1d303f55fd27/,254,760
774,6367e570-e550-4fe6-97b5-9b0b3f05a36e,RR,Registration,2026,first_quarter,1st Quarter (Jan 1 - Mar 31),,2026-02-09 10:58:57,2026-03-07 02:52:19.512239,,,,,Anthony O. Maceira Zayas,https://lda.senate.gov/api/v1/filings/6367e570-e550-4fe6-97b5-9b0b3f05a36e/,396,761
775,42c29484-06cc-427e-bcb8-6a7eb6f0c7b4,Q1,1st Quarter - Report,2026,first_quarter,1st Quarter (Jan 1 - Mar 31),,2026-02-09 12:02:10,2026-03-07 02:52:19.517126,,190000.0,A,A,Julia Funari,https://lda.senate.gov/api/v1/filings/42c29484-06cc-427e-bcb8-6a7eb6f0c7b4/,403,762
776,7f1a5ba9-16e8-44e1-8938-5a5e13214b9a,RR,Registration,2026,first_quarter,1st Quarter (Jan 1 - Mar 31),,2026-02-09 13:48:16,2026-03-07 02:52:20.787986,,,,,"Ronald M. Jacobs, Partner",https://lda.senate.gov/api/v1/filings/7f1a5ba9-16e8-44e1-8938-5a5e13214b9a/,43,763
777,c11ea92b-7478-420c-866b-91e9238a38f7,RR,Registration,2026,first_quarter,1st Quarter (Jan 1 - Mar 31),,2026-02-09 13:52:10,2026-03-07 02:52:20.793410,,,,,"Ronald M. Jacobs, Partner",https://lda.senate.gov/api/v1/filings/c11ea92b-7478-420c-866b-91e9238a38f7/,43,764
778,3168a2f6-cc70-4997-b8b4-c29bf50206ec,RR,Registration,2026,first_quarter,1st Quarter (Jan 1 - Mar 31),,2026-02-09 15:17:59,2026-03-07 02:52:20.799360,,,,,Beth Anne Cole,https://lda.senate.gov/api/v1/filings/3168a2f6-cc70-4997-b8b4-c29bf50206ec/,404,765
779,2390a229-5b28-47ba-9cce-ace01b223394,RA,Registration - Amendment,2026,first_quarter,1st Quarter (Jan 1 - Mar 31),,2026-02-09 16:17:19,2026-03-07 02:52:20.804712,,,,,Sarah Copley,https://lda.senate.gov/api/v1/filings/2390a229-5b28-47ba-9cce-ace01b223394/,405,766
780,504c5af8-2a14-4c48-b251-e8d844278b44,1T,1st Quarter - Termination,2026,first_quarter,1st Quarter (Jan 1 - Mar 31),,2026-02-09 17:13:57,2026-03-07 02:52:20.809954,10000.0,,,,Alisa Hess,https://lda.senate.gov/api/v1/filings/504c5af8-2a14-4c48-b251-e8d844278b44/,406,767
781,b757283a-8694-4d33-924a-b72924dd0c64,RR,Registration,2026,first_quarter,1st Quarter (Jan 1 - Mar 31),,2026-02-09 18:07:55,2026-03-07 02:52:20.815466,,,,,Chris Andresen,https://lda.senate.gov/api/v1/filings/b757283a-8694-4d33-924a-b72924dd0c64/,407,768
782,49071303-aa44-4aec-8163-01aa9a5ccc0c,RR,Registration,2026,first_quarter,1st Quarter (Jan 1 - Mar 31),,2026-02-09 18:11:32,2026-03-07 02:52:20.820796,,,,,Chris Andresen,https://lda.senate.gov/api/v1/filings/49071303-aa44-4aec-8163-01aa9a5ccc0c/,407,769
783,2691a8e6-1ee5-4ddb-a0ca-66ec10c92eeb,RR,Registration,2026,first_quarter,1st Quarter (Jan 1 - Mar 31),,2026-02-10 07:32:04,2026-03-07 02:52:20.826705,,,,,Michael A Clauser,https://lda.senate.gov/api/v1/filings/2691a8e6-1ee5-4ddb-a0ca-66ec10c92eeb/,24,770
784,b5756ea7-2904-42ac-91b8-25f1f0b84227,RR,Registration,2026,first_quarter,1st Quarter (Jan 1 - Mar 31),,2026-02-10 07:44:33,2026-03-07 02:52:20.832007,,,,,Anthony O. Maceira Zayas,https://lda.senate.gov/api/v1/filings/b5756ea7-2904-42ac-91b8-25f1f0b84227/,396,771
1340,f7ef56a4-cefe-4cdd-9d5c-67305c9efd8f,1TY,1st Quarter - Termination (No Activity),2025,first_quarter,1st Quarter (Jan 1 - Mar 31),,2025-01-02 18:54:42,2026-03-07 10:20:12.622554,,,,,Michael T. Oscar,https://lda.senate.gov/api/v1/filings/f7ef56a4-cefe-4cdd-9d5c-67305c9efd8f/,12,1311
1807,c7ba46be-b92a-49e7-86d0-5e2e631cc003,RR,Registration,2025,first_quarter,1st Quarter (Jan 1 - Mar 31),,2025-02-07 23:31:34,2026-03-07 10:20:43.706833,,,,,Thomas C. Downs,https://lda.senate.gov/api/v1/filings/c7ba46be-b92a-49e7-86d0-5e2e631cc003/,718,1762
785,255704cc-5949-4bb8-ab10-7d0653c07705,RR,Registration,2026,first_quarter,1st Quarter (Jan 1 - Mar 31),,2026-02-10 08:52:19,2026-03-07 02:52:20.837703,,,,,Anthony O. Maceira Zayas,https://lda.senate.gov/api/v1/filings/255704cc-5949-4bb8-ab10-7d0653c07705/,396,772
1341,2993e784-6982-4e2b-a558-91ad692c92e7,RR,Registration,2025,first_quarter,1st Quarter (Jan 1 - Mar 31),,2025-01-03 10:37:44,2026-03-07 10:20:12.626419,,,,,Terrence C. Wolfe,https://lda.senate.gov/api/v1/filings/2993e784-6982-4e2b-a558-91ad692c92e7/,477,1312
786,1149ce32-d503-4951-89ba-9d0bc4ffaf0b,RR,Registration,2026,first_quarter,1st Quarter (Jan 1 - Mar 31),,2026-02-10 09:46:08,2026-03-07 02:52:20.842425,,,,,Adina Mincher,https://lda.senate.gov/api/v1/filings/1149ce32-d503-4951-89ba-9d0bc4ffaf0b/,52,773
787,1f0ab83d-8c48-4189-b630-f43832a5f74b,RR,Registration,2026,first_quarter,1st Quarter (Jan 1 - Mar 31),,2026-02-10 09:53:20,2026-03-07 02:52:20.847250,,,,,David Schwartz,https://lda.senate.gov/api/v1/filings/1f0ab83d-8c48-4189-b630-f43832a5f74b/,408,774
1342,83681782-a1be-4d14-a6e8-eac51e03818b,RR,Registration,2025,first_quarter,1st Quarter (Jan 1 - Mar 31),,2025-01-03 10:42:15,2026-03-07 10:20:12.630858,,,,,Michael Tongour,https://lda.senate.gov/api/v1/filings/83681782-a1be-4d14-a6e8-eac51e03818b/,575,1313
788,f2f6bc3b-9c78-441b-b673-c3bc830754aa,RR,Registration,2026,first_quarter,1st Quarter (Jan 1 - Mar 31),,2026-02-10 10:16:59,2026-03-07 02:52:20.852442,,,,,Megan Burke,https://lda.senate.gov/api/v1/filings/f2f6bc3b-9c78-441b-b673-c3bc830754aa/,5,775
789,6cc50014-7ff5-4930-b932-5c476f1e7715,RR,Registration,2026,first_quarter,1st Quarter (Jan 1 - Mar 31),,2026-02-10 10:34:13,2026-03-07 02:52:20.857621,,,,,Amanda Bunning Kelsey,https://lda.senate.gov/api/v1/filings/6cc50014-7ff5-4930-b932-5c476f1e7715/,409,776
790,a443d547-c376-4712-9dda-478651c70267,RR,Registration,2026,first_quarter,1st Quarter (Jan 1 - Mar 31),,2026-02-10 10:41:35,2026-03-07 02:52:20.862807,,,,,Amanda Bunning Kelsey,https://lda.senate.gov/api/v1/filings/a443d547-c376-4712-9dda-478651c70267/,409,777
791,8e23305c-2d46-4df0-a09b-afa9586f12be,RR,Registration,2026,first_quarter,1st Quarter (Jan 1 - Mar 31),,2026-02-10 10:59:07,2026-03-07 02:52:20.867451,,,,,Christopher Vieson,https://lda.senate.gov/api/v1/filings/8e23305c-2d46-4df0-a09b-afa9586f12be/,410,778
792,a1bfcd59-e326-4939-850c-6e9c8d71dedc,RR,Registration,2026,first_quarter,1st Quarter (Jan 1 - Mar 31),,2026-02-10 11:33:19,2026-03-07 02:52:20.872410,,,,,Thomas Keller,https://lda.senate.gov/api/v1/filings/a1bfcd59-e326-4939-850c-6e9c8d71dedc/,233,779
793,c1168319-da6e-4ce0-9864-d98ae9f3237a,RR,Registration,2026,first_quarter,1st Quarter (Jan 1 - Mar 31),,2026-02-10 11:37:36,2026-03-07 02:52:20.877724,,,,,Michael T. Lowry,https://lda.senate.gov/api/v1/filings/c1168319-da6e-4ce0-9864-d98ae9f3237a/,280,780
794,3c908506-4e7d-46ae-9938-7a803539fdef,RR,Registration,2026,first_quarter,1st Quarter (Jan 1 - Mar 31),,2026-02-10 12:02:23,2026-03-07 02:52:20.882579,,,,,Tiffani Williams,https://lda.senate.gov/api/v1/filings/3c908506-4e7d-46ae-9938-7a803539fdef/,269,781
795,c2718f6f-0378-46ec-aa7f-445e73799e7c,1TY,1st Quarter - Termination (No Activity),2026,first_quarter,1st Quarter (Jan 1 - Mar 31),,2026-02-10 14:02:59,2026-03-07 02:52:20.888061,,,,,Will Le,https://lda.senate.gov/api/v1/filings/c2718f6f-0378-46ec-aa7f-445e73799e7c/,411,782
796,3c4f5cf7-b5cd-4faf-9b20-9707ad27eeef,RR,Registration,2026,first_quarter,1st Quarter (Jan 1 - Mar 31),,2026-02-10 14:11:10,2026-03-07 02:52:20.892281,,,,,Will Le,https://lda.senate.gov/api/v1/filings/3c4f5cf7-b5cd-4faf-9b20-9707ad27eeef/,411,783
797,8addd8df-9344-4bfa-a245-4466e6ae8a0a,RR,Registration,2026,first_quarter,1st Quarter (Jan 1 - Mar 31),,2026-02-10 15:02:36,2026-03-07 02:52:20.897168,,,,,Christopher Vieson,https://lda.senate.gov/api/v1/filings/8addd8df-9344-4bfa-a245-4466e6ae8a0a/,410,784
798,e30388cd-d32d-41bf-b45a-dc6ca47e31ef,1T,1st Quarter - Termination,2026,first_quarter,1st Quarter (Jan 1 - Mar 31),,2026-02-10 15:57:25,2026-03-07 02:52:20.902594,9000.0,,,,Matt Davis,https://lda.senate.gov/api/v1/filings/e30388cd-d32d-41bf-b45a-dc6ca47e31ef/,412,785
799,98a276b6-fde3-4179-9318-132a3c46b10f,1T,1st Quarter - Termination,2026,first_quarter,1st Quarter (Jan 1 - Mar 31),,2026-02-10 16:00:24,2026-03-07 02:52:20.907304,,,,,Matt Davis,https://lda.senate.gov/api/v1/filings/98a276b6-fde3-4179-9318-132a3c46b10f/,412,786
800,91bb9a61-279a-45d8-a8d2-ded67b7564c4,Q1Y,1st Quarter - Report (No Activity),2026,first_quarter,1st Quarter (Jan 1 - Mar 31),,2026-02-10 16:07:03,2026-03-07 02:52:20.911831,15000.0,,,,Matt Davis,https://lda.senate.gov/api/v1/filings/91bb9a61-279a-45d8-a8d2-ded67b7564c4/,412,787
801,705041d9-fa43-4b5d-99cf-9585f885cda7,Q1Y,1st Quarter - Report (No Activity),2026,first_quarter,1st Quarter (Jan 1 - Mar 31),,2026-02-10 16:08:15,2026-03-07 02:52:22.296257,9000.0,,,,Matt Davis,https://lda.senate.gov/api/v1/filings/705041d9-fa43-4b5d-99cf-9585f885cda7/,412,788
802,3f6e4003-e287-47c1-ac71-4f221452f875,Q1Y,1st Quarter - Report (No Activity),2026,first_quarter,1st Quarter (Jan 1 - Mar 31),,2026-02-10 16:29:45,2026-03-07 02:52:22.300496,9000.0,,,,Matt Davis,https://lda.senate.gov/api/v1/filings/3f6e4003-e287-47c1-ac71-4f221452f875/,412,789
803,bf0ec5f7-8d89-425f-961f-e668fec2f9c7,RR,Registration,2026,first_quarter,1st Quarter (Jan 1 - Mar 31),,2026-02-10 17:23:06,2026-03-07 02:52:22.304541,,,,,Brendan Dunn,https://lda.senate.gov/api/v1/filings/bf0ec5f7-8d89-425f-961f-e668fec2f9c7/,413,790
804,c27856e7-4e60-4150-96a8-364f26e9514c,RR,Registration,2026,first_quarter,1st Quarter (Jan 1 - Mar 31),,2026-02-10 18:10:47,2026-03-07 02:52:22.309942,,,,,"Charles R. Nuckolls, Senior Counsel",https://lda.senate.gov/api/v1/filings/c27856e7-4e60-4150-96a8-364f26e9514c/,414,791
805,e8d77748-b0fa-4a65-89d4-adb423a54d90,RR,Registration,2026,first_quarter,1st Quarter (Jan 1 - Mar 31),,2026-02-11 09:22:22,2026-03-07 02:52:22.314861,,,,,Daniel J. Gans,https://lda.senate.gov/api/v1/filings/e8d77748-b0fa-4a65-89d4-adb423a54d90/,351,792
806,0da2c9e1-8cc0-44ee-a230-51d22d57ebbe,RR,Registration,2026,first_quarter,1st Quarter (Jan 1 - Mar 31),,2026-02-11 09:35:00,2026-03-07 02:52:22.319022,,,,,Kendall Conger,https://lda.senate.gov/api/v1/filings/0da2c9e1-8cc0-44ee-a230-51d22d57ebbe/,346,793
807,30aabf94-29f3-43a9-a715-281d1a5f6de1,RR,Registration,2026,first_quarter,1st Quarter (Jan 1 - Mar 31),,2026-02-11 09:58:49,2026-03-07 02:52:22.323718,,,,,Kendall Conger,https://lda.senate.gov/api/v1/filings/30aabf94-29f3-43a9-a715-281d1a5f6de1/,346,794
811,92c1728c-3d28-4e72-ad8f-beb82a611b42,RR,Registration,2026,first_quarter,1st Quarter (Jan 1 - Mar 31),,2026-02-11 11:16:16,2026-03-07 02:52:22.342349,,,,,Kendall Conger,https://lda.senate.gov/api/v1/filings/92c1728c-3d28-4e72-ad8f-beb82a611b42/,346,798
1343,cc128dd9-15c6-4580-bfa8-bce585d9b255,1TY,1st Quarter - Termination (No Activity),2025,first_quarter,1st Quarter (Jan 1 - Mar 31),,2025-01-03 10:55:15,2026-03-07 10:20:12.635119,,,,,Paul Miller,https://lda.senate.gov/api/v1/filings/cc128dd9-15c6-4580-bfa8-bce585d9b255/,576,1314
1808,ae35b290-a13d-4510-baaf-c0557b2efad9,RR,Registration,2025,first_quarter,1st Quarter (Jan 1 - Mar 31),,2025-02-08 01:52:46,2026-03-07 10:20:43.711892,,,,,Anne Basham,https://lda.senate.gov/api/v1/filings/ae35b290-a13d-4510-baaf-c0557b2efad9/,719,1763
812,20ba403b-2903-4ce9-80b1-a266e4073da1,RR,Registration,2026,first_quarter,1st Quarter (Jan 1 - Mar 31),,2026-02-11 11:20:00,2026-03-07 02:52:22.346723,,,,,"Ronald M. Jacobs, Partner",https://lda.senate.gov/api/v1/filings/20ba403b-2903-4ce9-80b1-a266e4073da1/,43,799
2752,455a40c2-3d12-4c75-a779-2ad634e14928,1T,1st Quarter - Termination,2025,first_quarter,1st Quarter (Jan 1 - Mar 31),,2025-03-16 13:27:35,2026-03-07 10:21:43.273322,,,,,Thomas P. Sheehy,https://lda.senate.gov/api/v1/filings/455a40c2-3d12-4c75-a779-2ad634e14928/,920,2663
1344,6a00c7db-954f-4b52-af63-4da5229f689d,RR,Registration,2025,first_quarter,1st Quarter (Jan 1 - Mar 31),,2025-01-03 13:21:55,2026-03-07 10:20:12.638745,,,,,Richard J Burness,https://lda.senate.gov/api/v1/filings/6a00c7db-954f-4b52-af63-4da5229f689d/,577,1315
813,3255e75a-038b-4cc2-9d8f-1ad9142bd188,RR,Registration,2026,first_quarter,1st Quarter (Jan 1 - Mar 31),,2026-02-11 11:20:45,2026-03-07 02:52:22.351039,,,,,Christian Bourge,https://lda.senate.gov/api/v1/filings/3255e75a-038b-4cc2-9d8f-1ad9142bd188/,417,800
814,12919a59-d401-4c5b-9efa-6a3b93538630,RR,Registration,2026,first_quarter,1st Quarter (Jan 1 - Mar 31),,2026-02-11 11:25:40,2026-03-07 02:52:22.355584,,,,,"Ronald M. Jacobs, Partner",https://lda.senate.gov/api/v1/filings/12919a59-d401-4c5b-9efa-6a3b93538630/,43,801
1345,a1d034b0-adfe-4e19-80c8-5a6e6415719a,RR,Registration,2025,first_quarter,1st Quarter (Jan 1 - Mar 31),,2025-01-03 17:06:10,2026-03-07 10:20:12.643585,,,,,Jeffrey Miller,https://lda.senate.gov/api/v1/filings/a1d034b0-adfe-4e19-80c8-5a6e6415719a/,503,1316
815,224727a2-5152-4fa1-930b-6ab0b0f2e614,RR,Registration,2026,first_quarter,1st Quarter (Jan 1 - Mar 31),,2026-02-11 11:32:16,2026-03-07 02:52:22.359801,,,,,"Ronald M. Jacobs, Partner",https://lda.senate.gov/api/v1/filings/224727a2-5152-4fa1-930b-6ab0b0f2e614/,43,802
1346,90b49ca7-9733-40be-9e44-a5701d841cc6,RR,Registration,2025,first_quarter,1st Quarter (Jan 1 - Mar 31),,2025-01-03 17:19:20,2026-03-07 10:20:12.648039,,,,,Jeffrey Miller,https://lda.senate.gov/api/v1/filings/90b49ca7-9733-40be-9e44-a5701d841cc6/,503,1317
816,225e9bd2-69c6-4f5a-8555-556159974721,RR,Registration,2026,first_quarter,1st Quarter (Jan 1 - Mar 31),,2026-02-11 11:37:19,2026-03-07 02:52:22.364000,,,,,Kendall Conger,https://lda.senate.gov/api/v1/filings/225e9bd2-69c6-4f5a-8555-556159974721/,346,803
817,6035d1ba-d217-471c-815a-d206c62b22d5,RR,Registration,2026,first_quarter,1st Quarter (Jan 1 - Mar 31),,2026-02-11 12:04:46,2026-03-07 02:52:22.368686,,,,,Scott Christman,https://lda.senate.gov/api/v1/filings/6035d1ba-d217-471c-815a-d206c62b22d5/,418,804
818,155689da-d638-47d7-b0bc-78e9aaa0db1d,RR,Registration,2026,first_quarter,1st Quarter (Jan 1 - Mar 31),,2026-02-11 12:10:42,2026-03-07 02:52:22.373405,,,,,Scott Christman,https://lda.senate.gov/api/v1/filings/155689da-d638-47d7-b0bc-78e9aaa0db1d/,418,805
819,74851956-a355-4790-8a84-6b7cf4f7810f,RR,Registration,2026,first_quarter,1st Quarter (Jan 1 - Mar 31),,2026-02-11 12:16:16,2026-03-07 02:52:22.377560,,,,,Scott Christman,https://lda.senate.gov/api/v1/filings/74851956-a355-4790-8a84-6b7cf4f7810f/,418,806
820,9d16a416-b2d9-4ac5-987d-769cc3657ae3,RR,Registration,2026,first_quarter,1st Quarter (Jan 1 - Mar 31),,2026-02-11 12:49:13,2026-03-07 02:52:22.381561,,,,,"Richard M. Gold, Partner",https://lda.senate.gov/api/v1/filings/9d16a416-b2d9-4ac5-987d-769cc3657ae3/,360,807
821,59d97468-7777-4bc4-98f9-d3712106c28b,RR,Registration,2026,first_quarter,1st Quarter (Jan 1 - Mar 31),,2026-02-11 13:14:42,2026-03-07 02:52:22.385371,,,,,Jennifer Holmes,https://lda.senate.gov/api/v1/filings/59d97468-7777-4bc4-98f9-d3712106c28b/,264,808
822,8d5822ed-5a32-46fe-b3dc-594ea9456ea4,RR,Registration,2026,first_quarter,1st Quarter (Jan 1 - Mar 31),,2026-02-11 13:35:43,2026-03-07 02:52:22.390142,,,,,Kendall Conger,https://lda.senate.gov/api/v1/filings/8d5822ed-5a32-46fe-b3dc-594ea9456ea4/,346,809
823,d78a2043-b2d2-4ae3-af2a-2a915d9e07d1,1TY,1st Quarter - Termination (No Activity),2026,first_quarter,1st Quarter (Jan 1 - Mar 31),,2026-02-11 13:50:18,2026-03-07 02:52:22.394174,,,,,Thomas Hebert,https://lda.senate.gov/api/v1/filings/d78a2043-b2d2-4ae3-af2a-2a915d9e07d1/,419,810
824,b4ed6d62-7917-4a81-92ae-a9efdaf8b2e7,RA,Registration - Amendment,2026,first_quarter,1st Quarter (Jan 1 - Mar 31),,2026-02-11 14:02:42,2026-03-07 02:52:22.398308,,,,,Spencer Hartman,https://lda.senate.gov/api/v1/filings/b4ed6d62-7917-4a81-92ae-a9efdaf8b2e7/,420,811
825,57b4fa47-48ae-41eb-89be-bc690ccd2cc2,RR,Registration,2026,first_quarter,1st Quarter (Jan 1 - Mar 31),,2026-02-11 14:26:11,2026-03-07 02:52:22.402386,,,,,Sara Nuvy,https://lda.senate.gov/api/v1/filings/57b4fa47-48ae-41eb-89be-bc690ccd2cc2/,48,812
826,0a103857-4b0b-4584-ad76-76d5f62530d5,RR,Registration,2026,first_quarter,1st Quarter (Jan 1 - Mar 31),,2026-02-11 14:36:21,2026-03-07 02:52:23.888290,,,,,Sara Nuvy,https://lda.senate.gov/api/v1/filings/0a103857-4b0b-4584-ad76-76d5f62530d5/,48,813
827,3fb63011-7e59-42ed-82d4-ff150815686a,RR,Registration,2026,first_quarter,1st Quarter (Jan 1 - Mar 31),,2026-02-11 14:44:29,2026-03-07 02:52:23.893477,,,,,Alyssa Specht Garcia,https://lda.senate.gov/api/v1/filings/3fb63011-7e59-42ed-82d4-ff150815686a/,32,814
828,41759cd2-462f-439d-8a13-403299094c51,RR,Registration,2026,first_quarter,1st Quarter (Jan 1 - Mar 31),,2026-02-11 15:17:33,2026-03-07 02:52:23.898573,,,,,Jessica Lycos,https://lda.senate.gov/api/v1/filings/41759cd2-462f-439d-8a13-403299094c51/,421,815
829,f7566de1-c1f4-4513-ae78-fd4b428c4497,RR,Registration,2026,first_quarter,1st Quarter (Jan 1 - Mar 31),,2026-02-11 15:25:52,2026-03-07 02:52:23.903986,,,,,Jessica Lycos,https://lda.senate.gov/api/v1/filings/f7566de1-c1f4-4513-ae78-fd4b428c4497/,421,816
830,8520d164-9fcd-426f-acdb-c2e32690cbbb,RR,Registration,2026,first_quarter,1st Quarter (Jan 1 - Mar 31),,2026-02-11 15:35:05,2026-03-07 02:52:23.908758,,,,,Jessica Lycos,https://lda.senate.gov/api/v1/filings/8520d164-9fcd-426f-acdb-c2e32690cbbb/,421,817
831,7b0b9aa2-de09-4bc2-bb9b-6e4886888557,RR,Registration,2026,first_quarter,1st Quarter (Jan 1 - Mar 31),,2026-02-11 15:49:00,2026-03-07 02:52:23.913091,,,,,R. Christian Johnsen,https://lda.senate.gov/api/v1/filings/7b0b9aa2-de09-4bc2-bb9b-6e4886888557/,422,818
832,ae4b224d-e882-4b1f-ba31-f19a522fc146,RR,Registration,2026,first_quarter,1st Quarter (Jan 1 - Mar 31),,2026-02-11 16:36:49,2026-03-07 02:52:23.918012,,,,,Todd Bertoson,https://lda.senate.gov/api/v1/filings/ae4b224d-e882-4b1f-ba31-f19a522fc146/,423,819
833,7cbb6c63-c0fe-4adf-a917-75725b989b64,RR,Registration,2026,first_quarter,1st Quarter (Jan 1 - Mar 31),,2026-02-11 16:48:40,2026-03-07 02:52:23.922443,,,,,"Charles R. Nuckolls, Senior Counsel",https://lda.senate.gov/api/v1/filings/7cbb6c63-c0fe-4adf-a917-75725b989b64/,414,820
834,d4c35ecb-a5c9-4b8e-ac7f-65b9b66de335,RR,Registration,2026,first_quarter,1st Quarter (Jan 1 - Mar 31),,2026-02-11 16:53:20,2026-03-07 02:52:23.926298,,,,,Kendall Conger,https://lda.senate.gov/api/v1/filings/d4c35ecb-a5c9-4b8e-ac7f-65b9b66de335/,346,821
1809,6117faab-a9a5-46c6-ac98-752280ada6db,RR,Registration,2025,first_quarter,1st Quarter (Jan 1 - Mar 31),,2025-02-08 08:28:26,2026-03-07 10:20:43.716711,,,,,Jennifer Holmes,https://lda.senate.gov/api/v1/filings/6117faab-a9a5-46c6-ac98-752280ada6db/,264,1764
1347,27f01942-a909-468b-98a3-ab3d90401e93,RR,Registration,2025,first_quarter,1st Quarter (Jan 1 - Mar 31),,2025-01-03 17:24:04,2026-03-07 10:20:12.652662,,,,,Jeffrey Miller,https://lda.senate.gov/api/v1/filings/27f01942-a909-468b-98a3-ab3d90401e93/,503,1318
835,45ae0c58-91d2-49f6-8556-559094d2853d,RA,Registration - Amendment,2026,first_quarter,1st Quarter (Jan 1 - Mar 31),,2026-02-11 16:55:55,2026-03-07 02:52:23.930451,,,,,Kevin W Jones,https://lda.senate.gov/api/v1/filings/45ae0c58-91d2-49f6-8556-559094d2853d/,11,16
836,903827ee-49d7-4adb-8784-7c2896ec570e,RR,Registration,2026,first_quarter,1st Quarter (Jan 1 - Mar 31),,2026-02-11 17:40:13,2026-03-07 02:52:23.934433,,,,,Kendal Conger,https://lda.senate.gov/api/v1/filings/903827ee-49d7-4adb-8784-7c2896ec570e/,346,822
1348,5010b648-bfc5-4a0b-8fc3-f41179260885,RR,Registration,2025,first_quarter,1st Quarter (Jan 1 - Mar 31),,2025-01-03 17:34:16,2026-03-07 10:20:12.657285,,,,,Jeffrey Miller,https://lda.senate.gov/api/v1/filings/5010b648-bfc5-4a0b-8fc3-f41179260885/,503,1319
837,fe4ca1a0-5b37-42ae-8d62-8c059d500ca7,RR,Registration,2026,first_quarter,1st Quarter (Jan 1 - Mar 31),,2026-02-11 18:49:51,2026-03-07 02:52:23.938562,,,,,Thomas Keller,https://lda.senate.gov/api/v1/filings/fe4ca1a0-5b37-42ae-8d62-8c059d500ca7/,233,823
1349,9ac941da-ab58-432e-8b1b-907d4812c36f,RR,Registration,2025,first_quarter,1st Quarter (Jan 1 - Mar 31),,2025-01-03 17:38:23,2026-03-07 10:20:12.662115,,,,,Jeffrey Miller,https://lda.senate.gov/api/v1/filings/9ac941da-ab58-432e-8b1b-907d4812c36f/,503,1320
838,973383eb-d736-4a24-af74-d1008d2059d8,1T,1st Quarter - Termination,2026,first_quarter,1st Quarter (Jan 1 - Mar 31),,2026-02-11 21:27:34,2026-03-07 02:52:23.943303,30000.0,,,,Zachary Williams,https://lda.senate.gov/api/v1/filings/973383eb-d736-4a24-af74-d1008d2059d8/,357,824
839,d3aaa2ac-9e99-4649-bfb7-0970d2ca890f,Q1Y,1st Quarter - Report (No Activity),2026,first_quarter,1st Quarter (Jan 1 - Mar 31),,2026-02-12 05:31:09,2026-03-07 02:52:23.948234,,,,,Hunter Budd,https://lda.senate.gov/api/v1/filings/d3aaa2ac-9e99-4649-bfb7-0970d2ca890f/,424,825
840,effd8e2e-2a18-4540-8c52-ede82d0d39f3,1A,1st Quarter - Amendment,2026,first_quarter,1st Quarter (Jan 1 - Mar 31),,2026-02-12 07:52:57,2026-03-07 02:52:23.952400,,190000.0,A,A,Julia Funari,https://lda.senate.gov/api/v1/filings/effd8e2e-2a18-4540-8c52-ede82d0d39f3/,403,762
841,00c0243f-29f2-4a43-b2af-db83a092dcdd,RR,Registration,2026,first_quarter,1st Quarter (Jan 1 - Mar 31),,2026-02-12 10:27:39,2026-03-07 02:52:23.956900,,,,,Alex Hecht,https://lda.senate.gov/api/v1/filings/00c0243f-29f2-4a43-b2af-db83a092dcdd/,425,826
842,f0ff50d9-548d-48ca-a0c8-89c9d2b109ad,RR,Registration,2026,first_quarter,1st Quarter (Jan 1 - Mar 31),,2026-02-12 10:53:26,2026-03-07 02:52:23.962058,,,,,Chelsea M Baltes,https://lda.senate.gov/api/v1/filings/f0ff50d9-548d-48ca-a0c8-89c9d2b109ad/,426,827
843,64f64b81-c4ab-4bfb-a921-aef9bcdf8861,RR,Registration,2026,first_quarter,1st Quarter (Jan 1 - Mar 31),,2026-02-12 10:59:57,2026-03-07 02:52:23.967485,,,,,"H. Stewart Van Scoyoc, Chairman, Founder & CEO",https://lda.senate.gov/api/v1/filings/64f64b81-c4ab-4bfb-a921-aef9bcdf8861/,427,828
844,5c923432-14b5-4f89-921d-4fac174f715a,RR,Registration,2026,first_quarter,1st Quarter (Jan 1 - Mar 31),,2026-02-12 12:12:44,2026-03-07 02:52:23.972388,,,,,Stacey Scholl,https://lda.senate.gov/api/v1/filings/5c923432-14b5-4f89-921d-4fac174f715a/,254,829
845,dcf034e1-980d-445e-9dc5-974d0d3a05e5,RR,Registration,2026,first_quarter,1st Quarter (Jan 1 - Mar 31),,2026-02-12 12:23:06,2026-03-07 02:52:23.977552,,,,,Stacey Scholl,https://lda.senate.gov/api/v1/filings/dcf034e1-980d-445e-9dc5-974d0d3a05e5/,254,830
846,af0f286b-edfa-43ec-a9ae-e4221b5bb5d4,1T,1st Quarter - Termination,2026,first_quarter,1st Quarter (Jan 1 - Mar 31),,2026-02-12 14:06:45,2026-03-07 02:52:23.982242,10000.0,,,,Allen D. Freemyer,https://lda.senate.gov/api/v1/filings/af0f286b-edfa-43ec-a9ae-e4221b5bb5d4/,428,831
847,1502610f-21ff-487e-a880-94e589361aaf,RR,Registration,2026,first_quarter,1st Quarter (Jan 1 - Mar 31),,2026-02-12 14:39:38,2026-03-07 02:52:23.987308,,,,,Alexis Searfoss,https://lda.senate.gov/api/v1/filings/1502610f-21ff-487e-a880-94e589361aaf/,305,832
848,30538663-ce78-46e4-8213-321fd4a48f75,RR,Registration,2026,first_quarter,1st Quarter (Jan 1 - Mar 31),,2026-02-12 15:01:31,2026-03-07 02:52:23.993266,,,,,Gabriel Groisman,https://lda.senate.gov/api/v1/filings/30538663-ce78-46e4-8213-321fd4a48f75/,429,833
849,48bf4f97-617b-415a-b9c4-15b755eac8b2,RR,Registration,2026,first_quarter,1st Quarter (Jan 1 - Mar 31),,2026-02-12 17:09:28,2026-03-07 02:52:23.999139,,,,,"Mark Bescher, Founder",https://lda.senate.gov/api/v1/filings/48bf4f97-617b-415a-b9c4-15b755eac8b2/,430,834
850,452b4ffa-e35a-449c-a9ef-67c638cabd1b,RR,Registration,2026,first_quarter,1st Quarter (Jan 1 - Mar 31),,2026-02-12 17:42:33,2026-03-07 02:52:24.004003,,,,,Zachary Williams,https://lda.senate.gov/api/v1/filings/452b4ffa-e35a-449c-a9ef-67c638cabd1b/,357,835
851,8b4a87d4-b173-48be-b641-a5013b4fc06e,RR,Registration,2026,first_quarter,1st Quarter (Jan 1 - Mar 31),,2026-02-12 18:02:29,2026-03-07 02:52:25.530976,,,,,"Heather Klink, General Counsel",https://lda.senate.gov/api/v1/filings/8b4a87d4-b173-48be-b641-a5013b4fc06e/,431,836
852,b8376ef7-3b7a-4305-8f20-7d8aec6883ad,RR,Registration,2026,first_quarter,1st Quarter (Jan 1 - Mar 31),,2026-02-12 18:16:43,2026-03-07 02:52:25.536820,,,,,"Heather Klink, General Counsel",https://lda.senate.gov/api/v1/filings/b8376ef7-3b7a-4305-8f20-7d8aec6883ad/,431,837
853,79bc7435-fb0c-4fdc-9f60-ea2dce835e9f,1TY,1st Quarter - Termination (No Activity),2026,first_quarter,1st Quarter (Jan 1 - Mar 31),,2026-02-12 20:53:39,2026-03-07 02:52:25.541227,,,,,Pete Kirkham,https://lda.senate.gov/api/v1/filings/79bc7435-fb0c-4fdc-9f60-ea2dce835e9f/,14,838
854,8aac3127-0ac5-4a8e-b1c3-f5ad922ebf45,RR,Registration,2026,first_quarter,1st Quarter (Jan 1 - Mar 31),,2026-02-12 21:01:50,2026-03-07 02:52:25.544982,,,,,Pete Kirkham,https://lda.senate.gov/api/v1/filings/8aac3127-0ac5-4a8e-b1c3-f5ad922ebf45/,14,839
855,1b8ce3cb-4288-4ebf-b4f6-de76d4f0c703,RR,Registration,2026,first_quarter,1st Quarter (Jan 1 - Mar 31),,2026-02-13 07:29:59,2026-03-07 02:52:25.549776,,,,,Christine Schaut,https://lda.senate.gov/api/v1/filings/1b8ce3cb-4288-4ebf-b4f6-de76d4f0c703/,268,840
856,93d18898-ef47-4c53-bfc1-0c951f5a6f88,RR,Registration,2026,first_quarter,1st Quarter (Jan 1 - Mar 31),,2026-02-13 10:07:58,2026-03-07 02:52:25.554117,,,,,Laura Joshua,https://lda.senate.gov/api/v1/filings/93d18898-ef47-4c53-bfc1-0c951f5a6f88/,432,841
857,920c226b-ac64-44cc-9d2e-3b64900989ff,1TY,1st Quarter - Termination (No Activity),2026,first_quarter,1st Quarter (Jan 1 - Mar 31),,2026-02-13 10:12:27,2026-03-07 02:52:25.559512,,,,,Chelsea M Baltes,https://lda.senate.gov/api/v1/filings/920c226b-ac64-44cc-9d2e-3b64900989ff/,426,827
860,3af677d5-15dc-47c1-8d19-9f9329fe3f30,RR,Registration,2026,first_quarter,1st Quarter (Jan 1 - Mar 31),,2026-02-13 10:29:29,2026-03-07 02:52:25.575043,,,,,Laura Joshua,https://lda.senate.gov/api/v1/filings/3af677d5-15dc-47c1-8d19-9f9329fe3f30/,432,844
1810,ad44d909-0a78-46a8-8270-25c8d49815b1,1T,1st Quarter - Termination,2025,first_quarter,1st Quarter (Jan 1 - Mar 31),,2025-02-09 11:11:37,2026-03-07 10:20:43.721306,,,,,Robert Tyler Powell,https://lda.senate.gov/api/v1/filings/ad44d909-0a78-46a8-8270-25c8d49815b1/,720,1765
1350,c14e0619-d72e-473c-9e02-42cd48ac3e0a,RR,Registration,2025,first_quarter,1st Quarter (Jan 1 - Mar 31),,2025-01-03 17:45:09,2026-03-07 10:20:12.666500,,,,,Jeffrey Miller,https://lda.senate.gov/api/v1/filings/c14e0619-d72e-473c-9e02-42cd48ac3e0a/,503,1321
861,8d668502-d877-4b80-bf91-72ec4c900e95,1TY,1st Quarter - Termination (No Activity),2026,first_quarter,1st Quarter (Jan 1 - Mar 31),,2026-02-13 10:42:25,2026-03-07 02:52:25.580064,,,,,Gary Gallant,https://lda.senate.gov/api/v1/filings/8d668502-d877-4b80-bf91-72ec4c900e95/,434,845
862,eeed8d23-d01f-4545-ac89-51e7919655d1,RR,Registration,2026,first_quarter,1st Quarter (Jan 1 - Mar 31),,2026-02-13 10:42:42,2026-03-07 02:52:25.584324,,,,,Brian Glackin,https://lda.senate.gov/api/v1/filings/eeed8d23-d01f-4545-ac89-51e7919655d1/,309,846
1351,220f5f3d-5fca-45bb-9758-1b1eac875ab1,RR,Registration,2025,first_quarter,1st Quarter (Jan 1 - Mar 31),,2025-01-03 17:48:54,2026-03-07 10:20:14.094209,,,,,Jeffrey Miller,https://lda.senate.gov/api/v1/filings/220f5f3d-5fca-45bb-9758-1b1eac875ab1/,503,1322
863,33c79440-9f51-4cdc-8fa7-634b24c92c70,RR,Registration,2026,first_quarter,1st Quarter (Jan 1 - Mar 31),,2026-02-13 10:56:47,2026-03-07 02:52:25.589673,,,,,Julian Cardinale,https://lda.senate.gov/api/v1/filings/33c79440-9f51-4cdc-8fa7-634b24c92c70/,435,847
1352,3841dbb0-7a5a-4c78-8ba7-f6dea676dc1c,RR,Registration,2025,first_quarter,1st Quarter (Jan 1 - Mar 31),,2025-01-05 16:11:44,2026-03-07 10:20:14.099830,,,,,Vicki Hart,https://lda.senate.gov/api/v1/filings/3841dbb0-7a5a-4c78-8ba7-f6dea676dc1c/,578,1323
864,bfb856dc-4047-4b07-83f6-65c561fe6983,RA,Registration - Amendment,2026,first_quarter,1st Quarter (Jan 1 - Mar 31),,2026-02-13 11:11:24,2026-03-07 02:52:25.595509,,,,,Mathew Lapinski,https://lda.senate.gov/api/v1/filings/bfb856dc-4047-4b07-83f6-65c561fe6983/,436,848
865,d8df33fd-bd00-4073-9a22-40aac88e3860,RR,Registration,2026,first_quarter,1st Quarter (Jan 1 - Mar 31),,2026-02-13 11:22:14,2026-03-07 02:52:25.601183,,,,,Matt Gall,https://lda.senate.gov/api/v1/filings/d8df33fd-bd00-4073-9a22-40aac88e3860/,437,849
866,02c6316c-c869-4a95-85f9-5b3cc632055c,RR,Registration,2026,first_quarter,1st Quarter (Jan 1 - Mar 31),,2026-02-13 11:24:29,2026-03-07 02:52:25.606439,,,,,Mathew Lapinski,https://lda.senate.gov/api/v1/filings/02c6316c-c869-4a95-85f9-5b3cc632055c/,436,850
1743,d045fa12-0dad-42d0-8fda-dde1ebf6cffc,RR,Registration,2025,first_quarter,1st Quarter (Jan 1 - Mar 31),,2025-02-06 13:44:57,2026-03-07 10:20:39.310311,,,,,Stacey Scholl,https://lda.senate.gov/api/v1/filings/d045fa12-0dad-42d0-8fda-dde1ebf6cffc/,254,1700
867,3e4a89ba-0ab4-46f7-87e2-11bfe5cf0643,RR,Registration,2026,first_quarter,1st Quarter (Jan 1 - Mar 31),,2026-02-13 11:36:32,2026-03-07 02:52:25.610799,,,,,Mathew Lapinski,https://lda.senate.gov/api/v1/filings/3e4a89ba-0ab4-46f7-87e2-11bfe5cf0643/,436,851
868,1bdbbd02-f4ca-4264-a28b-a0febf1e8d25,RR,Registration,2026,first_quarter,1st Quarter (Jan 1 - Mar 31),,2026-02-13 11:43:40,2026-03-07 02:52:25.615816,,,,,Mathew Lapinski,https://lda.senate.gov/api/v1/filings/1bdbbd02-f4ca-4264-a28b-a0febf1e8d25/,436,852
869,a95e059b-f6d7-4656-bff8-ac49913450f1,RR,Registration,2026,first_quarter,1st Quarter (Jan 1 - Mar 31),,2026-02-13 11:53:07,2026-03-07 02:52:25.620348,,,,,Mathew Lapinski,https://lda.senate.gov/api/v1/filings/a95e059b-f6d7-4656-bff8-ac49913450f1/,436,853
870,4e5fc942-3c09-4f9d-b580-aa5f57591a00,RR,Registration,2026,first_quarter,1st Quarter (Jan 1 - Mar 31),,2026-02-13 11:56:57,2026-03-07 02:52:25.625650,,,,,"Cybil Roehrenbeck, Partner",https://lda.senate.gov/api/v1/filings/4e5fc942-3c09-4f9d-b580-aa5f57591a00/,438,854
871,72d26c8f-e195-4250-a8e0-a623dee63cb9,RR,Registration,2026,first_quarter,1st Quarter (Jan 1 - Mar 31),,2026-02-13 12:09:34,2026-03-07 02:52:25.630140,,,,,Mathew Lapinski,https://lda.senate.gov/api/v1/filings/72d26c8f-e195-4250-a8e0-a623dee63cb9/,436,855
872,a7085c4e-e9f5-4dd0-9924-d2bef9bbe842,RR,Registration,2026,first_quarter,1st Quarter (Jan 1 - Mar 31),,2026-02-13 12:17:44,2026-03-07 02:52:25.634470,,,,,Mathew Lapinski,https://lda.senate.gov/api/v1/filings/a7085c4e-e9f5-4dd0-9924-d2bef9bbe842/,436,856
873,9d04f61f-1cdf-432f-b018-f891c6929bf3,RR,Registration,2026,first_quarter,1st Quarter (Jan 1 - Mar 31),,2026-02-13 12:18:26,2026-03-07 02:52:25.638724,,,,,Stacey Scholl,https://lda.senate.gov/api/v1/filings/9d04f61f-1cdf-432f-b018-f891c6929bf3/,254,857
874,0d166193-aa5b-4549-9c65-6f6f8a7f189b,RR,Registration,2026,first_quarter,1st Quarter (Jan 1 - Mar 31),,2026-02-13 12:21:59,2026-03-07 02:52:25.643739,,,,,Stacey Scholl,https://lda.senate.gov/api/v1/filings/0d166193-aa5b-4549-9c65-6f6f8a7f189b/,254,858
875,3346fff7-e546-4cef-8001-9f94df69a168,RR,Registration,2026,first_quarter,1st Quarter (Jan 1 - Mar 31),,2026-02-13 12:32:55,2026-03-07 02:52:25.648723,,,,,Stacey Scholl,https://lda.senate.gov/api/v1/filings/3346fff7-e546-4cef-8001-9f94df69a168/,254,859
876,a7d4bd07-98a7-490b-8c2f-fc69bb0fecb0,RR,Registration,2026,first_quarter,1st Quarter (Jan 1 - Mar 31),,2026-02-13 12:55:04,2026-03-07 02:52:27.217608,,,,,John Ladd,https://lda.senate.gov/api/v1/filings/a7d4bd07-98a7-490b-8c2f-fc69bb0fecb0/,439,860
877,423d01d3-3d5d-4761-b62a-971ddf5358d8,RR,Registration,2026,first_quarter,1st Quarter (Jan 1 - Mar 31),,2026-02-13 13:21:13,2026-03-07 02:52:27.223709,,,,,Jeffrey J. Kimbell,https://lda.senate.gov/api/v1/filings/423d01d3-3d5d-4761-b62a-971ddf5358d8/,234,861
878,9509361f-f24d-4d5c-98d1-cae022f7091f,RR,Registration,2026,first_quarter,1st Quarter (Jan 1 - Mar 31),,2026-02-13 13:22:49,2026-03-07 02:52:27.229040,,,,,Maurice Kurland,https://lda.senate.gov/api/v1/filings/9509361f-f24d-4d5c-98d1-cae022f7091f/,440,862
879,0b79f35f-95c1-418d-96d1-43db882c72d3,RR,Registration,2026,first_quarter,1st Quarter (Jan 1 - Mar 31),,2026-02-13 13:32:07,2026-03-07 02:52:27.233985,,,,,Jeffrey J. Kimbell,https://lda.senate.gov/api/v1/filings/0b79f35f-95c1-418d-96d1-43db882c72d3/,234,863
880,7abc2ef6-24e5-4dcb-9752-b5a08f465232,RR,Registration,2026,first_quarter,1st Quarter (Jan 1 - Mar 31),,2026-02-13 13:33:22,2026-03-07 02:52:27.238169,,,,,Daren Firestone,https://lda.senate.gov/api/v1/filings/7abc2ef6-24e5-4dcb-9752-b5a08f465232/,441,864
881,68b94366-7efe-44f1-9810-1f6e925e32f2,RR,Registration,2026,first_quarter,1st Quarter (Jan 1 - Mar 31),,2026-02-13 13:46:53,2026-03-07 02:52:27.243186,,,,,Jeffrey J. Kimbell,https://lda.senate.gov/api/v1/filings/68b94366-7efe-44f1-9810-1f6e925e32f2/,234,865
882,a3426b21-c7c6-4a93-a89b-1b04ac06d5d6,RR,Registration,2026,first_quarter,1st Quarter (Jan 1 - Mar 31),,2026-02-13 13:47:01,2026-03-07 02:52:27.248038,,,,,Alexander Sternhell,https://lda.senate.gov/api/v1/filings/a3426b21-c7c6-4a93-a89b-1b04ac06d5d6/,442,866
883,71594270-7de9-4bd0-95a7-0851e8112a69,RR,Registration,2026,first_quarter,1st Quarter (Jan 1 - Mar 31),,2026-02-13 13:49:28,2026-03-07 02:52:27.253024,,,,,John E. Pence,https://lda.senate.gov/api/v1/filings/71594270-7de9-4bd0-95a7-0851e8112a69/,443,867
884,bc7e7d3d-98dc-4d85-b278-2cfc3ded241a,1T,1st Quarter - Termination,2026,first_quarter,1st Quarter (Jan 1 - Mar 31),,2026-02-13 13:50:23,2026-03-07 02:52:27.258630,15000.0,,,,JEFFREY J. KIMBELL,https://lda.senate.gov/api/v1/filings/bc7e7d3d-98dc-4d85-b278-2cfc3ded241a/,234,868
1353,7cc24dd9-4d94-49e8-b413-15160f13830d,RR,Registration,2025,first_quarter,1st Quarter (Jan 1 - Mar 31),,2025-01-05 21:11:25,2026-03-07 10:20:14.105288,,,,,Alisa Jane Hess,https://lda.senate.gov/api/v1/filings/7cc24dd9-4d94-49e8-b413-15160f13830d/,3,1324
1811,36c6f282-010e-4d1f-99fe-68475e87c481,RR,Registration,2025,first_quarter,1st Quarter (Jan 1 - Mar 31),,2025-02-09 11:20:16,2026-03-07 10:20:43.727002,,,,,Robert Tyler Powell,https://lda.senate.gov/api/v1/filings/36c6f282-010e-4d1f-99fe-68475e87c481/,583,1766
885,f175794f-9eb3-442a-9893-0a54a14e4d8b,RR,Registration,2026,first_quarter,1st Quarter (Jan 1 - Mar 31),,2026-02-13 13:52:05,2026-03-07 02:52:27.263037,,,,,Robert Hobart,https://lda.senate.gov/api/v1/filings/f175794f-9eb3-442a-9893-0a54a14e4d8b/,364,869
1354,c237d6e6-4da6-4aaf-9cca-acbf5482c574,RR,Registration,2025,first_quarter,1st Quarter (Jan 1 - Mar 31),,2025-01-06 11:54:46,2026-03-07 10:20:14.110444,,,,,Jake Johnston,https://lda.senate.gov/api/v1/filings/c237d6e6-4da6-4aaf-9cca-acbf5482c574/,41,1325
886,a8f6c7ad-86b1-4865-af72-d5f4c00c0aef,RR,Registration,2026,first_quarter,1st Quarter (Jan 1 - Mar 31),,2026-02-13 14:00:35,2026-03-07 02:52:27.267656,,,,,Robert Hobart,https://lda.senate.gov/api/v1/filings/a8f6c7ad-86b1-4865-af72-d5f4c00c0aef/,364,870
1812,b36270d6-de9d-4226-8347-342f4382c226,RR,Registration,2025,first_quarter,1st Quarter (Jan 1 - Mar 31),,2025-02-09 18:15:37,2026-03-07 10:20:43.731965,,,,,Chris Jones,https://lda.senate.gov/api/v1/filings/b36270d6-de9d-4226-8347-342f4382c226/,336,1767
887,f2436828-9c0c-433a-835c-ab027c449e63,RR,Registration,2026,first_quarter,1st Quarter (Jan 1 - Mar 31),,2026-02-13 14:03:59,2026-03-07 02:52:27.272319,,,,,Patricia Hittle,https://lda.senate.gov/api/v1/filings/f2436828-9c0c-433a-835c-ab027c449e63/,444,871
1355,5ba0e15b-2af2-487c-a8b2-f44f8a185e3b,RR,Registration,2025,first_quarter,1st Quarter (Jan 1 - Mar 31),,2025-01-06 13:16:58,2026-03-07 10:20:14.115414,,,,,Aaron Mintzes,https://lda.senate.gov/api/v1/filings/5ba0e15b-2af2-487c-a8b2-f44f8a185e3b/,579,1326
888,49595367-fa66-4dc6-8249-36c59395cca1,RR,Registration,2026,first_quarter,1st Quarter (Jan 1 - Mar 31),,2026-02-13 14:05:12,2026-03-07 02:52:27.276875,,,,,Brian Cain,https://lda.senate.gov/api/v1/filings/49595367-fa66-4dc6-8249-36c59395cca1/,445,872
889,925fa761-9832-4879-ada7-98d7947c549c,RR,Registration,2026,first_quarter,1st Quarter (Jan 1 - Mar 31),,2026-02-13 14:11:07,2026-03-07 02:52:27.282458,,,,,Patricia Hittle,https://lda.senate.gov/api/v1/filings/925fa761-9832-4879-ada7-98d7947c549c/,444,873
890,4cf5fd42-33ad-40dc-a932-64ea5d3b866d,RR,Registration,2026,first_quarter,1st Quarter (Jan 1 - Mar 31),,2026-02-13 14:17:07,2026-03-07 02:52:27.288307,,,,,Eric Zimmerman,https://lda.senate.gov/api/v1/filings/4cf5fd42-33ad-40dc-a932-64ea5d3b866d/,446,874
891,a9ad41f6-6d63-44c1-aaf6-580e179814fc,RR,Registration,2026,first_quarter,1st Quarter (Jan 1 - Mar 31),,2026-02-13 14:22:20,2026-03-07 02:52:27.293301,,,,,Robert Hobart,https://lda.senate.gov/api/v1/filings/a9ad41f6-6d63-44c1-aaf6-580e179814fc/,364,875
892,87a78f35-5b65-46b2-a4aa-7e0c5287e650,RR,Registration,2026,first_quarter,1st Quarter (Jan 1 - Mar 31),,2026-02-13 14:37:02,2026-03-07 02:52:27.297797,,,,,Robert Hobart,https://lda.senate.gov/api/v1/filings/87a78f35-5b65-46b2-a4aa-7e0c5287e650/,364,876
893,86738695-22d5-4b9a-95ab-ea7aff3ee957,1TY,1st Quarter - Termination (No Activity),2026,first_quarter,1st Quarter (Jan 1 - Mar 31),,2026-02-13 14:38:58,2026-03-07 02:52:27.302819,,,,,Robert Hobart,https://lda.senate.gov/api/v1/filings/86738695-22d5-4b9a-95ab-ea7aff3ee957/,364,877
894,4db3e5d9-56fb-4b3f-8b97-5beed8efb618,RR,Registration,2026,first_quarter,1st Quarter (Jan 1 - Mar 31),,2026-02-13 14:50:16,2026-03-07 02:52:27.306613,,,,,Patrick Fischer,https://lda.senate.gov/api/v1/filings/4db3e5d9-56fb-4b3f-8b97-5beed8efb618/,447,878
895,97e9e2bb-10be-4d88-a5ff-585fc5403d57,RR,Registration,2026,first_quarter,1st Quarter (Jan 1 - Mar 31),,2026-02-13 14:57:17,2026-03-07 02:52:27.312099,,,,,E. Ashley Hoy,https://lda.senate.gov/api/v1/filings/97e9e2bb-10be-4d88-a5ff-585fc5403d57/,448,879
896,cf7cb3d9-0e61-44cc-af72-94e6685d933a,RR,Registration,2026,first_quarter,1st Quarter (Jan 1 - Mar 31),,2026-02-13 15:02:13,2026-03-07 02:52:27.317346,,,,,Adam J. Biegel,https://lda.senate.gov/api/v1/filings/cf7cb3d9-0e61-44cc-af72-94e6685d933a/,299,880
897,f2a2c658-fd98-4eb2-8790-3ea104b517cf,RR,Registration,2026,first_quarter,1st Quarter (Jan 1 - Mar 31),,2026-02-13 15:04:02,2026-03-07 02:52:27.322697,,,,,E. Ashley Hoy,https://lda.senate.gov/api/v1/filings/f2a2c658-fd98-4eb2-8790-3ea104b517cf/,448,881
898,6de75cc0-14cc-4d64-8db0-d32ddde1f3b0,RR,Registration,2026,first_quarter,1st Quarter (Jan 1 - Mar 31),,2026-02-13 15:09:05,2026-03-07 02:52:27.327085,,,,,E. Ashley Hoy,https://lda.senate.gov/api/v1/filings/6de75cc0-14cc-4d64-8db0-d32ddde1f3b0/,448,882
899,4230c51d-69b8-4612-bc76-ebde80551814,RR,Registration,2026,first_quarter,1st Quarter (Jan 1 - Mar 31),,2026-02-13 15:12:33,2026-03-07 02:52:27.331890,,,,,E. Ashley Hoy,https://lda.senate.gov/api/v1/filings/4230c51d-69b8-4612-bc76-ebde80551814/,448,883
900,2ca2a357-e749-477c-a5b2-6441095b16e7,RR,Registration,2026,first_quarter,1st Quarter (Jan 1 - Mar 31),,2026-02-13 15:17:44,2026-03-07 02:52:27.336722,,,,,E. Ashley Hoy,https://lda.senate.gov/api/v1/filings/2ca2a357-e749-477c-a5b2-6441095b16e7/,448,884
901,0351e743-f9d4-4f98-a74c-4c101812b4d8,RR,Registration,2026,first_quarter,1st Quarter (Jan 1 - Mar 31),,2026-02-13 15:23:30,2026-03-07 02:52:28.617129,,,,,E. Ashley Hoy,https://lda.senate.gov/api/v1/filings/0351e743-f9d4-4f98-a74c-4c101812b4d8/,448,885
902,9c137997-ddd0-4616-b79f-624a0b0d9100,RR,Registration,2026,first_quarter,1st Quarter (Jan 1 - Mar 31),,2026-02-13 15:26:39,2026-03-07 02:52:28.622277,,,,,E. Ashley Hoy,https://lda.senate.gov/api/v1/filings/9c137997-ddd0-4616-b79f-624a0b0d9100/,448,886
903,fba8333f-402a-46bc-ae8f-482dbafbc60c,1TY,1st Quarter - Termination (No Activity),2026,first_quarter,1st Quarter (Jan 1 - Mar 31),,2026-02-13 15:28:21,2026-03-07 02:52:28.626877,,,,,Laura Joshua,https://lda.senate.gov/api/v1/filings/fba8333f-402a-46bc-ae8f-482dbafbc60c/,432,887
904,ad425363-6d9f-43d6-a580-8bd7f052589f,RR,Registration,2026,first_quarter,1st Quarter (Jan 1 - Mar 31),,2026-02-13 15:32:40,2026-03-07 02:52:28.630853,,,,,E. Ashley Hoy,https://lda.senate.gov/api/v1/filings/ad425363-6d9f-43d6-a580-8bd7f052589f/,448,888
905,9b3cea77-165e-4537-b5f1-2fc01b8006a5,RR,Registration,2026,first_quarter,1st Quarter (Jan 1 - Mar 31),,2026-02-13 15:39:41,2026-03-07 02:52:28.635376,,,,,E. Ashley Hoy,https://lda.senate.gov/api/v1/filings/9b3cea77-165e-4537-b5f1-2fc01b8006a5/,448,889
906,54330fa7-4ba7-4221-ac27-5212f9ecff70,RR,Registration,2026,first_quarter,1st Quarter (Jan 1 - Mar 31),,2026-02-13 15:48:33,2026-03-07 02:52:28.639946,,,,,Christos Marafatsos,https://lda.senate.gov/api/v1/filings/54330fa7-4ba7-4221-ac27-5212f9ecff70/,449,890
907,64d72663-b90b-4729-96a0-27a03d4ab58d,RR,Registration,2026,first_quarter,1st Quarter (Jan 1 - Mar 31),,2026-02-13 16:03:20,2026-03-07 02:52:28.644948,,,,,John Culton,https://lda.senate.gov/api/v1/filings/64d72663-b90b-4729-96a0-27a03d4ab58d/,313,891
908,c6abb5e8-ddee-4764-8c2d-21b2f9785a92,RR,Registration,2026,first_quarter,1st Quarter (Jan 1 - Mar 31),,2026-02-13 16:15:40,2026-03-07 02:52:28.649660,,,,,"Jonathon Jones, Partner",https://lda.senate.gov/api/v1/filings/c6abb5e8-ddee-4764-8c2d-21b2f9785a92/,450,892
1356,789fc20e-f88e-42d8-a91c-bfc44acfea40,RR,Registration,2025,first_quarter,1st Quarter (Jan 1 - Mar 31),,2025-01-06 13:21:41,2026-03-07 10:20:14.121593,,,,,Michael Rovito,https://lda.senate.gov/api/v1/filings/789fc20e-f88e-42d8-a91c-bfc44acfea40/,580,1327
2753,1d538265-7d71-406f-a9ef-f89e88d9929f,RR,Registration,2025,first_quarter,1st Quarter (Jan 1 - Mar 31),,2025-03-16 23:42:54,2026-03-07 10:21:43.278127,,,,,Santiago Vaca,https://lda.senate.gov/api/v1/filings/1d538265-7d71-406f-a9ef-f89e88d9929f/,921,2664
909,c6639784-baae-40a5-b734-e4a8e2f1a75b,RR,Registration,2026,first_quarter,1st Quarter (Jan 1 - Mar 31),,2026-02-13 17:14:40,2026-03-07 02:52:28.654298,,,,,Chelsea M Baltes,https://lda.senate.gov/api/v1/filings/c6639784-baae-40a5-b734-e4a8e2f1a75b/,426,893
1357,f12c0e5c-b2db-4b5d-9632-a49904e087e9,RR,Registration,2025,first_quarter,1st Quarter (Jan 1 - Mar 31),,2025-01-06 15:04:57,2026-03-07 10:20:14.127016,,,,,Frederick Dombo,https://lda.senate.gov/api/v1/filings/f12c0e5c-b2db-4b5d-9632-a49904e087e9/,581,1328
910,4be01594-a43b-45fa-9ae3-c9086768db9f,RR,Registration,2026,first_quarter,1st Quarter (Jan 1 - Mar 31),,2026-02-13 17:22:25,2026-03-07 02:52:28.659325,,,,,"William Moschella, Attorney at Law",https://lda.senate.gov/api/v1/filings/4be01594-a43b-45fa-9ae3-c9086768db9f/,16,894
1813,dba520be-b170-478e-91a1-55810ecc808d,RR,Registration,2025,first_quarter,1st Quarter (Jan 1 - Mar 31),,2025-02-09 18:28:32,2026-03-07 10:20:43.736850,,,,,Chris Jones,https://lda.senate.gov/api/v1/filings/dba520be-b170-478e-91a1-55810ecc808d/,336,1768
911,af864e84-796b-43d0-bba5-28dae271d6c3,RR,Registration,2026,first_quarter,1st Quarter (Jan 1 - Mar 31),,2026-02-13 18:02:28,2026-03-07 02:52:28.663685,,,,,Beth Anne Cole,https://lda.senate.gov/api/v1/filings/af864e84-796b-43d0-bba5-28dae271d6c3/,69,895
1358,4afd01a4-50b8-49c2-be4a-bca22ab3635d,RR,Registration,2025,first_quarter,1st Quarter (Jan 1 - Mar 31),,2025-01-06 15:31:01,2026-03-07 10:20:14.132291,,,,,Clay White,https://lda.senate.gov/api/v1/filings/4afd01a4-50b8-49c2-be4a-bca22ab3635d/,62,1329
912,5d80cf6b-65b4-41fe-b359-7bac5ae4a490,RR,Registration,2026,first_quarter,1st Quarter (Jan 1 - Mar 31),,2026-02-13 19:21:22,2026-03-07 02:52:28.667852,,,,,"W. John Nichols, President",https://lda.senate.gov/api/v1/filings/5d80cf6b-65b4-41fe-b359-7bac5ae4a490/,451,896
1814,1afc66f5-3787-4a1b-9afe-a248fca9f376,RR,Registration,2025,first_quarter,1st Quarter (Jan 1 - Mar 31),,2025-02-09 21:49:58,2026-03-07 10:20:43.741560,,,,,Chris Jones,https://lda.senate.gov/api/v1/filings/1afc66f5-3787-4a1b-9afe-a248fca9f376/,336,1769
1359,0d99c327-84a0-4be8-b0f5-7c7ac1ef7de3,RR,Registration,2025,first_quarter,1st Quarter (Jan 1 - Mar 31),,2025-01-06 16:05:53,2026-03-07 10:20:14.137309,,,,,John Roberti,https://lda.senate.gov/api/v1/filings/0d99c327-84a0-4be8-b0f5-7c7ac1ef7de3/,247,1330
913,f0dc069e-c9ed-49ba-b058-4da3cba0764d,RR,Registration,2026,first_quarter,1st Quarter (Jan 1 - Mar 31),,2026-02-13 19:52:05,2026-03-07 02:52:28.672949,,,,,Beth Anne Cole,https://lda.senate.gov/api/v1/filings/f0dc069e-c9ed-49ba-b058-4da3cba0764d/,452,897
914,d042c775-8125-44bd-b792-74fca674800e,RA,Registration - Amendment,2026,first_quarter,1st Quarter (Jan 1 - Mar 31),,2026-02-13 19:57:21,2026-03-07 02:52:28.677621,,,,,Beth Anne Cole,https://lda.senate.gov/api/v1/filings/d042c775-8125-44bd-b792-74fca674800e/,452,898
1360,b59abb45-70d7-415d-8571-1920f3609cbb,RR,Registration,2025,first_quarter,1st Quarter (Jan 1 - Mar 31),,2025-01-06 16:39:44,2026-03-07 10:20:14.142798,,,,,Kathleen Smith,https://lda.senate.gov/api/v1/filings/b59abb45-70d7-415d-8571-1920f3609cbb/,582,1331
2176,729ca4ce-472f-4461-8726-c5cdbbd14e2d,RR,Registration,2025,first_quarter,1st Quarter (Jan 1 - Mar 31),,2025-02-21 13:49:43,2026-03-07 10:21:06.380363,,,,,Jill Warren,https://lda.senate.gov/api/v1/filings/729ca4ce-472f-4461-8726-c5cdbbd14e2d/,596,2125
915,61f090d2-68a1-47d4-9d61-13225e9e6f46,RR,Registration,2026,first_quarter,1st Quarter (Jan 1 - Mar 31),,2026-02-13 21:49:01,2026-03-07 02:52:28.682048,,,,,Andrew L. Woods,https://lda.senate.gov/api/v1/filings/61f090d2-68a1-47d4-9d61-13225e9e6f46/,256,899
1361,4d775e42-139f-4bba-80c3-0869b7239e5e,RR,Registration,2025,first_quarter,1st Quarter (Jan 1 - Mar 31),,2025-01-06 17:37:02,2026-03-07 10:20:14.148562,,,,,Robert Tyler Powell,https://lda.senate.gov/api/v1/filings/4d775e42-139f-4bba-80c3-0869b7239e5e/,583,1332
916,51bdf38a-f294-4ca6-ab85-7a5b64b91b9c,RR,Registration,2026,first_quarter,1st Quarter (Jan 1 - Mar 31),,2026-02-13 21:56:15,2026-03-07 02:52:28.687106,,,,,Andrew L. Woods,https://lda.senate.gov/api/v1/filings/51bdf38a-f294-4ca6-ab85-7a5b64b91b9c/,256,900
2177,f21a2987-8a80-4848-b269-b0381076bcb1,RR,Registration,2025,first_quarter,1st Quarter (Jan 1 - Mar 31),,2025-02-21 13:50:21,2026-03-07 10:21:06.405588,,,,,Adina Mincher,https://lda.senate.gov/api/v1/filings/f21a2987-8a80-4848-b269-b0381076bcb1/,52,2126
917,efd53d8a-eef5-4273-b30a-c5b9d406da52,RR,Registration,2026,first_quarter,1st Quarter (Jan 1 - Mar 31),,2026-02-13 21:58:48,2026-03-07 02:52:28.692467,,,,,Carla Strickland,https://lda.senate.gov/api/v1/filings/efd53d8a-eef5-4273-b30a-c5b9d406da52/,453,901
1362,d6863d57-4477-4078-b980-8d9052fb8956,RR,Registration,2025,first_quarter,1st Quarter (Jan 1 - Mar 31),,2025-01-06 17:54:51,2026-03-07 10:20:14.153580,,,,,Anusha Kumari,https://lda.senate.gov/api/v1/filings/d6863d57-4477-4078-b980-8d9052fb8956/,300,1333
918,66d37878-b731-45dc-bd81-14003cf9923f,RR,Registration,2026,first_quarter,1st Quarter (Jan 1 - Mar 31),,2026-02-13 22:01:42,2026-03-07 02:52:28.698010,,,,,Andrew L. Woods,https://lda.senate.gov/api/v1/filings/66d37878-b731-45dc-bd81-14003cf9923f/,256,902
919,3cb07361-bb60-409c-9e13-44464567f747,RR,Registration,2026,first_quarter,1st Quarter (Jan 1 - Mar 31),,2026-02-13 22:07:47,2026-03-07 02:52:28.702583,,,,,wo6,https://lda.senate.gov/api/v1/filings/3cb07361-bb60-409c-9e13-44464567f747/,256,903
920,72586a60-2c91-44e1-a580-0484a7c74009,RR,Registration,2026,first_quarter,1st Quarter (Jan 1 - Mar 31),,2026-02-14 16:59:01,2026-03-07 02:52:28.707075,,,,,Thomas Williams,https://lda.senate.gov/api/v1/filings/72586a60-2c91-44e1-a580-0484a7c74009/,454,904
921,61433578-a77b-4393-aafa-b5e7a8861d2a,RR,Registration,2026,first_quarter,1st Quarter (Jan 1 - Mar 31),,2026-02-15 14:59:48,2026-03-07 02:52:28.711974,,,,,Cameron Krier Massey,https://lda.senate.gov/api/v1/filings/61433578-a77b-4393-aafa-b5e7a8861d2a/,455,905
922,6a844fff-6963-4118-a98a-a005ccc0e12a,RR,Registration,2026,first_quarter,1st Quarter (Jan 1 - Mar 31),,2026-02-15 15:22:14,2026-03-07 02:52:28.717939,,,,,Sara Nuvy,https://lda.senate.gov/api/v1/filings/6a844fff-6963-4118-a98a-a005ccc0e12a/,48,906
923,d5bf35cf-d903-48b8-922b-15dc809cac48,RR,Registration,2026,first_quarter,1st Quarter (Jan 1 - Mar 31),,2026-02-15 15:30:10,2026-03-07 02:52:28.722357,,,,,Sara Nuvy,https://lda.senate.gov/api/v1/filings/d5bf35cf-d903-48b8-922b-15dc809cac48/,48,907
924,b32d9f06-3a52-472c-b9e8-179c6b10077d,RR,Registration,2026,first_quarter,1st Quarter (Jan 1 - Mar 31),,2026-02-15 21:25:19,2026-03-07 02:52:28.726735,,,,,Jake Johnston,https://lda.senate.gov/api/v1/filings/b32d9f06-3a52-472c-b9e8-179c6b10077d/,41,908
925,eca9e15f-169c-4ef6-97c4-386c60f1db12,RA,Registration - Amendment,2026,first_quarter,1st Quarter (Jan 1 - Mar 31),,2026-02-16 08:29:47,2026-03-07 02:52:28.731372,,,,,Anthony O. Maceira Zayas,https://lda.senate.gov/api/v1/filings/eca9e15f-169c-4ef6-97c4-386c60f1db12/,396,749
927,2728c656-9fea-4cf9-a0ea-b0c0f35f9ce7,RA,Registration - Amendment,2026,first_quarter,1st Quarter (Jan 1 - Mar 31),,2026-02-16 08:43:51,2026-03-07 02:52:30.170368,,,,,Anthony O. Maceira Zayas,https://lda.senate.gov/api/v1/filings/2728c656-9fea-4cf9-a0ea-b0c0f35f9ce7/,396,761
1363,ad639aef-4bfd-4b84-a6f2-66fc0bcef92c,RR,Registration,2025,first_quarter,1st Quarter (Jan 1 - Mar 31),,2025-01-07 08:40:41,2026-03-07 10:20:14.158627,,,,,Stacey Scholl,https://lda.senate.gov/api/v1/filings/ad639aef-4bfd-4b84-a6f2-66fc0bcef92c/,254,1334
1815,43b830ea-2c5b-4c1c-b0ca-e3b03844e6a2,1T,1st Quarter - Termination,2025,first_quarter,1st Quarter (Jan 1 - Mar 31),,2025-02-10 09:27:42,2026-03-07 10:20:43.746429,,,,,Clarence Williams,https://lda.senate.gov/api/v1/filings/43b830ea-2c5b-4c1c-b0ca-e3b03844e6a2/,248,1770
928,2c437914-f19c-4561-889a-09587f3b2b17,RA,Registration - Amendment,2026,first_quarter,1st Quarter (Jan 1 - Mar 31),,2026-02-16 08:47:06,2026-03-07 02:52:30.176241,,,,,Anthony O. Maceira Zayas,https://lda.senate.gov/api/v1/filings/2c437914-f19c-4561-889a-09587f3b2b17/,396,771
1364,f6d7b65f-b1d0-4f5f-972a-0421cb815ee5,RA,Registration - Amendment,2025,first_quarter,1st Quarter (Jan 1 - Mar 31),,2025-01-07 08:50:07,2026-03-07 10:20:14.163916,,,,,Stacey Scholl,https://lda.senate.gov/api/v1/filings/f6d7b65f-b1d0-4f5f-972a-0421cb815ee5/,254,1335
929,ab905afa-ae9f-49bf-a4f6-454d209dc0c7,RA,Registration - Amendment,2026,first_quarter,1st Quarter (Jan 1 - Mar 31),,2026-02-16 08:50:53,2026-03-07 02:52:30.181035,,,,,Anthony O. Maceira Zayas,https://lda.senate.gov/api/v1/filings/ab905afa-ae9f-49bf-a4f6-454d209dc0c7/,396,772
1816,81660099-b2b7-4ac7-9e41-bacdf05fb28c,RR,Registration,2025,first_quarter,1st Quarter (Jan 1 - Mar 31),,2025-02-10 10:07:27,2026-03-07 10:20:43.750514,,,,,Chadwick Carlough,https://lda.senate.gov/api/v1/filings/81660099-b2b7-4ac7-9e41-bacdf05fb28c/,532,1771
930,0becb777-db8a-4f4a-b14a-2eae7d7e216d,RR,Registration,2026,first_quarter,1st Quarter (Jan 1 - Mar 31),,2026-02-16 11:43:02,2026-03-07 02:52:30.185748,,,,,corrin merritt,https://lda.senate.gov/api/v1/filings/0becb777-db8a-4f4a-b14a-2eae7d7e216d/,456,909
1365,366b3e28-362a-4dac-bbe3-0c2e5e9db903,RR,Registration,2025,first_quarter,1st Quarter (Jan 1 - Mar 31),,2025-01-07 09:59:11,2026-03-07 10:20:14.168833,,,,,William Stone,https://lda.senate.gov/api/v1/filings/366b3e28-362a-4dac-bbe3-0c2e5e9db903/,584,1336
2754,819ae41b-c624-475b-9817-e68cd62aa00d,RR,Registration,2025,first_quarter,1st Quarter (Jan 1 - Mar 31),,2025-03-17 07:24:31,2026-03-07 10:21:43.282968,,,,,Sara Nuvy,https://lda.senate.gov/api/v1/filings/819ae41b-c624-475b-9817-e68cd62aa00d/,48,2665
931,f6b4c36f-b363-4c9d-97e7-71a3a7d31f81,RR,Registration,2026,first_quarter,1st Quarter (Jan 1 - Mar 31),,2026-02-16 15:22:57,2026-03-07 02:52:30.191038,,,,,Bonnie Shindelman,https://lda.senate.gov/api/v1/filings/f6b4c36f-b363-4c9d-97e7-71a3a7d31f81/,457,910
1366,4d27019f-33cb-4e7a-a8be-16853279a3a4,RR,Registration,2025,first_quarter,1st Quarter (Jan 1 - Mar 31),,2025-01-07 10:22:39,2026-03-07 10:20:14.173559,,,,,Kenneth Swab,https://lda.senate.gov/api/v1/filings/4d27019f-33cb-4e7a-a8be-16853279a3a4/,585,1337
932,ebf013fd-923a-4310-a866-3cb010d6e46b,RR,Registration,2026,first_quarter,1st Quarter (Jan 1 - Mar 31),,2026-02-16 15:27:11,2026-03-07 02:52:30.196324,,,,,Bonnie Shindelman,https://lda.senate.gov/api/v1/filings/ebf013fd-923a-4310-a866-3cb010d6e46b/,457,911
1817,f37434c1-0297-4735-b606-d26d549af106,RR,Registration,2025,first_quarter,1st Quarter (Jan 1 - Mar 31),,2025-02-10 10:21:47,2026-03-07 10:20:43.754955,,,,,Michael Wessel,https://lda.senate.gov/api/v1/filings/f37434c1-0297-4735-b606-d26d549af106/,721,1772
933,2380a577-478d-4683-a290-6f0184a280db,RR,Registration,2026,first_quarter,1st Quarter (Jan 1 - Mar 31),,2026-02-16 15:35:18,2026-03-07 02:52:30.201184,,,,,Bonnie Shindelman,https://lda.senate.gov/api/v1/filings/2380a577-478d-4683-a290-6f0184a280db/,457,912
1367,a47cf5c3-7d3b-4bf8-9cbf-a6586a18b4ca,RR,Registration,2025,first_quarter,1st Quarter (Jan 1 - Mar 31),,2025-01-07 10:30:55,2026-03-07 10:20:14.179963,,,,,Kenneth Swab,https://lda.senate.gov/api/v1/filings/a47cf5c3-7d3b-4bf8-9cbf-a6586a18b4ca/,585,1338
934,234ccd9f-27f6-4e2f-b89f-d132f37e0012,RR,Registration,2026,first_quarter,1st Quarter (Jan 1 - Mar 31),,2026-02-16 15:40:09,2026-03-07 02:52:30.206054,,,,,Bonnie Shindelman,https://lda.senate.gov/api/v1/filings/234ccd9f-27f6-4e2f-b89f-d132f37e0012/,457,913
1368,23f4f7a8-1815-441e-a591-f9e0a66f209e,RR,Registration,2025,first_quarter,1st Quarter (Jan 1 - Mar 31),,2025-01-07 10:38:57,2026-03-07 10:20:14.185082,,,,,Kenneth Swab,https://lda.senate.gov/api/v1/filings/23f4f7a8-1815-441e-a591-f9e0a66f209e/,585,1339
935,146b3e13-c595-4716-ad81-b641586af514,RR,Registration,2026,first_quarter,1st Quarter (Jan 1 - Mar 31),,2026-02-16 16:30:29,2026-03-07 02:52:30.211280,,,,,Lisa Colangelo,https://lda.senate.gov/api/v1/filings/146b3e13-c595-4716-ad81-b641586af514/,458,914
936,be8b4913-b7f5-40f0-8c1b-48ec18c52dff,RR,Registration,2026,first_quarter,1st Quarter (Jan 1 - Mar 31),,2026-02-16 23:40:07,2026-03-07 02:52:30.216769,,,,,"William Moschella, Attorney at Law",https://lda.senate.gov/api/v1/filings/be8b4913-b7f5-40f0-8c1b-48ec18c52dff/,16,915
1369,25428531-1fda-4f4a-81b4-bc40e6a00a06,RR,Registration,2025,first_quarter,1st Quarter (Jan 1 - Mar 31),,2025-01-07 11:39:16,2026-03-07 10:20:14.189608,,,,,Kenneth Swab,https://lda.senate.gov/api/v1/filings/25428531-1fda-4f4a-81b4-bc40e6a00a06/,585,1340
937,6e2a0363-f90f-457d-8507-b0fba81475e0,RR,Registration,2026,first_quarter,1st Quarter (Jan 1 - Mar 31),,2026-02-17 08:49:14,2026-03-07 02:52:30.221826,,,,,Amy L Kaminski,https://lda.senate.gov/api/v1/filings/6e2a0363-f90f-457d-8507-b0fba81475e0/,459,916
938,c6924aca-6b80-4e15-a948-d5e3d2c3b5dd,RR,Registration,2026,first_quarter,1st Quarter (Jan 1 - Mar 31),,2026-02-17 09:18:16,2026-03-07 02:52:30.226931,,,,,Will Le,https://lda.senate.gov/api/v1/filings/c6924aca-6b80-4e15-a948-d5e3d2c3b5dd/,411,917
939,710f425d-f3b8-4656-b7dd-bda284a1c395,RR,Registration,2026,first_quarter,1st Quarter (Jan 1 - Mar 31),,2026-02-17 09:36:22,2026-03-07 02:52:30.232588,,,,,Chelsea Minchef,https://lda.senate.gov/api/v1/filings/710f425d-f3b8-4656-b7dd-bda284a1c395/,39,918
940,6330ecdb-0c9f-47a6-b808-efeba0e823a6,RR,Registration,2026,first_quarter,1st Quarter (Jan 1 - Mar 31),,2026-02-17 09:45:11,2026-03-07 02:52:30.237231,,,,,Chelsea Mincheff,https://lda.senate.gov/api/v1/filings/6330ecdb-0c9f-47a6-b808-efeba0e823a6/,39,919
941,dd3d3811-d3c6-49e4-9112-6ba9a315ce1a,RR,Registration,2026,first_quarter,1st Quarter (Jan 1 - Mar 31),,2026-02-17 09:51:30,2026-03-07 02:52:30.242556,,,,,Chelsea Mincheff,https://lda.senate.gov/api/v1/filings/dd3d3811-d3c6-49e4-9112-6ba9a315ce1a/,39,920
942,dbe8dc1e-0f82-49a9-8e6d-04a9e7a5770b,RR,Registration,2026,first_quarter,1st Quarter (Jan 1 - Mar 31),,2026-02-17 09:54:19,2026-03-07 02:52:30.248163,,,,,"William Moschella, Attorney at Law",https://lda.senate.gov/api/v1/filings/dbe8dc1e-0f82-49a9-8e6d-04a9e7a5770b/,16,921
943,405b16ff-430b-4fb2-b5ba-bee5bfa57a3f,RR,Registration,2026,first_quarter,1st Quarter (Jan 1 - Mar 31),,2026-02-17 09:57:09,2026-03-07 02:52:30.252628,,,,,Chelsea Mincheff,https://lda.senate.gov/api/v1/filings/405b16ff-430b-4fb2-b5ba-bee5bfa57a3f/,39,922
944,7cd93292-5b69-4323-8c52-2548ab79a46a,RR,Registration,2026,first_quarter,1st Quarter (Jan 1 - Mar 31),,2026-02-17 10:09:19,2026-03-07 02:52:30.257367,,,,,Chelsea Mincheff,https://lda.senate.gov/api/v1/filings/7cd93292-5b69-4323-8c52-2548ab79a46a/,39,923
949,373808e5-d4bd-4a07-babc-3b3b536a9b99,RR,Registration,2026,first_quarter,1st Quarter (Jan 1 - Mar 31),,2026-02-17 10:55:08,2026-03-07 02:52:30.284329,,,,,Allegra M. Han,https://lda.senate.gov/api/v1/filings/373808e5-d4bd-4a07-babc-3b3b536a9b99/,383,928
1370,50e678ab-6d6a-4417-bf97-e0e66f065ac9,RR,Registration,2025,first_quarter,1st Quarter (Jan 1 - Mar 31),,2025-01-07 11:59:46,2026-03-07 10:20:14.194866,,,,,Jean Louis,https://lda.senate.gov/api/v1/filings/50e678ab-6d6a-4417-bf97-e0e66f065ac9/,536,1341
950,34798b8f-026c-4d7a-9892-a59eeb9ac41a,RR,Registration,2026,first_quarter,1st Quarter (Jan 1 - Mar 31),,2026-02-17 11:10:31,2026-03-07 02:52:30.289603,,,,,Allegra M. Han,https://lda.senate.gov/api/v1/filings/34798b8f-026c-4d7a-9892-a59eeb9ac41a/,383,929
1818,bfc24629-8683-464c-a183-82cf660aab85,RR,Registration,2025,first_quarter,1st Quarter (Jan 1 - Mar 31),,2025-02-10 10:50:52,2026-03-07 10:20:43.760259,,,,,Chadwick Carlough,https://lda.senate.gov/api/v1/filings/bfc24629-8683-464c-a183-82cf660aab85/,532,1773
951,b607d4b4-b2a3-471c-8470-71fb5718c3a8,RR,Registration,2026,first_quarter,1st Quarter (Jan 1 - Mar 31),,2026-02-17 11:12:18,2026-03-07 02:52:31.906923,,,,,Solveig L Monson,https://lda.senate.gov/api/v1/filings/b607d4b4-b2a3-471c-8470-71fb5718c3a8/,386,930
1371,fc41ab47-87ba-4161-8445-e9d24bfee6e7,RR,Registration,2025,first_quarter,1st Quarter (Jan 1 - Mar 31),,2025-01-07 12:08:13,2026-03-07 10:20:14.199566,,,,,Jean Louis,https://lda.senate.gov/api/v1/filings/fc41ab47-87ba-4161-8445-e9d24bfee6e7/,536,1342
952,cc4dfc0a-b691-4024-9527-e8527c13817d,RR,Registration,2026,first_quarter,1st Quarter (Jan 1 - Mar 31),,2026-02-17 11:35:09,2026-03-07 02:52:31.912770,,,,,Solveig L Monson,https://lda.senate.gov/api/v1/filings/cc4dfc0a-b691-4024-9527-e8527c13817d/,386,931
1372,943f44db-a716-410d-abc0-b4de9ce7312d,RR,Registration,2025,first_quarter,1st Quarter (Jan 1 - Mar 31),,2025-01-07 14:56:56,2026-03-07 10:20:14.204486,,,,,Risteard Sheridan,https://lda.senate.gov/api/v1/filings/943f44db-a716-410d-abc0-b4de9ce7312d/,586,1343
953,3e5f197b-c1e0-4474-93a8-99b9940ead02,RR,Registration,2026,first_quarter,1st Quarter (Jan 1 - Mar 31),,2026-02-17 12:03:56,2026-03-07 02:52:31.917471,,,,,Grace Bower Richardson,https://lda.senate.gov/api/v1/filings/3e5f197b-c1e0-4474-93a8-99b9940ead02/,460,932
2178,deba84a9-5b37-4af4-9d2d-7b7d916e2350,RR,Registration,2025,first_quarter,1st Quarter (Jan 1 - Mar 31),,2025-02-21 14:02:47,2026-03-07 10:21:06.415319,,,,,Adina Mincher,https://lda.senate.gov/api/v1/filings/deba84a9-5b37-4af4-9d2d-7b7d916e2350/,52,2127
954,485bccd1-f490-4b1b-9b50-706730d95a8c,RR,Registration,2026,first_quarter,1st Quarter (Jan 1 - Mar 31),,2026-02-17 12:08:56,2026-03-07 02:52:31.921767,,,,,Molly E Conway,https://lda.senate.gov/api/v1/filings/485bccd1-f490-4b1b-9b50-706730d95a8c/,314,933
1373,eb73d308-d208-4270-b263-93de9669fbae,1TY,1st Quarter - Termination (No Activity),2025,first_quarter,1st Quarter (Jan 1 - Mar 31),,2025-01-08 07:43:39,2026-03-07 10:20:14.211343,,,,,Philip Klein,https://lda.senate.gov/api/v1/filings/eb73d308-d208-4270-b263-93de9669fbae/,587,1344
955,ce589eef-9855-42f4-be52-b7949bb9b615,RR,Registration,2026,first_quarter,1st Quarter (Jan 1 - Mar 31),,2026-02-17 12:24:22,2026-03-07 02:52:31.926051,,,,,"William Moschella, Attorney at Law",https://lda.senate.gov/api/v1/filings/ce589eef-9855-42f4-be52-b7949bb9b615/,16,934
1374,b5299daf-6796-44dc-ae9e-2132b2cf9eea,RR,Registration,2025,first_quarter,1st Quarter (Jan 1 - Mar 31),,2025-01-08 10:48:37,2026-03-07 10:20:14.216215,,,,,Adina Mincher,https://lda.senate.gov/api/v1/filings/b5299daf-6796-44dc-ae9e-2132b2cf9eea/,52,1345
956,bf7ffa66-f586-45c8-9e02-f263a21eea71,RR,Registration,2026,first_quarter,1st Quarter (Jan 1 - Mar 31),,2026-02-17 12:25:50,2026-03-07 02:52:31.931096,,,,,Kenneth Swab,https://lda.senate.gov/api/v1/filings/bf7ffa66-f586-45c8-9e02-f263a21eea71/,290,935
957,1d8aa971-1482-4c4e-8d37-d3f112a4a7b8,RR,Registration,2026,first_quarter,1st Quarter (Jan 1 - Mar 31),,2026-02-17 12:27:37,2026-03-07 02:52:31.936534,,,,,"William Moschella, Attorney at Law",https://lda.senate.gov/api/v1/filings/1d8aa971-1482-4c4e-8d37-d3f112a4a7b8/,16,936
1375,9117a03c-b9cb-40e1-a48b-43bdd5c96cd1,1T,1st Quarter - Termination,2025,first_quarter,1st Quarter (Jan 1 - Mar 31),,2025-01-08 11:20:41,2026-03-07 10:20:14.221265,,,,,Ali Bedford,https://lda.senate.gov/api/v1/filings/9117a03c-b9cb-40e1-a48b-43bdd5c96cd1/,588,1346
958,531cb1f6-d832-45f5-b2b5-f98c6eeaf0bb,RR,Registration,2026,first_quarter,1st Quarter (Jan 1 - Mar 31),,2026-02-17 12:31:30,2026-03-07 02:52:31.941292,,,,,"William Moschella, Attorney at Law",https://lda.senate.gov/api/v1/filings/531cb1f6-d832-45f5-b2b5-f98c6eeaf0bb/,16,937
1376,f394022e-8143-4c8d-958e-6b1b68b55fb4,RR,Registration,2025,first_quarter,1st Quarter (Jan 1 - Mar 31),,2025-01-08 14:37:02,2026-03-07 10:20:15.485802,,,,,Adina Mincher,https://lda.senate.gov/api/v1/filings/f394022e-8143-4c8d-958e-6b1b68b55fb4/,52,1347
959,9201d18d-e8a6-4a43-9c0b-3250df6e844b,RR,Registration,2026,first_quarter,1st Quarter (Jan 1 - Mar 31),,2026-02-17 12:57:44,2026-03-07 02:52:31.945789,,,,,"William Moschella, Attorney at Law",https://lda.senate.gov/api/v1/filings/9201d18d-e8a6-4a43-9c0b-3250df6e844b/,16,938
960,d1c8415d-8873-4318-94be-84316015d17b,1TY,1st Quarter - Termination (No Activity),2026,first_quarter,1st Quarter (Jan 1 - Mar 31),,2026-02-17 13:08:45,2026-03-07 02:52:31.950101,,,,,Chelsea Mincheff,https://lda.senate.gov/api/v1/filings/d1c8415d-8873-4318-94be-84316015d17b/,39,939
1377,f1b881b3-f847-4705-9f1a-d6d4450dd374,RR,Registration,2025,first_quarter,1st Quarter (Jan 1 - Mar 31),,2025-01-08 15:23:23,2026-03-07 10:20:15.491089,,,,,Regina Mendes-Doman,https://lda.senate.gov/api/v1/filings/f1b881b3-f847-4705-9f1a-d6d4450dd374/,589,1348
961,84f3c755-2034-43f7-8e66-1327bda277c6,RR,Registration,2026,first_quarter,1st Quarter (Jan 1 - Mar 31),,2026-02-17 13:10:38,2026-03-07 02:52:31.954022,,,,,Chelsea M Baltes,https://lda.senate.gov/api/v1/filings/84f3c755-2034-43f7-8e66-1327bda277c6/,426,940
1378,c6258d7d-5caa-4a0a-99cd-c8fec1010d5b,RR,Registration,2025,first_quarter,1st Quarter (Jan 1 - Mar 31),,2025-01-08 15:33:58,2026-03-07 10:20:15.495974,,,,,Jhamileth Delgado,https://lda.senate.gov/api/v1/filings/c6258d7d-5caa-4a0a-99cd-c8fec1010d5b/,485,1349
962,b2e49275-80b8-4f7e-a893-e7d8076fbaff,1TY,1st Quarter - Termination (No Activity),2026,first_quarter,1st Quarter (Jan 1 - Mar 31),,2026-02-17 13:10:46,2026-03-07 02:52:31.958777,,,,,Chelsea Mincheff,https://lda.senate.gov/api/v1/filings/b2e49275-80b8-4f7e-a893-e7d8076fbaff/,39,941
963,78837a7b-f47c-4888-90e6-c7fb6f16159a,1TY,1st Quarter - Termination (No Activity),2026,first_quarter,1st Quarter (Jan 1 - Mar 31),,2026-02-17 13:20:29,2026-03-07 02:52:31.962829,,,,,Brent Farley,https://lda.senate.gov/api/v1/filings/78837a7b-f47c-4888-90e6-c7fb6f16159a/,461,942
964,63d76082-2d9e-46b4-8b59-5d9e97242300,RR,Registration,2026,first_quarter,1st Quarter (Jan 1 - Mar 31),,2026-02-17 13:30:39,2026-03-07 02:52:31.967047,,,,,Drew Lesofski,https://lda.senate.gov/api/v1/filings/63d76082-2d9e-46b4-8b59-5d9e97242300/,462,943
965,19fac894-73ca-4da2-9421-edbe19ccbe65,RR,Registration,2026,first_quarter,1st Quarter (Jan 1 - Mar 31),,2026-02-17 13:59:28,2026-03-07 02:52:31.972089,,,,,"William Moschella, Attorney at Law",https://lda.senate.gov/api/v1/filings/19fac894-73ca-4da2-9421-edbe19ccbe65/,16,944
966,abc97552-ec28-45d0-92c4-7753e7db7415,Q1,1st Quarter - Report,2026,first_quarter,1st Quarter (Jan 1 - Mar 31),,2026-02-17 14:09:25,2026-03-07 02:52:31.976473,,30000.0,A,A,John Fritz,https://lda.senate.gov/api/v1/filings/abc97552-ec28-45d0-92c4-7753e7db7415/,463,945
967,dd03c993-ea04-4afd-811f-9e97142eed57,RR,Registration,2026,first_quarter,1st Quarter (Jan 1 - Mar 31),,2026-02-17 14:12:08,2026-03-07 02:52:31.981280,,,,,Beth Anne Cole,https://lda.senate.gov/api/v1/filings/dd03c993-ea04-4afd-811f-9e97142eed57/,244,946
1819,cf275b45-4514-4305-a874-741347dedcf6,RR,Registration,2025,first_quarter,1st Quarter (Jan 1 - Mar 31),,2025-02-10 11:45:20,2026-03-07 10:20:43.764816,,,,,Kyle Bligen,https://lda.senate.gov/api/v1/filings/cf275b45-4514-4305-a874-741347dedcf6/,722,1774
1379,38dd39e5-f5dc-4e4a-b549-cc077c9c2c53,RR,Registration,2025,first_quarter,1st Quarter (Jan 1 - Mar 31),,2025-01-08 16:16:43,2026-03-07 10:20:15.500621,,,,,Frank Vitello,https://lda.senate.gov/api/v1/filings/38dd39e5-f5dc-4e4a-b549-cc077c9c2c53/,590,1350
968,cfbbf70a-5b99-440e-b637-2010566d38b5,RR,Registration,2026,first_quarter,1st Quarter (Jan 1 - Mar 31),,2026-02-17 14:22:26,2026-03-07 02:52:31.985532,,,,,Beth Anne Cole,https://lda.senate.gov/api/v1/filings/cfbbf70a-5b99-440e-b637-2010566d38b5/,464,947
969,fd703caf-4f2e-4083-be8b-29d9f9f64795,RR,Registration,2026,first_quarter,1st Quarter (Jan 1 - Mar 31),,2026-02-17 14:30:22,2026-03-07 02:52:31.990876,,,,,"William Moschella, Attorney at Law",https://lda.senate.gov/api/v1/filings/fd703caf-4f2e-4083-be8b-29d9f9f64795/,16,948
1380,1e4d7332-5eff-4bfb-b6ac-505b7acaa863,RR,Registration,2025,first_quarter,1st Quarter (Jan 1 - Mar 31),,2025-01-08 19:19:10,2026-03-07 10:20:15.505368,,,,,Anusha Kumari,https://lda.senate.gov/api/v1/filings/1e4d7332-5eff-4bfb-b6ac-505b7acaa863/,300,1351
1820,95e253f1-e796-41ed-8448-ab8b27e61e35,RR,Registration,2025,first_quarter,1st Quarter (Jan 1 - Mar 31),,2025-02-10 12:11:40,2026-03-07 10:20:43.769564,,,,,Stacey Scholl,https://lda.senate.gov/api/v1/filings/95e253f1-e796-41ed-8448-ab8b27e61e35/,254,1775
970,c2f7d046-6ecf-4a65-a04a-deefe50f21b4,RR,Registration,2026,first_quarter,1st Quarter (Jan 1 - Mar 31),,2026-02-17 15:15:15,2026-03-07 02:52:31.995041,,,,,Mathew Lapinski,https://lda.senate.gov/api/v1/filings/c2f7d046-6ecf-4a65-a04a-deefe50f21b4/,436,949
1381,7e798e40-e70f-473a-a7bf-e036bab0cdcc,RR,Registration,2025,first_quarter,1st Quarter (Jan 1 - Mar 31),,2025-01-09 10:27:12,2026-03-07 10:20:15.510246,,,,,Adina Mincher,https://lda.senate.gov/api/v1/filings/7e798e40-e70f-473a-a7bf-e036bab0cdcc/,52,1352
971,b436eee7-3647-488d-86c0-c26ac2b2ece0,RR,Registration,2026,first_quarter,1st Quarter (Jan 1 - Mar 31),,2026-02-17 16:15:36,2026-03-07 02:52:31.999731,,,,,Mike McKay,https://lda.senate.gov/api/v1/filings/b436eee7-3647-488d-86c0-c26ac2b2ece0/,465,950
972,46583cdb-d11b-4d3a-9d86-c60e6df13fa3,RR,Registration,2026,first_quarter,1st Quarter (Jan 1 - Mar 31),,2026-02-17 16:16:43,2026-03-07 02:52:32.004588,,,,,"William Moschella, Attorney at Law",https://lda.senate.gov/api/v1/filings/46583cdb-d11b-4d3a-9d86-c60e6df13fa3/,16,951
1382,da9f5327-b7cb-48d4-b48b-fc20d10b5b33,RR,Registration,2025,first_quarter,1st Quarter (Jan 1 - Mar 31),,2025-01-09 10:29:10,2026-03-07 10:20:15.514850,,,,,Clay White,https://lda.senate.gov/api/v1/filings/da9f5327-b7cb-48d4-b48b-fc20d10b5b33/,62,1353
973,54f20dd2-faee-4cd1-8604-7bb6f3bf2067,RR,Registration,2026,first_quarter,1st Quarter (Jan 1 - Mar 31),,2026-02-17 16:26:01,2026-03-07 02:52:32.008957,,,,,Brian Pomper,https://lda.senate.gov/api/v1/filings/54f20dd2-faee-4cd1-8604-7bb6f3bf2067/,337,952
2179,1118a27b-978a-40d3-86cf-b3e5df014709,RR,Registration,2025,first_quarter,1st Quarter (Jan 1 - Mar 31),,2025-02-21 14:03:37,2026-03-07 10:21:06.420022,,,,,John McManus,https://lda.senate.gov/api/v1/filings/1118a27b-978a-40d3-86cf-b3e5df014709/,613,2128
1383,ca8f68da-c562-408b-a730-1a829cfe3bc1,RR,Registration,2025,first_quarter,1st Quarter (Jan 1 - Mar 31),,2025-01-09 13:25:20,2026-03-07 10:20:15.519818,,,,,Beth Anne Cole,https://lda.senate.gov/api/v1/filings/ca8f68da-c562-408b-a730-1a829cfe3bc1/,464,1354
974,04623c61-28e0-486a-b22b-bb571b4b56d9,RR,Registration,2026,first_quarter,1st Quarter (Jan 1 - Mar 31),,2026-02-17 16:42:43,2026-03-07 02:52:32.013997,,,,,Brian Pomper,https://lda.senate.gov/api/v1/filings/04623c61-28e0-486a-b22b-bb571b4b56d9/,337,953
975,e703b1e1-ba62-4fde-a5fe-30c475949073,RR,Registration,2026,first_quarter,1st Quarter (Jan 1 - Mar 31),,2026-02-17 16:47:42,2026-03-07 02:52:32.018799,,,,,Alexander Sternhell,https://lda.senate.gov/api/v1/filings/e703b1e1-ba62-4fde-a5fe-30c475949073/,442,954
976,92484626-1d37-4b7e-8db5-2bcb39189981,RR,Registration,2026,first_quarter,1st Quarter (Jan 1 - Mar 31),,2026-02-17 17:07:03,2026-03-07 02:52:33.471742,,,,,Beth Anne Cole,https://lda.senate.gov/api/v1/filings/92484626-1d37-4b7e-8db5-2bcb39189981/,466,955
977,4af96b76-39b1-4645-827f-8e7ada482f7b,RR,Registration,2026,first_quarter,1st Quarter (Jan 1 - Mar 31),,2026-02-17 17:08:39,2026-03-07 02:52:33.477159,,,,,Frederick Eames,https://lda.senate.gov/api/v1/filings/4af96b76-39b1-4645-827f-8e7ada482f7b/,467,956
978,0dd39b59-c600-4b46-b836-c2cf2eba1402,RR,Registration,2026,first_quarter,1st Quarter (Jan 1 - Mar 31),,2026-02-17 17:46:38,2026-03-07 02:52:33.481983,,,,,Clare Boersma,https://lda.senate.gov/api/v1/filings/0dd39b59-c600-4b46-b836-c2cf2eba1402/,468,957
979,48b78a01-c725-45f4-ae4a-65b222ed6098,RR,Registration,2026,first_quarter,1st Quarter (Jan 1 - Mar 31),,2026-02-17 18:12:37,2026-03-07 02:52:33.486496,,,,,Edward O'Callaghan,https://lda.senate.gov/api/v1/filings/48b78a01-c725-45f4-ae4a-65b222ed6098/,469,958
980,c0220e30-179f-4beb-9499-9f79319a7e02,RA,Registration - Amendment,2026,first_quarter,1st Quarter (Jan 1 - Mar 31),,2026-02-17 19:03:24,2026-03-07 02:52:33.491468,,,,,Nick Zabriskie,https://lda.senate.gov/api/v1/filings/c0220e30-179f-4beb-9499-9f79319a7e02/,470,959
981,22747b49-6126-4841-9aff-e76876451bb3,RR,Registration,2026,first_quarter,1st Quarter (Jan 1 - Mar 31),,2026-02-17 20:09:46,2026-03-07 02:52:33.497261,,,,,Craig Schwartz,https://lda.senate.gov/api/v1/filings/22747b49-6126-4841-9aff-e76876451bb3/,471,960
982,05ae0dcb-0bf3-4ca1-a2fb-6816ffaf3962,RR,Registration,2026,first_quarter,1st Quarter (Jan 1 - Mar 31),,2026-02-17 21:28:36,2026-03-07 02:52:33.504262,,,,,Brian Pomper,https://lda.senate.gov/api/v1/filings/05ae0dcb-0bf3-4ca1-a2fb-6816ffaf3962/,337,961
983,b64f8a89-74a3-4455-872a-e4a6fe307669,RR,Registration,2026,first_quarter,1st Quarter (Jan 1 - Mar 31),,2026-02-17 21:43:44,2026-03-07 02:52:33.509578,,,,,Adina Mincher,https://lda.senate.gov/api/v1/filings/b64f8a89-74a3-4455-872a-e4a6fe307669/,52,962
984,305d21a5-4729-4fec-b45d-d7ae289df76b,1T,1st Quarter - Termination,2026,first_quarter,1st Quarter (Jan 1 - Mar 31),,2026-02-18 09:15:26,2026-03-07 02:52:33.514075,,40000.0,A,A,Timothy Hite,https://lda.senate.gov/api/v1/filings/305d21a5-4729-4fec-b45d-d7ae289df76b/,472,963
985,a2202a42-93a8-49eb-bc64-07904a8a928b,RR,Registration,2026,first_quarter,1st Quarter (Jan 1 - Mar 31),,2026-02-18 12:19:09,2026-03-07 02:52:33.518830,,,,,Alyssa Specht Garcia,https://lda.senate.gov/api/v1/filings/a2202a42-93a8-49eb-bc64-07904a8a928b/,32,964
986,dfbaeaab-2405-41b1-b96d-993c1d72acc4,RR,Registration,2026,first_quarter,1st Quarter (Jan 1 - Mar 31),,2026-02-18 12:42:16,2026-03-07 02:52:33.523662,,,,,Alyssa Specht Garcia,https://lda.senate.gov/api/v1/filings/dfbaeaab-2405-41b1-b96d-993c1d72acc4/,32,965
987,fecae134-69ad-43c9-aa67-faee2e3b2759,RR,Registration,2026,first_quarter,1st Quarter (Jan 1 - Mar 31),,2026-02-18 13:57:21,2026-03-07 02:52:33.528299,,,,,Casey Hammond,https://lda.senate.gov/api/v1/filings/fecae134-69ad-43c9-aa67-faee2e3b2759/,473,966
1821,1f84966b-ab82-4482-889d-2fd3df462224,Q1,1st Quarter - Report,2025,first_quarter,1st Quarter (Jan 1 - Mar 31),,2025-02-10 12:32:49,2026-03-07 10:20:43.774736,,,,,Amir Goulart Scharif,https://lda.senate.gov/api/v1/filings/1f84966b-ab82-4482-889d-2fd3df462224/,723,1776
1384,3c15cd9d-80c5-41a9-8b3d-5a55d3b6457f,RR,Registration,2025,first_quarter,1st Quarter (Jan 1 - Mar 31),,2025-01-09 14:42:53,2026-03-07 10:20:15.524647,,,,,Adina Mincher,https://lda.senate.gov/api/v1/filings/3c15cd9d-80c5-41a9-8b3d-5a55d3b6457f/,52,1355
990,4665d562-d7d6-4324-8a6a-6c0e6a8c7581,RR,Registration,2026,first_quarter,1st Quarter (Jan 1 - Mar 31),,2026-02-18 15:43:40,2026-03-07 02:52:33.542123,,,,,Darren Willcox,https://lda.senate.gov/api/v1/filings/4665d562-d7d6-4324-8a6a-6c0e6a8c7581/,474,969
991,66453105-53de-4d9f-b8b3-a837e3cc00eb,RR,Registration,2026,first_quarter,1st Quarter (Jan 1 - Mar 31),,2026-02-18 16:08:58,2026-03-07 02:52:33.546773,,,,,Allegra M. Han,https://lda.senate.gov/api/v1/filings/66453105-53de-4d9f-b8b3-a837e3cc00eb/,383,970
1385,3b181214-b253-462c-ad64-783c827e159e,RR,Registration,2025,first_quarter,1st Quarter (Jan 1 - Mar 31),,2025-01-10 09:14:02,2026-03-07 10:20:15.529418,,,,,Sara Nuvy,https://lda.senate.gov/api/v1/filings/3b181214-b253-462c-ad64-783c827e159e/,48,1356
992,f1b7958a-4937-4835-a2cb-34d797133009,RR,Registration,2026,first_quarter,1st Quarter (Jan 1 - Mar 31),,2026-02-18 16:24:42,2026-03-07 02:52:33.551710,,,,,Alyssa Specht Garcia,https://lda.senate.gov/api/v1/filings/f1b7958a-4937-4835-a2cb-34d797133009/,32,971
993,00280a18-2b56-4ac7-a0b9-d6b60e4f4c64,RR,Registration,2026,first_quarter,1st Quarter (Jan 1 - Mar 31),,2026-02-18 17:12:39,2026-03-07 02:52:33.556226,,,,,Abbie DeKramer,https://lda.senate.gov/api/v1/filings/00280a18-2b56-4ac7-a0b9-d6b60e4f4c64/,475,972
994,60696163-0af5-4bab-b24c-2a7f24bd1d99,RR,Registration,2026,first_quarter,1st Quarter (Jan 1 - Mar 31),,2026-02-18 17:27:34,2026-03-07 02:52:33.561769,,,,,Andy Ehrlich,https://lda.senate.gov/api/v1/filings/60696163-0af5-4bab-b24c-2a7f24bd1d99/,476,973
995,d5c25000-a259-4813-8f60-3236ed9f909c,RR,Registration,2026,first_quarter,1st Quarter (Jan 1 - Mar 31),,2026-02-18 17:31:08,2026-03-07 02:52:33.566623,,,,,Andy Ehrlich,https://lda.senate.gov/api/v1/filings/d5c25000-a259-4813-8f60-3236ed9f909c/,476,974
996,c27adc43-66e1-4014-af83-dae6599c3e20,RR,Registration,2026,first_quarter,1st Quarter (Jan 1 - Mar 31),,2026-02-18 17:33:36,2026-03-07 02:52:33.570832,,,,,Andy Ehrlich,https://lda.senate.gov/api/v1/filings/c27adc43-66e1-4014-af83-dae6599c3e20/,476,975
997,6f340350-712b-4feb-964a-9893629c85ce,RR,Registration,2026,first_quarter,1st Quarter (Jan 1 - Mar 31),,2026-02-18 17:36:02,2026-03-07 02:52:33.575263,,,,,Andy Ehrlich,https://lda.senate.gov/api/v1/filings/6f340350-712b-4feb-964a-9893629c85ce/,476,976
998,7b9e7b76-e5a4-4191-83c0-5a2532633810,RR,Registration,2026,first_quarter,1st Quarter (Jan 1 - Mar 31),,2026-02-18 17:38:28,2026-03-07 02:52:33.579704,,,,,Andy Ehrlich,https://lda.senate.gov/api/v1/filings/7b9e7b76-e5a4-4191-83c0-5a2532633810/,476,977
999,9a86d344-455c-422b-96e4-85f19c5a46ce,RR,Registration,2026,first_quarter,1st Quarter (Jan 1 - Mar 31),,2026-02-18 18:26:49,2026-03-07 02:52:33.583962,,,,,Zachary Williams,https://lda.senate.gov/api/v1/filings/9a86d344-455c-422b-96e4-85f19c5a46ce/,357,978
1000,3b28d7ef-0858-4b52-aa0b-d3158e0185b8,1TY,1st Quarter - Termination (No Activity),2026,first_quarter,1st Quarter (Jan 1 - Mar 31),,2026-02-18 18:33:56,2026-03-07 02:52:33.589305,,,,,Zachary Williams,https://lda.senate.gov/api/v1/filings/3b28d7ef-0858-4b52-aa0b-d3158e0185b8/,357,979
1001,4723afe6-3464-4fce-a64b-200496125c76,RR,Registration,2026,first_quarter,1st Quarter (Jan 1 - Mar 31),,2026-02-19 08:47:38,2026-03-07 02:52:35.107803,,,,,Debbie Curtis,https://lda.senate.gov/api/v1/filings/4723afe6-3464-4fce-a64b-200496125c76/,446,980
1002,5c5925e4-c0a8-46d5-bdb1-fd55d23c3b3c,RR,Registration,2026,first_quarter,1st Quarter (Jan 1 - Mar 31),,2026-02-19 09:13:37,2026-03-07 02:52:35.113931,,,,,Michael Stroud,https://lda.senate.gov/api/v1/filings/5c5925e4-c0a8-46d5-bdb1-fd55d23c3b3c/,279,981
1003,b587d01c-fb32-4bee-afae-37f8a69ad59c,RR,Registration,2026,first_quarter,1st Quarter (Jan 1 - Mar 31),,2026-02-19 09:17:04,2026-03-07 02:52:35.119000,,,,,Terrence C. Wolfe,https://lda.senate.gov/api/v1/filings/b587d01c-fb32-4bee-afae-37f8a69ad59c/,477,982
1004,7aab557d-56c0-4a52-bcf0-081108b85990,RR,Registration,2026,first_quarter,1st Quarter (Jan 1 - Mar 31),,2026-02-19 09:21:01,2026-03-07 02:52:35.123820,,,,,Terrence C. Wolfe,https://lda.senate.gov/api/v1/filings/7aab557d-56c0-4a52-bcf0-081108b85990/,477,983
1005,775bcdef-6a74-4aa4-bcc2-eb1cd359f73b,RR,Registration,2026,first_quarter,1st Quarter (Jan 1 - Mar 31),,2026-02-19 09:55:49,2026-03-07 02:52:35.128302,,,,,Ron Eritano,https://lda.senate.gov/api/v1/filings/775bcdef-6a74-4aa4-bcc2-eb1cd359f73b/,478,984
1006,03c76883-a9f0-4ac8-a7dc-d60387645b34,RR,Registration,2026,first_quarter,1st Quarter (Jan 1 - Mar 31),,2026-02-19 10:08:23,2026-03-07 02:52:35.132861,,,,,Alyssa Specht Garcia,https://lda.senate.gov/api/v1/filings/03c76883-a9f0-4ac8-a7dc-d60387645b34/,32,985
1007,32fe71bf-243e-4462-be5b-305b08c576c3,RR,Registration,2026,first_quarter,1st Quarter (Jan 1 - Mar 31),,2026-02-19 10:21:16,2026-03-07 02:52:35.137103,,,,,Milam Mabry,https://lda.senate.gov/api/v1/filings/32fe71bf-243e-4462-be5b-305b08c576c3/,65,986
1008,8a42537a-dbdb-4f93-b67f-486b9c8cd294,RR,Registration,2026,first_quarter,1st Quarter (Jan 1 - Mar 31),,2026-02-19 10:47:08,2026-03-07 02:52:35.141437,,,,,"William Moschella, Attorney at Law",https://lda.senate.gov/api/v1/filings/8a42537a-dbdb-4f93-b67f-486b9c8cd294/,16,987
1009,ef9877be-379c-4707-8610-a1a6eb1f2710,RR,Registration,2026,first_quarter,1st Quarter (Jan 1 - Mar 31),,2026-02-19 10:58:48,2026-03-07 02:52:35.146001,,,,,"H. Stewart Van Scoyoc, Chairman, Founder & CEO",https://lda.senate.gov/api/v1/filings/ef9877be-379c-4707-8610-a1a6eb1f2710/,427,988
1010,ae11b106-4fe2-4004-ab8d-b3f8a12e5e95,RA,Registration - Amendment,2026,first_quarter,1st Quarter (Jan 1 - Mar 31),,2026-02-19 11:29:40,2026-03-07 02:52:35.150277,,,,,Brian Pomper,https://lda.senate.gov/api/v1/filings/ae11b106-4fe2-4004-ab8d-b3f8a12e5e95/,337,989
1058,1d220ea6-4160-46c1-bd3f-748f0d0626d8,RR,Registration,2026,first_quarter,1st Quarter (Jan 1 - Mar 31),,2026-02-23 13:10:47,2026-03-07 02:52:38.013682,,,,,Timothy R Hendrickson,https://lda.senate.gov/api/v1/filings/1d220ea6-4160-46c1-bd3f-748f0d0626d8/,496,1032
1059,11c14c82-fc50-43b2-a7a9-2ddeeefcf018,RR,Registration,2026,first_quarter,1st Quarter (Jan 1 - Mar 31),,2026-02-23 13:34:45,2026-03-07 02:52:38.019009,,,,,Grace Richardson,https://lda.senate.gov/api/v1/filings/11c14c82-fc50-43b2-a7a9-2ddeeefcf018/,460,1033
1060,fca7fb51-89d3-4e7e-83b1-8dacdef76c3d,RR,Registration,2026,first_quarter,1st Quarter (Jan 1 - Mar 31),,2026-02-23 13:36:30,2026-03-07 02:52:38.023534,,,,,Pat Meehan,https://lda.senate.gov/api/v1/filings/fca7fb51-89d3-4e7e-83b1-8dacdef76c3d/,497,1034
1061,ef578762-48a1-410c-a2d6-1fe69a15b2df,RR,Registration,2026,first_quarter,1st Quarter (Jan 1 - Mar 31),,2026-02-23 14:57:05,2026-03-07 02:52:38.028465,,,,,Emma Doyle,https://lda.senate.gov/api/v1/filings/ef578762-48a1-410c-a2d6-1fe69a15b2df/,498,1035
1062,61fba5cd-41c9-403c-bc88-6bf41652db4c,RR,Registration,2026,first_quarter,1st Quarter (Jan 1 - Mar 31),,2026-02-23 15:15:29,2026-03-07 02:52:38.033389,,,,,"Jesse T. McCollum, Founding Partner",https://lda.senate.gov/api/v1/filings/61fba5cd-41c9-403c-bc88-6bf41652db4c/,499,1036
1011,35b5c741-ffe0-43cd-966f-d9399f24a670,RR,Registration,2026,first_quarter,1st Quarter (Jan 1 - Mar 31),,2026-02-19 11:31:59,2026-03-07 02:52:35.154543,,,,,"Varun Jain, Of Counsel",https://lda.senate.gov/api/v1/filings/35b5c741-ffe0-43cd-966f-d9399f24a670/,316,990
1386,22ccecfa-63e4-46d1-8e78-f1ad17a79e4c,RR,Registration,2025,first_quarter,1st Quarter (Jan 1 - Mar 31),,2025-01-10 14:14:35,2026-03-07 10:20:15.533984,,,,,Pete Kirkham,https://lda.senate.gov/api/v1/filings/22ccecfa-63e4-46d1-8e78-f1ad17a79e4c/,14,838
1012,3236c68e-c19b-4695-80a8-3aad5343669a,RR,Registration,2026,first_quarter,1st Quarter (Jan 1 - Mar 31),,2026-02-19 11:43:40,2026-03-07 02:52:35.159804,,,,,Stephen Billy,https://lda.senate.gov/api/v1/filings/3236c68e-c19b-4695-80a8-3aad5343669a/,479,991
1013,a691a1a4-37d9-4736-81ce-2edc7f9cc864,RR,Registration,2026,first_quarter,1st Quarter (Jan 1 - Mar 31),,2026-02-19 12:00:17,2026-03-07 02:52:35.166508,,,,,"Shannon Campagna, Principal",https://lda.senate.gov/api/v1/filings/a691a1a4-37d9-4736-81ce-2edc7f9cc864/,480,992
1014,76eb6048-5b4b-4a8c-bb38-6cc14fe85ed0,RA,Registration - Amendment,2026,first_quarter,1st Quarter (Jan 1 - Mar 31),,2026-02-19 14:29:05,2026-03-07 02:52:35.171692,,,,,Clare Boersma,https://lda.senate.gov/api/v1/filings/76eb6048-5b4b-4a8c-bb38-6cc14fe85ed0/,468,957
1015,e8cfdc51-1a7c-410f-917d-b5ee1b5fedcc,1T,1st Quarter - Termination,2026,first_quarter,1st Quarter (Jan 1 - Mar 31),,2026-02-19 16:33:25,2026-03-07 02:52:35.175909,,,,,"William Moschella, Attorney at Law",https://lda.senate.gov/api/v1/filings/e8cfdc51-1a7c-410f-917d-b5ee1b5fedcc/,16,20
1016,3a21598b-5d61-4aef-98da-28c687382c39,RR,Registration,2026,first_quarter,1st Quarter (Jan 1 - Mar 31),,2026-02-19 17:23:36,2026-03-07 02:52:35.179964,,,,,Sara Nuvy,https://lda.senate.gov/api/v1/filings/3a21598b-5d61-4aef-98da-28c687382c39/,48,993
1017,ede0df73-2617-4918-b216-97206314d8f9,RR,Registration,2026,first_quarter,1st Quarter (Jan 1 - Mar 31),,2026-02-19 17:31:53,2026-03-07 02:52:35.184860,,,,,Sara Nuvy,https://lda.senate.gov/api/v1/filings/ede0df73-2617-4918-b216-97206314d8f9/,48,994
1018,c5449f52-f031-430f-89a6-fe3052e2780c,RR,Registration,2026,first_quarter,1st Quarter (Jan 1 - Mar 31),,2026-02-19 17:37:07,2026-03-07 02:52:35.189584,,,,,Dayne Cutrell,https://lda.senate.gov/api/v1/filings/c5449f52-f031-430f-89a6-fe3052e2780c/,481,995
1019,4eb28bcc-7266-4cd1-b2d6-b24ae08f3ea1,RR,Registration,2026,first_quarter,1st Quarter (Jan 1 - Mar 31),,2026-02-19 17:39:20,2026-03-07 02:52:35.194228,,,,,Sara Nuvy,https://lda.senate.gov/api/v1/filings/4eb28bcc-7266-4cd1-b2d6-b24ae08f3ea1/,48,996
1020,2c714679-3761-4863-8f07-8f6ea0ae68d2,1T,1st Quarter - Termination,2026,first_quarter,1st Quarter (Jan 1 - Mar 31),,2026-02-19 18:35:25,2026-03-07 02:52:35.198858,,,,,Alisa Hess,https://lda.senate.gov/api/v1/filings/2c714679-3761-4863-8f07-8f6ea0ae68d2/,406,997
1021,0a74fa23-3880-4588-9ea7-e53e220cb57f,RR,Registration,2026,first_quarter,1st Quarter (Jan 1 - Mar 31),,2026-02-20 09:14:47,2026-03-07 02:52:35.203333,,,,,Jon Hensley,https://lda.senate.gov/api/v1/filings/0a74fa23-3880-4588-9ea7-e53e220cb57f/,482,998
1022,94dd1ec9-1bb9-462c-bce6-8d602b3a8db7,RR,Registration,2026,first_quarter,1st Quarter (Jan 1 - Mar 31),,2026-02-20 09:46:52,2026-03-07 02:52:35.208568,,,,,Mark Roberts,https://lda.senate.gov/api/v1/filings/94dd1ec9-1bb9-462c-bce6-8d602b3a8db7/,235,999
1023,927ae9a9-e359-429a-9b67-ce9418695482,RR,Registration,2026,first_quarter,1st Quarter (Jan 1 - Mar 31),,2026-02-20 09:47:24,2026-03-07 02:52:35.213371,,,,,Timothy Hite,https://lda.senate.gov/api/v1/filings/927ae9a9-e359-429a-9b67-ce9418695482/,483,1000
1024,758dc348-5142-4f33-9e41-8940565212b9,RR,Registration,2026,first_quarter,1st Quarter (Jan 1 - Mar 31),,2026-02-20 09:52:57,2026-03-07 02:52:35.218513,,,,,Amanda F. Davidoff,https://lda.senate.gov/api/v1/filings/758dc348-5142-4f33-9e41-8940565212b9/,484,1001
1025,efe26e8d-a843-462b-b6a0-10939e2777e5,RR,Registration,2026,first_quarter,1st Quarter (Jan 1 - Mar 31),,2026-02-20 10:32:11,2026-03-07 02:52:35.223415,,,,,Stacey Scholl,https://lda.senate.gov/api/v1/filings/efe26e8d-a843-462b-b6a0-10939e2777e5/,254,1002
1026,778cc47c-e015-47df-ae9c-44bfa4d236fb,RR,Registration,2026,first_quarter,1st Quarter (Jan 1 - Mar 31),,2026-02-20 10:38:57,2026-03-07 02:52:36.467631,,,,,Stacey Scholl,https://lda.senate.gov/api/v1/filings/778cc47c-e015-47df-ae9c-44bfa4d236fb/,254,1003
1027,b82e60f9-6f6c-4c23-aba1-66b9de11a257,RR,Registration,2026,first_quarter,1st Quarter (Jan 1 - Mar 31),,2026-02-20 11:26:13,2026-03-07 02:52:36.472970,,,,,Jhamileth Delgado,https://lda.senate.gov/api/v1/filings/b82e60f9-6f6c-4c23-aba1-66b9de11a257/,485,1004
1028,bc2737ec-af74-438e-ac20-9adf0d0c2dd0,RR,Registration,2026,first_quarter,1st Quarter (Jan 1 - Mar 31),,2026-02-20 11:44:30,2026-03-07 02:52:36.478287,,,,,"Jennifer Covino, President",https://lda.senate.gov/api/v1/filings/bc2737ec-af74-438e-ac20-9adf0d0c2dd0/,486,1005
1029,0127ec3b-fbd6-4145-8395-3c61087711e5,RA,Registration - Amendment,2026,first_quarter,1st Quarter (Jan 1 - Mar 31),,2026-02-20 11:49:04,2026-03-07 02:52:36.483557,,,,,Adina Mincher,https://lda.senate.gov/api/v1/filings/0127ec3b-fbd6-4145-8395-3c61087711e5/,52,962
1030,6ed80242-3ccb-4201-ae16-b875039c1f6d,RR,Registration,2026,first_quarter,1st Quarter (Jan 1 - Mar 31),,2026-02-20 12:14:58,2026-03-07 02:52:36.487789,,,,,Jeffery A. Green,https://lda.senate.gov/api/v1/filings/6ed80242-3ccb-4201-ae16-b875039c1f6d/,487,1006
1031,2eb796ad-46f3-4df6-b653-06d7d623bd6e,RR,Registration,2026,first_quarter,1st Quarter (Jan 1 - Mar 31),,2026-02-20 12:22:55,2026-03-07 02:52:36.492563,,,,,Jeffery A. Green,https://lda.senate.gov/api/v1/filings/2eb796ad-46f3-4df6-b653-06d7d623bd6e/,487,1007
1032,1bccedd4-7281-43f9-9090-4655274db2de,RR,Registration,2026,first_quarter,1st Quarter (Jan 1 - Mar 31),,2026-02-20 12:52:48,2026-03-07 02:52:36.496996,,,,,Laura Joshua,https://lda.senate.gov/api/v1/filings/1bccedd4-7281-43f9-9090-4655274db2de/,432,1008
1033,26c3d675-ad41-49e7-b8f2-d5b97256aa9e,RR,Registration,2026,first_quarter,1st Quarter (Jan 1 - Mar 31),,2026-02-20 13:14:16,2026-03-07 02:52:36.501691,,,,,Laura Joshua,https://lda.senate.gov/api/v1/filings/26c3d675-ad41-49e7-b8f2-d5b97256aa9e/,432,1009
1063,e14a22c2-b9e8-4e8f-ab35-ef839913f081,RR,Registration,2026,first_quarter,1st Quarter (Jan 1 - Mar 31),,2026-02-23 15:25:28,2026-03-07 02:52:38.038010,,,,,"Jesse T. McCollum, Founding Partner",https://lda.senate.gov/api/v1/filings/e14a22c2-b9e8-4e8f-ab35-ef839913f081/,499,1037
1064,a3eba2bd-c133-4445-aaf0-886fba81f049,RA,Registration - Amendment,2026,first_quarter,1st Quarter (Jan 1 - Mar 31),,2026-02-23 15:58:57,2026-03-07 02:52:38.044129,,,,,Sarah Dodge,https://lda.senate.gov/api/v1/filings/a3eba2bd-c133-4445-aaf0-886fba81f049/,500,1038
1065,4cf8260d-8b64-4f2e-8fc1-9201632132cc,RR,Registration,2026,first_quarter,1st Quarter (Jan 1 - Mar 31),,2026-02-23 16:04:33,2026-03-07 02:52:38.048394,,,,,Mauricio Tamargo,https://lda.senate.gov/api/v1/filings/4cf8260d-8b64-4f2e-8fc1-9201632132cc/,501,1039
1110,264e3317-7a89-4452-8dbb-9720bfcb07b7,RR,Registration,2026,first_quarter,1st Quarter (Jan 1 - Mar 31),,2026-02-24 17:33:30,2026-03-07 02:52:41.447274,,,,,Tom Sauer,https://lda.senate.gov/api/v1/filings/264e3317-7a89-4452-8dbb-9720bfcb07b7/,509,1084
1111,2881a04a-cbf8-4d25-b5c0-b03bd6006792,RR,Registration,2026,first_quarter,1st Quarter (Jan 1 - Mar 31),,2026-02-24 18:44:21,2026-03-07 02:52:41.451801,,,,,"Jesse T. McCollum, Founding Partner",https://lda.senate.gov/api/v1/filings/2881a04a-cbf8-4d25-b5c0-b03bd6006792/,499,1085
1034,0eea6a9f-a728-4236-96ad-e01045058abe,RA,Registration - Amendment,2026,first_quarter,1st Quarter (Jan 1 - Mar 31),,2026-02-20 13:27:12,2026-03-07 02:52:36.507156,,,,,Celia H. Sims,https://lda.senate.gov/api/v1/filings/0eea6a9f-a728-4236-96ad-e01045058abe/,249,481
1822,fcdbc51a-5743-42d1-95bf-5bbb498b1f71,RR,Registration,2025,first_quarter,1st Quarter (Jan 1 - Mar 31),,2025-02-10 12:47:59,2026-03-07 10:20:43.779933,,,,,Adina Mincher,https://lda.senate.gov/api/v1/filings/fcdbc51a-5743-42d1-95bf-5bbb498b1f71/,52,1777
2755,4a85b452-a868-4649-b6de-ea4b3d70f2b4,1T,1st Quarter - Termination,2025,first_quarter,1st Quarter (Jan 1 - Mar 31),,2025-03-17 08:10:25,2026-03-07 10:21:43.288289,10000.0,,,,Leonard Wolfson,https://lda.senate.gov/api/v1/filings/4a85b452-a868-4649-b6de-ea4b3d70f2b4/,255,2666
1035,f2ac3390-46a5-4f53-9591-892dc34b6015,RR,Registration,2026,first_quarter,1st Quarter (Jan 1 - Mar 31),,2026-02-20 13:29:09,2026-03-07 02:52:36.511830,,,,,Dan Perrin,https://lda.senate.gov/api/v1/filings/f2ac3390-46a5-4f53-9591-892dc34b6015/,488,1010
1387,3280e9a5-d93c-4ef5-aa52-4da8cda4ba8b,RR,Registration,2025,first_quarter,1st Quarter (Jan 1 - Mar 31),,2025-01-10 15:19:09,2026-03-07 10:20:15.538097,,,,,Sean Pittman,https://lda.senate.gov/api/v1/filings/3280e9a5-d93c-4ef5-aa52-4da8cda4ba8b/,272,1357
1036,a0b3981d-2734-4af7-a21e-b9a58c04fd73,RR,Registration,2026,first_quarter,1st Quarter (Jan 1 - Mar 31),,2026-02-20 13:54:54,2026-03-07 02:52:36.517458,,,,,"Hannah Streitman, Attorney & Agent for Filer",https://lda.senate.gov/api/v1/filings/a0b3981d-2734-4af7-a21e-b9a58c04fd73/,489,1011
1388,dc834632-a44c-4335-a6c7-b8b8f2981b2b,RR,Registration,2025,first_quarter,1st Quarter (Jan 1 - Mar 31),,2025-01-10 17:33:03,2026-03-07 10:20:15.542886,,,,,Melanie Nathanson,https://lda.senate.gov/api/v1/filings/dc834632-a44c-4335-a6c7-b8b8f2981b2b/,591,1358
1037,dfbe2488-ea1b-4a4a-bfe4-c414b14eb3dd,RR,Registration,2026,first_quarter,1st Quarter (Jan 1 - Mar 31),,2026-02-20 14:01:38,2026-03-07 02:52:36.522694,,,,,"Hannah Streitman, Attorney & Agent for Filer",https://lda.senate.gov/api/v1/filings/dfbe2488-ea1b-4a4a-bfe4-c414b14eb3dd/,489,1012
1038,64a2ef51-63d8-4aee-8966-6f035479dc1a,RR,Registration,2026,first_quarter,1st Quarter (Jan 1 - Mar 31),,2026-02-20 15:00:55,2026-03-07 02:52:36.527730,,,,,Scott Owens,https://lda.senate.gov/api/v1/filings/64a2ef51-63d8-4aee-8966-6f035479dc1a/,45,1013
1389,6f808219-6f06-4e82-b2e1-57fd5868396e,RR,Registration,2025,first_quarter,1st Quarter (Jan 1 - Mar 31),,2025-01-10 17:34:09,2026-03-07 10:20:15.547854,,,,,Garrett Ventry,https://lda.senate.gov/api/v1/filings/6f808219-6f06-4e82-b2e1-57fd5868396e/,592,1359
1039,4db0f4e0-f1cc-40b7-86ed-e34c02ded75f,RR,Registration,2026,first_quarter,1st Quarter (Jan 1 - Mar 31),,2026-02-20 15:10:05,2026-03-07 02:52:36.532141,,,,,Scott Owens,https://lda.senate.gov/api/v1/filings/4db0f4e0-f1cc-40b7-86ed-e34c02ded75f/,45,1014
1040,8ab595df-d91c-4801-ab65-f8b8b3e89755,1TY,1st Quarter - Termination (No Activity),2026,first_quarter,1st Quarter (Jan 1 - Mar 31),,2026-02-20 15:14:49,2026-03-07 02:52:36.536984,,,,,Laura Joshua,https://lda.senate.gov/api/v1/filings/8ab595df-d91c-4801-ab65-f8b8b3e89755/,432,1015
1041,6cad9c8a-0b7b-4d64-bbb2-21780bd09406,RR,Registration,2026,first_quarter,1st Quarter (Jan 1 - Mar 31),,2026-02-20 15:16:45,2026-03-07 02:52:36.541049,,,,,Scott Owens,https://lda.senate.gov/api/v1/filings/6cad9c8a-0b7b-4d64-bbb2-21780bd09406/,45,1016
1042,4b661ffa-c9d0-41d7-8064-9a0e18e726d4,RR,Registration,2026,first_quarter,1st Quarter (Jan 1 - Mar 31),,2026-02-20 15:38:31,2026-03-07 02:52:36.545631,,,,,Jeffrey Robb,https://lda.senate.gov/api/v1/filings/4b661ffa-c9d0-41d7-8064-9a0e18e726d4/,490,1017
1043,ba55c2f0-1353-4b9f-9114-bd42113d1ad8,RR,Registration,2026,first_quarter,1st Quarter (Jan 1 - Mar 31),,2026-02-20 16:36:37,2026-03-07 02:52:36.550532,,,,,"Richard M. Gold, Partner",https://lda.senate.gov/api/v1/filings/ba55c2f0-1353-4b9f-9114-bd42113d1ad8/,360,1018
1044,3cf23b02-fae1-487d-9542-b684300c39ae,RR,Registration,2026,first_quarter,1st Quarter (Jan 1 - Mar 31),,2026-02-20 17:09:03,2026-03-07 02:52:36.555824,,,,,Shawn H. Smeallie,https://lda.senate.gov/api/v1/filings/3cf23b02-fae1-487d-9542-b684300c39ae/,296,1019
1045,40650248-b8f8-49e7-b43e-27b30031ba7b,RR,Registration,2026,first_quarter,1st Quarter (Jan 1 - Mar 31),,2026-02-20 17:11:37,2026-03-07 02:52:36.560807,,,,,"Hannah Streitman, Attorney & Agent for Filer",https://lda.senate.gov/api/v1/filings/40650248-b8f8-49e7-b43e-27b30031ba7b/,491,1020
1046,1defe070-9bfc-49a0-a463-346dfe71fa88,RA,Registration - Amendment,2026,first_quarter,1st Quarter (Jan 1 - Mar 31),,2026-02-21 09:38:16,2026-03-07 02:52:36.565822,,,,,Adina Mincher,https://lda.senate.gov/api/v1/filings/1defe070-9bfc-49a0-a463-346dfe71fa88/,52,962
1047,11d97b70-d7f0-4ab3-ae78-4b0f21d23c74,RR,Registration,2026,first_quarter,1st Quarter (Jan 1 - Mar 31),,2026-02-22 16:47:24,2026-03-07 02:52:36.570230,,,,,Tyler Stephens,https://lda.senate.gov/api/v1/filings/11d97b70-d7f0-4ab3-ae78-4b0f21d23c74/,492,1021
1048,aed4dfe7-89aa-4734-9146-6dc68bf9d7ab,RR,Registration,2026,first_quarter,1st Quarter (Jan 1 - Mar 31),,2026-02-23 08:17:11,2026-03-07 02:52:36.575101,,,,,Michael L. Waclawski,https://lda.senate.gov/api/v1/filings/aed4dfe7-89aa-4734-9146-6dc68bf9d7ab/,493,1022
1049,32e39b33-7829-4f07-9231-b28015b1d7c6,RR,Registration,2026,first_quarter,1st Quarter (Jan 1 - Mar 31),,2026-02-23 10:09:51,2026-03-07 02:52:36.580284,,,,,Tracy Spicer,https://lda.senate.gov/api/v1/filings/32e39b33-7829-4f07-9231-b28015b1d7c6/,252,1023
1050,851386eb-9737-443e-b122-c30c4f2b0d08,RR,Registration,2026,first_quarter,1st Quarter (Jan 1 - Mar 31),,2026-02-23 10:26:30,2026-03-07 02:52:36.585045,,,,,Sara Nuvy,https://lda.senate.gov/api/v1/filings/851386eb-9737-443e-b122-c30c4f2b0d08/,48,1024
1051,fe9f26f1-5a6e-4d39-b4db-19c27f43d0b8,RR,Registration,2026,first_quarter,1st Quarter (Jan 1 - Mar 31),,2026-02-23 10:32:10,2026-03-07 02:52:37.978274,,,,,Sara Nuvy,https://lda.senate.gov/api/v1/filings/fe9f26f1-5a6e-4d39-b4db-19c27f43d0b8/,48,1025
1052,ac8f8b81-59cf-4f51-9b59-ecd58df6a04a,RR,Registration,2026,first_quarter,1st Quarter (Jan 1 - Mar 31),,2026-02-23 10:51:12,2026-03-07 02:52:37.983438,,,,,Sara Nuvy,https://lda.senate.gov/api/v1/filings/ac8f8b81-59cf-4f51-9b59-ecd58df6a04a/,48,1026
1053,59891cbc-0d21-4f3f-9ca9-12c8fea221fa,RR,Registration,2026,first_quarter,1st Quarter (Jan 1 - Mar 31),,2026-02-23 11:43:04,2026-03-07 02:52:37.988644,,,,,Jon Rawlson,https://lda.senate.gov/api/v1/filings/59891cbc-0d21-4f3f-9ca9-12c8fea221fa/,494,1027
1054,6b3ce675-cbe4-4984-8efb-cce691f69e2e,RR,Registration,2026,first_quarter,1st Quarter (Jan 1 - Mar 31),,2026-02-23 12:07:26,2026-03-07 02:52:37.993868,,,,,Joshua Michael Prest,https://lda.senate.gov/api/v1/filings/6b3ce675-cbe4-4984-8efb-cce691f69e2e/,495,1028
1055,9351d330-2722-4706-9836-dd810ee01af9,RR,Registration,2026,first_quarter,1st Quarter (Jan 1 - Mar 31),,2026-02-23 12:09:54,2026-03-07 02:52:37.998830,,,,,Joshua Michael Prest,https://lda.senate.gov/api/v1/filings/9351d330-2722-4706-9836-dd810ee01af9/,495,1029
1056,bfc22503-5c98-45d2-8ff0-00ede0f6fc1d,RR,Registration,2026,first_quarter,1st Quarter (Jan 1 - Mar 31),,2026-02-23 12:12:05,2026-03-07 02:52:38.003812,,,,,Joshua Michael Prest,https://lda.senate.gov/api/v1/filings/bfc22503-5c98-45d2-8ff0-00ede0f6fc1d/,495,1030
1057,01c076d4-2b35-4b79-98cc-4feba5d91c9b,RR,Registration,2026,first_quarter,1st Quarter (Jan 1 - Mar 31),,2026-02-23 12:28:19,2026-03-07 02:52:38.008977,,,,,Leah Conley,https://lda.senate.gov/api/v1/filings/01c076d4-2b35-4b79-98cc-4feba5d91c9b/,246,1031
1066,ce1c8a3c-91d7-4025-b8c0-dcbd8289cd20,RR,Registration,2026,first_quarter,1st Quarter (Jan 1 - Mar 31),,2026-02-23 16:09:08,2026-03-07 02:52:38.053657,,,,,Doug Schwartz,https://lda.senate.gov/api/v1/filings/ce1c8a3c-91d7-4025-b8c0-dcbd8289cd20/,502,1040
1823,300c5ed7-8259-4fa2-b886-1480c59b1d46,RR,Registration,2025,first_quarter,1st Quarter (Jan 1 - Mar 31),,2025-02-10 12:51:41,2026-03-07 10:20:43.784279,,,,,Adina Mincher,https://lda.senate.gov/api/v1/filings/300c5ed7-8259-4fa2-b886-1480c59b1d46/,52,1778
1390,d5458706-3933-4df4-836e-af07a5c60ff1,RR,Registration,2025,first_quarter,1st Quarter (Jan 1 - Mar 31),,2025-01-10 17:41:19,2026-03-07 10:20:15.553530,,,,,Beth Anne Cole,https://lda.senate.gov/api/v1/filings/d5458706-3933-4df4-836e-af07a5c60ff1/,593,1360
1067,81ab2a7e-da4c-4622-8e0f-a497b9724a30,RR,Registration,2026,first_quarter,1st Quarter (Jan 1 - Mar 31),,2026-02-23 16:21:47,2026-03-07 02:52:38.058554,,,,,"Jesse T. McCollum, Founding Partner",https://lda.senate.gov/api/v1/filings/81ab2a7e-da4c-4622-8e0f-a497b9724a30/,499,1041
2756,4df72c2a-60d5-404b-90ef-7f6c4f7ae145,RR,Registration,2025,first_quarter,1st Quarter (Jan 1 - Mar 31),,2025-03-17 08:29:12,2026-03-07 10:21:43.292623,,,,,Leonard Wolfson,https://lda.senate.gov/api/v1/filings/4df72c2a-60d5-404b-90ef-7f6c4f7ae145/,255,2667
1068,5ba6bedd-05b3-440d-84f6-ea80abc959c0,RR,Registration,2026,first_quarter,1st Quarter (Jan 1 - Mar 31),,2026-02-23 16:41:25,2026-03-07 02:52:38.062897,,,,,Mauricio Tamargo,https://lda.senate.gov/api/v1/filings/5ba6bedd-05b3-440d-84f6-ea80abc959c0/,501,1042
1391,d9002657-259c-411a-9e10-0fdce9606450,RR,Registration,2025,first_quarter,1st Quarter (Jan 1 - Mar 31),,2025-01-10 17:54:05,2026-03-07 10:20:15.558554,,,,,Beth Anne Cole,https://lda.senate.gov/api/v1/filings/d9002657-259c-411a-9e10-0fdce9606450/,593,1361
1824,28f6091e-076d-4691-88f6-bc8c7cbe9ae3,RR,Registration,2025,first_quarter,1st Quarter (Jan 1 - Mar 31),,2025-02-10 12:56:57,2026-03-07 10:20:43.788575,,,,,Geoff Davis,https://lda.senate.gov/api/v1/filings/28f6091e-076d-4691-88f6-bc8c7cbe9ae3/,547,1779
1069,f1f2f779-5452-46b8-86e0-bf0b85d3d5b1,RR,Registration,2026,first_quarter,1st Quarter (Jan 1 - Mar 31),,2026-02-23 17:02:56,2026-03-07 02:52:38.068443,,,,,Jeffrey Miller,https://lda.senate.gov/api/v1/filings/f1f2f779-5452-46b8-86e0-bf0b85d3d5b1/,503,1043
1392,d9da16e9-3521-47d7-9abc-743fafb93eed,RR,Registration,2025,first_quarter,1st Quarter (Jan 1 - Mar 31),,2025-01-10 18:03:56,2026-03-07 10:20:15.562949,,,,,Conner Spelliscy,https://lda.senate.gov/api/v1/filings/d9da16e9-3521-47d7-9abc-743fafb93eed/,594,1362
1070,f00e7473-7d54-4322-82b9-8e60507cb960,RR,Registration,2026,first_quarter,1st Quarter (Jan 1 - Mar 31),,2026-02-23 17:08:10,2026-03-07 02:52:38.073797,,,,,Jeffrey Miller,https://lda.senate.gov/api/v1/filings/f00e7473-7d54-4322-82b9-8e60507cb960/,503,1044
1071,45726aa1-e601-4e22-b3aa-21a70a19d29a,RR,Registration,2026,first_quarter,1st Quarter (Jan 1 - Mar 31),,2026-02-23 17:12:46,2026-03-07 02:52:38.079050,,,,,Jeffrey Miller,https://lda.senate.gov/api/v1/filings/45726aa1-e601-4e22-b3aa-21a70a19d29a/,503,1045
1393,87cf388f-5666-48ba-9d50-7f49f53ea166,RR,Registration,2025,first_quarter,1st Quarter (Jan 1 - Mar 31),,2025-01-10 20:23:37,2026-03-07 10:20:15.568217,,,,,Stephanie Gadbios,https://lda.senate.gov/api/v1/filings/87cf388f-5666-48ba-9d50-7f49f53ea166/,418,1363
1072,c6c2fe5c-d479-4df1-8c3c-9582f8b00e6b,RR,Registration,2026,first_quarter,1st Quarter (Jan 1 - Mar 31),,2026-02-23 17:20:49,2026-03-07 02:52:38.083468,,,,,"Jesse T. McCollum, Founding Partner",https://lda.senate.gov/api/v1/filings/c6c2fe5c-d479-4df1-8c3c-9582f8b00e6b/,499,1046
1394,ec90846a-dcff-43a1-bf8e-f781f7d842ed,RR,Registration,2025,first_quarter,1st Quarter (Jan 1 - Mar 31),,2025-01-11 16:42:33,2026-03-07 10:20:15.572476,,,,,Duncan Smith,https://lda.senate.gov/api/v1/filings/ec90846a-dcff-43a1-bf8e-f781f7d842ed/,390,1364
1073,f7615f75-131b-4609-8954-d46ae85dbeb6,RR,Registration,2026,first_quarter,1st Quarter (Jan 1 - Mar 31),,2026-02-23 17:36:48,2026-03-07 02:52:38.087985,,,,,Jeffrey Miller,https://lda.senate.gov/api/v1/filings/f7615f75-131b-4609-8954-d46ae85dbeb6/,503,1047
1074,8f06879c-5781-4aa0-b3c9-2736f837386b,RR,Registration,2026,first_quarter,1st Quarter (Jan 1 - Mar 31),,2026-02-23 17:41:15,2026-03-07 02:52:38.092985,,,,,Jeffrey Miller,https://lda.senate.gov/api/v1/filings/8f06879c-5781-4aa0-b3c9-2736f837386b/,503,1048
1075,3946641d-0e3b-4a31-a8bf-5f9dc320024a,RR,Registration,2026,first_quarter,1st Quarter (Jan 1 - Mar 31),,2026-02-23 18:37:18,2026-03-07 02:52:38.098012,,,,,"Jesse T. McCollum, Founding Partner",https://lda.senate.gov/api/v1/filings/3946641d-0e3b-4a31-a8bf-5f9dc320024a/,499,1049
1076,43391d77-378b-47ce-8b35-7f27792aa58a,RR,Registration,2026,first_quarter,1st Quarter (Jan 1 - Mar 31),,2026-02-23 19:59:59,2026-03-07 02:52:39.630042,,,,,"Jesse T. McCollum, Founding Partner",https://lda.senate.gov/api/v1/filings/43391d77-378b-47ce-8b35-7f27792aa58a/,499,1050
1077,f033a22e-07dd-4591-8da2-fd197d0d782a,RR,Registration,2026,first_quarter,1st Quarter (Jan 1 - Mar 31),,2026-02-23 20:00:04,2026-03-07 02:52:39.635183,,,,,Tyron D. Picard,https://lda.senate.gov/api/v1/filings/f033a22e-07dd-4591-8da2-fd197d0d782a/,504,1051
1078,58a0d20e-ce90-4c99-9b0c-a0b72408f047,RR,Registration,2026,first_quarter,1st Quarter (Jan 1 - Mar 31),,2026-02-23 20:11:05,2026-03-07 02:52:39.640451,,,,,Tyron D. Picard,https://lda.senate.gov/api/v1/filings/58a0d20e-ce90-4c99-9b0c-a0b72408f047/,504,1052
1079,737a24c4-75b0-49b8-92d8-f4056fa10461,RR,Registration,2026,first_quarter,1st Quarter (Jan 1 - Mar 31),,2026-02-24 09:52:25,2026-03-07 02:52:39.644956,,,,,Jennifer Holmes,https://lda.senate.gov/api/v1/filings/737a24c4-75b0-49b8-92d8-f4056fa10461/,264,1053
1080,9643b9f7-7ba7-4f4c-afb9-3e19acd0fdde,RR,Registration,2026,first_quarter,1st Quarter (Jan 1 - Mar 31),,2026-02-24 10:09:14,2026-03-07 02:52:39.650082,,,,,Kendall Conger,https://lda.senate.gov/api/v1/filings/9643b9f7-7ba7-4f4c-afb9-3e19acd0fdde/,346,1054
1081,8f9701ef-1d0d-41b1-94fb-c1321f33244f,RR,Registration,2026,first_quarter,1st Quarter (Jan 1 - Mar 31),,2026-02-24 10:48:53,2026-03-07 02:52:39.654435,,,,,"Jesse T. McCollum, Founding Partner",https://lda.senate.gov/api/v1/filings/8f9701ef-1d0d-41b1-94fb-c1321f33244f/,499,1055
1082,481c5c9a-577e-495c-8f67-21f64d57c38c,RR,Registration,2026,first_quarter,1st Quarter (Jan 1 - Mar 31),,2026-02-24 11:36:50,2026-03-07 02:52:39.659415,,,,,Nicholas Manetto,https://lda.senate.gov/api/v1/filings/481c5c9a-577e-495c-8f67-21f64d57c38c/,505,1056
1083,f38ac109-e174-49fc-bd38-3869ddf65ba7,RR,Registration,2026,first_quarter,1st Quarter (Jan 1 - Mar 31),,2026-02-24 11:56:44,2026-03-07 02:52:39.664565,,,,,Jeffery Mortier,https://lda.senate.gov/api/v1/filings/f38ac109-e174-49fc-bd38-3869ddf65ba7/,506,1057
1084,1eb00814-889f-4835-845a-2cfbea436132,RR,Registration,2026,first_quarter,1st Quarter (Jan 1 - Mar 31),,2026-02-24 12:01:57,2026-03-07 02:52:39.669455,,,,,Kendall Conger,https://lda.senate.gov/api/v1/filings/1eb00814-889f-4835-845a-2cfbea436132/,346,1058
1085,38b3773f-1bc2-4f15-bd5c-d76331204245,RR,Registration,2026,first_quarter,1st Quarter (Jan 1 - Mar 31),,2026-02-24 12:08:38,2026-03-07 02:52:39.673821,,,,,Kendall Conger,https://lda.senate.gov/api/v1/filings/38b3773f-1bc2-4f15-bd5c-d76331204245/,346,1059
1086,b1d7b067-2ffa-449a-821b-1903ed85023c,RR,Registration,2026,first_quarter,1st Quarter (Jan 1 - Mar 31),,2026-02-24 12:29:15,2026-03-07 02:52:39.678240,,,,,"Jesse T. McCollum, Founding Partner",https://lda.senate.gov/api/v1/filings/b1d7b067-2ffa-449a-821b-1903ed85023c/,499,1060
1087,89c24134-d53c-4485-a4aa-6c360defcb20,RR,Registration,2026,first_quarter,1st Quarter (Jan 1 - Mar 31),,2026-02-24 12:34:21,2026-03-07 02:52:39.682480,,,,,"Jesse T. McCollum, Founding Partner",https://lda.senate.gov/api/v1/filings/89c24134-d53c-4485-a4aa-6c360defcb20/,499,1061
1825,f6772e0d-9d47-4c48-92a8-c7a81dd4d7e6,RR,Registration,2025,first_quarter,1st Quarter (Jan 1 - Mar 31),,2025-02-10 12:59:08,2026-03-07 10:20:43.793398,,,,,Paul Miller,https://lda.senate.gov/api/v1/filings/f6772e0d-9d47-4c48-92a8-c7a81dd4d7e6/,341,1780
1395,f1be47b5-9b89-4a63-aaf4-4490889a5511,RR,Registration,2025,first_quarter,1st Quarter (Jan 1 - Mar 31),,2025-01-12 09:46:56,2026-03-07 10:20:15.576683,,,,,Melanie Nathanson,https://lda.senate.gov/api/v1/filings/f1be47b5-9b89-4a63-aaf4-4490889a5511/,591,1365
1088,5c78f987-9f13-488f-97a8-a23d51b73556,RR,Registration,2026,first_quarter,1st Quarter (Jan 1 - Mar 31),,2026-02-24 13:05:27,2026-03-07 02:52:39.686774,,,,,Beth Anne Cole,https://lda.senate.gov/api/v1/filings/5c78f987-9f13-488f-97a8-a23d51b73556/,507,1062
1089,7c25a34c-5b49-4024-bab3-81748daf8221,RR,Registration,2026,first_quarter,1st Quarter (Jan 1 - Mar 31),,2026-02-24 13:45:19,2026-03-07 02:52:39.691684,,,,,"Jesse T. McCollum, Founding Partner",https://lda.senate.gov/api/v1/filings/7c25a34c-5b49-4024-bab3-81748daf8221/,499,1063
1396,98adba58-1b56-42e9-800b-6d4bf5b7b9db,RR,Registration,2025,first_quarter,1st Quarter (Jan 1 - Mar 31),,2025-01-12 10:59:10,2026-03-07 10:20:15.581342,,,,,Sebastian O'Kelly,https://lda.senate.gov/api/v1/filings/98adba58-1b56-42e9-800b-6d4bf5b7b9db/,595,1366
1826,61f38a39-48f5-4ed5-b928-a661f6ac487f,RR,Registration,2025,first_quarter,1st Quarter (Jan 1 - Mar 31),,2025-02-10 13:03:23,2026-03-07 10:20:45.034820,,,,,Geoff Davis,https://lda.senate.gov/api/v1/filings/61f38a39-48f5-4ed5-b928-a661f6ac487f/,547,1781
1090,70390a01-7b16-4863-9e7d-6f23f691843f,RR,Registration,2026,first_quarter,1st Quarter (Jan 1 - Mar 31),,2026-02-24 14:24:29,2026-03-07 02:52:39.696276,,,,,"Jesse T. McCollum, Founding Partner",https://lda.senate.gov/api/v1/filings/70390a01-7b16-4863-9e7d-6f23f691843f/,499,1064
1397,72ab6a70-6f16-48d8-bf9e-cfea766ad7ac,RR,Registration,2025,first_quarter,1st Quarter (Jan 1 - Mar 31),,2025-01-12 16:31:49,2026-03-07 10:20:15.585837,,,,,Jill Warren,https://lda.senate.gov/api/v1/filings/72ab6a70-6f16-48d8-bf9e-cfea766ad7ac/,596,1367
1091,3b1ea2ee-1212-4dd5-8e46-63e0e7796400,RR,Registration,2026,first_quarter,1st Quarter (Jan 1 - Mar 31),,2026-02-24 14:30:03,2026-03-07 02:52:39.701269,,,,,Beth Anne Cole,https://lda.senate.gov/api/v1/filings/3b1ea2ee-1212-4dd5-8e46-63e0e7796400/,508,1065
1092,a6f065ab-2579-4de5-8a8a-14133a5520aa,RR,Registration,2026,first_quarter,1st Quarter (Jan 1 - Mar 31),,2026-02-24 14:30:27,2026-03-07 02:52:39.706423,,,,,"Richard M. Gold, Partner",https://lda.senate.gov/api/v1/filings/a6f065ab-2579-4de5-8a8a-14133a5520aa/,360,1066
1093,d3713df3-ea05-437d-aa10-35c055f7a8d9,RR,Registration,2026,first_quarter,1st Quarter (Jan 1 - Mar 31),,2026-02-24 14:35:35,2026-03-07 02:52:39.710896,,,,,Beth Anne Cole,https://lda.senate.gov/api/v1/filings/d3713df3-ea05-437d-aa10-35c055f7a8d9/,508,1067
1094,73dff0d9-7042-4636-8fea-54f90781ad75,RR,Registration,2026,first_quarter,1st Quarter (Jan 1 - Mar 31),,2026-02-24 14:41:05,2026-03-07 02:52:39.715740,,,,,Beth Anne Cole,https://lda.senate.gov/api/v1/filings/73dff0d9-7042-4636-8fea-54f90781ad75/,508,1068
1095,eb3aab9c-a4e1-4bda-a7cc-5bae6a2b8429,RR,Registration,2026,first_quarter,1st Quarter (Jan 1 - Mar 31),,2026-02-24 14:42:13,2026-03-07 02:52:39.720827,,,,,"Jesse T. McCollum, Founding Partner",https://lda.senate.gov/api/v1/filings/eb3aab9c-a4e1-4bda-a7cc-5bae6a2b8429/,499,1069
1096,e974c228-071e-4c38-be99-e92f91cb7f1d,RR,Registration,2026,first_quarter,1st Quarter (Jan 1 - Mar 31),,2026-02-24 14:52:16,2026-03-07 02:52:39.725488,,,,,Kendall Conger,https://lda.senate.gov/api/v1/filings/e974c228-071e-4c38-be99-e92f91cb7f1d/,346,1070
1097,9e07ec5f-d1c2-4cbf-8009-e6ef6faa3451,RR,Registration,2026,first_quarter,1st Quarter (Jan 1 - Mar 31),,2026-02-24 15:16:35,2026-03-07 02:52:39.730439,,,,,"Jesse T. McCollum, Founding Partner",https://lda.senate.gov/api/v1/filings/9e07ec5f-d1c2-4cbf-8009-e6ef6faa3451/,499,1071
1098,7fa24263-e6bc-4e44-a255-533a8ace0b88,RR,Registration,2026,first_quarter,1st Quarter (Jan 1 - Mar 31),,2026-02-24 15:37:25,2026-03-07 02:52:39.735056,,,,,Bryan Zumwalt,https://lda.senate.gov/api/v1/filings/7fa24263-e6bc-4e44-a255-533a8ace0b88/,384,1072
1099,3dff9a0a-e637-49df-bd1d-eb6ded4b6f76,RR,Registration,2026,first_quarter,1st Quarter (Jan 1 - Mar 31),,2026-02-24 15:38:21,2026-03-07 02:52:39.740668,,,,,"Jesse T. McCollum, Founding Partner",https://lda.senate.gov/api/v1/filings/3dff9a0a-e637-49df-bd1d-eb6ded4b6f76/,499,1073
1100,669ad471-b6c3-4f56-937f-022a6b978590,RR,Registration,2026,first_quarter,1st Quarter (Jan 1 - Mar 31),,2026-02-24 15:41:17,2026-03-07 02:52:39.745232,,,,,Stacey Scholl,https://lda.senate.gov/api/v1/filings/669ad471-b6c3-4f56-937f-022a6b978590/,254,1074
1101,bb69d0d4-0582-4274-9b63-3f259d449a17,RR,Registration,2026,first_quarter,1st Quarter (Jan 1 - Mar 31),,2026-02-24 16:06:36,2026-03-07 02:52:41.389865,,,,,Bryan Zumwalt,https://lda.senate.gov/api/v1/filings/bb69d0d4-0582-4274-9b63-3f259d449a17/,384,1075
1102,31e3bd69-5327-4c0b-89d5-438e779ef12e,RR,Registration,2026,first_quarter,1st Quarter (Jan 1 - Mar 31),,2026-02-24 16:23:02,2026-03-07 02:52:41.397296,,,,,"Jesse T. McCollum, Founding Partner",https://lda.senate.gov/api/v1/filings/31e3bd69-5327-4c0b-89d5-438e779ef12e/,499,1076
1103,e38ca97f-4369-4d47-ac5c-09a1a42704d8,RR,Registration,2026,first_quarter,1st Quarter (Jan 1 - Mar 31),,2026-02-24 16:35:29,2026-03-07 02:52:41.403576,,,,,"Jesse T. McCollum, Founding Partner",https://lda.senate.gov/api/v1/filings/e38ca97f-4369-4d47-ac5c-09a1a42704d8/,499,1077
1104,ad4dffda-ddcb-42ce-801d-f0db732a3680,RR,Registration,2026,first_quarter,1st Quarter (Jan 1 - Mar 31),,2026-02-24 16:52:26,2026-03-07 02:52:41.410386,,,,,Kendall Conger,https://lda.senate.gov/api/v1/filings/ad4dffda-ddcb-42ce-801d-f0db732a3680/,346,1078
1105,c17bd8ef-a867-4e4d-9f0f-7c1e09f79a60,RR,Registration,2026,first_quarter,1st Quarter (Jan 1 - Mar 31),,2026-02-24 16:56:03,2026-03-07 02:52:41.417322,,,,,"Jesse T. McCollum, Founding Partner",https://lda.senate.gov/api/v1/filings/c17bd8ef-a867-4e4d-9f0f-7c1e09f79a60/,499,1079
1106,38c87c67-59f5-41a9-9023-2ea091330c7a,RR,Registration,2026,first_quarter,1st Quarter (Jan 1 - Mar 31),,2026-02-24 16:58:03,2026-03-07 02:52:41.426297,,,,,Mauricio Tamargo,https://lda.senate.gov/api/v1/filings/38c87c67-59f5-41a9-9023-2ea091330c7a/,501,1080
1107,0dde4e28-b044-496a-89f0-bb48708af48c,RR,Registration,2026,first_quarter,1st Quarter (Jan 1 - Mar 31),,2026-02-24 17:07:43,2026-03-07 02:52:41.431747,,,,,Beth Anne Cole,https://lda.senate.gov/api/v1/filings/0dde4e28-b044-496a-89f0-bb48708af48c/,508,1081
1108,e88372cc-17ba-4321-bed1-677ad29333ba,RR,Registration,2026,first_quarter,1st Quarter (Jan 1 - Mar 31),,2026-02-24 17:18:18,2026-03-07 02:52:41.437151,,,,,Kendall Conger,https://lda.senate.gov/api/v1/filings/e88372cc-17ba-4321-bed1-677ad29333ba/,346,1082
1109,648b1a25-de1c-4df5-a697-efd576127ada,RR,Registration,2026,first_quarter,1st Quarter (Jan 1 - Mar 31),,2026-02-24 17:24:41,2026-03-07 02:52:41.442344,,,,,"Jesse T. McCollum, Founding Partner",https://lda.senate.gov/api/v1/filings/648b1a25-de1c-4df5-a697-efd576127ada/,499,1083
1398,46548512-8445-4f74-b0db-f59ad5766fe1,RR,Registration,2025,first_quarter,1st Quarter (Jan 1 - Mar 31),,2025-01-13 11:05:29,2026-03-07 10:20:15.590659,,,,,Joel Rubin,https://lda.senate.gov/api/v1/filings/46548512-8445-4f74-b0db-f59ad5766fe1/,239,1368
2757,3a090e8b-a582-477e-b498-6ff426c496d7,RR,Registration,2025,first_quarter,1st Quarter (Jan 1 - Mar 31),,2025-03-17 08:46:32,2026-03-07 10:21:43.297909,,,,,Leonard Wolfson,https://lda.senate.gov/api/v1/filings/3a090e8b-a582-477e-b498-6ff426c496d7/,255,2668
1112,9b43d0bf-0b9b-4165-9376-dce25409d341,RR,Registration,2026,first_quarter,1st Quarter (Jan 1 - Mar 31),,2026-02-24 19:07:45,2026-03-07 02:52:41.456257,,,,,"Jesse T. McCollum, Founding Partner",https://lda.senate.gov/api/v1/filings/9b43d0bf-0b9b-4165-9376-dce25409d341/,499,1086
1827,40da0390-b66e-4732-9068-5ddae6e9b09f,RR,Registration,2025,first_quarter,1st Quarter (Jan 1 - Mar 31),,2025-02-10 13:09:25,2026-03-07 10:20:45.039369,,,,,Geoff Davis,https://lda.senate.gov/api/v1/filings/40da0390-b66e-4732-9068-5ddae6e9b09f/,547,1782
1399,ad79b89c-bb1b-4552-9e40-56bc4867c24c,RA,Registration - Amendment,2025,first_quarter,1st Quarter (Jan 1 - Mar 31),,2025-01-13 11:23:48,2026-03-07 10:20:15.595272,,,,,Joel Rubin,https://lda.senate.gov/api/v1/filings/ad79b89c-bb1b-4552-9e40-56bc4867c24c/,239,1369
1113,d4294841-6f60-4289-bc43-3290e3f884f3,RR,Registration,2026,first_quarter,1st Quarter (Jan 1 - Mar 31),,2026-02-24 21:07:58,2026-03-07 02:52:41.461490,,,,,"Jesse T. McCollum, Founding Partner",https://lda.senate.gov/api/v1/filings/d4294841-6f60-4289-bc43-3290e3f884f3/,499,1087
1114,df0a0859-2036-48fc-bffa-fbc2fb984d3c,RR,Registration,2026,first_quarter,1st Quarter (Jan 1 - Mar 31),,2026-02-24 21:16:01,2026-03-07 02:52:41.466341,,,,,"Jesse T. McCollum, Founding Partner",https://lda.senate.gov/api/v1/filings/df0a0859-2036-48fc-bffa-fbc2fb984d3c/,499,1088
1400,c683a566-49bd-4852-9416-ab46d63b67a2,RR,Registration,2025,first_quarter,1st Quarter (Jan 1 - Mar 31),,2025-01-13 11:55:52,2026-03-07 10:20:15.599980,,,,,R. Christian Johnsen,https://lda.senate.gov/api/v1/filings/c683a566-49bd-4852-9416-ab46d63b67a2/,422,1370
1115,d55df3af-cebd-424d-a11d-54846a2c7c01,RR,Registration,2026,first_quarter,1st Quarter (Jan 1 - Mar 31),,2026-02-24 21:23:09,2026-03-07 02:52:41.470932,,,,,"Jesse T. McCollum, Founding Partner",https://lda.senate.gov/api/v1/filings/d55df3af-cebd-424d-a11d-54846a2c7c01/,499,1089
1401,0de0699d-5b9f-4762-aefa-f1b88fb88825,RA,Registration - Amendment,2025,first_quarter,1st Quarter (Jan 1 - Mar 31),,2025-01-13 12:38:51,2026-03-07 10:20:17.008733,,,,,R. Christian Johnsen,https://lda.senate.gov/api/v1/filings/0de0699d-5b9f-4762-aefa-f1b88fb88825/,422,1371
1116,c812e2c8-b600-46df-94a0-5e43b09cb924,RR,Registration,2026,first_quarter,1st Quarter (Jan 1 - Mar 31),,2026-02-24 21:29:04,2026-03-07 02:52:41.475321,,,,,"Jesse T. McCollum, Founding Partner",https://lda.senate.gov/api/v1/filings/c812e2c8-b600-46df-94a0-5e43b09cb924/,499,1090
1117,f2f70342-2648-43f1-a8ce-c5dcb3e9bfed,RR,Registration,2026,first_quarter,1st Quarter (Jan 1 - Mar 31),,2026-02-24 21:34:31,2026-03-07 02:52:41.479849,,,,,"Jesse T. McCollum, Founding Partner",https://lda.senate.gov/api/v1/filings/f2f70342-2648-43f1-a8ce-c5dcb3e9bfed/,499,1091
1118,b7a45969-5226-4491-bd87-6873c8896a86,RR,Registration,2026,first_quarter,1st Quarter (Jan 1 - Mar 31),,2026-02-24 21:41:53,2026-03-07 02:52:41.484885,,,,,Sam H Kuebler,https://lda.senate.gov/api/v1/filings/b7a45969-5226-4491-bd87-6873c8896a86/,510,1092
1119,1c39511c-69f1-4898-91a2-b019b87a45a4,RR,Registration,2026,first_quarter,1st Quarter (Jan 1 - Mar 31),,2026-02-24 21:42:34,2026-03-07 02:52:41.489772,,,,,"Jesse T. McCollum, Founding Partner",https://lda.senate.gov/api/v1/filings/1c39511c-69f1-4898-91a2-b019b87a45a4/,499,1093
1120,bbabff8a-03dc-41b6-9ac9-53c0bd187b22,RR,Registration,2026,first_quarter,1st Quarter (Jan 1 - Mar 31),,2026-02-24 21:47:48,2026-03-07 02:52:41.494532,,,,,"Jesse T. McCollum, Founding Partner",https://lda.senate.gov/api/v1/filings/bbabff8a-03dc-41b6-9ac9-53c0bd187b22/,499,1094
1121,9baff501-b702-49e4-9138-8615e6ced5af,RR,Registration,2026,first_quarter,1st Quarter (Jan 1 - Mar 31),,2026-02-24 22:21:39,2026-03-07 02:52:41.499652,,,,,Shawn H. Smeallie,https://lda.senate.gov/api/v1/filings/9baff501-b702-49e4-9138-8615e6ced5af/,296,1095
1122,3ce578dd-d7c0-470e-813c-8c3b46376290,RR,Registration,2026,first_quarter,1st Quarter (Jan 1 - Mar 31),,2026-02-25 07:33:38,2026-03-07 02:52:41.504257,,,,,Kate Hallahan,https://lda.senate.gov/api/v1/filings/3ce578dd-d7c0-470e-813c-8c3b46376290/,511,1096
1123,351df1eb-cfb8-4910-ac5e-4c994706b529,RR,Registration,2026,first_quarter,1st Quarter (Jan 1 - Mar 31),,2026-02-25 09:32:38,2026-03-07 02:52:41.510302,,,,,"Richard M. Gold, Partner",https://lda.senate.gov/api/v1/filings/351df1eb-cfb8-4910-ac5e-4c994706b529/,360,1097
1124,5ba741f9-0115-4778-93ad-5da5158060c8,RR,Registration,2026,first_quarter,1st Quarter (Jan 1 - Mar 31),,2026-02-25 09:50:42,2026-03-07 02:52:41.515428,,,,,Alyssa Specht Garcia,https://lda.senate.gov/api/v1/filings/5ba741f9-0115-4778-93ad-5da5158060c8/,32,1098
1125,737a57ad-0bb7-45a7-9310-24c6c42d306f,RR,Registration,2026,first_quarter,1st Quarter (Jan 1 - Mar 31),,2026-02-25 11:13:25,2026-03-07 02:52:41.519776,,,,,Solveig L Monson,https://lda.senate.gov/api/v1/filings/737a57ad-0bb7-45a7-9310-24c6c42d306f/,386,1099
1126,be68643d-de4a-4876-a1a5-5fcf6682e900,RR,Registration,2026,first_quarter,1st Quarter (Jan 1 - Mar 31),,2026-02-25 11:26:48,2026-03-07 02:52:43.043290,,,,,Jeff Navin,https://lda.senate.gov/api/v1/filings/be68643d-de4a-4876-a1a5-5fcf6682e900/,512,1100
1127,620bb255-097e-4eb2-9452-dbe87e5f22b9,RR,Registration,2026,first_quarter,1st Quarter (Jan 1 - Mar 31),,2026-02-25 12:00:45,2026-03-07 02:52:43.049089,,,,,Sara Nuvy,https://lda.senate.gov/api/v1/filings/620bb255-097e-4eb2-9452-dbe87e5f22b9/,48,1101
1128,ca9dd4da-876f-4b86-9823-c580d39d74da,RR,Registration,2026,first_quarter,1st Quarter (Jan 1 - Mar 31),,2026-02-25 12:10:19,2026-03-07 02:52:43.054037,,,,,Sara Nuvy,https://lda.senate.gov/api/v1/filings/ca9dd4da-876f-4b86-9823-c580d39d74da/,48,1102
1129,2b1c5ed2-2374-49d8-8913-36e9dc988785,RR,Registration,2026,first_quarter,1st Quarter (Jan 1 - Mar 31),,2026-02-25 12:41:23,2026-03-07 02:52:43.059443,,,,,John Simmons,https://lda.senate.gov/api/v1/filings/2b1c5ed2-2374-49d8-8913-36e9dc988785/,331,1103
1130,762974b9-1da5-4dab-8115-219861938989,RR,Registration,2026,first_quarter,1st Quarter (Jan 1 - Mar 31),,2026-02-25 12:55:14,2026-03-07 02:52:43.065968,,,,,John Simmons,https://lda.senate.gov/api/v1/filings/762974b9-1da5-4dab-8115-219861938989/,331,1104
1131,f12fcd8a-1589-4bcb-ab4d-74491f503cfc,RR,Registration,2026,first_quarter,1st Quarter (Jan 1 - Mar 31),,2026-02-25 13:05:33,2026-03-07 02:52:43.071547,,,,,John Simmons,https://lda.senate.gov/api/v1/filings/f12fcd8a-1589-4bcb-ab4d-74491f503cfc/,331,1105
1132,3306f9b4-e43d-4f89-8453-7ff85adfe600,RR,Registration,2026,first_quarter,1st Quarter (Jan 1 - Mar 31),,2026-02-25 13:07:51,2026-03-07 02:52:43.077811,,,,,Daniel Calhoun,https://lda.senate.gov/api/v1/filings/3306f9b4-e43d-4f89-8453-7ff85adfe600/,513,1106
1133,7fc466f4-8076-4216-907f-ee37dcff64b4,RR,Registration,2026,first_quarter,1st Quarter (Jan 1 - Mar 31),,2026-02-25 14:00:31,2026-03-07 02:52:43.084573,,,,,John Simmons,https://lda.senate.gov/api/v1/filings/7fc466f4-8076-4216-907f-ee37dcff64b4/,331,1107
1134,6f9fcfc4-c472-4248-bfde-4563ab3fbb8f,Q1,1st Quarter - Report,2026,first_quarter,1st Quarter (Jan 1 - Mar 31),,2026-02-25 14:06:48,2026-03-07 02:52:43.090033,,,,,Bret Strogen,https://lda.senate.gov/api/v1/filings/6f9fcfc4-c472-4248-bfde-4563ab3fbb8f/,514,1108
1402,41d9a9f0-a1e1-4b60-a2a9-0cc8319ddfc7,RR,Registration,2025,first_quarter,1st Quarter (Jan 1 - Mar 31),,2025-01-13 12:45:09,2026-03-07 10:20:17.014319,,,,,Jennifer Holmes,https://lda.senate.gov/api/v1/filings/41d9a9f0-a1e1-4b60-a2a9-0cc8319ddfc7/,264,1372
1828,e8577259-229d-4f27-ad68-2204adb360f7,RR,Registration,2025,first_quarter,1st Quarter (Jan 1 - Mar 31),,2025-02-10 13:15:14,2026-03-07 10:20:45.044308,,,,,Geoff Davis,https://lda.senate.gov/api/v1/filings/e8577259-229d-4f27-ad68-2204adb360f7/,547,1783
1135,5e6175d7-d346-499c-9430-40f481a52726,RR,Registration,2026,first_quarter,1st Quarter (Jan 1 - Mar 31),,2026-02-25 14:15:50,2026-03-07 02:52:43.097553,,,,,E. Ashley Hoy,https://lda.senate.gov/api/v1/filings/5e6175d7-d346-499c-9430-40f481a52726/,448,1109
1403,03c63eec-e03b-4161-9816-b6dadf8bbc61,RR,Registration,2025,first_quarter,1st Quarter (Jan 1 - Mar 31),,2025-01-13 13:15:24,2026-03-07 10:20:17.020909,,,,,Neri Martinez,https://lda.senate.gov/api/v1/filings/03c63eec-e03b-4161-9816-b6dadf8bbc61/,248,1373
1136,c0622a8c-3806-4147-bd86-00fe559d8ab6,RR,Registration,2026,first_quarter,1st Quarter (Jan 1 - Mar 31),,2026-02-25 14:22:45,2026-03-07 02:52:43.102484,,,,,Bret Strogen,https://lda.senate.gov/api/v1/filings/c0622a8c-3806-4147-bd86-00fe559d8ab6/,514,1110
1137,6772dcc3-2c44-4863-81a6-b71e8a8dbd35,RR,Registration,2026,first_quarter,1st Quarter (Jan 1 - Mar 31),,2026-02-25 14:37:10,2026-03-07 02:52:43.106922,,,,,John Simmons,https://lda.senate.gov/api/v1/filings/6772dcc3-2c44-4863-81a6-b71e8a8dbd35/,331,1111
1138,12107986-631d-4c37-b7db-31c9d5ee98fa,RR,Registration,2026,first_quarter,1st Quarter (Jan 1 - Mar 31),,2026-02-25 14:49:32,2026-03-07 02:52:43.111303,,,,,John Simmons,https://lda.senate.gov/api/v1/filings/12107986-631d-4c37-b7db-31c9d5ee98fa/,331,1112
1139,f045c90a-2ddb-4f08-9014-61f51d0e40f2,RR,Registration,2026,first_quarter,1st Quarter (Jan 1 - Mar 31),,2026-02-25 15:01:35,2026-03-07 02:52:43.115753,,,,,John Simmons,https://lda.senate.gov/api/v1/filings/f045c90a-2ddb-4f08-9014-61f51d0e40f2/,331,1113
1140,6f471b07-1162-4aae-a9c4-6108fb5f3068,RR,Registration,2026,first_quarter,1st Quarter (Jan 1 - Mar 31),,2026-02-25 15:10:42,2026-03-07 02:52:43.120126,,,,,Nell Dillard,https://lda.senate.gov/api/v1/filings/6f471b07-1162-4aae-a9c4-6108fb5f3068/,515,1114
1141,4df7481d-d78a-4693-9cc7-1e5015bbe492,RR,Registration,2026,first_quarter,1st Quarter (Jan 1 - Mar 31),,2026-02-25 15:11:46,2026-03-07 02:52:43.125085,,,,,Ryan Abraham,https://lda.senate.gov/api/v1/filings/4df7481d-d78a-4693-9cc7-1e5015bbe492/,59,1115
1142,f23cec00-180c-4332-8db6-e8bb9674ab7b,RR,Registration,2026,first_quarter,1st Quarter (Jan 1 - Mar 31),,2026-02-25 15:20:52,2026-03-07 02:52:43.129472,,,,,Allegra M. Han,https://lda.senate.gov/api/v1/filings/f23cec00-180c-4332-8db6-e8bb9674ab7b/,383,1116
1143,8f32dd4a-9938-449a-805d-4ea73a8a579a,RR,Registration,2026,first_quarter,1st Quarter (Jan 1 - Mar 31),,2026-02-25 15:40:20,2026-03-07 02:52:43.133977,,,,,Allegra M. Han,https://lda.senate.gov/api/v1/filings/8f32dd4a-9938-449a-805d-4ea73a8a579a/,383,1117
1144,70180bc3-b020-49a8-a7f3-473f9ee49f6d,RR,Registration,2026,first_quarter,1st Quarter (Jan 1 - Mar 31),,2026-02-25 16:09:12,2026-03-07 02:52:43.138576,,,,,Michael Rettig,https://lda.senate.gov/api/v1/filings/70180bc3-b020-49a8-a7f3-473f9ee49f6d/,516,1118
1145,cdc2c8b1-6808-44d5-984e-836a965ac4ac,RR,Registration,2026,first_quarter,1st Quarter (Jan 1 - Mar 31),,2026-02-25 16:37:47,2026-03-07 02:52:43.143084,,,,,E. Ashley Hoy,https://lda.senate.gov/api/v1/filings/cdc2c8b1-6808-44d5-984e-836a965ac4ac/,448,1119
1146,69b8861f-1c10-4825-acf0-ee440299ba58,RR,Registration,2026,first_quarter,1st Quarter (Jan 1 - Mar 31),,2026-02-25 17:00:10,2026-03-07 02:52:43.147557,,,,,Nicole Nason,https://lda.senate.gov/api/v1/filings/69b8861f-1c10-4825-acf0-ee440299ba58/,517,1120
1147,2f192a67-4613-440b-8cf6-81aaff19dffb,RR,Registration,2026,first_quarter,1st Quarter (Jan 1 - Mar 31),,2026-02-25 17:05:11,2026-03-07 02:52:43.152068,,,,,Shawn H. Smeallie,https://lda.senate.gov/api/v1/filings/2f192a67-4613-440b-8cf6-81aaff19dffb/,296,1121
1148,884c2ca5-94b6-41bd-9dfe-cec38097f787,RR,Registration,2026,first_quarter,1st Quarter (Jan 1 - Mar 31),,2026-02-25 17:07:22,2026-03-07 02:52:43.156306,,,,,Christine R. Mistr,https://lda.senate.gov/api/v1/filings/884c2ca5-94b6-41bd-9dfe-cec38097f787/,518,1122
1149,97caeb30-08a9-455a-903e-19883c564aa9,RR,Registration,2026,first_quarter,1st Quarter (Jan 1 - Mar 31),,2026-02-26 00:30:17,2026-03-07 02:52:43.161544,,,,,Sean Jackson,https://lda.senate.gov/api/v1/filings/97caeb30-08a9-455a-903e-19883c564aa9/,519,1123
1150,dc59db6a-6fd8-436a-a4f7-0c3d11d926b8,RR,Registration,2026,first_quarter,1st Quarter (Jan 1 - Mar 31),,2026-02-26 10:26:19,2026-03-07 02:52:43.166057,,,,,Paul Lowell,https://lda.senate.gov/api/v1/filings/dc59db6a-6fd8-436a-a4f7-0c3d11d926b8/,13,1124
1151,51420fe3-2d05-4209-ab5c-eeb7fc10fa12,RR,Registration,2026,first_quarter,1st Quarter (Jan 1 - Mar 31),,2026-02-26 10:41:07,2026-03-07 02:52:44.504786,,,,,"Ryan M. Bernstein, Sr. Vice President and Director",https://lda.senate.gov/api/v1/filings/51420fe3-2d05-4209-ab5c-eeb7fc10fa12/,520,1125
1152,cd2bec4b-fef9-4e86-b889-48542c974486,RR,Registration,2026,first_quarter,1st Quarter (Jan 1 - Mar 31),,2026-02-26 10:47:36,2026-03-07 02:52:44.511688,,,,,"Ryan M. Bernstein, Sr. Vice President and Director",https://lda.senate.gov/api/v1/filings/cd2bec4b-fef9-4e86-b889-48542c974486/,520,1126
1153,6074691a-4c08-4d43-94b7-18bd10604ee2,RR,Registration,2026,first_quarter,1st Quarter (Jan 1 - Mar 31),,2026-02-26 12:01:17,2026-03-07 02:52:44.517569,,,,,Jason Kanter,https://lda.senate.gov/api/v1/filings/6074691a-4c08-4d43-94b7-18bd10604ee2/,521,1127
1154,2237d3ed-2be2-4958-93d8-bbbaf3d2fbaa,RR,Registration,2026,first_quarter,1st Quarter (Jan 1 - Mar 31),,2026-02-26 12:19:09,2026-03-07 02:52:44.524347,,,,,R. Christian Johnsen,https://lda.senate.gov/api/v1/filings/2237d3ed-2be2-4958-93d8-bbbaf3d2fbaa/,422,1128
1155,f056770b-228b-4fc6-91b8-afeec8e2f277,1TY,1st Quarter - Termination (No Activity),2026,first_quarter,1st Quarter (Jan 1 - Mar 31),,2026-02-26 13:08:34,2026-03-07 02:52:44.531479,,,,,Bryan Zumwalt,https://lda.senate.gov/api/v1/filings/f056770b-228b-4fc6-91b8-afeec8e2f277/,384,1129
1156,ad2bcb4d-e913-4ebe-b3a4-f346258a624d,1T,1st Quarter - Termination,2026,first_quarter,1st Quarter (Jan 1 - Mar 31),,2026-02-26 13:14:20,2026-03-07 02:52:44.536436,,50000.0,A,A,Chris Beatty,https://lda.senate.gov/api/v1/filings/ad2bcb4d-e913-4ebe-b3a4-f346258a624d/,522,1130
1157,7a6d3541-176e-4778-b8e9-c5fa90304712,RR,Registration,2026,first_quarter,1st Quarter (Jan 1 - Mar 31),,2026-02-26 13:41:11,2026-03-07 02:52:44.543032,,,,,Joel A Rubin,https://lda.senate.gov/api/v1/filings/7a6d3541-176e-4778-b8e9-c5fa90304712/,239,1131
1176,e67dbb82-6b93-4ac2-b3ab-0c7ad7a6e5d2,RR,Registration,2026,first_quarter,1st Quarter (Jan 1 - Mar 31),,2026-02-27 13:22:10,2026-03-07 02:52:46.281000,,,,,Solveig L Monson,https://lda.senate.gov/api/v1/filings/e67dbb82-6b93-4ac2-b3ab-0c7ad7a6e5d2/,386,1150
1177,aab21bfd-1891-4dc8-a201-822ed2531686,RR,Registration,2026,first_quarter,1st Quarter (Jan 1 - Mar 31),,2026-02-27 13:40:00,2026-03-07 02:52:46.286902,,,,,Mathew Lapinski,https://lda.senate.gov/api/v1/filings/aab21bfd-1891-4dc8-a201-822ed2531686/,436,1151
1178,ac285b8d-7f59-4071-817c-7edd22be0786,1TY,1st Quarter - Termination (No Activity),2026,first_quarter,1st Quarter (Jan 1 - Mar 31),,2026-02-27 14:18:09,2026-03-07 02:52:46.292039,,,,,Laura Joshua,https://lda.senate.gov/api/v1/filings/ac285b8d-7f59-4071-817c-7edd22be0786/,432,1152
1158,ab0c4a6b-bfe9-454e-9647-5b62d94bb7e5,RR,Registration,2026,first_quarter,1st Quarter (Jan 1 - Mar 31),,2026-02-26 13:41:46,2026-03-07 02:52:44.548349,,,,,Frank Holland,https://lda.senate.gov/api/v1/filings/ab0c4a6b-bfe9-454e-9647-5b62d94bb7e5/,523,1132
1404,ffb87b82-de68-4805-a6f4-23c8990386e6,RR,Registration,2025,first_quarter,1st Quarter (Jan 1 - Mar 31),,2025-01-13 13:22:45,2026-03-07 10:20:17.026339,,,,,Sophia McLeod,https://lda.senate.gov/api/v1/filings/ffb87b82-de68-4805-a6f4-23c8990386e6/,597,1374
1159,0c565a6f-c81f-438e-ac6e-f6a08cca0908,RR,Registration,2026,first_quarter,1st Quarter (Jan 1 - Mar 31),,2026-02-26 14:24:31,2026-03-07 02:52:44.553979,,,,,Solveig L Monson,https://lda.senate.gov/api/v1/filings/0c565a6f-c81f-438e-ac6e-f6a08cca0908/,386,1133
1829,45f38c85-e029-484c-8945-0945c3de0326,RR,Registration,2025,first_quarter,1st Quarter (Jan 1 - Mar 31),,2025-02-10 13:19:09,2026-03-07 10:20:45.049296,,,,,Geoff Davis,https://lda.senate.gov/api/v1/filings/45f38c85-e029-484c-8945-0945c3de0326/,547,1784
1160,d510e0fa-8145-4f60-8785-ca96423c348b,RA,Registration - Amendment,2026,first_quarter,1st Quarter (Jan 1 - Mar 31),,2026-02-26 14:58:38,2026-03-07 02:52:44.559858,,,,,David Bockorny,https://lda.senate.gov/api/v1/filings/d510e0fa-8145-4f60-8785-ca96423c348b/,524,1134
1405,74b4deb5-b502-4363-92ca-f6485bf88172,RR,Registration,2025,first_quarter,1st Quarter (Jan 1 - Mar 31),,2025-01-13 13:40:29,2026-03-07 10:20:17.035289,,,,,Chris Berardini,https://lda.senate.gov/api/v1/filings/74b4deb5-b502-4363-92ca-f6485bf88172/,248,1375
1161,a2abd27e-05e4-4a61-87a6-e9ce0ba2de11,RR,Registration,2026,first_quarter,1st Quarter (Jan 1 - Mar 31),,2026-02-26 15:14:49,2026-03-07 02:52:44.565160,,,,,John Mannion,https://lda.senate.gov/api/v1/filings/a2abd27e-05e4-4a61-87a6-e9ce0ba2de11/,525,1135
1406,2ec14b2b-50b9-4577-81e0-4643383e2ff0,RR,Registration,2025,first_quarter,1st Quarter (Jan 1 - Mar 31),,2025-01-13 13:57:21,2026-03-07 10:20:17.040929,,,,,Omar Franco,https://lda.senate.gov/api/v1/filings/2ec14b2b-50b9-4577-81e0-4643383e2ff0/,248,1376
1162,d3e13fde-6fdc-4010-9a02-87f0ce8f3413,1TY,1st Quarter - Termination (No Activity),2026,first_quarter,1st Quarter (Jan 1 - Mar 31),,2026-02-26 15:16:03,2026-03-07 02:52:44.571937,,,,,Kent A. Mason,https://lda.senate.gov/api/v1/filings/d3e13fde-6fdc-4010-9a02-87f0ce8f3413/,526,1136
1830,e0d70c2c-3e7b-4b2e-82da-6f1cd8ec1bae,RR,Registration,2025,first_quarter,1st Quarter (Jan 1 - Mar 31),,2025-02-10 14:18:35,2026-03-07 10:20:45.054114,,,,,Travis Lucas,https://lda.senate.gov/api/v1/filings/e0d70c2c-3e7b-4b2e-82da-6f1cd8ec1bae/,607,1785
1163,78f97ba8-6e9f-4815-9b6d-854b05ae8d3a,RR,Registration,2026,first_quarter,1st Quarter (Jan 1 - Mar 31),,2026-02-26 15:47:06,2026-03-07 02:52:44.576884,,,,,Philmore B. Anderson,https://lda.senate.gov/api/v1/filings/78f97ba8-6e9f-4815-9b6d-854b05ae8d3a/,527,1137
1407,70a0bc4c-c64c-468d-8f3f-a7e45ee9d41f,RR,Registration,2025,first_quarter,1st Quarter (Jan 1 - Mar 31),,2025-01-13 14:30:43,2026-03-07 10:20:17.046044,,,,,Leah Conley,https://lda.senate.gov/api/v1/filings/70a0bc4c-c64c-468d-8f3f-a7e45ee9d41f/,246,1377
1164,a281de2d-6459-4069-82f6-8dce721818a7,RR,Registration,2026,first_quarter,1st Quarter (Jan 1 - Mar 31),,2026-02-26 16:54:09,2026-03-07 02:52:44.582526,,,,,"Nicole Kelly, Attorney & Agent for Filer",https://lda.senate.gov/api/v1/filings/a281de2d-6459-4069-82f6-8dce721818a7/,491,1138
1408,8a45a7ba-b441-4db3-8fd4-c78634d4aac9,RR,Registration,2025,first_quarter,1st Quarter (Jan 1 - Mar 31),,2025-01-13 14:43:21,2026-03-07 10:20:17.050756,,,,,Susan Emmer,https://lda.senate.gov/api/v1/filings/8a45a7ba-b441-4db3-8fd4-c78634d4aac9/,598,1378
1165,92e84326-8575-456a-8ece-4719099fe905,RR,Registration,2026,first_quarter,1st Quarter (Jan 1 - Mar 31),,2026-02-27 08:55:07,2026-03-07 02:52:44.587577,,,,,Adam J. Biegel,https://lda.senate.gov/api/v1/filings/92e84326-8575-456a-8ece-4719099fe905/,299,1139
2198,dfa2fe20-74c5-464f-8ae0-d210b0dc279f,RA,Registration - Amendment,2025,first_quarter,1st Quarter (Jan 1 - Mar 31),,2025-02-22 17:46:55,2026-03-07 10:21:06.521873,,,,,David Lugar,https://lda.senate.gov/api/v1/filings/dfa2fe20-74c5-464f-8ae0-d210b0dc279f/,797,2146
1166,e8fd22ee-ad00-4851-a208-7a842d776fb1,RR,Registration,2026,first_quarter,1st Quarter (Jan 1 - Mar 31),,2026-02-27 09:14:28,2026-03-07 02:52:44.593669,,,,,Beth Anne Cole,https://lda.senate.gov/api/v1/filings/e8fd22ee-ad00-4851-a208-7a842d776fb1/,69,1140
1409,17976c56-8e62-4b68-b272-7291499e1eeb,RR,Registration,2025,first_quarter,1st Quarter (Jan 1 - Mar 31),,2025-01-13 15:18:02,2026-03-07 10:20:17.055866,,,,,Sadie Haire,https://lda.senate.gov/api/v1/filings/17976c56-8e62-4b68-b272-7291499e1eeb/,248,1379
1167,dbc8a484-9b0e-4b2a-8d7b-9cae37943b32,RR,Registration,2026,first_quarter,1st Quarter (Jan 1 - Mar 31),,2026-02-27 09:20:00,2026-03-07 02:52:44.599734,,,,,Beth Anne Cole,https://lda.senate.gov/api/v1/filings/dbc8a484-9b0e-4b2a-8d7b-9cae37943b32/,69,1141
1410,0e7afce6-6b3c-4db4-8a3c-d35f302483be,RA,Registration - Amendment,2025,first_quarter,1st Quarter (Jan 1 - Mar 31),,2025-01-13 15:29:40,2026-03-07 10:20:17.061220,,,,,Bert Gomez,https://lda.senate.gov/api/v1/filings/0e7afce6-6b3c-4db4-8a3c-d35f302483be/,248,1380
1168,2385a225-af53-4e3c-ac11-f39b30028d5c,RR,Registration,2026,first_quarter,1st Quarter (Jan 1 - Mar 31),,2026-02-27 09:22:44,2026-03-07 02:52:44.605913,,,,,Beth Anne Cole,https://lda.senate.gov/api/v1/filings/2385a225-af53-4e3c-ac11-f39b30028d5c/,69,1142
1169,20133e2f-a545-43a2-bfbe-0c69c3afe7bc,RR,Registration,2026,first_quarter,1st Quarter (Jan 1 - Mar 31),,2026-02-27 09:26:57,2026-03-07 02:52:44.615594,,,,,Beth Anne Cole,https://lda.senate.gov/api/v1/filings/20133e2f-a545-43a2-bfbe-0c69c3afe7bc/,69,1143
2569,75f123af-3518-4170-946d-6f2e580fc8ef,RR,Registration,2025,first_quarter,1st Quarter (Jan 1 - Mar 31),,2025-03-10 12:21:04,2026-03-07 10:21:30.386659,,,,,Brian Kelly,https://lda.senate.gov/api/v1/filings/75f123af-3518-4170-946d-6f2e580fc8ef/,342,659
1170,50d63548-d680-43ea-bb14-8378d4c05769,RR,Registration,2026,first_quarter,1st Quarter (Jan 1 - Mar 31),,2026-02-27 09:30:28,2026-03-07 02:52:44.625623,,,,,Beth Anne Cole,https://lda.senate.gov/api/v1/filings/50d63548-d680-43ea-bb14-8378d4c05769/,69,1144
1171,286bc6b9-c7a7-4335-ba55-70d3b764b863,RR,Registration,2026,first_quarter,1st Quarter (Jan 1 - Mar 31),,2026-02-27 09:36:41,2026-03-07 02:52:44.633014,,,,,Laura Joshua,https://lda.senate.gov/api/v1/filings/286bc6b9-c7a7-4335-ba55-70d3b764b863/,432,1145
1172,f94ff7ad-0503-4ea2-8c3c-871d07cc3434,RR,Registration,2026,first_quarter,1st Quarter (Jan 1 - Mar 31),,2026-02-27 10:56:00,2026-03-07 02:52:44.638900,,,,,E. Ashley Hoy,https://lda.senate.gov/api/v1/filings/f94ff7ad-0503-4ea2-8c3c-871d07cc3434/,448,1146
1173,3ab63dab-4b8b-4f5a-a5b8-21036b414537,RR,Registration,2026,first_quarter,1st Quarter (Jan 1 - Mar 31),,2026-02-27 11:03:56,2026-03-07 02:52:44.645242,,,,,Stacey Scholl,https://lda.senate.gov/api/v1/filings/3ab63dab-4b8b-4f5a-a5b8-21036b414537/,254,1147
1174,972f5d47-1a1d-4284-8f21-f484f1f6e317,RR,Registration,2026,first_quarter,1st Quarter (Jan 1 - Mar 31),,2026-02-27 11:24:21,2026-03-07 02:52:44.651568,,,,,Sara Nuvy,https://lda.senate.gov/api/v1/filings/972f5d47-1a1d-4284-8f21-f484f1f6e317/,48,1148
1175,5b324631-b9e7-4b4e-bebe-cc2e66d649fb,RR,Registration,2026,first_quarter,1st Quarter (Jan 1 - Mar 31),,2026-02-27 11:36:00,2026-03-07 02:52:44.656419,,,,,Sara Nuvy,https://lda.senate.gov/api/v1/filings/5b324631-b9e7-4b4e-bebe-cc2e66d649fb/,48,1149
1179,9ad37052-299e-4c61-ba2c-30b6d9033a89,RR,Registration,2026,first_quarter,1st Quarter (Jan 1 - Mar 31),,2026-02-27 15:38:58,2026-03-07 02:52:46.296825,,,,,Jeffrey Munk,https://lda.senate.gov/api/v1/filings/9ad37052-299e-4c61-ba2c-30b6d9033a89/,528,1153
1831,7ee742a1-1202-4da8-9dc6-10883d394d19,RA,Registration - Amendment,2025,first_quarter,1st Quarter (Jan 1 - Mar 31),,2025-02-10 14:44:54,2026-03-07 10:20:45.059670,,,,,Jennifer Holmes,https://lda.senate.gov/api/v1/filings/7ee742a1-1202-4da8-9dc6-10883d394d19/,264,1786
1411,e24488a0-d8f9-414f-94ad-e1f2cb3ddd6a,RR,Registration,2025,first_quarter,1st Quarter (Jan 1 - Mar 31),,2025-01-13 15:32:07,2026-03-07 10:20:17.066575,,,,,Brittany Conrad,https://lda.senate.gov/api/v1/filings/e24488a0-d8f9-414f-94ad-e1f2cb3ddd6a/,599,1381
1180,25e3f719-9a5c-4752-822c-fb2a9f2660e9,RR,Registration,2026,first_quarter,1st Quarter (Jan 1 - Mar 31),,2026-02-27 16:05:05,2026-03-07 02:52:46.303621,,,,,Joshua Michael Prest,https://lda.senate.gov/api/v1/filings/25e3f719-9a5c-4752-822c-fb2a9f2660e9/,495,1154
2758,2cfff5c5-fe84-4555-9b83-59cf1f19c9a9,RA,Registration - Amendment,2025,first_quarter,1st Quarter (Jan 1 - Mar 31),,2025-03-17 09:29:21,2026-03-07 10:21:43.302557,,,,,Regina Mendes-Doman,https://lda.senate.gov/api/v1/filings/2cfff5c5-fe84-4555-9b83-59cf1f19c9a9/,589,2351
1181,dcefddf8-60b1-4e6c-973c-bd5ae32aff3f,RR,Registration,2026,first_quarter,1st Quarter (Jan 1 - Mar 31),,2026-02-27 16:15:14,2026-03-07 02:52:46.309169,,,,,Bryan Shuy,https://lda.senate.gov/api/v1/filings/dcefddf8-60b1-4e6c-973c-bd5ae32aff3f/,529,1155
1412,b798ccb2-4d67-4d35-b69e-1cdf53319864,RR,Registration,2025,first_quarter,1st Quarter (Jan 1 - Mar 31),,2025-01-13 15:54:08,2026-03-07 10:20:17.072399,,,,,John Culton,https://lda.senate.gov/api/v1/filings/b798ccb2-4d67-4d35-b69e-1cdf53319864/,313,1382
1832,c4ca5035-755a-4ed7-8b6c-0c8b78c5611f,RR,Registration,2025,first_quarter,1st Quarter (Jan 1 - Mar 31),,2025-02-10 14:54:42,2026-03-07 10:20:45.064240,,,,,Jordan Hall,https://lda.senate.gov/api/v1/filings/c4ca5035-755a-4ed7-8b6c-0c8b78c5611f/,724,1787
1182,ae05ca20-27c5-428b-ad87-18e1da87b115,RR,Registration,2026,first_quarter,1st Quarter (Jan 1 - Mar 31),,2026-02-27 16:40:45,2026-03-07 02:52:46.314483,,,,,"Steve Roberts, Attorney & Agent for Filer",https://lda.senate.gov/api/v1/filings/ae05ca20-27c5-428b-ad87-18e1da87b115/,262,1156
1413,50f55ee3-708b-45fd-a1e3-6ab624a63abc,RR,Registration,2025,first_quarter,1st Quarter (Jan 1 - Mar 31),,2025-01-13 16:07:22,2026-03-07 10:20:17.077556,,,,,John Culton,https://lda.senate.gov/api/v1/filings/50f55ee3-708b-45fd-a1e3-6ab624a63abc/,313,1383
1183,6fc5bd99-e522-496b-9f57-df6f74d12a49,RR,Registration,2026,first_quarter,1st Quarter (Jan 1 - Mar 31),,2026-02-27 16:50:33,2026-03-07 02:52:46.320313,,,,,"Steve Roberts, Attorney & Agent for Filer",https://lda.senate.gov/api/v1/filings/6fc5bd99-e522-496b-9f57-df6f74d12a49/,262,1157
1833,3669fb30-d502-46b9-b738-401e5b040a2e,RA,Registration - Amendment,2025,first_quarter,1st Quarter (Jan 1 - Mar 31),,2025-02-10 15:01:27,2026-03-07 10:20:45.069786,,,,,Chris Jones,https://lda.senate.gov/api/v1/filings/3669fb30-d502-46b9-b738-401e5b040a2e/,336,1788
1184,6b0f3443-50af-4ec1-944e-3fcd4c782d3d,RR,Registration,2026,first_quarter,1st Quarter (Jan 1 - Mar 31),,2026-02-27 17:25:52,2026-03-07 02:52:46.327416,,,,,Michael A Clauser,https://lda.senate.gov/api/v1/filings/6b0f3443-50af-4ec1-944e-3fcd4c782d3d/,24,1158
1414,9bf90099-5b4d-4c3a-9fb2-a186189c92c6,RR,Registration,2025,first_quarter,1st Quarter (Jan 1 - Mar 31),,2025-01-13 21:34:13,2026-03-07 10:20:17.082256,,,,,Phil Maxson,https://lda.senate.gov/api/v1/filings/9bf90099-5b4d-4c3a-9fb2-a186189c92c6/,600,1384
1185,6a1f8c49-df98-48ad-85fe-ef634b5da06f,RR,Registration,2026,first_quarter,1st Quarter (Jan 1 - Mar 31),,2026-02-27 17:30:03,2026-03-07 02:52:46.332822,,,,,Michael A Clauser,https://lda.senate.gov/api/v1/filings/6a1f8c49-df98-48ad-85fe-ef634b5da06f/,24,1159
1415,aa78f8fd-3392-4a53-abf6-ba906fdccf57,RR,Registration,2025,first_quarter,1st Quarter (Jan 1 - Mar 31),,2025-01-14 09:53:08,2026-03-07 10:20:17.086757,,,,,James J. Jochum,https://lda.senate.gov/api/v1/filings/aa78f8fd-3392-4a53-abf6-ba906fdccf57/,601,1385
1186,915d5743-0351-400a-a89a-ecb74d0c6c18,RR,Registration,2026,first_quarter,1st Quarter (Jan 1 - Mar 31),,2026-02-27 18:37:43,2026-03-07 02:52:46.338551,,,,,Eric Snelgrove,https://lda.senate.gov/api/v1/filings/915d5743-0351-400a-a89a-ecb74d0c6c18/,22,1160
1187,a585e725-e37d-4289-992a-e7a4aef21912,RR,Registration,2026,first_quarter,1st Quarter (Jan 1 - Mar 31),,2026-02-27 18:52:19,2026-03-07 02:52:46.343797,,,,,Eric Snelgrove,https://lda.senate.gov/api/v1/filings/a585e725-e37d-4289-992a-e7a4aef21912/,22,1161
1416,ed231aa7-8506-4a09-83cd-10f61f165b5c,RA,Registration - Amendment,2025,first_quarter,1st Quarter (Jan 1 - Mar 31),,2025-01-14 10:44:48,2026-03-07 10:20:17.092144,,,,,Thomas Stapleton,https://lda.senate.gov/api/v1/filings/ed231aa7-8506-4a09-83cd-10f61f165b5c/,602,1386
1188,09f8841d-211f-428e-9097-539ffd6f46c1,RR,Registration,2026,first_quarter,1st Quarter (Jan 1 - Mar 31),,2026-02-27 18:56:51,2026-03-07 02:52:46.348372,,,,,Eric Snelgrove,https://lda.senate.gov/api/v1/filings/09f8841d-211f-428e-9097-539ffd6f46c1/,22,1162
1417,8cf7b00b-8ec0-44d6-ac32-03527c017d86,RR,Registration,2025,first_quarter,1st Quarter (Jan 1 - Mar 31),,2025-01-14 11:43:24,2026-03-07 10:20:17.097135,,,,,Christine R. Mistr,https://lda.senate.gov/api/v1/filings/8cf7b00b-8ec0-44d6-ac32-03527c017d86/,518,1387
1189,b10c18c4-e77b-457f-a550-e6f3032b9b64,RR,Registration,2026,first_quarter,1st Quarter (Jan 1 - Mar 31),,2026-02-27 19:01:25,2026-03-07 02:52:46.353440,,,,,Eric Snelgrove,https://lda.senate.gov/api/v1/filings/b10c18c4-e77b-457f-a550-e6f3032b9b64/,22,1163
1190,8ef30d14-2c89-4488-8315-7311b8b1a4be,RR,Registration,2026,first_quarter,1st Quarter (Jan 1 - Mar 31),,2026-02-28 07:05:45,2026-03-07 02:52:46.358108,,,,,Tom Murphy,https://lda.senate.gov/api/v1/filings/8ef30d14-2c89-4488-8315-7311b8b1a4be/,282,1164
1191,fce6a1bb-262b-4d4b-b26d-a7720287645f,RR,Registration,2026,first_quarter,1st Quarter (Jan 1 - Mar 31),,2026-02-28 07:17:25,2026-03-07 02:52:46.363270,,,,,Tom Murphy,https://lda.senate.gov/api/v1/filings/fce6a1bb-262b-4d4b-b26d-a7720287645f/,282,1165
1192,978b9c52-02fc-436b-a120-67f7ee36e98f,RR,Registration,2026,first_quarter,1st Quarter (Jan 1 - Mar 31),,2026-02-28 07:23:56,2026-03-07 02:52:46.369643,,,,,Tom Murphy,https://lda.senate.gov/api/v1/filings/978b9c52-02fc-436b-a120-67f7ee36e98f/,282,1166
1193,182b09b0-3cca-4024-8529-66ab210326ec,RR,Registration,2026,first_quarter,1st Quarter (Jan 1 - Mar 31),,2026-02-28 07:33:30,2026-03-07 02:52:46.374787,,,,,Tom Murphy,https://lda.senate.gov/api/v1/filings/182b09b0-3cca-4024-8529-66ab210326ec/,282,1167
1194,f5fb2793-3cdc-405c-a1d3-261edc2f1968,RR,Registration,2026,first_quarter,1st Quarter (Jan 1 - Mar 31),,2026-02-28 07:39:36,2026-03-07 02:52:46.379565,,,,,Tom Murphy,https://lda.senate.gov/api/v1/filings/f5fb2793-3cdc-405c-a1d3-261edc2f1968/,282,1168
1195,67db71c1-42c9-4ed9-92fb-0ddd53a70753,1T,1st Quarter - Termination,2026,first_quarter,1st Quarter (Jan 1 - Mar 31),,2026-02-28 10:40:51,2026-03-07 02:52:46.384009,20000.0,,,,Judith A Hafner,https://lda.senate.gov/api/v1/filings/67db71c1-42c9-4ed9-92fb-0ddd53a70753/,530,1169
1196,f0026802-9b34-4f92-9896-9c15ddadda0c,1T,1st Quarter - Termination,2026,first_quarter,1st Quarter (Jan 1 - Mar 31),,2026-02-28 10:42:04,2026-03-07 02:52:46.389692,20000.0,,,,Judith Hafner,https://lda.senate.gov/api/v1/filings/f0026802-9b34-4f92-9896-9c15ddadda0c/,530,1170
2759,4caa11d8-b6bd-4e5c-a6b5-01d4c6ebb639,RR,Registration,2025,first_quarter,1st Quarter (Jan 1 - Mar 31),,2025-03-17 09:50:56,2026-03-07 10:21:43.306690,,,,,"William Minor, Partner",https://lda.senate.gov/api/v1/filings/4caa11d8-b6bd-4e5c-a6b5-01d4c6ebb639/,64,2669
1197,77d87955-19fe-4864-bcc7-08363d23301f,1T,1st Quarter - Termination,2026,first_quarter,1st Quarter (Jan 1 - Mar 31),,2026-02-28 12:41:19,2026-03-07 02:52:46.394578,,,,,Harper Jean Tobin,https://lda.senate.gov/api/v1/filings/77d87955-19fe-4864-bcc7-08363d23301f/,531,1171
1418,a46784b3-9922-4403-b7a8-b72bacb1514f,RR,Registration,2025,first_quarter,1st Quarter (Jan 1 - Mar 31),,2025-01-14 13:28:01,2026-03-07 10:20:17.102589,,,,,Alia Cardwell,https://lda.senate.gov/api/v1/filings/a46784b3-9922-4403-b7a8-b72bacb1514f/,348,1388
1834,e8f4143a-008b-4fbd-9fb3-a08faa58d463,RR,Registration,2025,first_quarter,1st Quarter (Jan 1 - Mar 31),,2025-02-10 15:25:13,2026-03-07 10:20:45.074072,,,,,Cristina Cantens,https://lda.senate.gov/api/v1/filings/e8f4143a-008b-4fbd-9fb3-a08faa58d463/,32,1789
1198,3ea040ac-fb26-4547-a245-02bdde82878c,RR,Registration,2026,first_quarter,1st Quarter (Jan 1 - Mar 31),,2026-02-28 14:23:52,2026-03-07 02:52:46.401254,,,,,Chadwick Carlough,https://lda.senate.gov/api/v1/filings/3ea040ac-fb26-4547-a245-02bdde82878c/,532,1172
1419,1b1e0584-7e23-4f4d-a41d-141aa86190b8,Q1,1st Quarter - Report,2025,first_quarter,1st Quarter (Jan 1 - Mar 31),,2025-01-14 14:52:17,2026-03-07 10:20:17.106926,,100000.0,A,A,Ryan Shay,https://lda.senate.gov/api/v1/filings/1b1e0584-7e23-4f4d-a41d-141aa86190b8/,603,1389
1199,240933ad-e6d0-4eae-8bbb-6fccdb0d2c0c,RR,Registration,2026,first_quarter,1st Quarter (Jan 1 - Mar 31),,2026-02-28 14:36:35,2026-03-07 02:52:46.407335,,,,,Chadwick Carlough,https://lda.senate.gov/api/v1/filings/240933ad-e6d0-4eae-8bbb-6fccdb0d2c0c/,532,1173
1835,47756fe5-c755-4156-ba4c-fe4908b7e27e,RR,Registration,2025,first_quarter,1st Quarter (Jan 1 - Mar 31),,2025-02-10 15:40:46,2026-03-07 10:20:45.078831,,,,,Cristina Cantens,https://lda.senate.gov/api/v1/filings/47756fe5-c755-4156-ba4c-fe4908b7e27e/,32,1790
1200,1a3cc39b-07b4-464a-b8d2-dfcd67096daf,RR,Registration,2026,first_quarter,1st Quarter (Jan 1 - Mar 31),,2026-02-28 14:48:38,2026-03-07 02:52:46.412927,,,,,Chadwick Carlough,https://lda.senate.gov/api/v1/filings/1a3cc39b-07b4-464a-b8d2-dfcd67096daf/,532,1174
1420,19a0413c-8de0-48fa-925b-4a7b1168d568,RR,Registration,2025,first_quarter,1st Quarter (Jan 1 - Mar 31),,2025-01-14 18:11:51,2026-03-07 10:20:17.112651,,,,,Phillip Wallace,https://lda.senate.gov/api/v1/filings/19a0413c-8de0-48fa-925b-4a7b1168d568/,604,1390
1201,79d69700-2086-4094-ac54-a3cd5fb41ed9,RR,Registration,2026,first_quarter,1st Quarter (Jan 1 - Mar 31),,2026-02-28 20:06:26,2026-03-07 02:52:47.840887,,,,,David Friedman,https://lda.senate.gov/api/v1/filings/79d69700-2086-4094-ac54-a3cd5fb41ed9/,533,1175
1421,82e02b16-2faf-41a9-b9d0-cdde2cb01d8e,RR,Registration,2025,first_quarter,1st Quarter (Jan 1 - Mar 31),,2025-01-15 12:51:56,2026-03-07 10:20:17.117377,,,,,Amy Blunt,https://lda.senate.gov/api/v1/filings/82e02b16-2faf-41a9-b9d0-cdde2cb01d8e/,382,1391
1202,e991f778-66e8-41f6-8594-49efa3569702,Q1Y,1st Quarter - Report (No Activity),2026,first_quarter,1st Quarter (Jan 1 - Mar 31),,2026-03-01 09:27:41,2026-03-07 02:52:47.847121,,,,,Earl Stockdale,https://lda.senate.gov/api/v1/filings/e991f778-66e8-41f6-8594-49efa3569702/,534,1176
1836,840a6acc-f6bb-4aa8-b1f6-a69234077370,RR,Registration,2025,first_quarter,1st Quarter (Jan 1 - Mar 31),,2025-02-10 15:57:09,2026-03-07 10:20:45.083553,,,,,Solveig Monson,https://lda.senate.gov/api/v1/filings/840a6acc-f6bb-4aa8-b1f6-a69234077370/,386,1791
1203,fc630a3b-ff2f-41ac-ac29-c557a0a11524,Q1,1st Quarter - Report,2026,first_quarter,1st Quarter (Jan 1 - Mar 31),,2026-03-01 10:17:52,2026-03-07 02:52:47.851933,10000.0,,,,Earl Stockdale,https://lda.senate.gov/api/v1/filings/fc630a3b-ff2f-41ac-ac29-c557a0a11524/,534,1177
1422,2fa27e61-a2d4-4c84-83c7-7fd85d455c6d,RR,Registration,2025,first_quarter,1st Quarter (Jan 1 - Mar 31),,2025-01-15 12:57:12,2026-03-07 10:20:17.122562,,,,,Amy Blunt,https://lda.senate.gov/api/v1/filings/2fa27e61-a2d4-4c84-83c7-7fd85d455c6d/,382,1392
1204,3eefe72e-7932-4585-bd4f-a053bd6c27aa,RR,Registration,2026,first_quarter,1st Quarter (Jan 1 - Mar 31),,2026-03-02 08:19:05,2026-03-07 02:52:47.856762,,,,,Eric Snelgrove,https://lda.senate.gov/api/v1/filings/3eefe72e-7932-4585-bd4f-a053bd6c27aa/,22,1178
1423,ababb989-468d-4bdf-8226-5299bce4bdb5,RR,Registration,2025,first_quarter,1st Quarter (Jan 1 - Mar 31),,2025-01-15 13:01:40,2026-03-07 10:20:17.127264,,,,,Amy Blunt,https://lda.senate.gov/api/v1/filings/ababb989-468d-4bdf-8226-5299bce4bdb5/,382,1393
1205,e78a7d53-cdc2-4370-a431-b07e3e5226bf,RA,Registration - Amendment,2026,first_quarter,1st Quarter (Jan 1 - Mar 31),,2026-03-02 08:25:54,2026-03-07 02:52:47.861468,,,,,Jonathan Nabavi,https://lda.senate.gov/api/v1/filings/e78a7d53-cdc2-4370-a431-b07e3e5226bf/,242,467
1206,fb1b75de-cb6c-46a8-b475-6136ab23535b,RR,Registration,2026,first_quarter,1st Quarter (Jan 1 - Mar 31),,2026-03-02 11:44:49,2026-03-07 02:52:47.866366,,,,,Kamran Daravi,https://lda.senate.gov/api/v1/filings/fb1b75de-cb6c-46a8-b475-6136ab23535b/,535,1179
1207,a461b587-5661-4bfe-b645-bdba3a3f6e4e,RR,Registration,2026,first_quarter,1st Quarter (Jan 1 - Mar 31),,2026-03-02 11:59:38,2026-03-07 02:52:47.871727,,,,,Charlie Taylor,https://lda.senate.gov/api/v1/filings/a461b587-5661-4bfe-b645-bdba3a3f6e4e/,61,1180
1208,c5d679bf-e490-4e74-ae47-024be2cb30f4,RR,Registration,2026,first_quarter,1st Quarter (Jan 1 - Mar 31),,2026-03-02 13:28:37,2026-03-07 02:52:47.876656,,,,,Jean Louis,https://lda.senate.gov/api/v1/filings/c5d679bf-e490-4e74-ae47-024be2cb30f4/,536,1181
1209,218750aa-96a6-4823-a935-f2a3164f778c,RA,Registration - Amendment,2026,first_quarter,1st Quarter (Jan 1 - Mar 31),,2026-03-02 14:12:53,2026-03-07 02:52:47.881685,,,,,Kenneth Swab,https://lda.senate.gov/api/v1/filings/218750aa-96a6-4823-a935-f2a3164f778c/,290,1182
1210,339d0a7e-f2a6-4b07-b5c6-3820ca9382c4,RR,Registration,2026,first_quarter,1st Quarter (Jan 1 - Mar 31),,2026-03-02 14:36:27,2026-03-07 02:52:47.885951,,,,,Charlie Taylor,https://lda.senate.gov/api/v1/filings/339d0a7e-f2a6-4b07-b5c6-3820ca9382c4/,61,1183
1211,609f6fb7-bdb4-4e78-a0bd-022a95fa1100,RR,Registration,2026,first_quarter,1st Quarter (Jan 1 - Mar 31),,2026-03-02 14:40:59,2026-03-07 02:52:47.891967,,,,,Charlie Taylor,https://lda.senate.gov/api/v1/filings/609f6fb7-bdb4-4e78-a0bd-022a95fa1100/,61,1184
1212,4e0ea078-50f4-45ca-9fb4-6b9eaf8ac669,1TY,1st Quarter - Termination (No Activity),2026,first_quarter,1st Quarter (Jan 1 - Mar 31),,2026-03-02 14:55:08,2026-03-07 02:52:47.898019,,,,,Paul Lowell,https://lda.senate.gov/api/v1/filings/4e0ea078-50f4-45ca-9fb4-6b9eaf8ac669/,13,1185
1213,95f91b78-b5e2-4fac-b34a-cf5a0b6e0242,RR,Registration,2026,first_quarter,1st Quarter (Jan 1 - Mar 31),,2026-03-02 15:33:40,2026-03-07 02:52:47.904047,,,,,Robert M Meissner,https://lda.senate.gov/api/v1/filings/95f91b78-b5e2-4fac-b34a-cf5a0b6e0242/,537,1186
1214,56ae9f46-9d04-4615-a722-81699a0e40c2,RR,Registration,2026,first_quarter,1st Quarter (Jan 1 - Mar 31),,2026-03-02 15:39:15,2026-03-07 02:52:47.909756,,,,,"William Moschella, Attorney at Law",https://lda.senate.gov/api/v1/filings/56ae9f46-9d04-4615-a722-81699a0e40c2/,16,1187
1215,3181b378-4290-4fcc-b271-bee0d19f3a62,RR,Registration,2026,first_quarter,1st Quarter (Jan 1 - Mar 31),,2026-03-02 15:53:13,2026-03-07 02:52:47.914662,,,,,Alexis Searfoss,https://lda.senate.gov/api/v1/filings/3181b378-4290-4fcc-b271-bee0d19f3a62/,305,1188
1424,9539e47b-b344-411f-baa0-dc7a93c5f493,RR,Registration,2025,first_quarter,1st Quarter (Jan 1 - Mar 31),,2025-01-15 17:39:58,2026-03-07 10:20:17.131648,,,,,James Connick,https://lda.senate.gov/api/v1/filings/9539e47b-b344-411f-baa0-dc7a93c5f493/,605,1394
1216,a40296a4-0c2f-4e5a-9665-8c1f655099d1,RR,Registration,2026,first_quarter,1st Quarter (Jan 1 - Mar 31),,2026-03-02 15:54:29,2026-03-07 02:52:47.921640,,,,,Matt Sandgren,https://lda.senate.gov/api/v1/filings/a40296a4-0c2f-4e5a-9665-8c1f655099d1/,538,1189
1425,cb9dcf1d-9498-4568-9750-506452ebf3e8,RR,Registration,2025,first_quarter,1st Quarter (Jan 1 - Mar 31),,2025-01-15 17:45:36,2026-03-07 10:20:17.136654,,,,,James Connick,https://lda.senate.gov/api/v1/filings/cb9dcf1d-9498-4568-9750-506452ebf3e8/,605,1395
1217,8ac58682-a6c2-4deb-95e4-20fa3ccb06d1,1TY,1st Quarter - Termination (No Activity),2026,first_quarter,1st Quarter (Jan 1 - Mar 31),,2026-03-02 15:59:27,2026-03-07 02:52:47.927457,,,,,George Sorial,https://lda.senate.gov/api/v1/filings/8ac58682-a6c2-4deb-95e4-20fa3ccb06d1/,539,1190
1218,92d59e66-cdbb-48a5-a7cf-4cadd0cf5a2a,RA,Registration - Amendment,2026,first_quarter,1st Quarter (Jan 1 - Mar 31),,2026-03-02 16:03:23,2026-03-07 02:52:47.932143,,,,,Gabe Neville,https://lda.senate.gov/api/v1/filings/92d59e66-cdbb-48a5-a7cf-4cadd0cf5a2a/,540,1191
2570,5b5b34b9-8a68-4c24-96e3-df296733323d,RR,Registration,2025,first_quarter,1st Quarter (Jan 1 - Mar 31),,2025-03-10 12:24:24,2026-03-07 10:21:30.391792,,,,,Brian Kelly,https://lda.senate.gov/api/v1/filings/5b5b34b9-8a68-4c24-96e3-df296733323d/,342,2490
1219,bd956646-77ba-431b-b82e-d26fbc6721a0,RR,Registration,2026,first_quarter,1st Quarter (Jan 1 - Mar 31),,2026-03-02 16:09:26,2026-03-07 02:52:47.937135,,,,,Christos Marafatsos,https://lda.senate.gov/api/v1/filings/bd956646-77ba-431b-b82e-d26fbc6721a0/,449,1192
1220,5395c108-3e11-46c4-bb06-f38457cff51e,RR,Registration,2026,first_quarter,1st Quarter (Jan 1 - Mar 31),,2026-03-02 16:12:04,2026-03-07 02:52:47.943122,,,,,"Claire P. Kaiser, Senior Managing Director",https://lda.senate.gov/api/v1/filings/5395c108-3e11-46c4-bb06-f38457cff51e/,541,1193
1221,c9cb5ae1-5448-40b7-8cc2-00927a5b951a,RR,Registration,2026,first_quarter,1st Quarter (Jan 1 - Mar 31),,2026-03-02 16:28:21,2026-03-07 02:52:47.949712,,,,,Alexis Searfoss,https://lda.senate.gov/api/v1/filings/c9cb5ae1-5448-40b7-8cc2-00927a5b951a/,305,1194
1222,a5d2718d-bcda-4c1b-a735-30f3f247063a,RR,Registration,2026,first_quarter,1st Quarter (Jan 1 - Mar 31),,2026-03-02 16:37:51,2026-03-07 02:52:47.955251,,,,,Ryan Vassar,https://lda.senate.gov/api/v1/filings/a5d2718d-bcda-4c1b-a735-30f3f247063a/,283,1195
1223,5c35f4ba-0f93-4045-b129-3fb10407ac8c,RR,Registration,2026,first_quarter,1st Quarter (Jan 1 - Mar 31),,2026-03-02 16:42:37,2026-03-07 02:52:47.960430,,,,,Ryan Vassar,https://lda.senate.gov/api/v1/filings/5c35f4ba-0f93-4045-b129-3fb10407ac8c/,283,1196
1224,7a55ab43-e70f-4b0d-898a-29ce4a16397d,RR,Registration,2026,first_quarter,1st Quarter (Jan 1 - Mar 31),,2026-03-02 16:46:06,2026-03-07 02:52:47.965477,,,,,Ryan Vassar,https://lda.senate.gov/api/v1/filings/7a55ab43-e70f-4b0d-898a-29ce4a16397d/,283,1197
1225,ece5fda7-8252-4bd5-bd57-72a07ba666ad,RR,Registration,2026,first_quarter,1st Quarter (Jan 1 - Mar 31),,2026-03-02 16:49:53,2026-03-07 02:52:47.970960,,,,,Ryan Vassar,https://lda.senate.gov/api/v1/filings/ece5fda7-8252-4bd5-bd57-72a07ba666ad/,283,1198
1226,d8a82961-2481-40fa-86a4-8ea381affae4,RR,Registration,2026,first_quarter,1st Quarter (Jan 1 - Mar 31),,2026-03-02 16:52:49,2026-03-07 02:52:49.188715,,,,,Ryan Vassar,https://lda.senate.gov/api/v1/filings/d8a82961-2481-40fa-86a4-8ea381affae4/,283,1199
1227,05eecf40-a420-4eb8-86e4-1067fb45ae43,RR,Registration,2026,first_quarter,1st Quarter (Jan 1 - Mar 31),,2026-03-02 16:53:21,2026-03-07 02:52:49.193629,,,,,"William Moschella, Attorney at Law",https://lda.senate.gov/api/v1/filings/05eecf40-a420-4eb8-86e4-1067fb45ae43/,16,1200
1228,44740dca-39ba-49c3-a5a9-e395043058e5,RR,Registration,2026,first_quarter,1st Quarter (Jan 1 - Mar 31),,2026-03-02 16:55:46,2026-03-07 02:52:49.198512,,,,,Ryan Vassar,https://lda.senate.gov/api/v1/filings/44740dca-39ba-49c3-a5a9-e395043058e5/,283,1201
1229,607bcf96-6915-481a-8281-3aa073a1960b,RR,Registration,2026,first_quarter,1st Quarter (Jan 1 - Mar 31),,2026-03-02 16:58:08,2026-03-07 02:52:49.203012,,,,,"William Moschella, Attorney at Law",https://lda.senate.gov/api/v1/filings/607bcf96-6915-481a-8281-3aa073a1960b/,16,1202
1230,c40dbd0d-892e-4045-ae97-a3c295b6eb0c,RR,Registration,2026,first_quarter,1st Quarter (Jan 1 - Mar 31),,2026-03-02 16:58:32,2026-03-07 02:52:49.208042,,,,,Ryan Vassar,https://lda.senate.gov/api/v1/filings/c40dbd0d-892e-4045-ae97-a3c295b6eb0c/,283,1203
1231,822481d9-99ed-4172-b7f7-eb282b8c41af,RR,Registration,2026,first_quarter,1st Quarter (Jan 1 - Mar 31),,2026-03-02 17:02:56,2026-03-07 02:52:49.212779,,,,,Ryan Vassar,https://lda.senate.gov/api/v1/filings/822481d9-99ed-4172-b7f7-eb282b8c41af/,283,1204
1232,207dd207-7077-48ad-b05b-4ea232891c04,RR,Registration,2026,first_quarter,1st Quarter (Jan 1 - Mar 31),,2026-03-02 17:06:13,2026-03-07 02:52:49.217548,,,,,Ryan Vassar,https://lda.senate.gov/api/v1/filings/207dd207-7077-48ad-b05b-4ea232891c04/,283,1205
1233,1216e485-a27a-41c5-b1fd-744bcc80b1c3,RA,Registration - Amendment,2026,first_quarter,1st Quarter (Jan 1 - Mar 31),,2026-03-02 17:10:17,2026-03-07 02:52:49.222005,,,,,Timothy Hite,https://lda.senate.gov/api/v1/filings/1216e485-a27a-41c5-b1fd-744bcc80b1c3/,483,1000
1234,8190b9e1-a6f7-4fb3-90d2-4369347cdbdb,RR,Registration,2026,first_quarter,1st Quarter (Jan 1 - Mar 31),,2026-03-02 17:15:12,2026-03-07 02:52:49.226452,,,,,"William Moschella, Attorney at Law",https://lda.senate.gov/api/v1/filings/8190b9e1-a6f7-4fb3-90d2-4369347cdbdb/,16,1206
1235,d3e66b22-538b-44de-920e-200eb08b5f54,RR,Registration,2026,first_quarter,1st Quarter (Jan 1 - Mar 31),,2026-03-02 17:15:54,2026-03-07 02:52:49.231331,,,,,Stephen W Miller,https://lda.senate.gov/api/v1/filings/d3e66b22-538b-44de-920e-200eb08b5f54/,542,1207
1236,d705c85e-dd3b-492e-90a4-d8ce68d523ed,RR,Registration,2026,first_quarter,1st Quarter (Jan 1 - Mar 31),,2026-03-02 17:27:55,2026-03-07 02:52:49.238697,,,,,"William Moschella, Attorney at Law",https://lda.senate.gov/api/v1/filings/d705c85e-dd3b-492e-90a4-d8ce68d523ed/,16,1208
1260,96e1ad72-61af-4433-97a8-ceb51346bc68,RA,Registration - Amendment,2026,first_quarter,1st Quarter (Jan 1 - Mar 31),,2026-03-03 14:21:23,2026-03-07 02:52:50.752624,,,,,Steven J. Duffield,https://lda.senate.gov/api/v1/filings/96e1ad72-61af-4433-97a8-ceb51346bc68/,550,1231
1261,74c1ebb6-664a-4068-bc3a-a687f9885a2a,RR,Registration,2026,first_quarter,1st Quarter (Jan 1 - Mar 31),,2026-03-03 14:25:22,2026-03-07 02:52:50.758310,,,,,Catherine Johnson,https://lda.senate.gov/api/v1/filings/74c1ebb6-664a-4068-bc3a-a687f9885a2a/,551,1232
1262,26881819-d582-4a3e-9fc9-5dc6a8344aa5,RR,Registration,2026,first_quarter,1st Quarter (Jan 1 - Mar 31),,2026-03-03 15:15:21,2026-03-07 02:52:50.764876,,,,,Beth Anne Cole,https://lda.senate.gov/api/v1/filings/26881819-d582-4a3e-9fc9-5dc6a8344aa5/,69,1233
1263,5568cdd3-6c86-468d-9f7a-67f10ea1d2a0,RR,Registration,2026,first_quarter,1st Quarter (Jan 1 - Mar 31),,2026-03-03 15:19:47,2026-03-07 02:52:50.770371,,,,,Beth Anne Cole,https://lda.senate.gov/api/v1/filings/5568cdd3-6c86-468d-9f7a-67f10ea1d2a0/,69,1234
1264,bcfadfbb-c3f0-4192-b489-121189dbc91b,RR,Registration,2026,first_quarter,1st Quarter (Jan 1 - Mar 31),,2026-03-03 16:39:53,2026-03-07 02:52:50.775481,,,,,Jarrod Loadholt,https://lda.senate.gov/api/v1/filings/bcfadfbb-c3f0-4192-b489-121189dbc91b/,279,1235
1237,c04405d4-6803-4c14-b865-0ff63c05411f,RR,Registration,2026,first_quarter,1st Quarter (Jan 1 - Mar 31),,2026-03-02 17:50:11,2026-03-07 02:52:49.244317,,,,,LaMar Holliday,https://lda.senate.gov/api/v1/filings/c04405d4-6803-4c14-b865-0ff63c05411f/,543,1209
1426,f06a0290-dc05-463d-a84e-64d53538438c,RR,Registration,2025,first_quarter,1st Quarter (Jan 1 - Mar 31),,2025-01-15 17:49:25,2026-03-07 10:20:18.644318,,,,,James Connick,https://lda.senate.gov/api/v1/filings/f06a0290-dc05-463d-a84e-64d53538438c/,605,1396
1837,5bbd3d06-4026-421e-a3a2-2d317ff9b05b,RR,Registration,2025,first_quarter,1st Quarter (Jan 1 - Mar 31),,2025-02-10 16:11:57,2026-03-07 10:20:45.091454,,,,,Solveig Monson,https://lda.senate.gov/api/v1/filings/5bbd3d06-4026-421e-a3a2-2d317ff9b05b/,386,1792
1238,22e47eda-91de-4efb-839a-91cdaefa653d,RR,Registration,2026,first_quarter,1st Quarter (Jan 1 - Mar 31),,2026-03-02 17:54:11,2026-03-07 02:52:49.250434,,,,,"William Moschella, Attorney at Law",https://lda.senate.gov/api/v1/filings/22e47eda-91de-4efb-839a-91cdaefa653d/,16,1210
1427,4654a8a4-50e0-4cd5-acd0-92f21dcad510,RA,Registration - Amendment,2025,first_quarter,1st Quarter (Jan 1 - Mar 31),,2025-01-15 22:15:27,2026-03-07 10:20:18.649396,,,,,James Hague,https://lda.senate.gov/api/v1/filings/4654a8a4-50e0-4cd5-acd0-92f21dcad510/,606,1397
1239,b5a8303e-a860-4f3e-af92-ac228991cd32,RR,Registration,2026,first_quarter,1st Quarter (Jan 1 - Mar 31),,2026-03-02 18:08:44,2026-03-07 02:52:49.255008,,,,,"William Moschella, Attorney at Law",https://lda.senate.gov/api/v1/filings/b5a8303e-a860-4f3e-af92-ac228991cd32/,16,1211
1838,e76c7a3f-236b-4eb8-820e-ccc4b286e9c7,RR,Registration,2025,first_quarter,1st Quarter (Jan 1 - Mar 31),,2025-02-10 16:13:23,2026-03-07 10:20:45.098155,,,,,"Thomas Worrall, Partner",https://lda.senate.gov/api/v1/filings/e76c7a3f-236b-4eb8-820e-ccc4b286e9c7/,353,1793
1240,37a7d31e-68a6-4d4c-973a-99c2fc5ce176,RR,Registration,2026,first_quarter,1st Quarter (Jan 1 - Mar 31),,2026-03-02 18:10:57,2026-03-07 02:52:49.259910,,,,,Beau Rothschild,https://lda.senate.gov/api/v1/filings/37a7d31e-68a6-4d4c-973a-99c2fc5ce176/,544,1212
1428,329f5222-8bd5-4f9f-ad77-c6706d796a73,RR,Registration,2025,first_quarter,1st Quarter (Jan 1 - Mar 31),,2025-01-16 09:14:46,2026-03-07 10:20:18.654829,,,,,Don Polese,https://lda.senate.gov/api/v1/filings/329f5222-8bd5-4f9f-ad77-c6706d796a73/,245,1398
1241,08cd1b47-8c3f-4a2e-86e6-72f85b32d6ce,RR,Registration,2026,first_quarter,1st Quarter (Jan 1 - Mar 31),,2026-03-02 18:21:10,2026-03-07 02:52:49.265638,,,,,Edgar Castro,https://lda.senate.gov/api/v1/filings/08cd1b47-8c3f-4a2e-86e6-72f85b32d6ce/,544,1213
1429,c306ea46-1492-479e-936f-52851a922dc9,RR,Registration,2025,first_quarter,1st Quarter (Jan 1 - Mar 31),,2025-01-16 09:27:02,2026-03-07 10:20:18.659485,,,,,"Thomas Worrall, Partner",https://lda.senate.gov/api/v1/filings/c306ea46-1492-479e-936f-52851a922dc9/,353,1399
1242,19a73a0b-175f-4417-beda-f786bd1ee0cd,RR,Registration,2026,first_quarter,1st Quarter (Jan 1 - Mar 31),,2026-03-02 18:27:29,2026-03-07 02:52:49.270852,,,,,"William Moschella, Attorney at Law",https://lda.senate.gov/api/v1/filings/19a73a0b-175f-4417-beda-f786bd1ee0cd/,16,1214
1243,fe523188-6cc8-4703-8b11-184878e9c496,RR,Registration,2026,first_quarter,1st Quarter (Jan 1 - Mar 31),,2026-03-02 18:33:13,2026-03-07 02:52:49.275785,,,,,"William Moschella, Attorney at Law",https://lda.senate.gov/api/v1/filings/fe523188-6cc8-4703-8b11-184878e9c496/,16,1215
1244,a80dad05-b1e0-4ac7-b720-d91734962f28,RR,Registration,2026,first_quarter,1st Quarter (Jan 1 - Mar 31),,2026-03-02 18:33:30,2026-03-07 02:52:49.280201,,,,,Beau Rothschild,https://lda.senate.gov/api/v1/filings/a80dad05-b1e0-4ac7-b720-d91734962f28/,544,1216
1245,a64448bb-35f0-4fba-8e4d-1a7190570253,RR,Registration,2026,first_quarter,1st Quarter (Jan 1 - Mar 31),,2026-03-02 18:39:34,2026-03-07 02:52:49.284809,,,,,Brian Darling,https://lda.senate.gov/api/v1/filings/a64448bb-35f0-4fba-8e4d-1a7190570253/,544,1217
1246,3e32815b-ff13-4414-8d78-8eab2dc5798d,RR,Registration,2026,first_quarter,1st Quarter (Jan 1 - Mar 31),,2026-03-03 09:31:24,2026-03-07 02:52:49.290456,,,,,Lisa Barkovic,https://lda.senate.gov/api/v1/filings/3e32815b-ff13-4414-8d78-8eab2dc5798d/,294,1218
1247,3b3d6cc8-866b-476c-a0e6-af3bfda54bd9,RA,Registration - Amendment,2026,first_quarter,1st Quarter (Jan 1 - Mar 31),,2026-03-03 12:18:24,2026-03-07 02:52:49.295617,,,,,ENRIQUE DE LA TORRE,https://lda.senate.gov/api/v1/filings/3b3d6cc8-866b-476c-a0e6-af3bfda54bd9/,35,53
1248,50975b38-cc02-44a8-b068-7e6f0f677832,RR,Registration,2026,first_quarter,1st Quarter (Jan 1 - Mar 31),,2026-03-03 12:38:20,2026-03-07 02:52:49.301290,,,,,John Culton,https://lda.senate.gov/api/v1/filings/50975b38-cc02-44a8-b068-7e6f0f677832/,313,1219
1249,83c7211e-1606-4660-bde7-57745d3030d5,RR,Registration,2026,first_quarter,1st Quarter (Jan 1 - Mar 31),,2026-03-03 12:46:14,2026-03-07 02:52:49.306336,,,,,Chuck LeVinus,https://lda.senate.gov/api/v1/filings/83c7211e-1606-4660-bde7-57745d3030d5/,545,1220
1250,8a3e9465-5510-4d15-b306-e6e7af36291b,RR,Registration,2026,first_quarter,1st Quarter (Jan 1 - Mar 31),,2026-03-03 12:50:37,2026-03-07 02:52:49.311667,,,,,Adam Goodwin,https://lda.senate.gov/api/v1/filings/8a3e9465-5510-4d15-b306-e6e7af36291b/,546,1221
1251,85e5f921-1661-4399-b26a-1314199c8baa,RR,Registration,2026,first_quarter,1st Quarter (Jan 1 - Mar 31),,2026-03-03 12:57:08,2026-03-07 02:52:50.707218,,,,,John Culton,https://lda.senate.gov/api/v1/filings/85e5f921-1661-4399-b26a-1314199c8baa/,313,1222
1252,bd8700b1-37e3-401d-ab98-e1bf52b0ed89,RR,Registration,2026,first_quarter,1st Quarter (Jan 1 - Mar 31),,2026-03-03 13:29:32,2026-03-07 02:52:50.714121,,,,,Sara Nuvy,https://lda.senate.gov/api/v1/filings/bd8700b1-37e3-401d-ab98-e1bf52b0ed89/,48,1223
1253,a5803c04-7773-4298-8d92-44e5ff0651aa,RR,Registration,2026,first_quarter,1st Quarter (Jan 1 - Mar 31),,2026-03-03 13:31:32,2026-03-07 02:52:50.719170,,,,,Bryan Shuy,https://lda.senate.gov/api/v1/filings/a5803c04-7773-4298-8d92-44e5ff0651aa/,529,1224
1254,825d5942-4eb8-4172-ad13-78cc5820696a,RR,Registration,2026,first_quarter,1st Quarter (Jan 1 - Mar 31),,2026-03-03 13:34:36,2026-03-07 02:52:50.723961,,,,,Sara Nuvy,https://lda.senate.gov/api/v1/filings/825d5942-4eb8-4172-ad13-78cc5820696a/,48,1225
1255,9ce60fda-34b0-4957-8cd1-3ed7329591ca,RR,Registration,2026,first_quarter,1st Quarter (Jan 1 - Mar 31),,2026-03-03 13:56:09,2026-03-07 02:52:50.728721,,,,,Geoff Davis,https://lda.senate.gov/api/v1/filings/9ce60fda-34b0-4957-8cd1-3ed7329591ca/,547,1226
1256,2a231118-b5fa-44a9-a5d0-7938162f23a1,RR,Registration,2026,first_quarter,1st Quarter (Jan 1 - Mar 31),,2026-03-03 13:57:58,2026-03-07 02:52:50.733330,,,,,Erin Lama,https://lda.senate.gov/api/v1/filings/2a231118-b5fa-44a9-a5d0-7938162f23a1/,548,1227
1257,e81d1a8f-12f8-4860-bc44-6ae773303f65,RR,Registration,2026,first_quarter,1st Quarter (Jan 1 - Mar 31),,2026-03-03 14:02:06,2026-03-07 02:52:50.737893,,,,,Geoff Davis,https://lda.senate.gov/api/v1/filings/e81d1a8f-12f8-4860-bc44-6ae773303f65/,547,1228
1258,f90bb2ea-d6c1-4db0-857b-95e4abf75ce4,RR,Registration,2026,first_quarter,1st Quarter (Jan 1 - Mar 31),,2026-03-03 14:03:04,2026-03-07 02:52:50.743037,,,,,Sarah Corcoran,https://lda.senate.gov/api/v1/filings/f90bb2ea-d6c1-4db0-857b-95e4abf75ce4/,549,1229
1259,a8f938e0-2e6f-4f78-a5dc-d5c6cdb24a62,RR,Registration,2026,first_quarter,1st Quarter (Jan 1 - Mar 31),,2026-03-03 14:09:33,2026-03-07 02:52:50.747831,,,,,Geoff Davis,https://lda.senate.gov/api/v1/filings/a8f938e0-2e6f-4f78-a5dc-d5c6cdb24a62/,547,1230
1430,f79a7932-ba24-4267-9e9c-4871764bf110,RR,Registration,2025,first_quarter,1st Quarter (Jan 1 - Mar 31),,2025-01-16 09:52:32,2026-03-07 10:20:18.663789,,,,,Deeona Gaskin,https://lda.senate.gov/api/v1/filings/f79a7932-ba24-4267-9e9c-4871764bf110/,37,1400
1265,1b32304b-8fdd-4090-a20d-7d4172e5f582,RR,Registration,2026,first_quarter,1st Quarter (Jan 1 - Mar 31),,2026-03-03 17:05:16,2026-03-07 02:52:50.780390,,,,,Beth Anne Cole,https://lda.senate.gov/api/v1/filings/1b32304b-8fdd-4090-a20d-7d4172e5f582/,69,1236
2760,6e9fcd7a-ba89-4814-be2a-f07373bb3f8c,RR,Registration,2025,first_quarter,1st Quarter (Jan 1 - Mar 31),,2025-03-17 09:59:38,2026-03-07 10:21:43.311933,,,,,"William Minor, Partner",https://lda.senate.gov/api/v1/filings/6e9fcd7a-ba89-4814-be2a-f07373bb3f8c/,64,2670
1266,f1868405-7d0a-4d25-ab59-e2a091b612b8,RR,Registration,2026,first_quarter,1st Quarter (Jan 1 - Mar 31),,2026-03-03 17:09:36,2026-03-07 02:52:50.785033,,,,,Beth Anne Cole,https://lda.senate.gov/api/v1/filings/f1868405-7d0a-4d25-ab59-e2a091b612b8/,69,1237
1431,9f199d72-a178-4097-8a4d-2b9e762e06be,RR,Registration,2025,first_quarter,1st Quarter (Jan 1 - Mar 31),,2025-01-16 10:07:42,2026-03-07 10:20:18.668492,,,,,Travis Lucas,https://lda.senate.gov/api/v1/filings/9f199d72-a178-4097-8a4d-2b9e762e06be/,607,1401
1839,d327119d-2fc5-4674-9950-f024177bb847,1T,1st Quarter - Termination,2025,first_quarter,1st Quarter (Jan 1 - Mar 31),,2025-02-10 16:15:24,2026-03-07 10:20:45.103230,20000.0,,,,Solveig Monson,https://lda.senate.gov/api/v1/filings/d327119d-2fc5-4674-9950-f024177bb847/,386,1794
1267,27629748-1d69-4a47-a5da-a027d58a1a05,RR,Registration,2026,first_quarter,1st Quarter (Jan 1 - Mar 31),,2026-03-04 09:23:11,2026-03-07 02:52:50.789799,,,,,Lisa D. Rulli,https://lda.senate.gov/api/v1/filings/27629748-1d69-4a47-a5da-a027d58a1a05/,552,1238
1432,2b241ff5-7b69-45dd-996c-c346f3a56380,RR,Registration,2025,first_quarter,1st Quarter (Jan 1 - Mar 31),,2025-01-16 10:15:00,2026-03-07 10:20:18.673469,,,,,Travis Lucas,https://lda.senate.gov/api/v1/filings/2b241ff5-7b69-45dd-996c-c346f3a56380/,607,1402
1268,04ae75c3-85a9-4ddb-b029-161fd11a6221,1T,1st Quarter - Termination,2026,first_quarter,1st Quarter (Jan 1 - Mar 31),,2026-03-04 09:27:22,2026-03-07 02:52:50.794972,30000.0,,,,Charles Shipp,https://lda.senate.gov/api/v1/filings/04ae75c3-85a9-4ddb-b029-161fd11a6221/,553,1239
1840,afd07aa0-94f4-4e60-b02d-5fe79a3d7a05,RR,Registration,2025,first_quarter,1st Quarter (Jan 1 - Mar 31),,2025-02-10 16:20:39,2026-03-07 10:20:45.109010,,,,,Solveig Monson,https://lda.senate.gov/api/v1/filings/afd07aa0-94f4-4e60-b02d-5fe79a3d7a05/,386,1795
1269,aa2a48ef-45d9-4412-841d-80f069debf9c,1T,1st Quarter - Termination,2026,first_quarter,1st Quarter (Jan 1 - Mar 31),,2026-03-04 09:28:34,2026-03-07 02:52:50.800596,20000.0,,,,Charles Shipp,https://lda.senate.gov/api/v1/filings/aa2a48ef-45d9-4412-841d-80f069debf9c/,553,1240
1433,52354fd8-10e2-4bc1-aac3-b7cdb7174e1a,RR,Registration,2025,first_quarter,1st Quarter (Jan 1 - Mar 31),,2025-01-16 10:16:51,2026-03-07 10:20:18.678659,,,,,Alexis Searfoss,https://lda.senate.gov/api/v1/filings/52354fd8-10e2-4bc1-aac3-b7cdb7174e1a/,305,1403
1270,c331fc9e-f14f-4785-b284-4f91840f2a09,Q1Y,1st Quarter - Report (No Activity),2026,first_quarter,1st Quarter (Jan 1 - Mar 31),,2026-03-04 09:31:27,2026-03-07 02:52:50.805403,,,,,Earl Stockdale,https://lda.senate.gov/api/v1/filings/c331fc9e-f14f-4785-b284-4f91840f2a09/,534,1241
1271,78c97883-4665-429a-94e9-025bd052e850,RR,Registration,2026,first_quarter,1st Quarter (Jan 1 - Mar 31),,2026-03-04 10:53:21,2026-03-07 02:52:50.809124,,,,,R. Christian Johnsen,https://lda.senate.gov/api/v1/filings/78c97883-4665-429a-94e9-025bd052e850/,422,1242
1272,92fb004b-7621-485b-af8d-d60c7568c3d3,RR,Registration,2026,first_quarter,1st Quarter (Jan 1 - Mar 31),,2026-03-04 11:26:16,2026-03-07 02:52:50.813818,,,,,Chelsea Mincheff,https://lda.senate.gov/api/v1/filings/92fb004b-7621-485b-af8d-d60c7568c3d3/,39,1243
1273,675f54b8-14b0-43ba-be86-09dd65e5e90c,RR,Registration,2026,first_quarter,1st Quarter (Jan 1 - Mar 31),,2026-03-04 11:32:10,2026-03-07 02:52:50.818788,,,,,Amy Kaminski,https://lda.senate.gov/api/v1/filings/675f54b8-14b0-43ba-be86-09dd65e5e90c/,459,1244
1274,59321bbf-9eae-4f82-872f-33acbb9e6426,RR,Registration,2026,first_quarter,1st Quarter (Jan 1 - Mar 31),,2026-03-04 11:34:00,2026-03-07 02:52:50.823646,,,,,Chelsea Mincheff,https://lda.senate.gov/api/v1/filings/59321bbf-9eae-4f82-872f-33acbb9e6426/,39,1245
1275,cdb1504c-6801-4032-9cc9-c20a871785bb,RR,Registration,2026,first_quarter,1st Quarter (Jan 1 - Mar 31),,2026-03-04 11:38:48,2026-03-07 02:52:50.828497,,,,,C. Towner French,https://lda.senate.gov/api/v1/filings/cdb1504c-6801-4032-9cc9-c20a871785bb/,554,1246
1276,ab205a2f-b85f-414a-82f2-2bd17a6f5840,RR,Registration,2026,first_quarter,1st Quarter (Jan 1 - Mar 31),,2026-03-04 11:39:39,2026-03-07 02:52:52.124850,,,,,John Willding,https://lda.senate.gov/api/v1/filings/ab205a2f-b85f-414a-82f2-2bd17a6f5840/,555,1247
1277,ce062adc-fe7f-4791-830c-e2cf9d49a7fe,RR,Registration,2026,first_quarter,1st Quarter (Jan 1 - Mar 31),,2026-03-04 11:44:31,2026-03-07 02:52:52.130783,,,,,Chelsea Mincheff,https://lda.senate.gov/api/v1/filings/ce062adc-fe7f-4791-830c-e2cf9d49a7fe/,39,1248
1278,478d30d4-e0ce-42a8-8f40-46824f418123,RR,Registration,2026,first_quarter,1st Quarter (Jan 1 - Mar 31),,2026-03-04 11:54:32,2026-03-07 02:52:52.135634,,,,,Chelsea Mincheff,https://lda.senate.gov/api/v1/filings/478d30d4-e0ce-42a8-8f40-46824f418123/,39,1249
1279,6450ed77-1372-428d-b05a-727f9acfd67d,RR,Registration,2026,first_quarter,1st Quarter (Jan 1 - Mar 31),,2026-03-04 11:57:54,2026-03-07 02:52:52.140157,,,,,C. Towner French,https://lda.senate.gov/api/v1/filings/6450ed77-1372-428d-b05a-727f9acfd67d/,554,1250
1280,db4a2e09-7c3b-40a5-9282-f2291ee7e018,RR,Registration,2026,first_quarter,1st Quarter (Jan 1 - Mar 31),,2026-03-04 12:20:55,2026-03-07 02:52:52.145278,,,,,C. Towner French,https://lda.senate.gov/api/v1/filings/db4a2e09-7c3b-40a5-9282-f2291ee7e018/,554,1251
1281,fdcc951a-f7fa-4fce-bdb2-1420e0f63c88,RA,Registration - Amendment,2026,first_quarter,1st Quarter (Jan 1 - Mar 31),,2026-03-04 12:24:12,2026-03-07 02:52:52.150120,,,,,Aviva Lahmany,https://lda.senate.gov/api/v1/filings/fdcc951a-f7fa-4fce-bdb2-1420e0f63c88/,556,1252
1282,a4207067-715c-4741-aaa1-378360cfdc0c,RR,Registration,2026,first_quarter,1st Quarter (Jan 1 - Mar 31),,2026-03-04 12:46:13,2026-03-07 02:52:52.156053,,,,,C. Towner French,https://lda.senate.gov/api/v1/filings/a4207067-715c-4741-aaa1-378360cfdc0c/,554,1253
1283,693f7620-ace3-4111-8ea7-62ef802af48f,RR,Registration,2026,first_quarter,1st Quarter (Jan 1 - Mar 31),,2026-03-04 12:51:38,2026-03-07 02:52:52.161698,,,,,Emily Brooke Taylor,https://lda.senate.gov/api/v1/filings/693f7620-ace3-4111-8ea7-62ef802af48f/,557,1254
1284,73f25958-5401-42f4-a3c4-b284a7beba10,RR,Registration,2026,first_quarter,1st Quarter (Jan 1 - Mar 31),,2026-03-04 12:55:33,2026-03-07 02:52:52.167669,,,,,David G Albert,https://lda.senate.gov/api/v1/filings/73f25958-5401-42f4-a3c4-b284a7beba10/,558,1255
1285,63500dca-48da-4628-8ed4-ad1d0130ee53,RR,Registration,2026,first_quarter,1st Quarter (Jan 1 - Mar 31),,2026-03-04 13:08:32,2026-03-07 02:52:52.173656,,,,,C. Towner French,https://lda.senate.gov/api/v1/filings/63500dca-48da-4628-8ed4-ad1d0130ee53/,554,1256
1286,48f20b9b-1099-4e72-b80c-636138fba8d1,RR,Registration,2026,first_quarter,1st Quarter (Jan 1 - Mar 31),,2026-03-04 13:23:44,2026-03-07 02:52:52.179095,,,,,John Willding,https://lda.senate.gov/api/v1/filings/48f20b9b-1099-4e72-b80c-636138fba8d1/,555,1257
1434,d31ef3fc-7551-41cc-9806-02b612bc1a7c,RR,Registration,2025,first_quarter,1st Quarter (Jan 1 - Mar 31),,2025-01-16 10:35:17,2026-03-07 10:20:18.683635,,,,,Alexis Searfoss,https://lda.senate.gov/api/v1/filings/d31ef3fc-7551-41cc-9806-02b612bc1a7c/,305,1404
1287,bbe00d6d-7f28-458b-81b3-338b0f8f4af1,RR,Registration,2026,first_quarter,1st Quarter (Jan 1 - Mar 31),,2026-03-04 13:27:10,2026-03-07 02:52:52.185063,,,,,C. Towner French,https://lda.senate.gov/api/v1/filings/bbe00d6d-7f28-458b-81b3-338b0f8f4af1/,554,1258
1435,2cd5ac4f-4321-432f-88cf-07a82634e853,RR,Registration,2025,first_quarter,1st Quarter (Jan 1 - Mar 31),,2025-01-16 10:44:50,2026-03-07 10:20:18.688412,,,,,Alexis Searfoss,https://lda.senate.gov/api/v1/filings/2cd5ac4f-4321-432f-88cf-07a82634e853/,305,1405
1288,cd5d14c2-bcee-409a-a801-5fb9d4cdbc33,RR,Registration,2026,first_quarter,1st Quarter (Jan 1 - Mar 31),,2026-03-04 13:42:04,2026-03-07 02:52:52.190952,,,,,Dr. Amit Elazari Bar On,https://lda.senate.gov/api/v1/filings/cd5d14c2-bcee-409a-a801-5fb9d4cdbc33/,559,1259
1841,3b4f0987-4d79-4968-aca7-9298fb316b80,RR,Registration,2025,first_quarter,1st Quarter (Jan 1 - Mar 31),,2025-02-10 16:21:48,2026-03-07 10:20:45.114197,,,,,Lauren Henderson,https://lda.senate.gov/api/v1/filings/3b4f0987-4d79-4968-aca7-9298fb316b80/,346,1796
1289,77f69270-22cd-471e-83c2-2466fe1b5f91,RR,Registration,2026,first_quarter,1st Quarter (Jan 1 - Mar 31),,2026-03-04 13:42:16,2026-03-07 02:52:52.196401,,,,,Jeffrey Hunter,https://lda.senate.gov/api/v1/filings/77f69270-22cd-471e-83c2-2466fe1b5f91/,560,1260
1436,2d9c7003-2202-43fb-b5fe-401a58ff99ff,RA,Registration - Amendment,2025,first_quarter,1st Quarter (Jan 1 - Mar 31),,2025-01-16 10:48:46,2026-03-07 10:20:18.693721,,,,,Adina Mincher,https://lda.senate.gov/api/v1/filings/2d9c7003-2202-43fb-b5fe-401a58ff99ff/,52,1406
1290,2e6b75a7-fb8d-42af-9ad7-bcbabbfd378c,RR,Registration,2026,first_quarter,1st Quarter (Jan 1 - Mar 31),,2026-03-04 13:42:47,2026-03-07 02:52:52.202096,,,,,Clay White,https://lda.senate.gov/api/v1/filings/2e6b75a7-fb8d-42af-9ad7-bcbabbfd378c/,62,1261
1437,b64f6ee2-19af-42dc-83be-b595dc76e679,RR,Registration,2025,first_quarter,1st Quarter (Jan 1 - Mar 31),,2025-01-16 11:28:42,2026-03-07 10:20:18.698586,,,,,Chelsea Mincheff,https://lda.senate.gov/api/v1/filings/b64f6ee2-19af-42dc-83be-b595dc76e679/,39,1407
1291,297c1c46-b566-47b8-90a1-e15efea30aa9,RR,Registration,2026,first_quarter,1st Quarter (Jan 1 - Mar 31),,2026-03-04 13:49:57,2026-03-07 02:52:52.209943,,,,,C. Towner French,https://lda.senate.gov/api/v1/filings/297c1c46-b566-47b8-90a1-e15efea30aa9/,554,1262
2284,908c1b27-fb37-4b80-a210-f940f51112a8,RR,Registration,2025,first_quarter,1st Quarter (Jan 1 - Mar 31),,2025-02-27 11:29:24,2026-03-07 10:21:12.772602,,,,,Nigel Stephens,https://lda.senate.gov/api/v1/filings/908c1b27-fb37-4b80-a210-f940f51112a8/,571,2227
1292,a3bfbea0-83b4-42c2-9221-6d08668f620b,RR,Registration,2026,first_quarter,1st Quarter (Jan 1 - Mar 31),,2026-03-04 13:51:34,2026-03-07 02:52:52.216722,,,,,Clay White,https://lda.senate.gov/api/v1/filings/a3bfbea0-83b4-42c2-9221-6d08668f620b/,62,1263
1293,893dc325-a064-411d-9cb9-31c7b91e3348,RR,Registration,2026,first_quarter,1st Quarter (Jan 1 - Mar 31),,2026-03-04 14:10:51,2026-03-07 02:52:52.221774,,,,,C. Towner French,https://lda.senate.gov/api/v1/filings/893dc325-a064-411d-9cb9-31c7b91e3348/,554,1264
1294,87159cd9-a5f3-43bc-8307-1c5e4dc621c7,RR,Registration,2026,first_quarter,1st Quarter (Jan 1 - Mar 31),,2026-03-04 14:26:32,2026-03-07 02:52:52.226824,,,,,C. Towner French,https://lda.senate.gov/api/v1/filings/87159cd9-a5f3-43bc-8307-1c5e4dc621c7/,554,1265
1295,0e308b8c-411a-4682-b0c1-7689491d8d8a,RR,Registration,2026,first_quarter,1st Quarter (Jan 1 - Mar 31),,2026-03-04 14:44:48,2026-03-07 02:52:52.231599,,,,,Eric Roy Levine,https://lda.senate.gov/api/v1/filings/0e308b8c-411a-4682-b0c1-7689491d8d8a/,561,1266
1296,39b57bb8-8846-455a-9421-e2160d6855e0,RR,Registration,2026,first_quarter,1st Quarter (Jan 1 - Mar 31),,2026-03-04 14:45:59,2026-03-07 02:52:52.236898,,,,,Adam J. Biegel,https://lda.senate.gov/api/v1/filings/39b57bb8-8846-455a-9421-e2160d6855e0/,299,1267
1297,7302a7fa-312d-41e4-af99-249b30704319,RR,Registration,2026,first_quarter,1st Quarter (Jan 1 - Mar 31),,2026-03-04 14:48:47,2026-03-07 02:52:52.241648,,,,,Philip Beshara,https://lda.senate.gov/api/v1/filings/7302a7fa-312d-41e4-af99-249b30704319/,562,1268
1298,159c87b2-b571-44f5-aede-f6216221f6cf,RR,Registration,2026,first_quarter,1st Quarter (Jan 1 - Mar 31),,2026-03-04 14:52:33,2026-03-07 02:52:52.246331,,,,,C. Towner French,https://lda.senate.gov/api/v1/filings/159c87b2-b571-44f5-aede-f6216221f6cf/,554,1269
1299,80a9326e-3a0b-46d5-9a48-0dd951c5b7c9,RR,Registration,2026,first_quarter,1st Quarter (Jan 1 - Mar 31),,2026-03-04 15:07:04,2026-03-07 02:52:52.251917,,,,,C. Towner French,https://lda.senate.gov/api/v1/filings/80a9326e-3a0b-46d5-9a48-0dd951c5b7c9/,554,1270
1300,50550a1b-dd26-41b2-8ad7-59e2e4c0a502,RR,Registration,2026,first_quarter,1st Quarter (Jan 1 - Mar 31),,2026-03-04 15:24:37,2026-03-07 02:52:52.256628,,,,,C. Towner French,https://lda.senate.gov/api/v1/filings/50550a1b-dd26-41b2-8ad7-59e2e4c0a502/,554,1271
1301,e0c8d7bc-c132-49d6-ac42-1e8d2049e363,RR,Registration,2026,first_quarter,1st Quarter (Jan 1 - Mar 31),,2026-03-04 15:35:51,2026-03-07 02:52:53.588107,,,,,Laura van der Meer,https://lda.senate.gov/api/v1/filings/e0c8d7bc-c132-49d6-ac42-1e8d2049e363/,563,1272
1302,88e05c84-c2cb-4889-9055-f2d5376c81fe,RR,Registration,2026,first_quarter,1st Quarter (Jan 1 - Mar 31),,2026-03-04 15:41:30,2026-03-07 02:52:53.594251,,,,,C. Towner French,https://lda.senate.gov/api/v1/filings/88e05c84-c2cb-4889-9055-f2d5376c81fe/,554,1273
1303,77329335-d153-44f9-bb4e-189d088ae667,RR,Registration,2026,first_quarter,1st Quarter (Jan 1 - Mar 31),,2026-03-04 15:56:47,2026-03-07 02:52:53.599274,,,,,John Willding,https://lda.senate.gov/api/v1/filings/77329335-d153-44f9-bb4e-189d088ae667/,555,1274
1304,245696b3-b026-417d-ba12-dcac980b9ee1,RR,Registration,2026,first_quarter,1st Quarter (Jan 1 - Mar 31),,2026-03-04 16:00:06,2026-03-07 02:52:53.603594,,,,,Leslie Belcher,https://lda.senate.gov/api/v1/filings/245696b3-b026-417d-ba12-dcac980b9ee1/,379,1275
1305,abfff3cf-0551-4fb7-a774-7461abf7a208,RR,Registration,2026,first_quarter,1st Quarter (Jan 1 - Mar 31),,2026-03-04 16:07:11,2026-03-07 02:52:53.608448,,,,,C. Towner French,https://lda.senate.gov/api/v1/filings/abfff3cf-0551-4fb7-a774-7461abf7a208/,554,1276
1306,6543485d-99de-4c3d-ba55-9f5a781a8abf,RR,Registration,2026,first_quarter,1st Quarter (Jan 1 - Mar 31),,2026-03-04 16:32:59,2026-03-07 02:52:53.613292,,,,,Amber Douglas,https://lda.senate.gov/api/v1/filings/6543485d-99de-4c3d-ba55-9f5a781a8abf/,564,1277
1307,62999b5a-2edf-47ec-889d-81bf5d4c27fa,RR,Registration,2026,first_quarter,1st Quarter (Jan 1 - Mar 31),,2026-03-04 16:59:53,2026-03-07 02:52:53.618081,,,,,Mike Williams,https://lda.senate.gov/api/v1/filings/62999b5a-2edf-47ec-889d-81bf5d4c27fa/,565,1278
1308,800f880f-b241-46bc-9865-2a40ebfad1da,RR,Registration,2026,first_quarter,1st Quarter (Jan 1 - Mar 31),,2026-03-04 17:22:18,2026-03-07 02:52:53.622765,,,,,Adam Goodwin,https://lda.senate.gov/api/v1/filings/800f880f-b241-46bc-9865-2a40ebfad1da/,546,1279
1309,46446181-6cdc-4c5c-8e78-3fdf3649c401,RR,Registration,2026,first_quarter,1st Quarter (Jan 1 - Mar 31),,2026-03-04 17:58:14,2026-03-07 02:52:53.627322,,,,,Beth Anne Cole,https://lda.senate.gov/api/v1/filings/46446181-6cdc-4c5c-8e78-3fdf3649c401/,330,1280
1438,40e24d0d-03e0-41ff-a4d0-5539d709e1e8,RR,Registration,2025,first_quarter,1st Quarter (Jan 1 - Mar 31),,2025-01-16 11:33:49,2026-03-07 10:20:18.704546,,,,,Chelsea Mincheff,https://lda.senate.gov/api/v1/filings/40e24d0d-03e0-41ff-a4d0-5539d709e1e8/,39,1408
1310,e2846d76-3adf-4a1a-974b-0cd8e7932798,RR,Registration,2026,first_quarter,1st Quarter (Jan 1 - Mar 31),,2026-03-04 18:00:29,2026-03-07 02:52:53.631601,,,,,Zachary Williams,https://lda.senate.gov/api/v1/filings/e2846d76-3adf-4a1a-974b-0cd8e7932798/,357,1281
1842,414ebf8e-d063-4de2-b106-14faf1cb3375,RR,Registration,2025,first_quarter,1st Quarter (Jan 1 - Mar 31),,2025-02-10 16:27:40,2026-03-07 10:20:45.119242,,,,,Solveig Monson,https://lda.senate.gov/api/v1/filings/414ebf8e-d063-4de2-b106-14faf1cb3375/,386,1797
1311,d3690d75-e9f4-46c2-9047-a9418019d505,1T,1st Quarter - Termination,2026,first_quarter,1st Quarter (Jan 1 - Mar 31),,2026-03-04 18:01:45,2026-03-07 02:52:53.636134,20000.0,,,,Beth Anne Cole,https://lda.senate.gov/api/v1/filings/d3690d75-e9f4-46c2-9047-a9418019d505/,566,1282
1439,69e84982-ef27-4c2a-b08a-beeadb690c0c,RR,Registration,2025,first_quarter,1st Quarter (Jan 1 - Mar 31),,2025-01-16 11:40:55,2026-03-07 10:20:18.709660,,,,,Chelsea Mincheff,https://lda.senate.gov/api/v1/filings/69e84982-ef27-4c2a-b08a-beeadb690c0c/,39,1409
1312,95688e61-6941-45f6-ae8b-554f1fbccdf1,1TY,1st Quarter - Termination (No Activity),2026,first_quarter,1st Quarter (Jan 1 - Mar 31),,2026-03-04 18:05:38,2026-03-07 02:52:53.640993,,,,,Zachary Williams,https://lda.senate.gov/api/v1/filings/95688e61-6941-45f6-ae8b-554f1fbccdf1/,357,1283
1843,28fe60cb-676c-432e-a5e6-3d7ce6e4c479,RR,Registration,2025,first_quarter,1st Quarter (Jan 1 - Mar 31),,2025-02-10 16:37:33,2026-03-07 10:20:45.123751,,,,,Sonya Besteiro,https://lda.senate.gov/api/v1/filings/28fe60cb-676c-432e-a5e6-3d7ce6e4c479/,32,1798
1440,8d9f9035-1d73-4784-97cf-6cec0f6f7c44,RR,Registration,2025,first_quarter,1st Quarter (Jan 1 - Mar 31),,2025-01-16 11:45:06,2026-03-07 10:20:18.714433,,,,,Chelsea Mincheff,https://lda.senate.gov/api/v1/filings/8d9f9035-1d73-4784-97cf-6cec0f6f7c44/,39,1410
1313,478a8769-e8f3-48ef-92f1-1c75f2be6075,RR,Registration,2026,first_quarter,1st Quarter (Jan 1 - Mar 31),,2026-03-04 18:09:19,2026-03-07 02:52:53.644961,,,,,Craig Saperstein,https://lda.senate.gov/api/v1/filings/478a8769-e8f3-48ef-92f1-1c75f2be6075/,567,1284
1314,abfb2b99-bb79-4e9e-8a83-6a60d446b774,RR,Registration,2026,first_quarter,1st Quarter (Jan 1 - Mar 31),,2026-03-04 21:15:16,2026-03-07 02:52:53.650170,,,,,"Stephen P. Roberts, Attorney & Agent for Filer",https://lda.senate.gov/api/v1/filings/abfb2b99-bb79-4e9e-8a83-6a60d446b774/,568,1285
1441,f691a1fb-42c0-4e82-912a-90678765915f,RR,Registration,2025,first_quarter,1st Quarter (Jan 1 - Mar 31),,2025-01-16 12:00:36,2026-03-07 10:20:18.718736,,,,,Chelsea Mincheff,https://lda.senate.gov/api/v1/filings/f691a1fb-42c0-4e82-912a-90678765915f/,39,1411
1844,74127fbf-c7f7-4302-90d4-1d2b3d476403,RR,Registration,2025,first_quarter,1st Quarter (Jan 1 - Mar 31),,2025-02-10 16:51:39,2026-03-07 10:20:45.128615,,,,,Sonya Besteiro,https://lda.senate.gov/api/v1/filings/74127fbf-c7f7-4302-90d4-1d2b3d476403/,32,1799
1315,39a5ca8c-a9a8-4240-96fc-546308243b56,RR,Registration,2026,first_quarter,1st Quarter (Jan 1 - Mar 31),,2026-03-04 21:25:10,2026-03-07 02:52:53.655297,,,,,"Stephen P. Roberts, Attorney & Agent for Filer",https://lda.senate.gov/api/v1/filings/39a5ca8c-a9a8-4240-96fc-546308243b56/,568,1286
1442,8bc287c7-9a65-434d-8baf-070da8d3d260,RR,Registration,2025,first_quarter,1st Quarter (Jan 1 - Mar 31),,2025-01-16 12:09:50,2026-03-07 10:20:18.722990,,,,,Chelsea Mincheff,https://lda.senate.gov/api/v1/filings/8bc287c7-9a65-434d-8baf-070da8d3d260/,39,1412
1316,f3a4539c-a8b6-4341-a1ab-af5502a36e84,RR,Registration,2026,first_quarter,1st Quarter (Jan 1 - Mar 31),,2026-03-05 09:45:56,2026-03-07 02:52:53.660162,,,,,Alex Hecht,https://lda.senate.gov/api/v1/filings/f3a4539c-a8b6-4341-a1ab-af5502a36e84/,425,1287
1317,fe1f4c37-a362-4655-8374-54e948399d1a,RR,Registration,2026,first_quarter,1st Quarter (Jan 1 - Mar 31),,2026-03-05 11:24:47,2026-03-07 02:52:53.665040,,,,,Brian Casey,https://lda.senate.gov/api/v1/filings/fe1f4c37-a362-4655-8374-54e948399d1a/,569,1288
1443,7ae8450e-1ab2-472c-abe6-2843326daecc,RR,Registration,2025,first_quarter,1st Quarter (Jan 1 - Mar 31),,2025-01-16 12:28:26,2026-03-07 10:20:18.727455,,,,,Jeff Navin,https://lda.senate.gov/api/v1/filings/7ae8450e-1ab2-472c-abe6-2843326daecc/,512,1413
1318,76248ee0-8101-4ed4-aa81-e919f1461165,RA,Registration - Amendment,2026,first_quarter,1st Quarter (Jan 1 - Mar 31),,2026-03-05 12:34:52,2026-03-07 02:52:53.670547,,,,,Steven Boms,https://lda.senate.gov/api/v1/filings/76248ee0-8101-4ed4-aa81-e919f1461165/,570,1289
2285,e5759e68-cc9e-4992-bc3d-0c3e8d1f4105,RR,Registration,2025,first_quarter,1st Quarter (Jan 1 - Mar 31),,2025-02-27 11:32:28,2026-03-07 10:21:12.777347,,,,,Laura Joshua,https://lda.senate.gov/api/v1/filings/e5759e68-cc9e-4992-bc3d-0c3e8d1f4105/,432,2228
1444,5bc4787e-7f81-4f74-9420-7e4b34b19a48,RR,Registration,2025,first_quarter,1st Quarter (Jan 1 - Mar 31),,2025-01-16 14:34:49,2026-03-07 10:20:18.731711,,,,,Alisa Jane Hess,https://lda.senate.gov/api/v1/filings/5bc4787e-7f81-4f74-9420-7e4b34b19a48/,3,1414
1319,1251eac7-1b7d-49d8-b532-dcbbf506f56a,RR,Registration,2026,first_quarter,1st Quarter (Jan 1 - Mar 31),,2026-03-05 14:14:39,2026-03-07 02:52:53.675781,,,,,Anusha Kumari,https://lda.senate.gov/api/v1/filings/1251eac7-1b7d-49d8-b532-dcbbf506f56a/,300,1290
1320,b7664dca-e03e-4a7f-8da6-0eaac24e4f60,RR,Registration,2026,first_quarter,1st Quarter (Jan 1 - Mar 31),,2026-03-05 14:24:36,2026-03-07 02:52:53.680469,,,,,Anusha Kumari,https://lda.senate.gov/api/v1/filings/b7664dca-e03e-4a7f-8da6-0eaac24e4f60/,300,1291
1445,e7117d73-2397-426d-94df-fbf61e37dc82,RR,Registration,2025,first_quarter,1st Quarter (Jan 1 - Mar 31),,2025-01-16 14:40:48,2026-03-07 10:20:18.736263,,,,,Lindsay J. Austin,https://lda.senate.gov/api/v1/filings/e7117d73-2397-426d-94df-fbf61e37dc82/,608,1415
1321,3eeb1720-bddd-46d0-bd7c-b3d330db1c3c,RR,Registration,2026,first_quarter,1st Quarter (Jan 1 - Mar 31),,2026-03-05 14:27:32,2026-03-07 02:52:53.684869,,,,,Anusha Kumari,https://lda.senate.gov/api/v1/filings/3eeb1720-bddd-46d0-bd7c-b3d330db1c3c/,300,1292
2571,58d62069-4b43-4bed-a55e-f8a2e359e720,RR,Registration,2025,first_quarter,1st Quarter (Jan 1 - Mar 31),,2025-03-10 12:27:11,2026-03-07 10:21:30.396863,,,,,Brian Kelly,https://lda.senate.gov/api/v1/filings/58d62069-4b43-4bed-a55e-f8a2e359e720/,342,2491
1322,d1f93fe8-5aa9-4bac-9beb-6e9e57ada8f9,RR,Registration,2026,first_quarter,1st Quarter (Jan 1 - Mar 31),,2026-03-05 15:11:19,2026-03-07 02:52:53.689786,,,,,Anusha Kumari,https://lda.senate.gov/api/v1/filings/d1f93fe8-5aa9-4bac-9beb-6e9e57ada8f9/,300,1293
1323,6d1c38c4-115a-4567-ba46-763af5283d1e,RR,Registration,2026,first_quarter,1st Quarter (Jan 1 - Mar 31),,2026-03-05 15:16:45,2026-03-07 02:52:53.694120,,,,,Anusha Kumari,https://lda.senate.gov/api/v1/filings/6d1c38c4-115a-4567-ba46-763af5283d1e/,300,1294
1324,f62f2080-99b2-492a-a773-41164acd54e2,RR,Registration,2026,first_quarter,1st Quarter (Jan 1 - Mar 31),,2026-03-05 15:20:18,2026-03-07 02:52:53.699641,,,,,Anusha Kumari,https://lda.senate.gov/api/v1/filings/f62f2080-99b2-492a-a773-41164acd54e2/,300,1295
1325,c9b4660c-cd7f-4198-87e1-d320e30fd4d2,RR,Registration,2026,first_quarter,1st Quarter (Jan 1 - Mar 31),,2026-03-05 15:23:01,2026-03-07 02:52:53.704039,,,,,Anusha Kumari,https://lda.senate.gov/api/v1/filings/c9b4660c-cd7f-4198-87e1-d320e30fd4d2/,300,1296
1446,4fc28ee5-bf2a-425f-bb78-77a1f1d1f8d5,RR,Registration,2025,first_quarter,1st Quarter (Jan 1 - Mar 31),,2025-01-16 14:58:23,2026-03-07 10:20:18.741114,,,,,Jeff Mackinnon,https://lda.senate.gov/api/v1/filings/4fc28ee5-bf2a-425f-bb78-77a1f1d1f8d5/,506,1416
1845,5fca1a3f-a2b7-4aab-beb9-ca7e1fd52463,RR,Registration,2025,first_quarter,1st Quarter (Jan 1 - Mar 31),,2025-02-10 17:10:35,2026-03-07 10:20:45.132849,,,,,Sonya Besteiro,https://lda.senate.gov/api/v1/filings/5fca1a3f-a2b7-4aab-beb9-ca7e1fd52463/,32,1800
2761,0048d2f1-81cc-415a-a98d-c18dcbfc0693,RR,Registration,2025,first_quarter,1st Quarter (Jan 1 - Mar 31),,2025-03-17 10:07:13,2026-03-07 10:21:43.317258,,,,,Jeff Navin,https://lda.senate.gov/api/v1/filings/0048d2f1-81cc-415a-a98d-c18dcbfc0693/,512,2671
1447,fac125cb-9f39-476d-bd62-cb9cd3ae635c,RR,Registration,2025,first_quarter,1st Quarter (Jan 1 - Mar 31),,2025-01-16 15:18:39,2026-03-07 10:20:18.745796,,,,,Lindsay J. Austin,https://lda.senate.gov/api/v1/filings/fac125cb-9f39-476d-bd62-cb9cd3ae635c/,608,1417
1846,922eec10-6eb1-4918-bef9-20da077e4325,RR,Registration,2025,first_quarter,1st Quarter (Jan 1 - Mar 31),,2025-02-10 17:17:26,2026-03-07 10:20:45.137050,,,,,Brian Pomper,https://lda.senate.gov/api/v1/filings/922eec10-6eb1-4918-bef9-20da077e4325/,337,1801
1448,49932187-c9e1-4176-8db2-593f2cc11223,RR,Registration,2025,first_quarter,1st Quarter (Jan 1 - Mar 31),,2025-01-16 15:25:44,2026-03-07 10:20:18.750591,,,,,Adina Mincher,https://lda.senate.gov/api/v1/filings/49932187-c9e1-4176-8db2-593f2cc11223/,52,1418
1449,a90312cb-b6b8-4eef-8456-fb866b3cea0b,RR,Registration,2025,first_quarter,1st Quarter (Jan 1 - Mar 31),,2025-01-16 15:30:34,2026-03-07 10:20:18.754992,,,,,Lindsay J. Austin,https://lda.senate.gov/api/v1/filings/a90312cb-b6b8-4eef-8456-fb866b3cea0b/,608,1419
1847,2d8cca80-02cd-4f2f-9c47-a5f31f9cb6c9,RR,Registration,2025,first_quarter,1st Quarter (Jan 1 - Mar 31),,2025-02-10 17:18:19,2026-03-07 10:20:45.141696,,,,,Dave Larson,https://lda.senate.gov/api/v1/filings/2d8cca80-02cd-4f2f-9c47-a5f31f9cb6c9/,725,1802
1450,c6ad0dcd-9af9-4e9f-955f-4402986d326d,RR,Registration,2025,first_quarter,1st Quarter (Jan 1 - Mar 31),,2025-01-16 15:49:22,2026-03-07 10:20:18.759718,,,,,Lindsay J. Austin,https://lda.senate.gov/api/v1/filings/c6ad0dcd-9af9-4e9f-955f-4402986d326d/,608,1420
1848,c997a4eb-c601-4a08-8717-c256fd106a32,RR,Registration,2025,first_quarter,1st Quarter (Jan 1 - Mar 31),,2025-02-10 17:24:34,2026-03-07 10:20:45.146469,,,,,Sonya Besteiro,https://lda.senate.gov/api/v1/filings/c997a4eb-c601-4a08-8717-c256fd106a32/,32,1803
1451,29cc03bc-f380-485e-843f-b40290125f4a,RR,Registration,2025,first_quarter,1st Quarter (Jan 1 - Mar 31),,2025-01-16 16:04:17,2026-03-07 10:20:20.203263,,,,,Douglas P. Faucette,https://lda.senate.gov/api/v1/filings/29cc03bc-f380-485e-843f-b40290125f4a/,608,1421
1452,0bfb5281-5aea-44a8-a8e6-ac52e2ded599,RR,Registration,2025,first_quarter,1st Quarter (Jan 1 - Mar 31),,2025-01-16 16:51:28,2026-03-07 10:20:20.208492,,,,,Courtland L Culver,https://lda.senate.gov/api/v1/filings/0bfb5281-5aea-44a8-a8e6-ac52e2ded599/,609,1422
1849,7dd79e25-2ef6-4749-8def-3188fdf41d8a,RR,Registration,2025,first_quarter,1st Quarter (Jan 1 - Mar 31),,2025-02-10 17:25:11,2026-03-07 10:20:45.151447,,,,,Dave Larson,https://lda.senate.gov/api/v1/filings/7dd79e25-2ef6-4749-8def-3188fdf41d8a/,725,1804
1453,9682c8aa-f4b2-4bf5-b0e6-04ed1315b1eb,RR,Registration,2025,first_quarter,1st Quarter (Jan 1 - Mar 31),,2025-01-16 17:57:58,2026-03-07 10:20:20.214472,,,,,Thomas Keller,https://lda.senate.gov/api/v1/filings/9682c8aa-f4b2-4bf5-b0e6-04ed1315b1eb/,233,1423
1850,3b9f1403-f775-476f-a246-3b0f2dffa363,1T,1st Quarter - Termination,2025,first_quarter,1st Quarter (Jan 1 - Mar 31),,2025-02-10 17:38:47,2026-03-07 10:20:45.156065,10000.0,,,,"Thomas Worrall, Partner",https://lda.senate.gov/api/v1/filings/3b9f1403-f775-476f-a246-3b0f2dffa363/,353,1805
1454,08b4401c-6de3-41de-9ceb-2098bee6c730,RR,Registration,2025,first_quarter,1st Quarter (Jan 1 - Mar 31),,2025-01-16 18:09:42,2026-03-07 10:20:20.219399,,,,,Thomas Keller,https://lda.senate.gov/api/v1/filings/08b4401c-6de3-41de-9ceb-2098bee6c730/,233,1424
1455,ca56b520-1939-436d-9b03-2c9fc9c4e51a,RR,Registration,2025,first_quarter,1st Quarter (Jan 1 - Mar 31),,2025-01-16 18:18:33,2026-03-07 10:20:20.224473,,,,,Thomas Keller,https://lda.senate.gov/api/v1/filings/ca56b520-1939-436d-9b03-2c9fc9c4e51a/,233,1425
1851,95bb3e37-9761-441b-b5b2-ea9dc31c36b5,RR,Registration,2025,first_quarter,1st Quarter (Jan 1 - Mar 31),,2025-02-10 17:40:24,2026-03-07 10:20:46.523708,,,,,Dave Larson,https://lda.senate.gov/api/v1/filings/95bb3e37-9761-441b-b5b2-ea9dc31c36b5/,725,1806
1456,3ff9a65a-2c59-49f6-9183-f5760c5a7648,RR,Registration,2025,first_quarter,1st Quarter (Jan 1 - Mar 31),,2025-01-16 18:30:06,2026-03-07 10:20:20.229640,,,,,Thomas Keller,https://lda.senate.gov/api/v1/filings/3ff9a65a-2c59-49f6-9183-f5760c5a7648/,233,1426
1852,70ae35bd-6814-4bf9-b77d-e9695f09d09c,RR,Registration,2025,first_quarter,1st Quarter (Jan 1 - Mar 31),,2025-02-10 17:42:43,2026-03-07 10:20:46.529230,,,,,Sonya Besteiro,https://lda.senate.gov/api/v1/filings/70ae35bd-6814-4bf9-b77d-e9695f09d09c/,32,1807
1457,5722f9b9-ae74-4824-b1ad-9739f6837ab7,RR,Registration,2025,first_quarter,1st Quarter (Jan 1 - Mar 31),,2025-01-16 18:45:45,2026-03-07 10:20:20.234552,,,,,Kara Ward,https://lda.senate.gov/api/v1/filings/5722f9b9-ae74-4824-b1ad-9739f6837ab7/,610,1427
1458,28caa280-113b-4afe-9e39-cb325fe9fd76,RR,Registration,2025,first_quarter,1st Quarter (Jan 1 - Mar 31),,2025-01-16 22:04:54,2026-03-07 10:20:20.239570,,,,,Cristina Cantens,https://lda.senate.gov/api/v1/filings/28caa280-113b-4afe-9e39-cb325fe9fd76/,32,1428
1853,b8c07637-7b35-495e-99f8-cff37a98716d,RR,Registration,2025,first_quarter,1st Quarter (Jan 1 - Mar 31),,2025-02-10 17:51:06,2026-03-07 10:20:46.533943,,,,,Sonya Besteiro,https://lda.senate.gov/api/v1/filings/b8c07637-7b35-495e-99f8-cff37a98716d/,32,1808
1459,221ec539-8e1f-4451-bbb9-4f6e4fe59aa1,RR,Registration,2025,first_quarter,1st Quarter (Jan 1 - Mar 31),,2025-01-16 22:08:17,2026-03-07 10:20:20.247703,,,,,Palmer Schoening,https://lda.senate.gov/api/v1/filings/221ec539-8e1f-4451-bbb9-4f6e4fe59aa1/,38,1429
1460,fb6ff725-b74e-4efb-b457-ef290989296e,RR,Registration,2025,first_quarter,1st Quarter (Jan 1 - Mar 31),,2025-01-16 22:10:08,2026-03-07 10:20:20.256506,,,,,Cristina Cantens,https://lda.senate.gov/api/v1/filings/fb6ff725-b74e-4efb-b457-ef290989296e/,32,1430
1461,b99d5b9f-a62d-4a24-9776-e6a47111a6c1,RR,Registration,2025,first_quarter,1st Quarter (Jan 1 - Mar 31),,2025-01-16 22:16:10,2026-03-07 10:20:20.261284,,,,,Cristina Cantens,https://lda.senate.gov/api/v1/filings/b99d5b9f-a62d-4a24-9776-e6a47111a6c1/,32,1431
1462,b6ed58d1-5a9d-4bf6-8383-9d7abefcaa87,RR,Registration,2025,first_quarter,1st Quarter (Jan 1 - Mar 31),,2025-01-17 07:33:13,2026-03-07 10:20:20.265882,,,,,Allegra M. Han,https://lda.senate.gov/api/v1/filings/b6ed58d1-5a9d-4bf6-8383-9d7abefcaa87/,383,1432
1463,e8959dbb-a250-40a1-8722-30ce43584ce5,RR,Registration,2025,first_quarter,1st Quarter (Jan 1 - Mar 31),,2025-01-17 07:38:17,2026-03-07 10:20:20.270779,,,,,Chet Culver,https://lda.senate.gov/api/v1/filings/e8959dbb-a250-40a1-8722-30ce43584ce5/,611,1433
1464,43a46267-7daa-4a75-9188-0234f0299edc,RR,Registration,2025,first_quarter,1st Quarter (Jan 1 - Mar 31),,2025-01-17 09:44:24,2026-03-07 10:20:20.275830,,,,,Bob Holmes,https://lda.senate.gov/api/v1/filings/43a46267-7daa-4a75-9188-0234f0299edc/,1,1434
1466,b8c563a8-7885-4622-867e-03ee951fcd37,RR,Registration,2025,first_quarter,1st Quarter (Jan 1 - Mar 31),,2025-01-17 09:49:23,2026-03-07 10:20:20.285292,,,,,Sara Nuvy,https://lda.senate.gov/api/v1/filings/b8c563a8-7885-4622-867e-03ee951fcd37/,48,1436
2762,98e18c66-7c50-42b9-9f40-c31fa71a57a8,RR,Registration,2025,first_quarter,1st Quarter (Jan 1 - Mar 31),,2025-03-17 10:13:43,2026-03-07 10:21:43.322481,,,,,"William Minor, Partner",https://lda.senate.gov/api/v1/filings/98e18c66-7c50-42b9-9f40-c31fa71a57a8/,64,2672
1467,83e7c1d7-4eb7-4153-9387-e0844c7b07b9,RR,Registration,2025,first_quarter,1st Quarter (Jan 1 - Mar 31),,2025-01-17 10:04:31,2026-03-07 10:20:20.290382,,,,,Sarah Kennedy,https://lda.senate.gov/api/v1/filings/83e7c1d7-4eb7-4153-9387-e0844c7b07b9/,612,1437
1854,1a26e143-1ca6-4836-ba99-65bfffea7e75,RR,Registration,2025,first_quarter,1st Quarter (Jan 1 - Mar 31),,2025-02-10 18:05:36,2026-03-07 10:20:46.538674,,,,,Sonya Besteiro,https://lda.senate.gov/api/v1/filings/1a26e143-1ca6-4836-ba99-65bfffea7e75/,32,1809
1468,0ceb5f6f-91c4-4e08-af94-8d67f069504e,RR,Registration,2025,first_quarter,1st Quarter (Jan 1 - Mar 31),,2025-01-17 10:55:29,2026-03-07 10:20:20.296590,,,,,John McManus,https://lda.senate.gov/api/v1/filings/0ceb5f6f-91c4-4e08-af94-8d67f069504e/,613,1438
2763,b17ad48c-dd60-4112-a21c-e73e62c837d9,RR,Registration,2025,first_quarter,1st Quarter (Jan 1 - Mar 31),,2025-03-17 10:19:39,2026-03-07 10:21:43.327811,,,,,Jeff Navin,https://lda.senate.gov/api/v1/filings/b17ad48c-dd60-4112-a21c-e73e62c837d9/,512,2673
1855,45980d4a-c428-45f8-8fb6-a043753eeeef,RR,Registration,2025,first_quarter,1st Quarter (Jan 1 - Mar 31),,2025-02-10 18:13:47,2026-03-07 10:20:46.543450,,,,,Sonya Besteiro,https://lda.senate.gov/api/v1/filings/45980d4a-c428-45f8-8fb6-a043753eeeef/,32,1810
1469,4c3605f2-2c67-44d4-af4e-c1d4b32ee286,RR,Registration,2025,first_quarter,1st Quarter (Jan 1 - Mar 31),,2025-01-17 11:37:52,2026-03-07 10:20:20.301650,,,,,Clay White,https://lda.senate.gov/api/v1/filings/4c3605f2-2c67-44d4-af4e-c1d4b32ee286/,62,1439
1470,357188c9-b80c-4e8c-861d-926c35d64dcb,RR,Registration,2025,first_quarter,1st Quarter (Jan 1 - Mar 31),,2025-01-17 12:49:31,2026-03-07 10:20:20.306502,,,,,Andrew Schwab,https://lda.senate.gov/api/v1/filings/357188c9-b80c-4e8c-861d-926c35d64dcb/,614,1440
1856,491655eb-09d0-4d07-88b2-c3e65d6fab2f,RR,Registration,2025,first_quarter,1st Quarter (Jan 1 - Mar 31),,2025-02-10 18:55:09,2026-03-07 10:20:46.548303,,,,,Sonya Besteiro,https://lda.senate.gov/api/v1/filings/491655eb-09d0-4d07-88b2-c3e65d6fab2f/,32,1811
1471,7887d582-bc1c-4d8a-9970-16910f30d9a4,RR,Registration,2025,first_quarter,1st Quarter (Jan 1 - Mar 31),,2025-01-17 13:46:43,2026-03-07 10:20:20.311609,,,,,Lora Casey Hawkins,https://lda.senate.gov/api/v1/filings/7887d582-bc1c-4d8a-9970-16910f30d9a4/,615,1441
1857,b0251976-7564-437e-a8c4-80303192e113,RR,Registration,2025,first_quarter,1st Quarter (Jan 1 - Mar 31),,2025-02-10 19:16:58,2026-03-07 10:20:46.552599,,,,,Sara Nuvy,https://lda.senate.gov/api/v1/filings/b0251976-7564-437e-a8c4-80303192e113/,48,1812
1472,105051ca-66a7-4174-9522-b5838a04303d,RR,Registration,2025,first_quarter,1st Quarter (Jan 1 - Mar 31),,2025-01-17 14:39:56,2026-03-07 10:20:20.316450,,,,,David Mendelsohn,https://lda.senate.gov/api/v1/filings/105051ca-66a7-4174-9522-b5838a04303d/,616,1442
1473,1f59ca4f-fbc4-4f13-a69c-c817328c2b92,RR,Registration,2025,first_quarter,1st Quarter (Jan 1 - Mar 31),,2025-01-17 16:18:51,2026-03-07 10:20:20.321545,,,,,Shane E Doucet,https://lda.senate.gov/api/v1/filings/1f59ca4f-fbc4-4f13-a69c-c817328c2b92/,617,1443
1858,ef8d78c0-2a8f-4cb8-a129-4c95cd644f74,RR,Registration,2025,first_quarter,1st Quarter (Jan 1 - Mar 31),,2025-02-10 19:30:08,2026-03-07 10:20:46.557526,,,,,Sara Nuvy,https://lda.senate.gov/api/v1/filings/ef8d78c0-2a8f-4cb8-a129-4c95cd644f74/,48,1813
1474,8bd4c367-9011-4e93-b791-d13bbfc7af6c,RR,Registration,2025,first_quarter,1st Quarter (Jan 1 - Mar 31),,2025-01-18 20:33:46,2026-03-07 10:20:20.326468,,,,,Rondell Reid LeBeau II,https://lda.senate.gov/api/v1/filings/8bd4c367-9011-4e93-b791-d13bbfc7af6c/,374,721
1475,3a530186-0a80-45ce-8cf4-287d46fbbc76,RR,Registration,2025,first_quarter,1st Quarter (Jan 1 - Mar 31),,2025-01-18 20:52:51,2026-03-07 10:20:20.330811,,,,,Rondell Reid LeBeau II,https://lda.senate.gov/api/v1/filings/3a530186-0a80-45ce-8cf4-287d46fbbc76/,374,1444
1476,ae49d246-7339-4224-812f-ce258aa670da,RR,Registration,2025,first_quarter,1st Quarter (Jan 1 - Mar 31),,2025-01-19 08:57:27,2026-03-07 10:20:21.696760,,,,,Sarah Lamson,https://lda.senate.gov/api/v1/filings/ae49d246-7339-4224-812f-ce258aa670da/,618,1445
1477,4d3833f2-bbbb-4afa-b7d2-6ae2048f0315,RR,Registration,2025,first_quarter,1st Quarter (Jan 1 - Mar 31),,2025-01-19 09:00:55,2026-03-07 10:20:21.702267,,,,,Sarah Lamson,https://lda.senate.gov/api/v1/filings/4d3833f2-bbbb-4afa-b7d2-6ae2048f0315/,618,1446
1478,f76e5437-3cf8-4c3e-9a89-85eab15f3f54,RR,Registration,2025,first_quarter,1st Quarter (Jan 1 - Mar 31),,2025-01-19 12:08:07,2026-03-07 10:20:21.706826,,,,,Andrew Jones,https://lda.senate.gov/api/v1/filings/f76e5437-3cf8-4c3e-9a89-85eab15f3f54/,619,1447
1479,6131fab6-405d-46a2-993f-8290600cdf83,RR,Registration,2025,first_quarter,1st Quarter (Jan 1 - Mar 31),,2025-01-20 08:42:38,2026-03-07 10:20:21.712640,,,,,Menda Fife,https://lda.senate.gov/api/v1/filings/6131fab6-405d-46a2-993f-8290600cdf83/,620,1448
1480,25c01bab-f32e-4983-ae4a-1c267fd4f428,RR,Registration,2025,first_quarter,1st Quarter (Jan 1 - Mar 31),,2025-01-20 10:34:00,2026-03-07 10:20:21.718240,,,,,Megan Tollett,https://lda.senate.gov/api/v1/filings/25c01bab-f32e-4983-ae4a-1c267fd4f428/,621,1449
1481,5fa184d8-3bb2-4f1d-8690-a91d7ed60166,RR,Registration,2025,first_quarter,1st Quarter (Jan 1 - Mar 31),,2025-01-20 12:24:26,2026-03-07 10:20:21.723135,,,,,GREGORY BROCK,https://lda.senate.gov/api/v1/filings/5fa184d8-3bb2-4f1d-8690-a91d7ed60166/,622,1450
1482,2584ea1e-aefb-474e-8b42-bba9969bafb5,RR,Registration,2025,first_quarter,1st Quarter (Jan 1 - Mar 31),,2025-01-20 13:22:25,2026-03-07 10:20:21.730299,,,,,Eric Snelgrove,https://lda.senate.gov/api/v1/filings/2584ea1e-aefb-474e-8b42-bba9969bafb5/,22,1451
1483,cdc77740-d5d6-40e0-a702-561bd460f446,RR,Registration,2025,first_quarter,1st Quarter (Jan 1 - Mar 31),,2025-01-20 13:30:05,2026-03-07 10:20:21.734648,,,,,Eric Snelgrove,https://lda.senate.gov/api/v1/filings/cdc77740-d5d6-40e0-a702-561bd460f446/,22,1452
1484,7f83c98d-56ae-49da-963f-65b05f826be2,RR,Registration,2025,first_quarter,1st Quarter (Jan 1 - Mar 31),,2025-01-20 13:50:55,2026-03-07 10:20:21.739022,,,,,Beth Anne Cole,https://lda.senate.gov/api/v1/filings/7f83c98d-56ae-49da-963f-65b05f826be2/,69,1453
1485,bf0d0d4e-97a0-42d5-9861-e79a2bc7bcfa,RR,Registration,2025,first_quarter,1st Quarter (Jan 1 - Mar 31),,2025-01-20 15:31:00,2026-03-07 10:20:21.743676,,,,,Ray Bucheger,https://lda.senate.gov/api/v1/filings/bf0d0d4e-97a0-42d5-9861-e79a2bc7bcfa/,623,1454
1486,005e2991-f729-4b21-bc27-f89bc57b3ab2,RA,Registration - Amendment,2025,first_quarter,1st Quarter (Jan 1 - Mar 31),,2025-01-20 15:37:35,2026-03-07 10:20:21.749041,,,,,Burton Field,https://lda.senate.gov/api/v1/filings/005e2991-f729-4b21-bc27-f89bc57b3ab2/,624,1455
1487,9d0c5ef5-436b-4b1a-b7cd-7ba1994a923d,RR,Registration,2025,first_quarter,1st Quarter (Jan 1 - Mar 31),,2025-01-20 15:37:56,2026-03-07 10:20:21.754305,,,,,Ray Bucheger,https://lda.senate.gov/api/v1/filings/9d0c5ef5-436b-4b1a-b7cd-7ba1994a923d/,623,1456
2764,59f845d4-d9c4-4185-acfa-30414f7ef363,RR,Registration,2025,first_quarter,1st Quarter (Jan 1 - Mar 31),,2025-03-17 10:42:23,2026-03-07 10:21:43.332457,,,,,Jonathan McCollum,https://lda.senate.gov/api/v1/filings/59f845d4-d9c4-4185-acfa-30414f7ef363/,415,2674
1859,304e20ed-2fa1-4c12-8f6e-4d3e01ffdd3c,RR,Registration,2025,first_quarter,1st Quarter (Jan 1 - Mar 31),,2025-02-10 19:34:03,2026-03-07 10:20:46.562561,,,,,Clay White,https://lda.senate.gov/api/v1/filings/304e20ed-2fa1-4c12-8f6e-4d3e01ffdd3c/,62,1814
1488,1e1cd478-a545-4679-be3b-4b4f6672d1ab,RR,Registration,2025,first_quarter,1st Quarter (Jan 1 - Mar 31),,2025-01-20 15:42:54,2026-03-07 10:20:21.758991,,,,,Ray Bucheger,https://lda.senate.gov/api/v1/filings/1e1cd478-a545-4679-be3b-4b4f6672d1ab/,623,1457
1489,387c0994-9f09-4d63-b9cf-48dd280e113e,RR,Registration,2025,first_quarter,1st Quarter (Jan 1 - Mar 31),,2025-01-20 15:43:35,2026-03-07 10:20:21.763566,,,,,Beth Anne Cole,https://lda.senate.gov/api/v1/filings/387c0994-9f09-4d63-b9cf-48dd280e113e/,464,1458
1860,6ccb92e3-0d31-4663-a4ea-a583a592b598,RR,Registration,2025,first_quarter,1st Quarter (Jan 1 - Mar 31),,2025-02-10 19:41:16,2026-03-07 10:20:46.567348,,,,,Sara Nuvy,https://lda.senate.gov/api/v1/filings/6ccb92e3-0d31-4663-a4ea-a583a592b598/,48,1815
2765,f198f6aa-82b0-4803-88f8-8e85dacd1b08,RR,Registration,2025,first_quarter,1st Quarter (Jan 1 - Mar 31),,2025-03-17 10:42:42,2026-03-07 10:21:43.338059,,,,,Stephen Replogle,https://lda.senate.gov/api/v1/filings/f198f6aa-82b0-4803-88f8-8e85dacd1b08/,922,2675
1490,a761c19a-a542-439e-98ca-1552acd10d95,RR,Registration,2025,first_quarter,1st Quarter (Jan 1 - Mar 31),,2025-01-20 15:47:51,2026-03-07 10:20:21.768181,,,,,Beth Anne Cole,https://lda.senate.gov/api/v1/filings/a761c19a-a542-439e-98ca-1552acd10d95/,464,1459
1861,f0cf4695-41cb-43c1-8cc9-1d23af6f30ff,RR,Registration,2025,first_quarter,1st Quarter (Jan 1 - Mar 31),,2025-02-11 08:54:31,2026-03-07 10:20:46.572289,,,,,Scott Eckart,https://lda.senate.gov/api/v1/filings/f0cf4695-41cb-43c1-8cc9-1d23af6f30ff/,726,1816
1491,6b8a0daa-389b-4bec-aebe-a3d54b68ee04,RR,Registration,2025,first_quarter,1st Quarter (Jan 1 - Mar 31),,2025-01-20 15:54:30,2026-03-07 10:20:21.772703,,,,,Ray Bucheger,https://lda.senate.gov/api/v1/filings/6b8a0daa-389b-4bec-aebe-a3d54b68ee04/,623,1460
1492,34305eab-8dc5-4f4b-9e0a-306c6663d4c3,RR,Registration,2025,first_quarter,1st Quarter (Jan 1 - Mar 31),,2025-01-20 15:57:15,2026-03-07 10:20:21.777482,,,,,Ray Bucheger,https://lda.senate.gov/api/v1/filings/34305eab-8dc5-4f4b-9e0a-306c6663d4c3/,623,1461
1862,fec4bed7-ae0e-4e9c-89de-531889f34bf1,RR,Registration,2025,first_quarter,1st Quarter (Jan 1 - Mar 31),,2025-02-11 09:21:41,2026-03-07 10:20:46.577662,,,,,Shira Hollander,https://lda.senate.gov/api/v1/filings/fec4bed7-ae0e-4e9c-89de-531889f34bf1/,727,1817
1493,4677b0fc-8bec-41df-9c04-0ec54eec445c,RR,Registration,2025,first_quarter,1st Quarter (Jan 1 - Mar 31),,2025-01-20 16:02:15,2026-03-07 10:20:21.782104,,,,,Ray Bucheger,https://lda.senate.gov/api/v1/filings/4677b0fc-8bec-41df-9c04-0ec54eec445c/,623,1462
1494,09fcce25-fe59-4b46-b253-094953718cb9,RR,Registration,2025,first_quarter,1st Quarter (Jan 1 - Mar 31),,2025-01-20 16:06:56,2026-03-07 10:20:21.786994,,,,,Ray Bucheger,https://lda.senate.gov/api/v1/filings/09fcce25-fe59-4b46-b253-094953718cb9/,623,1463
1495,895e2719-fb44-49d3-b98d-35c7945cd951,RR,Registration,2025,first_quarter,1st Quarter (Jan 1 - Mar 31),,2025-01-20 16:07:37,2026-03-07 10:20:21.791859,,,,,Daniel Faraci,https://lda.senate.gov/api/v1/filings/895e2719-fb44-49d3-b98d-35c7945cd951/,625,1464
1496,ab65cf0c-f658-4f12-b9a2-c0b8a886054b,RR,Registration,2025,first_quarter,1st Quarter (Jan 1 - Mar 31),,2025-01-20 16:13:52,2026-03-07 10:20:21.797406,,,,,Ray Bucheger,https://lda.senate.gov/api/v1/filings/ab65cf0c-f658-4f12-b9a2-c0b8a886054b/,623,1465
1497,8e137128-2a7f-4634-89c6-1ce00386c3e1,RR,Registration,2025,first_quarter,1st Quarter (Jan 1 - Mar 31),,2025-01-20 16:17:01,2026-03-07 10:20:21.802771,,,,,Ray Bucheger,https://lda.senate.gov/api/v1/filings/8e137128-2a7f-4634-89c6-1ce00386c3e1/,623,1466
1498,659ba2c4-1cf0-41b9-9322-d6e7a7fab4f2,RR,Registration,2025,first_quarter,1st Quarter (Jan 1 - Mar 31),,2025-01-20 16:23:06,2026-03-07 10:20:21.808067,,,,,Ray Bucheger,https://lda.senate.gov/api/v1/filings/659ba2c4-1cf0-41b9-9322-d6e7a7fab4f2/,623,1467
1499,7ac8caec-f968-450e-a28f-091db0135a2e,RR,Registration,2025,first_quarter,1st Quarter (Jan 1 - Mar 31),,2025-01-20 16:34:35,2026-03-07 10:20:21.812743,,,,,Ray Bucheger,https://lda.senate.gov/api/v1/filings/7ac8caec-f968-450e-a28f-091db0135a2e/,623,1468
1500,16e142d9-c420-4f0e-850a-0cf11b5cc35c,RR,Registration,2025,first_quarter,1st Quarter (Jan 1 - Mar 31),,2025-01-20 16:39:15,2026-03-07 10:20:21.817792,,,,,Ray Bucheger,https://lda.senate.gov/api/v1/filings/16e142d9-c420-4f0e-850a-0cf11b5cc35c/,623,1469
1501,e4485815-2ff8-45d9-bf5d-b8b60ec52f71,RR,Registration,2025,first_quarter,1st Quarter (Jan 1 - Mar 31),,2025-01-21 10:12:52,2026-03-07 10:20:23.341917,,,,,Jennifer Johnson,https://lda.senate.gov/api/v1/filings/e4485815-2ff8-45d9-bf5d-b8b60ec52f71/,626,1470
1502,d5ff9001-d476-4168-9008-a4cfbf9b3d7f,RR,Registration,2025,first_quarter,1st Quarter (Jan 1 - Mar 31),,2025-01-21 10:36:04,2026-03-07 10:20:23.347667,,,,,Christopher T. Murray,https://lda.senate.gov/api/v1/filings/d5ff9001-d476-4168-9008-a4cfbf9b3d7f/,627,1471
1503,19ec2dc6-721d-4835-8558-56b9759704ec,RR,Registration,2025,first_quarter,1st Quarter (Jan 1 - Mar 31),,2025-01-21 12:16:12,2026-03-07 10:20:23.352325,,,,,Christopher Miller,https://lda.senate.gov/api/v1/filings/19ec2dc6-721d-4835-8558-56b9759704ec/,628,1472
1504,f22884f7-1f94-443e-90b4-7e9cfb1263fb,RR,Registration,2025,first_quarter,1st Quarter (Jan 1 - Mar 31),,2025-01-21 12:34:25,2026-03-07 10:20:23.358693,,,,,Anna Blom,https://lda.senate.gov/api/v1/filings/f22884f7-1f94-443e-90b4-7e9cfb1263fb/,629,1473
1505,46500ff5-ba7d-45dd-88fc-2735566ff740,RR,Registration,2025,first_quarter,1st Quarter (Jan 1 - Mar 31),,2025-01-21 13:01:02,2026-03-07 10:20:23.364755,,,,,Alisa Jane Hess,https://lda.senate.gov/api/v1/filings/46500ff5-ba7d-45dd-88fc-2735566ff740/,3,1474
1506,1cff6ec0-1ec9-4036-b0a9-0940f9d43795,RR,Registration,2025,first_quarter,1st Quarter (Jan 1 - Mar 31),,2025-01-21 13:46:42,2026-03-07 10:20:23.370680,,,,,Mary Beth Savary Taylor,https://lda.senate.gov/api/v1/filings/1cff6ec0-1ec9-4036-b0a9-0940f9d43795/,44,1475
1507,020fe976-956f-4352-9ef7-2edd18454ca4,RR,Registration,2025,first_quarter,1st Quarter (Jan 1 - Mar 31),,2025-01-21 14:34:18,2026-03-07 10:20:23.375901,,,,,Todd Baughman,https://lda.senate.gov/api/v1/filings/020fe976-956f-4352-9ef7-2edd18454ca4/,630,1476
1508,c3f12d0f-d249-430e-a4c6-846acf0cac98,RA,Registration - Amendment,2025,first_quarter,1st Quarter (Jan 1 - Mar 31),,2025-01-21 15:14:56,2026-03-07 10:20:23.380585,,,,,Carolyn Kerr,https://lda.senate.gov/api/v1/filings/c3f12d0f-d249-430e-a4c6-846acf0cac98/,335,643
1509,0a9bf1fb-26a3-4f04-8cd6-279e199da9e2,RA,Registration - Amendment,2025,first_quarter,1st Quarter (Jan 1 - Mar 31),,2025-01-21 15:19:27,2026-03-07 10:20:23.384595,,,,,Carolyn Kerr,https://lda.senate.gov/api/v1/filings/0a9bf1fb-26a3-4f04-8cd6-279e199da9e2/,335,644
1510,9c956f4f-503e-4c50-8c74-1ae3c7eb1b81,RA,Registration - Amendment,2025,first_quarter,1st Quarter (Jan 1 - Mar 31),,2025-01-21 16:12:39,2026-03-07 10:20:23.388535,,,,,Peter Depasquale,https://lda.senate.gov/api/v1/filings/9c956f4f-503e-4c50-8c74-1ae3c7eb1b81/,631,1477
1863,5206a370-36dc-452c-9de4-7a93dacb8152,RR,Registration,2025,first_quarter,1st Quarter (Jan 1 - Mar 31),,2025-02-11 09:24:42,2026-03-07 10:20:46.583235,,,,,Shira Hollander,https://lda.senate.gov/api/v1/filings/5206a370-36dc-452c-9de4-7a93dacb8152/,727,1818
1511,357575c3-efce-46ca-a528-509c335b634a,RR,Registration,2025,first_quarter,1st Quarter (Jan 1 - Mar 31),,2025-01-21 16:40:09,2026-03-07 10:20:23.393989,,,,,Paul Miller,https://lda.senate.gov/api/v1/filings/357575c3-efce-46ca-a528-509c335b634a/,341,1478
2766,c3f82161-e5d5-4e90-8613-a25c734ad811,RR,Registration,2025,first_quarter,1st Quarter (Jan 1 - Mar 31),,2025-03-17 10:48:02,2026-03-07 10:21:43.344401,,,,,Stephen Replogle,https://lda.senate.gov/api/v1/filings/c3f82161-e5d5-4e90-8613-a25c734ad811/,922,2676
1512,fba086c0-6390-4c58-8865-e20ce0b80709,RR,Registration,2025,first_quarter,1st Quarter (Jan 1 - Mar 31),,2025-01-21 16:40:55,2026-03-07 10:20:23.398456,,,,,Zachary Williams,https://lda.senate.gov/api/v1/filings/fba086c0-6390-4c58-8865-e20ce0b80709/,357,1479
1864,b38e9ff3-f37a-4754-94f4-380766cb4803,RR,Registration,2025,first_quarter,1st Quarter (Jan 1 - Mar 31),,2025-02-11 10:01:35,2026-03-07 10:20:46.588257,,,,,R. Christian Johnsen,https://lda.senate.gov/api/v1/filings/b38e9ff3-f37a-4754-94f4-380766cb4803/,422,1819
1513,bdb66a2c-dee8-4513-83d4-968b2c593f54,RR,Registration,2025,first_quarter,1st Quarter (Jan 1 - Mar 31),,2025-01-21 16:48:30,2026-03-07 10:20:23.403252,,,,,Zachary Williams,https://lda.senate.gov/api/v1/filings/bdb66a2c-dee8-4513-83d4-968b2c593f54/,357,1480
1865,add80246-b869-4912-a914-dc761c308adb,RR,Registration,2025,first_quarter,1st Quarter (Jan 1 - Mar 31),,2025-02-11 10:43:18,2026-03-07 10:20:46.593208,,,,,"Scott Gelbman, Government Affairs Advisor",https://lda.senate.gov/api/v1/filings/add80246-b869-4912-a914-dc761c308adb/,316,1820
1514,0a537c3d-f936-4ce5-b52f-730e4892a3b0,RR,Registration,2025,first_quarter,1st Quarter (Jan 1 - Mar 31),,2025-01-21 16:49:58,2026-03-07 10:20:23.408036,,,,,Paul Miller,https://lda.senate.gov/api/v1/filings/0a537c3d-f936-4ce5-b52f-730e4892a3b0/,341,1481
1515,98487ed8-78cf-471a-9922-78915d175357,RR,Registration,2025,first_quarter,1st Quarter (Jan 1 - Mar 31),,2025-01-21 16:54:48,2026-03-07 10:20:23.412705,,,,,Zachary Williams,https://lda.senate.gov/api/v1/filings/98487ed8-78cf-471a-9922-78915d175357/,357,1482
1516,690a8a51-cfa8-4feb-9697-ae25117829f6,RR,Registration,2025,first_quarter,1st Quarter (Jan 1 - Mar 31),,2025-01-21 16:55:33,2026-03-07 10:20:23.417257,,,,,Nensi Nina Fiorenini,https://lda.senate.gov/api/v1/filings/690a8a51-cfa8-4feb-9697-ae25117829f6/,632,1483
1517,b08c82bc-b500-4694-8ada-00bcedb23d74,RR,Registration,2025,first_quarter,1st Quarter (Jan 1 - Mar 31),,2025-01-21 17:04:01,2026-03-07 10:20:23.421998,,,,,Paul Miller,https://lda.senate.gov/api/v1/filings/b08c82bc-b500-4694-8ada-00bcedb23d74/,341,1484
1518,69d2b607-4df8-4522-b5ea-6bfed98cca61,RR,Registration,2025,first_quarter,1st Quarter (Jan 1 - Mar 31),,2025-01-21 17:12:37,2026-03-07 10:20:23.428601,,,,,Sarah Egge,https://lda.senate.gov/api/v1/filings/69d2b607-4df8-4522-b5ea-6bfed98cca61/,633,1485
1519,6ef77ef4-3e0c-4eb7-9b2c-95ad990c8f37,RR,Registration,2025,first_quarter,1st Quarter (Jan 1 - Mar 31),,2025-01-21 17:16:44,2026-03-07 10:20:23.433672,,,,,Paul Miller,https://lda.senate.gov/api/v1/filings/6ef77ef4-3e0c-4eb7-9b2c-95ad990c8f37/,341,1486
1520,7b3f98d2-dfbb-4157-939b-4be5af7b4bf5,RR,Registration,2025,first_quarter,1st Quarter (Jan 1 - Mar 31),,2025-01-21 17:34:29,2026-03-07 10:20:23.438838,,,,,Brian Diffell,https://lda.senate.gov/api/v1/filings/7b3f98d2-dfbb-4157-939b-4be5af7b4bf5/,359,1487
1521,db9cac56-dc19-43b0-b3a8-2059804f3086,RA,Registration - Amendment,2025,first_quarter,1st Quarter (Jan 1 - Mar 31),,2025-01-21 17:38:35,2026-03-07 10:20:23.443885,,,,,Todd Smith,https://lda.senate.gov/api/v1/filings/db9cac56-dc19-43b0-b3a8-2059804f3086/,634,1488
1522,095d9dea-5212-4b58-8833-657bbf945d43,RR,Registration,2025,first_quarter,1st Quarter (Jan 1 - Mar 31),,2025-01-21 17:38:36,2026-03-07 10:20:23.448771,,,,,Scott Owens,https://lda.senate.gov/api/v1/filings/095d9dea-5212-4b58-8833-657bbf945d43/,45,1489
1523,7afac896-84c7-49eb-b735-ca426477480d,RR,Registration,2025,first_quarter,1st Quarter (Jan 1 - Mar 31),,2025-01-21 17:42:10,2026-03-07 10:20:23.453136,,,,,Scott Owens,https://lda.senate.gov/api/v1/filings/7afac896-84c7-49eb-b735-ca426477480d/,45,1490
1524,f303b32a-afea-4816-a6cc-709b2b1389cf,RA,Registration - Amendment,2025,first_quarter,1st Quarter (Jan 1 - Mar 31),,2025-01-21 18:20:22,2026-03-07 10:20:23.457676,,,,,Debra Trevorah,https://lda.senate.gov/api/v1/filings/f303b32a-afea-4816-a6cc-709b2b1389cf/,635,1491
1525,f847c25d-4023-4172-b5ab-3ed7cfd5393c,RR,Registration,2025,first_quarter,1st Quarter (Jan 1 - Mar 31),,2025-01-21 19:16:30,2026-03-07 10:20:23.462659,,,,,Stephen W Miller,https://lda.senate.gov/api/v1/filings/f847c25d-4023-4172-b5ab-3ed7cfd5393c/,542,1492
1526,cb78c92b-1267-42ef-b190-ca34e364da61,RR,Registration,2025,first_quarter,1st Quarter (Jan 1 - Mar 31),,2025-01-21 21:39:02,2026-03-07 10:20:24.758446,,,,,Stacey Scholl,https://lda.senate.gov/api/v1/filings/cb78c92b-1267-42ef-b190-ca34e364da61/,254,1493
1527,e27ce667-0911-46f0-b785-103a9570d5de,RR,Registration,2025,first_quarter,1st Quarter (Jan 1 - Mar 31),,2025-01-22 10:23:04,2026-03-07 10:20:24.765294,,,,,Jon Rawlson,https://lda.senate.gov/api/v1/filings/e27ce667-0911-46f0-b785-103a9570d5de/,494,1494
1528,07b9ef92-27eb-432e-a46b-ecc33b8c12e4,RR,Registration,2025,first_quarter,1st Quarter (Jan 1 - Mar 31),,2025-01-22 10:30:37,2026-03-07 10:20:24.771132,,,,,Jon Rawlson,https://lda.senate.gov/api/v1/filings/07b9ef92-27eb-432e-a46b-ecc33b8c12e4/,494,1495
1529,2ef78e5d-3617-4242-ad2c-0ddf7d5fb88d,1TY,1st Quarter - Termination (No Activity),2025,first_quarter,1st Quarter (Jan 1 - Mar 31),,2025-01-22 11:20:01,2026-03-07 10:20:24.776810,,,,,C. Juliet Pittman,https://lda.senate.gov/api/v1/filings/2ef78e5d-3617-4242-ad2c-0ddf7d5fb88d/,636,1496
1530,2f91d412-33ef-444b-9d30-8efea863e758,RR,Registration,2025,first_quarter,1st Quarter (Jan 1 - Mar 31),,2025-01-22 11:33:09,2026-03-07 10:20:24.782314,,,,,Adina Mincher,https://lda.senate.gov/api/v1/filings/2f91d412-33ef-444b-9d30-8efea863e758/,52,1497
1531,3592f66f-db4a-4430-8cd0-31fe8b568c96,1TY,1st Quarter - Termination (No Activity),2025,first_quarter,1st Quarter (Jan 1 - Mar 31),,2025-01-22 12:06:31,2026-03-07 10:20:24.788079,,,,,C. Juliet Pittman,https://lda.senate.gov/api/v1/filings/3592f66f-db4a-4430-8cd0-31fe8b568c96/,636,1498
1532,de0a943b-3e59-466c-8e09-f7178720cbaf,1TY,1st Quarter - Termination (No Activity),2025,first_quarter,1st Quarter (Jan 1 - Mar 31),,2025-01-22 12:14:18,2026-03-07 10:20:24.793155,,,,,C. Juliet Pittman,https://lda.senate.gov/api/v1/filings/de0a943b-3e59-466c-8e09-f7178720cbaf/,636,1499
1533,35af6561-99a9-417f-b531-37236748c4de,1TY,1st Quarter - Termination (No Activity),2025,first_quarter,1st Quarter (Jan 1 - Mar 31),,2025-01-22 12:29:17,2026-03-07 10:20:24.797832,,,,,C. Juliet Pittman,https://lda.senate.gov/api/v1/filings/35af6561-99a9-417f-b531-37236748c4de/,636,1500
1534,92fe329e-e578-4f92-8feb-69a26dc5c387,RA,Registration - Amendment,2025,first_quarter,1st Quarter (Jan 1 - Mar 31),,2025-01-22 14:22:14,2026-03-07 10:20:24.802329,,,,,Sean Pittman,https://lda.senate.gov/api/v1/filings/92fe329e-e578-4f92-8feb-69a26dc5c387/,272,1357
1866,8905a720-0a43-459a-8444-31abd142db12,RR,Registration,2025,first_quarter,1st Quarter (Jan 1 - Mar 31),,2025-02-11 10:58:54,2026-03-07 10:20:46.597773,,,,,"William Minor, Partner",https://lda.senate.gov/api/v1/filings/8905a720-0a43-459a-8444-31abd142db12/,64,1821
2767,d4be3be2-344f-4ff1-a96b-b4cefd4e1027,RR,Registration,2025,first_quarter,1st Quarter (Jan 1 - Mar 31),,2025-03-17 11:01:36,2026-03-07 10:21:43.349744,,,,,Jonathan McCollum,https://lda.senate.gov/api/v1/filings/d4be3be2-344f-4ff1-a96b-b4cefd4e1027/,415,2677
1535,9c6bbc6c-e64c-48a1-9e0c-8319e348d8c9,RR,Registration,2025,first_quarter,1st Quarter (Jan 1 - Mar 31),,2025-01-22 16:08:09,2026-03-07 10:20:24.807649,,,,,Jeffrey Munk,https://lda.senate.gov/api/v1/filings/9c6bbc6c-e64c-48a1-9e0c-8319e348d8c9/,528,1501
1867,54da4b76-8526-405c-a445-9cfd20c146c8,RR,Registration,2025,first_quarter,1st Quarter (Jan 1 - Mar 31),,2025-02-11 11:06:16,2026-03-07 10:20:46.603039,,,,,"Andrew Herzfeld, Chief Financial Officer",https://lda.senate.gov/api/v1/filings/54da4b76-8526-405c-a445-9cfd20c146c8/,728,1822
1536,dbcd0b28-664b-4b80-9784-91775b209ad4,RR,Registration,2025,first_quarter,1st Quarter (Jan 1 - Mar 31),,2025-01-22 16:15:07,2026-03-07 10:20:24.812614,,,,,Jeffrey Munk,https://lda.senate.gov/api/v1/filings/dbcd0b28-664b-4b80-9784-91775b209ad4/,528,1502
1537,f7912def-5d63-4348-8b4c-8a3c47103e58,RR,Registration,2025,first_quarter,1st Quarter (Jan 1 - Mar 31),,2025-01-22 16:25:00,2026-03-07 10:20:24.817525,,,,,"H. Stewart Van Scoyoc, Chairman, Founder & CEO",https://lda.senate.gov/api/v1/filings/f7912def-5d63-4348-8b4c-8a3c47103e58/,427,1503
1868,86a694ee-af08-475e-9492-ee45b42ecd1e,RR,Registration,2025,first_quarter,1st Quarter (Jan 1 - Mar 31),,2025-02-11 12:04:07,2026-03-07 10:20:46.608152,,,,,Brooke Taylor,https://lda.senate.gov/api/v1/filings/86a694ee-af08-475e-9492-ee45b42ecd1e/,557,1823
1538,6b47cc83-aae9-4927-8a0d-316f4f98e094,RR,Registration,2025,first_quarter,1st Quarter (Jan 1 - Mar 31),,2025-01-22 16:28:02,2026-03-07 10:20:24.822785,,,,,Jeffrey Munk,https://lda.senate.gov/api/v1/filings/6b47cc83-aae9-4927-8a0d-316f4f98e094/,528,1504
1539,36ca0800-62d1-4feb-babf-ddb2661d1f44,RR,Registration,2025,first_quarter,1st Quarter (Jan 1 - Mar 31),,2025-01-22 16:36:23,2026-03-07 10:20:24.827526,,,,,Jeffrey Munk,https://lda.senate.gov/api/v1/filings/36ca0800-62d1-4feb-babf-ddb2661d1f44/,528,1505
2572,de0124c1-72e1-45ae-8de4-6c9d52bacace,RR,Registration,2025,first_quarter,1st Quarter (Jan 1 - Mar 31),,2025-03-10 12:46:39,2026-03-07 10:21:30.401584,,,,,Emily Brooke Taylor,https://lda.senate.gov/api/v1/filings/de0124c1-72e1-45ae-8de4-6c9d52bacace/,557,2492
1540,b4c803c6-e315-49be-ba15-18937ac6e449,RR,Registration,2025,first_quarter,1st Quarter (Jan 1 - Mar 31),,2025-01-22 16:52:51,2026-03-07 10:20:24.831860,,,,,Jeffrey Munk,https://lda.senate.gov/api/v1/filings/b4c803c6-e315-49be-ba15-18937ac6e449/,528,1506
1541,71a1359d-e840-43a6-b6a0-5fece9e9c2ed,RR,Registration,2025,first_quarter,1st Quarter (Jan 1 - Mar 31),,2025-01-22 17:02:36,2026-03-07 10:20:24.836489,,,,,Jeffrey Munk,https://lda.senate.gov/api/v1/filings/71a1359d-e840-43a6-b6a0-5fece9e9c2ed/,528,1507
1542,34bf750d-10a6-4c39-96d8-8c4a6593faf3,RR,Registration,2025,first_quarter,1st Quarter (Jan 1 - Mar 31),,2025-01-22 20:00:27,2026-03-07 10:20:24.841423,,,,,Christine R. Mistr,https://lda.senate.gov/api/v1/filings/34bf750d-10a6-4c39-96d8-8c4a6593faf3/,518,1508
1543,5e7fab81-a9d5-48a7-9b6d-e5235cdadafb,RR,Registration,2025,first_quarter,1st Quarter (Jan 1 - Mar 31),,2025-01-23 10:27:20,2026-03-07 10:20:24.846488,,,,,Nina Collier,https://lda.senate.gov/api/v1/filings/5e7fab81-a9d5-48a7-9b6d-e5235cdadafb/,637,1509
1544,1b1a03a6-016f-47ce-b6c7-acf502543474,RR,Registration,2025,first_quarter,1st Quarter (Jan 1 - Mar 31),,2025-01-23 11:36:46,2026-03-07 10:20:24.851254,,,,,Bonnie Shindelman,https://lda.senate.gov/api/v1/filings/1b1a03a6-016f-47ce-b6c7-acf502543474/,457,1510
1545,99e0f166-6faf-46c5-8ce5-cf9e97d7e059,RR,Registration,2025,first_quarter,1st Quarter (Jan 1 - Mar 31),,2025-01-23 11:42:04,2026-03-07 10:20:24.855711,,,,,Amy Blunt,https://lda.senate.gov/api/v1/filings/99e0f166-6faf-46c5-8ce5-cf9e97d7e059/,382,1511
1546,87fdf7a9-b031-4f40-9a0d-cc99ba3a7765,1TY,1st Quarter - Termination (No Activity),2025,first_quarter,1st Quarter (Jan 1 - Mar 31),,2025-01-23 11:53:12,2026-03-07 10:20:24.860679,,,,,Keira Franz,https://lda.senate.gov/api/v1/filings/87fdf7a9-b031-4f40-9a0d-cc99ba3a7765/,638,1512
1547,324d41eb-9353-47db-a033-2f9dc7a431fd,RR,Registration,2025,first_quarter,1st Quarter (Jan 1 - Mar 31),,2025-01-23 11:53:21,2026-03-07 10:20:24.865126,,,,,Bonnie Shindelman,https://lda.senate.gov/api/v1/filings/324d41eb-9353-47db-a033-2f9dc7a431fd/,457,1513
1548,95e66f47-6760-4cdc-92d7-0d2e27927390,RR,Registration,2025,first_quarter,1st Quarter (Jan 1 - Mar 31),,2025-01-23 11:59:51,2026-03-07 10:20:24.870153,,,,,Bonnie Shindelman,https://lda.senate.gov/api/v1/filings/95e66f47-6760-4cdc-92d7-0d2e27927390/,457,1514
1549,1c3b2968-44a5-4242-9a31-7f8c8eaef9d8,RR,Registration,2025,first_quarter,1st Quarter (Jan 1 - Mar 31),,2025-01-23 13:54:03,2026-03-07 10:20:24.875354,,,,,Manuel Ortiz,https://lda.senate.gov/api/v1/filings/1c3b2968-44a5-4242-9a31-7f8c8eaef9d8/,639,1515
1550,ed3ac44d-01f0-47cc-9259-955cc323e30e,1T,1st Quarter - Termination,2025,first_quarter,1st Quarter (Jan 1 - Mar 31),,2025-01-23 14:14:45,2026-03-07 10:20:24.880470,50000.0,,,,Stacey Scholl,https://lda.senate.gov/api/v1/filings/ed3ac44d-01f0-47cc-9259-955cc323e30e/,254,1516
1551,563e6bab-5af7-48da-92b2-a21b23955f62,RR,Registration,2025,first_quarter,1st Quarter (Jan 1 - Mar 31),,2025-01-23 14:25:24,2026-03-07 10:20:26.741985,,,,,Jennifer Holmes,https://lda.senate.gov/api/v1/filings/563e6bab-5af7-48da-92b2-a21b23955f62/,264,1517
1552,0fe26bac-59c9-4c63-9cb5-2c7196fb9eb7,RR,Registration,2025,first_quarter,1st Quarter (Jan 1 - Mar 31),,2025-01-23 15:24:49,2026-03-07 10:20:26.747146,,,,,Alton A Warthen,https://lda.senate.gov/api/v1/filings/0fe26bac-59c9-4c63-9cb5-2c7196fb9eb7/,640,1518
1553,8ea26bcf-f006-4b0d-ac3a-b11bc8bf4336,RR,Registration,2025,first_quarter,1st Quarter (Jan 1 - Mar 31),,2025-01-23 15:42:51,2026-03-07 10:20:26.753945,,,,,Rachel Mustor,https://lda.senate.gov/api/v1/filings/8ea26bcf-f006-4b0d-ac3a-b11bc8bf4336/,641,1519
1554,6adad0af-6b72-4cf2-8885-e2cd606bc49e,RR,Registration,2025,first_quarter,1st Quarter (Jan 1 - Mar 31),,2025-01-23 22:29:32,2026-03-07 10:20:26.759487,,,,,Ray Bucheger,https://lda.senate.gov/api/v1/filings/6adad0af-6b72-4cf2-8885-e2cd606bc49e/,623,1520
1555,3d8dd990-448e-4486-bf89-9f53588fa701,RR,Registration,2025,first_quarter,1st Quarter (Jan 1 - Mar 31),,2025-01-23 22:32:28,2026-03-07 10:20:26.764477,,,,,Ray Bucheger,https://lda.senate.gov/api/v1/filings/3d8dd990-448e-4486-bf89-9f53588fa701/,623,1521
1556,baceaf82-4851-42f3-8f99-9841dc6587fe,RR,Registration,2025,first_quarter,1st Quarter (Jan 1 - Mar 31),,2025-01-23 22:38:15,2026-03-07 10:20:26.769364,,,,,Ray Bucheger,https://lda.senate.gov/api/v1/filings/baceaf82-4851-42f3-8f99-9841dc6587fe/,623,1522
1557,9d3b0b7b-1d30-4272-99bd-07e6d3156b41,RR,Registration,2025,first_quarter,1st Quarter (Jan 1 - Mar 31),,2025-01-23 22:43:37,2026-03-07 10:20:26.773973,,,,,Ray Bucheger,https://lda.senate.gov/api/v1/filings/9d3b0b7b-1d30-4272-99bd-07e6d3156b41/,623,1523
1558,424c28ab-2e91-4bde-9fa8-ec8ebc4872af,RR,Registration,2025,first_quarter,1st Quarter (Jan 1 - Mar 31),,2025-01-24 09:20:56,2026-03-07 10:20:26.778266,,,,,Tobias Peter Noskwith,https://lda.senate.gov/api/v1/filings/424c28ab-2e91-4bde-9fa8-ec8ebc4872af/,642,1524
1869,49e47ade-3a34-4727-9a5c-09fb934eeb51,RR,Registration,2025,first_quarter,1st Quarter (Jan 1 - Mar 31),,2025-02-11 12:04:12,2026-03-07 10:20:46.612717,,,,,Paul Miller,https://lda.senate.gov/api/v1/filings/49e47ade-3a34-4727-9a5c-09fb934eeb51/,341,1824
1559,958b60ce-c3f5-44b9-b64a-8124a406c1a1,RR,Registration,2025,first_quarter,1st Quarter (Jan 1 - Mar 31),,2025-01-24 09:30:00,2026-03-07 10:20:26.783603,,,,,Adam J. Biegel,https://lda.senate.gov/api/v1/filings/958b60ce-c3f5-44b9-b64a-8124a406c1a1/,299,1525
2768,2a17763e-a312-43b9-ad97-0c861c1b2109,RR,Registration,2025,first_quarter,1st Quarter (Jan 1 - Mar 31),,2025-03-17 11:16:46,2026-03-07 10:21:43.355444,,,,,Jeff Navin,https://lda.senate.gov/api/v1/filings/2a17763e-a312-43b9-ad97-0c861c1b2109/,512,2678
1870,6dfc82d7-4da7-4faa-9bb5-1f8865e997db,RR,Registration,2025,first_quarter,1st Quarter (Jan 1 - Mar 31),,2025-02-11 12:24:33,2026-03-07 10:20:46.617688,,,,,Ryan Abraham,https://lda.senate.gov/api/v1/filings/6dfc82d7-4da7-4faa-9bb5-1f8865e997db/,59,1825
1560,d87a3708-6424-43e8-9344-d35d9e265734,RR,Registration,2025,first_quarter,1st Quarter (Jan 1 - Mar 31),,2025-01-24 10:59:50,2026-03-07 10:20:26.788562,,,,,Steve Stallmer,https://lda.senate.gov/api/v1/filings/d87a3708-6424-43e8-9344-d35d9e265734/,643,1526
1561,b203d189-d014-462a-a684-df4fb79a3d00,RR,Registration,2025,first_quarter,1st Quarter (Jan 1 - Mar 31),,2025-01-24 12:16:49,2026-03-07 10:20:26.793866,,,,,Michael Stroud,https://lda.senate.gov/api/v1/filings/b203d189-d014-462a-a684-df4fb79a3d00/,279,1527
1871,e422428d-dab2-43d5-8c9d-9c4fcc03136a,RR,Registration,2025,first_quarter,1st Quarter (Jan 1 - Mar 31),,2025-02-11 12:28:58,2026-03-07 10:20:46.622213,,,,,Dan Lederman,https://lda.senate.gov/api/v1/filings/e422428d-dab2-43d5-8c9d-9c4fcc03136a/,729,1826
1562,2f33f715-ee65-4264-a9b7-c72fbc3a9c33,RR,Registration,2025,first_quarter,1st Quarter (Jan 1 - Mar 31),,2025-01-24 12:52:15,2026-03-07 10:20:26.799085,,,,,Michael Stroud,https://lda.senate.gov/api/v1/filings/2f33f715-ee65-4264-a9b7-c72fbc3a9c33/,279,1528
1872,3ff95a34-6907-456a-ad53-ec0286d5a45d,RR,Registration,2025,first_quarter,1st Quarter (Jan 1 - Mar 31),,2025-02-11 14:22:24,2026-03-07 10:20:46.627114,,,,,Jack Burkman,https://lda.senate.gov/api/v1/filings/3ff95a34-6907-456a-ad53-ec0286d5a45d/,26,1827
1563,85c0dc43-bb08-4468-b3cf-67a6d4249dc8,RR,Registration,2025,first_quarter,1st Quarter (Jan 1 - Mar 31),,2025-01-24 13:03:38,2026-03-07 10:20:26.803677,,,,,Jaime Rojas,https://lda.senate.gov/api/v1/filings/85c0dc43-bb08-4468-b3cf-67a6d4249dc8/,644,1529
1564,3810dbe6-1ff4-4a3b-b549-3a0c00e76bdf,RR,Registration,2025,first_quarter,1st Quarter (Jan 1 - Mar 31),,2025-01-24 13:20:38,2026-03-07 10:20:26.808436,,,,,Stephen Gordon,https://lda.senate.gov/api/v1/filings/3810dbe6-1ff4-4a3b-b549-3a0c00e76bdf/,645,1530
1873,b7e1650b-aaa2-4893-8918-28f278f65ddd,RR,Registration,2025,first_quarter,1st Quarter (Jan 1 - Mar 31),,2025-02-11 14:31:06,2026-03-07 10:20:46.631689,,,,,Alex Teel,https://lda.senate.gov/api/v1/filings/b7e1650b-aaa2-4893-8918-28f278f65ddd/,730,1828
1565,7440895f-b94c-4b5b-96e4-9b33a703f19b,RR,Registration,2025,first_quarter,1st Quarter (Jan 1 - Mar 31),,2025-01-24 13:21:39,2026-03-07 10:20:26.814694,,,,,Michael Stroud,https://lda.senate.gov/api/v1/filings/7440895f-b94c-4b5b-96e4-9b33a703f19b/,279,1531
1874,347dd199-8fa2-4ae3-a6f0-8768730f959b,RR,Registration,2025,first_quarter,1st Quarter (Jan 1 - Mar 31),,2025-02-11 14:36:29,2026-03-07 10:20:46.636502,,,,,"Heather Klink, General Counsel",https://lda.senate.gov/api/v1/filings/347dd199-8fa2-4ae3-a6f0-8768730f959b/,431,1829
1566,9275f9d7-d80a-4eae-a5b6-6bb2d940bc8f,RR,Registration,2025,first_quarter,1st Quarter (Jan 1 - Mar 31),,2025-01-24 13:27:50,2026-03-07 10:20:26.819827,,,,,Michael Davitt Fox Jr,https://lda.senate.gov/api/v1/filings/9275f9d7-d80a-4eae-a5b6-6bb2d940bc8f/,646,1532
1567,7974d20e-22fe-423b-be74-0216db8554c5,RR,Registration,2025,first_quarter,1st Quarter (Jan 1 - Mar 31),,2025-01-24 14:25:05,2026-03-07 10:20:26.825090,,,,,Randall A. Brater,https://lda.senate.gov/api/v1/filings/7974d20e-22fe-423b-be74-0216db8554c5/,647,1533
1875,baa341fc-87e5-4601-9ef6-c0d8aa3e773c,RR,Registration,2025,first_quarter,1st Quarter (Jan 1 - Mar 31),,2025-02-11 15:09:57,2026-03-07 10:20:46.641092,,,,,"Heather Klink, General Counsel",https://lda.senate.gov/api/v1/filings/baa341fc-87e5-4601-9ef6-c0d8aa3e773c/,431,1830
1568,f36fa363-8176-4728-b86a-e33c7e7eb68c,RA,Registration - Amendment,2025,first_quarter,1st Quarter (Jan 1 - Mar 31),,2025-01-24 15:26:41,2026-03-07 10:20:26.830540,,,,,Michael Stroud,https://lda.senate.gov/api/v1/filings/f36fa363-8176-4728-b86a-e33c7e7eb68c/,279,1527
1876,94cff655-ecb9-4b13-9d49-f140c43f8a8b,RR,Registration,2025,first_quarter,1st Quarter (Jan 1 - Mar 31),,2025-02-11 15:15:42,2026-03-07 10:20:47.878890,,,,,"Heather Klink, General Counsel",https://lda.senate.gov/api/v1/filings/94cff655-ecb9-4b13-9d49-f140c43f8a8b/,431,1831
1569,71bc3ccd-3383-4664-90db-73b04170da73,RR,Registration,2025,first_quarter,1st Quarter (Jan 1 - Mar 31),,2025-01-24 16:41:27,2026-03-07 10:20:26.835305,,,,,Jennifer Leib,https://lda.senate.gov/api/v1/filings/71bc3ccd-3383-4664-90db-73b04170da73/,648,1534
1570,1639acff-233a-4f7b-93f3-b178d1ed5dbb,RR,Registration,2025,first_quarter,1st Quarter (Jan 1 - Mar 31),,2025-01-24 17:00:49,2026-03-07 10:20:26.840034,,,,,Michael Willis,https://lda.senate.gov/api/v1/filings/1639acff-233a-4f7b-93f3-b178d1ed5dbb/,649,1535
1877,c8be9e63-c5f9-4a90-9aef-70dce8823fa8,RR,Registration,2025,first_quarter,1st Quarter (Jan 1 - Mar 31),,2025-02-11 15:30:39,2026-03-07 10:20:47.883714,,,,,"Charles R. Nuckolls, Senior Counsel",https://lda.senate.gov/api/v1/filings/c8be9e63-c5f9-4a90-9aef-70dce8823fa8/,414,1832
1571,66606171-7ad4-4ba7-9837-d7cb4d3224d1,RR,Registration,2025,first_quarter,1st Quarter (Jan 1 - Mar 31),,2025-01-25 10:22:52,2026-03-07 10:20:26.844725,,,,,Beth Anne Cole,https://lda.senate.gov/api/v1/filings/66606171-7ad4-4ba7-9837-d7cb4d3224d1/,244,1536
1572,4a7be975-622a-40ac-883a-b6a7a564db0c,RR,Registration,2025,first_quarter,1st Quarter (Jan 1 - Mar 31),,2025-01-27 10:11:01,2026-03-07 10:20:26.849151,,,,,Taylor Hoover,https://lda.senate.gov/api/v1/filings/4a7be975-622a-40ac-883a-b6a7a564db0c/,650,1537
2635,423c22f4-2b83-4a2e-9e99-5e3675b7bcd9,RA,Registration - Amendment,2025,first_quarter,1st Quarter (Jan 1 - Mar 31),,2025-03-11 17:49:20,2026-03-07 10:21:34.838050,,,,,"Danica L. Petroshius, Principal",https://lda.senate.gov/api/v1/filings/423c22f4-2b83-4a2e-9e99-5e3675b7bcd9/,416,2553
1573,3879ea15-0ccc-4cb1-ac1f-580aa95dbe47,RA,Registration - Amendment,2025,first_quarter,1st Quarter (Jan 1 - Mar 31),,2025-01-27 10:52:39,2026-03-07 10:20:26.854624,,,,,Anthony Laurita,https://lda.senate.gov/api/v1/filings/3879ea15-0ccc-4cb1-ac1f-580aa95dbe47/,651,1538
1574,1ef05fbb-1454-45d2-8487-bc3c530714d6,RR,Registration,2025,first_quarter,1st Quarter (Jan 1 - Mar 31),,2025-01-27 12:50:24,2026-03-07 10:20:26.859553,,,,,Adam J. Biegel,https://lda.senate.gov/api/v1/filings/1ef05fbb-1454-45d2-8487-bc3c530714d6/,299,1539
1575,beba0abc-ad84-4eae-a83f-5256711fed4b,RR,Registration,2025,first_quarter,1st Quarter (Jan 1 - Mar 31),,2025-01-27 16:20:19,2026-03-07 10:20:26.864384,,,,,Reilly O'Connor,https://lda.senate.gov/api/v1/filings/beba0abc-ad84-4eae-a83f-5256711fed4b/,652,1540
1576,03b4510f-1685-4127-b2ba-d48a5cc9b9f0,RR,Registration,2025,first_quarter,1st Quarter (Jan 1 - Mar 31),,2025-01-27 17:02:57,2026-03-07 10:20:28.842613,,,,,Isabella Quinn,https://lda.senate.gov/api/v1/filings/03b4510f-1685-4127-b2ba-d48a5cc9b9f0/,365,1541
1878,cabc28b6-6a48-49e7-afdc-97d722174375,RR,Registration,2025,first_quarter,1st Quarter (Jan 1 - Mar 31),,2025-02-11 16:04:37,2026-03-07 10:20:47.888076,,,,,Michael Tongour,https://lda.senate.gov/api/v1/filings/cabc28b6-6a48-49e7-afdc-97d722174375/,575,1833
1577,2c5d1bb9-bd38-41e8-a76e-cfd256d2f26d,RR,Registration,2025,first_quarter,1st Quarter (Jan 1 - Mar 31),,2025-01-27 17:43:50,2026-03-07 10:20:28.848454,,,,,Brian Pomper,https://lda.senate.gov/api/v1/filings/2c5d1bb9-bd38-41e8-a76e-cfd256d2f26d/,337,1542
2769,eee39159-4135-4b52-904d-3ed3690ec844,RR,Registration,2025,first_quarter,1st Quarter (Jan 1 - Mar 31),,2025-03-17 11:23:09,2026-03-07 10:21:43.361626,,,,,Jeff Navin,https://lda.senate.gov/api/v1/filings/eee39159-4135-4b52-904d-3ed3690ec844/,512,2679
1879,88416449-e68d-4592-be78-8fafdbf9a10a,1TY,1st Quarter - Termination (No Activity),2025,first_quarter,1st Quarter (Jan 1 - Mar 31),,2025-02-11 16:12:47,2026-03-07 10:20:47.892565,,,,,Michael Tongour,https://lda.senate.gov/api/v1/filings/88416449-e68d-4592-be78-8fafdbf9a10a/,575,1834
1578,a1bc87ea-137e-48ad-b857-c829be774e39,1T,1st Quarter - Termination,2025,first_quarter,1st Quarter (Jan 1 - Mar 31),,2025-01-27 22:47:32,2026-03-07 10:20:28.852604,20000.0,,,,Payton Zweifel,https://lda.senate.gov/api/v1/filings/a1bc87ea-137e-48ad-b857-c829be774e39/,653,1543
1579,b36c49c2-84d1-4a8a-8b38-31d2e3cbff1d,1T,1st Quarter - Termination,2025,first_quarter,1st Quarter (Jan 1 - Mar 31),,2025-01-27 22:50:36,2026-03-07 10:20:28.857896,,,,,Payton Zweifel,https://lda.senate.gov/api/v1/filings/b36c49c2-84d1-4a8a-8b38-31d2e3cbff1d/,653,1544
1880,4bb5a4d9-82a4-4710-b7c4-081ba55985b2,RR,Registration,2025,first_quarter,1st Quarter (Jan 1 - Mar 31),,2025-02-11 16:13:59,2026-03-07 10:20:47.896385,,,,,Alia Cardwell,https://lda.senate.gov/api/v1/filings/4bb5a4d9-82a4-4710-b7c4-081ba55985b2/,348,1835
2770,a2cac541-9dc4-4af9-ab08-c69dd0502614,RR,Registration,2025,first_quarter,1st Quarter (Jan 1 - Mar 31),,2025-03-17 11:23:16,2026-03-07 10:21:43.367397,,,,,John Thomas Graves Jr.,https://lda.senate.gov/api/v1/filings/a2cac541-9dc4-4af9-ab08-c69dd0502614/,923,2680
1580,637fabba-ecab-40af-886a-5bb0d67857d7,1T,1st Quarter - Termination,2025,first_quarter,1st Quarter (Jan 1 - Mar 31),,2025-01-27 22:52:11,2026-03-07 10:20:28.862440,20000.0,,,,Payton Zweifel,https://lda.senate.gov/api/v1/filings/637fabba-ecab-40af-886a-5bb0d67857d7/,653,1545
1881,00bac7c0-5027-4edc-8ede-69f96d481d46,RR,Registration,2025,first_quarter,1st Quarter (Jan 1 - Mar 31),,2025-02-11 17:36:12,2026-03-07 10:20:47.900862,,,,,Dana Walter Stringer,https://lda.senate.gov/api/v1/filings/00bac7c0-5027-4edc-8ede-69f96d481d46/,731,1836
1581,5de97063-6b3a-4fcc-b44c-97bc89b16d1e,RR,Registration,2025,first_quarter,1st Quarter (Jan 1 - Mar 31),,2025-01-28 09:05:33,2026-03-07 10:20:28.866943,,,,,"Ronald M. Jacobs, Partner",https://lda.senate.gov/api/v1/filings/5de97063-6b3a-4fcc-b44c-97bc89b16d1e/,43,1546
2771,a7621f80-d692-43f5-9e1b-ac3baf8d8822,RR,Registration,2025,first_quarter,1st Quarter (Jan 1 - Mar 31),,2025-03-17 11:40:33,2026-03-07 10:21:43.372408,,,,,John Thomas Graves Jr.,https://lda.senate.gov/api/v1/filings/a7621f80-d692-43f5-9e1b-ac3baf8d8822/,923,2681
1582,29c7bcc9-4dc4-4b66-858a-9a82fbd8845c,RR,Registration,2025,first_quarter,1st Quarter (Jan 1 - Mar 31),,2025-01-28 09:47:48,2026-03-07 10:20:28.871620,,,,,Darien Flowers,https://lda.senate.gov/api/v1/filings/29c7bcc9-4dc4-4b66-858a-9a82fbd8845c/,654,1547
1882,d3c39136-24e8-4fcd-91b7-cbc76d343658,RR,Registration,2025,first_quarter,1st Quarter (Jan 1 - Mar 31),,2025-02-11 18:36:50,2026-03-07 10:20:47.905339,,,,,Brendan Dunn,https://lda.senate.gov/api/v1/filings/d3c39136-24e8-4fcd-91b7-cbc76d343658/,413,1837
1583,6007ee89-a3d2-43db-bcc8-c4951f16887b,RR,Registration,2025,first_quarter,1st Quarter (Jan 1 - Mar 31),,2025-01-28 10:08:35,2026-03-07 10:20:28.876683,,,,,Eric Axel,https://lda.senate.gov/api/v1/filings/6007ee89-a3d2-43db-bcc8-c4951f16887b/,655,1548
1883,f60463fd-b742-432b-94c4-b04c283c71e6,RR,Registration,2025,first_quarter,1st Quarter (Jan 1 - Mar 31),,2025-02-11 19:13:26,2026-03-07 10:20:47.909287,,,,,Anne Basham,https://lda.senate.gov/api/v1/filings/f60463fd-b742-432b-94c4-b04c283c71e6/,719,1838
1584,1f3478be-9c46-4b52-ab7b-ec38633b7d2c,RR,Registration,2025,first_quarter,1st Quarter (Jan 1 - Mar 31),,2025-01-28 11:08:05,2026-03-07 10:20:28.882298,,,,,Paul Lee,https://lda.senate.gov/api/v1/filings/1f3478be-9c46-4b52-ab7b-ec38633b7d2c/,656,1549
1585,d9da4e0e-fb66-4e9f-8566-5a18362950a6,RA,Registration - Amendment,2025,first_quarter,1st Quarter (Jan 1 - Mar 31),,2025-01-28 11:25:04,2026-03-07 10:20:28.887946,,,,,Allegra M. Han,https://lda.senate.gov/api/v1/filings/d9da4e0e-fb66-4e9f-8566-5a18362950a6/,383,1432
1884,69575d42-2d61-4e31-85e3-8fa9216decf4,RR,Registration,2025,first_quarter,1st Quarter (Jan 1 - Mar 31),,2025-02-11 19:14:59,2026-03-07 10:20:47.913753,,,,,Chadwick Carlough,https://lda.senate.gov/api/v1/filings/69575d42-2d61-4e31-85e3-8fa9216decf4/,532,1839
1586,91ba1bea-ceeb-4eeb-9bb5-d5ff2feab6f8,1T,1st Quarter - Termination,2025,first_quarter,1st Quarter (Jan 1 - Mar 31),,2025-01-28 12:02:44,2026-03-07 10:20:28.892877,,,,,Stacey Scholl,https://lda.senate.gov/api/v1/filings/91ba1bea-ceeb-4eeb-9bb5-d5ff2feab6f8/,254,1550
1587,00bc8b6f-c9f7-4879-8ab0-a462075b8567,1T,1st Quarter - Termination,2025,first_quarter,1st Quarter (Jan 1 - Mar 31),,2025-01-28 12:42:19,2026-03-07 10:20:28.898250,,,,,Stacey Scholl,https://lda.senate.gov/api/v1/filings/00bc8b6f-c9f7-4879-8ab0-a462075b8567/,657,1551
1588,170dff6f-b7d2-491e-b551-ae47df8ad7aa,RR,Registration,2025,first_quarter,1st Quarter (Jan 1 - Mar 31),,2025-01-28 13:07:40,2026-03-07 10:20:28.903400,,,,,Emma Doyle,https://lda.senate.gov/api/v1/filings/170dff6f-b7d2-491e-b551-ae47df8ad7aa/,498,1552
1589,739e80b6-4556-477d-9bc6-92d3e1a6312c,RR,Registration,2025,first_quarter,1st Quarter (Jan 1 - Mar 31),,2025-01-28 13:42:54,2026-03-07 10:20:28.908266,,,,,Donald Bramer,https://lda.senate.gov/api/v1/filings/739e80b6-4556-477d-9bc6-92d3e1a6312c/,658,1553
1590,c4186041-4701-435b-bc67-24c3db27732c,RR,Registration,2025,first_quarter,1st Quarter (Jan 1 - Mar 31),,2025-01-28 15:00:43,2026-03-07 10:20:28.913186,,,,,Matthew Mowers,https://lda.senate.gov/api/v1/filings/c4186041-4701-435b-bc67-24c3db27732c/,310,1554
1591,66c15682-e127-4f2f-9378-f9824c6304f9,RR,Registration,2025,first_quarter,1st Quarter (Jan 1 - Mar 31),,2025-01-28 15:04:09,2026-03-07 10:20:28.917959,,,,,Matthew Mowers,https://lda.senate.gov/api/v1/filings/66c15682-e127-4f2f-9378-f9824c6304f9/,310,1555
1592,d412cbdd-7d69-4177-b505-9025f738f6c6,RR,Registration,2025,first_quarter,1st Quarter (Jan 1 - Mar 31),,2025-01-28 15:25:09,2026-03-07 10:20:28.922998,,,,,Michael W. McKinney,https://lda.senate.gov/api/v1/filings/d412cbdd-7d69-4177-b505-9025f738f6c6/,659,1556
1593,84719a78-5559-42d7-af10-63967b3f8a76,RR,Registration,2025,first_quarter,1st Quarter (Jan 1 - Mar 31),,2025-01-28 16:58:03,2026-03-07 10:20:28.928452,,,,,Madison Strader Arcangeli,https://lda.senate.gov/api/v1/filings/84719a78-5559-42d7-af10-63967b3f8a76/,370,1557
1594,6e03229d-45cd-4e72-a110-143b24302d32,RR,Registration,2025,first_quarter,1st Quarter (Jan 1 - Mar 31),,2025-01-28 17:16:57,2026-03-07 10:20:28.933038,,,,,Madison Strader Arcangeli,https://lda.senate.gov/api/v1/filings/6e03229d-45cd-4e72-a110-143b24302d32/,370,1558
1885,8b918839-b960-4204-aa23-770cf707cf0c,RA,Registration - Amendment,2025,first_quarter,1st Quarter (Jan 1 - Mar 31),,2025-02-11 19:38:03,2026-03-07 10:20:47.918395,,,,,Jennifer Holmes,https://lda.senate.gov/api/v1/filings/8b918839-b960-4204-aa23-770cf707cf0c/,264,1840
1595,608a429e-fe78-4ff9-8f4d-04aadcdcba80,RR,Registration,2025,first_quarter,1st Quarter (Jan 1 - Mar 31),,2025-01-28 18:39:20,2026-03-07 10:20:28.937775,,,,,Sara Nuvy,https://lda.senate.gov/api/v1/filings/608a429e-fe78-4ff9-8f4d-04aadcdcba80/,48,1559
2772,71c9a926-b237-40b2-a265-497d5fcb62a3,RR,Registration,2025,first_quarter,1st Quarter (Jan 1 - Mar 31),,2025-03-17 11:43:48,2026-03-07 10:21:43.377319,,,,,Michael D. DiRoma,https://lda.senate.gov/api/v1/filings/71c9a926-b237-40b2-a265-497d5fcb62a3/,377,2682
1596,a899e74c-9073-4593-86c1-c2ff9b47fe23,RR,Registration,2025,first_quarter,1st Quarter (Jan 1 - Mar 31),,2025-01-28 18:55:50,2026-03-07 10:20:28.943070,,,,,Sara Nuvy,https://lda.senate.gov/api/v1/filings/a899e74c-9073-4593-86c1-c2ff9b47fe23/,48,1560
1886,7dbbba0e-0f40-4690-acfa-1e7f79fe9de4,RR,Registration,2025,first_quarter,1st Quarter (Jan 1 - Mar 31),,2025-02-12 09:18:59,2026-03-07 10:20:47.922987,,,,,Vincent Eng,https://lda.senate.gov/api/v1/filings/7dbbba0e-0f40-4690-acfa-1e7f79fe9de4/,732,1841
1597,f448a538-139b-4c52-8d58-9aa05b7b8992,RA,Registration - Amendment,2025,first_quarter,1st Quarter (Jan 1 - Mar 31),,2025-01-28 19:07:13,2026-03-07 10:20:28.947655,,,,,Sara Nuvy,https://lda.senate.gov/api/v1/filings/f448a538-139b-4c52-8d58-9aa05b7b8992/,48,1561
1887,afbec318-5e5e-4ea6-9935-f20590ea01ea,RR,Registration,2025,first_quarter,1st Quarter (Jan 1 - Mar 31),,2025-02-12 09:29:49,2026-03-07 10:20:47.927911,,,,,Jennifer Lowe,https://lda.senate.gov/api/v1/filings/afbec318-5e5e-4ea6-9935-f20590ea01ea/,733,1842
1598,3ad2cf93-aa33-455c-892a-4e5a395b7ea2,RR,Registration,2025,first_quarter,1st Quarter (Jan 1 - Mar 31),,2025-01-28 20:02:13,2026-03-07 10:20:28.952027,,,,,James H Fraser,https://lda.senate.gov/api/v1/filings/3ad2cf93-aa33-455c-892a-4e5a395b7ea2/,660,1562
2773,825ea03a-c50d-4e42-a187-88827f08fd6e,RR,Registration,2025,first_quarter,1st Quarter (Jan 1 - Mar 31),,2025-03-17 11:49:30,2026-03-07 10:21:43.382060,,,,,John Thomas Graves Jr.,https://lda.senate.gov/api/v1/filings/825ea03a-c50d-4e42-a187-88827f08fd6e/,923,2683
1599,985c91a7-6328-4110-8632-5ddf4d8c9bcb,RR,Registration,2025,first_quarter,1st Quarter (Jan 1 - Mar 31),,2025-01-29 11:15:26,2026-03-07 10:20:28.957271,,,,,Eric S. Brown,https://lda.senate.gov/api/v1/filings/985c91a7-6328-4110-8632-5ddf4d8c9bcb/,232,1563
1888,c2e7d66f-e718-41c2-9fcf-062609a6f932,RR,Registration,2025,first_quarter,1st Quarter (Jan 1 - Mar 31),,2025-02-12 10:25:18,2026-03-07 10:20:47.933152,,,,,Israel Klein,https://lda.senate.gov/api/v1/filings/c2e7d66f-e718-41c2-9fcf-062609a6f932/,276,1843
1600,267dae11-4b71-4d5a-84ab-daf78ff04968,RA,Registration - Amendment,2025,first_quarter,1st Quarter (Jan 1 - Mar 31),,2025-01-29 12:48:48,2026-03-07 10:20:28.962271,,,,,Emma Doyle,https://lda.senate.gov/api/v1/filings/267dae11-4b71-4d5a-84ab-daf78ff04968/,498,1552
1889,2abe8dfc-ce9d-417a-8e8e-646102c0c103,RR,Registration,2025,first_quarter,1st Quarter (Jan 1 - Mar 31),,2025-02-12 10:55:48,2026-03-07 10:20:47.937942,,,,,Sebastian King,https://lda.senate.gov/api/v1/filings/2abe8dfc-ce9d-417a-8e8e-646102c0c103/,734,1844
1601,75a883bf-f31c-4805-92e4-146996552cb9,RR,Registration,2025,first_quarter,1st Quarter (Jan 1 - Mar 31),,2025-01-29 13:21:25,2026-03-07 10:20:30.865374,,,,,Ursula L Jimenez,https://lda.senate.gov/api/v1/filings/75a883bf-f31c-4805-92e4-146996552cb9/,661,1564
1602,3eeb8cf7-cca7-493d-83b2-a246f47273e3,RR,Registration,2025,first_quarter,1st Quarter (Jan 1 - Mar 31),,2025-01-29 13:43:59,2026-03-07 10:20:30.870659,,,,,Joel Riethmiller,https://lda.senate.gov/api/v1/filings/3eeb8cf7-cca7-493d-83b2-a246f47273e3/,662,1565
1890,fcce4d9a-e4a3-411a-b268-32c3aa305e6b,RR,Registration,2025,first_quarter,1st Quarter (Jan 1 - Mar 31),,2025-02-12 11:04:49,2026-03-07 10:20:47.942388,,,,,Erica Tergeson,https://lda.senate.gov/api/v1/filings/fcce4d9a-e4a3-411a-b268-32c3aa305e6b/,735,1845
1603,944c8c97-d406-4fe1-aa10-4c468c71b6b5,RR,Registration,2025,first_quarter,1st Quarter (Jan 1 - Mar 31),,2025-01-29 14:23:27,2026-03-07 10:20:30.875370,,,,,David Anderson,https://lda.senate.gov/api/v1/filings/944c8c97-d406-4fe1-aa10-4c468c71b6b5/,663,1566
1604,03fc9201-8919-49d4-a6c7-27b9b01fd0e3,RR,Registration,2025,first_quarter,1st Quarter (Jan 1 - Mar 31),,2025-01-29 14:49:39,2026-03-07 10:20:30.880065,,,,,David Anderson,https://lda.senate.gov/api/v1/filings/03fc9201-8919-49d4-a6c7-27b9b01fd0e3/,663,1567
1605,fed064e1-6da3-4b07-b5ce-eefcd78ae4cc,RR,Registration,2025,first_quarter,1st Quarter (Jan 1 - Mar 31),,2025-01-29 15:20:50,2026-03-07 10:20:30.884724,,,,,Steven Hyjek,https://lda.senate.gov/api/v1/filings/fed064e1-6da3-4b07-b5ce-eefcd78ae4cc/,610,1568
1606,75cf3ab9-3562-4ad1-affb-93466319b2e4,RR,Registration,2025,first_quarter,1st Quarter (Jan 1 - Mar 31),,2025-01-29 15:51:09,2026-03-07 10:20:30.889421,,,,,"Ryan Carney, Government Affairs Advisor",https://lda.senate.gov/api/v1/filings/75cf3ab9-3562-4ad1-affb-93466319b2e4/,316,1569
1607,2caafa98-2c09-48b6-817d-b698f8536429,RR,Registration,2025,first_quarter,1st Quarter (Jan 1 - Mar 31),,2025-01-29 18:29:20,2026-03-07 10:20:30.893942,,,,,Matt McGinley,https://lda.senate.gov/api/v1/filings/2caafa98-2c09-48b6-817d-b698f8536429/,664,1570
1608,d999e063-8925-499c-a4b7-0a1cea0768dd,RR,Registration,2025,first_quarter,1st Quarter (Jan 1 - Mar 31),,2025-01-29 18:35:40,2026-03-07 10:20:30.899216,,,,,Sara Nuvy,https://lda.senate.gov/api/v1/filings/d999e063-8925-499c-a4b7-0a1cea0768dd/,48,1571
1609,63ad2853-1e21-4a46-bbfb-c279810d0ff6,RR,Registration,2025,first_quarter,1st Quarter (Jan 1 - Mar 31),,2025-01-30 10:28:26,2026-03-07 10:20:30.903527,,,,,Zachary Williams,https://lda.senate.gov/api/v1/filings/63ad2853-1e21-4a46-bbfb-c279810d0ff6/,357,1572
1610,e6e300d2-36a3-4e06-bd8a-657d646b0edb,RR,Registration,2025,first_quarter,1st Quarter (Jan 1 - Mar 31),,2025-01-30 10:35:17,2026-03-07 10:20:30.908259,,,,,Zachary Williams,https://lda.senate.gov/api/v1/filings/e6e300d2-36a3-4e06-bd8a-657d646b0edb/,357,1573
1611,d547e369-7fd5-485c-a260-f6f20a555aad,RR,Registration,2025,first_quarter,1st Quarter (Jan 1 - Mar 31),,2025-01-30 10:48:37,2026-03-07 10:20:30.912991,,,,,Alexis Searfoss,https://lda.senate.gov/api/v1/filings/d547e369-7fd5-485c-a260-f6f20a555aad/,305,1574
1612,8c02b216-4e64-44f1-ae6c-271bd8e919af,RR,Registration,2025,first_quarter,1st Quarter (Jan 1 - Mar 31),,2025-01-30 10:59:15,2026-03-07 10:20:30.917773,,,,,Alexis Searfoss,https://lda.senate.gov/api/v1/filings/8c02b216-4e64-44f1-ae6c-271bd8e919af/,305,1575
1613,1c73aba3-c007-43c3-83d7-357a85d33e62,1TY,1st Quarter - Termination (No Activity),2025,first_quarter,1st Quarter (Jan 1 - Mar 31),,2025-01-30 11:04:39,2026-03-07 10:20:30.923291,,,,,Jot D. Carpenter Jr.,https://lda.senate.gov/api/v1/filings/1c73aba3-c007-43c3-83d7-357a85d33e62/,665,1576
1614,8dd42b44-a3dd-4916-ba79-1b0a4953df73,RR,Registration,2025,first_quarter,1st Quarter (Jan 1 - Mar 31),,2025-01-30 11:35:27,2026-03-07 10:20:30.927845,,,,,Eric S. Brown,https://lda.senate.gov/api/v1/filings/8dd42b44-a3dd-4916-ba79-1b0a4953df73/,232,1577
2774,06c2ce20-bb2a-4dbb-9840-df80c4e62d64,RR,Registration,2025,first_quarter,1st Quarter (Jan 1 - Mar 31),,2025-03-17 12:01:48,2026-03-07 10:21:43.386591,,,,,John Thomas Graves Jr.,https://lda.senate.gov/api/v1/filings/06c2ce20-bb2a-4dbb-9840-df80c4e62d64/,923,2684
1615,5286f250-3356-4bc2-b89a-5034e676cd38,RR,Registration,2025,first_quarter,1st Quarter (Jan 1 - Mar 31),,2025-01-30 12:01:21,2026-03-07 10:20:30.932656,,,,,Sara Beth Myers,https://lda.senate.gov/api/v1/filings/5286f250-3356-4bc2-b89a-5034e676cd38/,666,1578
1891,18c0f855-8f6a-4804-ba43-d0cb8d74a4da,RR,Registration,2025,first_quarter,1st Quarter (Jan 1 - Mar 31),,2025-02-12 11:34:09,2026-03-07 10:20:47.946916,,,,,Jessica Tocco,https://lda.senate.gov/api/v1/filings/18c0f855-8f6a-4804-ba43-d0cb8d74a4da/,736,1846
1616,297040dc-929e-4bcf-a7f6-307315223b75,RR,Registration,2025,first_quarter,1st Quarter (Jan 1 - Mar 31),,2025-01-30 12:01:54,2026-03-07 10:20:30.938920,,,,,Adina Mincher,https://lda.senate.gov/api/v1/filings/297040dc-929e-4bcf-a7f6-307315223b75/,52,1579
1892,8d045043-a196-4e45-988d-d7c37ef3e6c4,RR,Registration,2025,first_quarter,1st Quarter (Jan 1 - Mar 31),,2025-02-12 11:43:18,2026-03-07 10:20:47.952006,,,,,"Andrew Herzfeld, Chief Financial Officer",https://lda.senate.gov/api/v1/filings/8d045043-a196-4e45-988d-d7c37ef3e6c4/,728,1847
1617,646412f0-45f2-4848-940d-cdc87a058c4a,RA,Registration - Amendment,2025,first_quarter,1st Quarter (Jan 1 - Mar 31),,2025-01-30 12:43:30,2026-03-07 10:20:30.943252,,,,,Adina Mincher,https://lda.senate.gov/api/v1/filings/646412f0-45f2-4848-940d-cdc87a058c4a/,52,1579
2775,0d6ca8fd-3171-45e2-94d3-8db51440fc23,RR,Registration,2025,first_quarter,1st Quarter (Jan 1 - Mar 31),,2025-03-17 12:08:05,2026-03-07 10:21:43.391075,,,,,Cristina Antelo,https://lda.senate.gov/api/v1/filings/0d6ca8fd-3171-45e2-94d3-8db51440fc23/,880,2685
1618,6937fb0b-6ecd-4e83-a200-d947121b6ab1,RR,Registration,2025,first_quarter,1st Quarter (Jan 1 - Mar 31),,2025-01-30 14:36:27,2026-03-07 10:20:30.947232,,,,,William Morley,https://lda.senate.gov/api/v1/filings/6937fb0b-6ecd-4e83-a200-d947121b6ab1/,667,1580
1893,c41d57eb-1adf-4e3d-8fcc-a02ac8cf1f04,RR,Registration,2025,first_quarter,1st Quarter (Jan 1 - Mar 31),,2025-02-12 11:52:23,2026-03-07 10:20:47.956970,,,,,Jessica Tocco,https://lda.senate.gov/api/v1/filings/c41d57eb-1adf-4e3d-8fcc-a02ac8cf1f04/,736,1848
1619,419653cd-c59b-4054-ace4-f9760dd3d006,RR,Registration,2025,first_quarter,1st Quarter (Jan 1 - Mar 31),,2025-01-30 15:18:09,2026-03-07 10:20:30.951726,,,,,Joseph Britton,https://lda.senate.gov/api/v1/filings/419653cd-c59b-4054-ace4-f9760dd3d006/,668,1581
1894,21b0aff3-216e-4964-849c-119637df6491,RR,Registration,2025,first_quarter,1st Quarter (Jan 1 - Mar 31),,2025-02-12 11:59:56,2026-03-07 10:20:47.961300,,,,,Jessica Tocco,https://lda.senate.gov/api/v1/filings/21b0aff3-216e-4964-849c-119637df6491/,736,1849
1620,fd979ed8-bbbe-480b-85a4-5e781833b959,RA,Registration - Amendment,2025,first_quarter,1st Quarter (Jan 1 - Mar 31),,2025-01-30 15:24:55,2026-03-07 10:20:30.956462,,,,,John Knapp,https://lda.senate.gov/api/v1/filings/fd979ed8-bbbe-480b-85a4-5e781833b959/,669,1582
1621,a8376dba-8818-4a86-9255-406f52d4da65,RR,Registration,2025,first_quarter,1st Quarter (Jan 1 - Mar 31),,2025-01-30 15:44:15,2026-03-07 10:20:30.960966,,,,,Michael Julian,https://lda.senate.gov/api/v1/filings/a8376dba-8818-4a86-9255-406f52d4da65/,670,1583
1622,ce68baaa-dae7-4065-b594-74212a271582,RR,Registration,2025,first_quarter,1st Quarter (Jan 1 - Mar 31),,2025-01-30 15:48:14,2026-03-07 10:20:30.966866,,,,,Brian J. Glackin,https://lda.senate.gov/api/v1/filings/ce68baaa-dae7-4065-b594-74212a271582/,309,1584
1623,ecb4870d-60c0-410c-af63-a176208f4e22,RR,Registration,2025,first_quarter,1st Quarter (Jan 1 - Mar 31),,2025-01-30 16:08:17,2026-03-07 10:20:30.971061,,,,,Brian J. Glackin,https://lda.senate.gov/api/v1/filings/ecb4870d-60c0-410c-af63-a176208f4e22/,309,1585
1624,1a784ae5-4110-4110-a5cf-2ab8b91405b7,1TY,1st Quarter - Termination (No Activity),2025,first_quarter,1st Quarter (Jan 1 - Mar 31),,2025-01-30 16:35:57,2026-03-07 10:20:30.975380,,,,,Zachary Williams,https://lda.senate.gov/api/v1/filings/1a784ae5-4110-4110-a5cf-2ab8b91405b7/,357,1586
1625,08baeda1-47cd-4d4b-a82b-95199c53253d,1T,1st Quarter - Termination,2025,first_quarter,1st Quarter (Jan 1 - Mar 31),,2025-01-30 16:40:51,2026-03-07 10:20:30.979238,,,,,Zachary Williams,https://lda.senate.gov/api/v1/filings/08baeda1-47cd-4d4b-a82b-95199c53253d/,357,1587
1626,a04973d4-6afc-49f8-a604-311f210d2ff7,RR,Registration,2025,first_quarter,1st Quarter (Jan 1 - Mar 31),,2025-01-30 16:47:33,2026-03-07 10:20:32.456222,,,,,Rachel Devine,https://lda.senate.gov/api/v1/filings/a04973d4-6afc-49f8-a604-311f210d2ff7/,671,1588
1627,486b0c53-059b-4cda-a3f1-3375038cc984,RR,Registration,2025,first_quarter,1st Quarter (Jan 1 - Mar 31),,2025-01-30 17:26:11,2026-03-07 10:20:32.461970,,,,,Michael A Clauser,https://lda.senate.gov/api/v1/filings/486b0c53-059b-4cda-a3f1-3375038cc984/,24,1589
1628,e511f77c-32f5-413a-adeb-911f547caf07,RR,Registration,2025,first_quarter,1st Quarter (Jan 1 - Mar 31),,2025-01-31 09:39:25,2026-03-07 10:20:32.469488,,,,,Tracy Ackerman,https://lda.senate.gov/api/v1/filings/e511f77c-32f5-413a-adeb-911f547caf07/,672,1590
1629,2fbfdf85-625e-46b5-85ad-ba243feba119,RA,Registration - Amendment,2025,first_quarter,1st Quarter (Jan 1 - Mar 31),,2025-01-31 09:48:16,2026-03-07 10:20:32.475535,,,,,Cole LaCroix,https://lda.senate.gov/api/v1/filings/2fbfdf85-625e-46b5-85ad-ba243feba119/,673,1591
1630,69e94304-8c16-4a8e-9a1f-d5c75bb43400,1T,1st Quarter - Termination,2025,first_quarter,1st Quarter (Jan 1 - Mar 31),,2025-01-31 09:50:06,2026-03-07 10:20:32.480725,,,,,Mike Copher,https://lda.senate.gov/api/v1/filings/69e94304-8c16-4a8e-9a1f-d5c75bb43400/,674,1592
1631,98301c3b-a832-437c-a1b4-78712d1e7190,RR,Registration,2025,first_quarter,1st Quarter (Jan 1 - Mar 31),,2025-01-31 10:29:33,2026-03-07 10:20:32.486486,,,,,Doug Schwartz,https://lda.senate.gov/api/v1/filings/98301c3b-a832-437c-a1b4-78712d1e7190/,502,1593
1632,53da10b1-a2ed-4bf7-8a9b-e56abad7a73f,RR,Registration,2025,first_quarter,1st Quarter (Jan 1 - Mar 31),,2025-01-31 11:09:53,2026-03-07 10:20:32.491641,,,,,Patrick Holten,https://lda.senate.gov/api/v1/filings/53da10b1-a2ed-4bf7-8a9b-e56abad7a73f/,675,1594
1633,40d80579-c953-479b-a630-8e62ea5cab76,RR,Registration,2025,first_quarter,1st Quarter (Jan 1 - Mar 31),,2025-01-31 12:20:20,2026-03-07 10:20:32.496684,,,,,Christine R. Mistr,https://lda.senate.gov/api/v1/filings/40d80579-c953-479b-a630-8e62ea5cab76/,518,1595
1634,c81a33b9-f22b-4c02-8ac0-a3c47eee8897,RR,Registration,2025,first_quarter,1st Quarter (Jan 1 - Mar 31),,2025-01-31 12:37:17,2026-03-07 10:20:32.501445,,,,,Amy W Larson,https://lda.senate.gov/api/v1/filings/c81a33b9-f22b-4c02-8ac0-a3c47eee8897/,676,1596
1635,3455119d-8391-40ec-a8ed-b8e8222e2c29,1TY,1st Quarter - Termination (No Activity),2025,first_quarter,1st Quarter (Jan 1 - Mar 31),,2025-01-31 13:00:15,2026-03-07 10:20:32.507012,,,,,Robin Stombler,https://lda.senate.gov/api/v1/filings/3455119d-8391-40ec-a8ed-b8e8222e2c29/,677,1597
1636,dbdb2fa4-30f8-4dba-b34b-7a35c2f3a246,RR,Registration,2025,first_quarter,1st Quarter (Jan 1 - Mar 31),,2025-01-31 14:41:20,2026-03-07 10:20:32.511514,,,,,David J. Schiappa,https://lda.senate.gov/api/v1/filings/dbdb2fa4-30f8-4dba-b34b-7a35c2f3a246/,678,1598
1895,b7a24da6-35c2-495e-ad55-48facb1cb250,RR,Registration,2025,first_quarter,1st Quarter (Jan 1 - Mar 31),,2025-02-12 12:11:56,2026-03-07 10:20:47.965739,,,,,Jessica Tocco,https://lda.senate.gov/api/v1/filings/b7a24da6-35c2-495e-ad55-48facb1cb250/,736,1850
2776,379859ba-bdc5-4b6a-a22c-7c77285edabc,RR,Registration,2025,first_quarter,1st Quarter (Jan 1 - Mar 31),,2025-03-17 12:12:07,2026-03-07 10:21:44.894741,,,,,Christine Schaut,https://lda.senate.gov/api/v1/filings/379859ba-bdc5-4b6a-a22c-7c77285edabc/,268,2686
1637,3d5fb409-af9a-47a4-a853-2dbe10f16620,1TY,1st Quarter - Termination (No Activity),2025,first_quarter,1st Quarter (Jan 1 - Mar 31),,2025-01-31 16:11:52,2026-03-07 10:20:32.517676,,,,,Paul Miller,https://lda.senate.gov/api/v1/filings/3d5fb409-af9a-47a4-a853-2dbe10f16620/,341,1599
1896,7f467cf9-7c09-4ad5-bc4f-00f28ec3149a,RR,Registration,2025,first_quarter,1st Quarter (Jan 1 - Mar 31),,2025-02-12 12:19:27,2026-03-07 10:20:47.970542,,,,,Jessica Tocco,https://lda.senate.gov/api/v1/filings/7f467cf9-7c09-4ad5-bc4f-00f28ec3149a/,736,1851
1638,fc91207f-43a2-41e9-8dc1-24a65fad9d88,1TY,1st Quarter - Termination (No Activity),2025,first_quarter,1st Quarter (Jan 1 - Mar 31),,2025-01-31 16:33:52,2026-03-07 10:20:32.522006,,,,,Nick Plebani,https://lda.senate.gov/api/v1/filings/fc91207f-43a2-41e9-8dc1-24a65fad9d88/,679,1600
2991,04c5a96b-9811-457a-a3f0-183803982189,RR,Registration,2025,first_quarter,1st Quarter (Jan 1 - Mar 31),,2025-03-21 01:11:06,2026-03-07 10:21:57.136095,,,,,Sara Nuvy,https://lda.senate.gov/api/v1/filings/04c5a96b-9811-457a-a3f0-183803982189/,48,2894
1639,01b8053c-d2d0-48fa-a491-fa8dd7dae8bb,RR,Registration,2025,first_quarter,1st Quarter (Jan 1 - Mar 31),,2025-01-31 16:45:37,2026-03-07 10:20:32.526860,,,,,Amy R. Williams,https://lda.senate.gov/api/v1/filings/01b8053c-d2d0-48fa-a491-fa8dd7dae8bb/,284,1601
1897,84be8a69-4dab-42ae-9e26-adad128f396d,RR,Registration,2025,first_quarter,1st Quarter (Jan 1 - Mar 31),,2025-02-12 13:10:03,2026-03-07 10:20:47.975293,,,,,Palmer Schoening,https://lda.senate.gov/api/v1/filings/84be8a69-4dab-42ae-9e26-adad128f396d/,38,1852
1640,9f14e938-e765-4657-9aca-54dc257cb97e,RR,Registration,2025,first_quarter,1st Quarter (Jan 1 - Mar 31),,2025-01-31 17:01:58,2026-03-07 10:20:32.533566,,,,,Amy R. Williams,https://lda.senate.gov/api/v1/filings/9f14e938-e765-4657-9aca-54dc257cb97e/,284,1602
1898,152261e0-66e5-46a8-918d-0f1d45128308,RR,Registration,2025,first_quarter,1st Quarter (Jan 1 - Mar 31),,2025-02-12 13:53:52,2026-03-07 10:20:47.980341,,,,,Stephen W Miller,https://lda.senate.gov/api/v1/filings/152261e0-66e5-46a8-918d-0f1d45128308/,542,1853
1641,176fd224-848f-4cc8-873b-2466c945aab2,RR,Registration,2025,first_quarter,1st Quarter (Jan 1 - Mar 31),,2025-01-31 17:21:20,2026-03-07 10:20:32.539641,,,,,Amy R. Williams,https://lda.senate.gov/api/v1/filings/176fd224-848f-4cc8-873b-2466c945aab2/,284,1603
1642,97c52619-53c6-4c1f-97ab-23919a82948b,RR,Registration,2025,first_quarter,1st Quarter (Jan 1 - Mar 31),,2025-01-31 23:36:41,2026-03-07 10:20:32.545039,,,,,Thomas W Brierton,https://lda.senate.gov/api/v1/filings/97c52619-53c6-4c1f-97ab-23919a82948b/,680,1604
1643,b1272f0c-2e57-4959-bbb0-9d1681729b52,1TY,1st Quarter - Termination (No Activity),2025,first_quarter,1st Quarter (Jan 1 - Mar 31),,2025-02-02 10:29:22,2026-03-07 10:20:32.550258,,,,,Murray Liebman,https://lda.senate.gov/api/v1/filings/b1272f0c-2e57-4959-bbb0-9d1681729b52/,681,1605
1644,48c1aea6-d7c0-4e33-924b-823d7317dea7,RR,Registration,2025,first_quarter,1st Quarter (Jan 1 - Mar 31),,2025-02-03 09:02:31,2026-03-07 10:20:32.554681,,,,,Leah Conley,https://lda.senate.gov/api/v1/filings/48c1aea6-d7c0-4e33-924b-823d7317dea7/,349,1606
1645,13b4d85c-96f3-4b79-b2f7-e443e7f00e1c,RR,Registration,2025,first_quarter,1st Quarter (Jan 1 - Mar 31),,2025-02-03 09:08:46,2026-03-07 10:20:32.559871,,,,,Leah Conley,https://lda.senate.gov/api/v1/filings/13b4d85c-96f3-4b79-b2f7-e443e7f00e1c/,349,1607
1646,c6c48dff-89e2-40b6-84b3-652dd5877021,RR,Registration,2025,first_quarter,1st Quarter (Jan 1 - Mar 31),,2025-02-03 11:03:28,2026-03-07 10:20:32.565701,,,,,Isabella Quinn,https://lda.senate.gov/api/v1/filings/c6c48dff-89e2-40b6-84b3-652dd5877021/,365,1608
1647,cfe11722-75bd-4a11-a03f-8c85fead4b3c,RR,Registration,2025,first_quarter,1st Quarter (Jan 1 - Mar 31),,2025-02-03 11:16:38,2026-03-07 10:20:32.570574,,,,,Brian J. Glackin,https://lda.senate.gov/api/v1/filings/cfe11722-75bd-4a11-a03f-8c85fead4b3c/,309,1609
1648,459d513d-0952-4acb-98f5-c237eff601c4,RR,Registration,2025,first_quarter,1st Quarter (Jan 1 - Mar 31),,2025-02-03 11:17:38,2026-03-07 10:20:32.575122,,,,,"William Moschella, Attorney at Law",https://lda.senate.gov/api/v1/filings/459d513d-0952-4acb-98f5-c237eff601c4/,16,1610
1649,94442d30-6f2f-4ac9-9b82-a871198e7609,RR,Registration,2025,first_quarter,1st Quarter (Jan 1 - Mar 31),,2025-02-03 11:39:17,2026-03-07 10:20:32.579751,,,,,Steve Fier,https://lda.senate.gov/api/v1/filings/94442d30-6f2f-4ac9-9b82-a871198e7609/,682,1611
1650,e097f0ba-7cfb-4afa-88bb-a1281d1e457e,RR,Registration,2025,first_quarter,1st Quarter (Jan 1 - Mar 31),,2025-02-03 11:42:15,2026-03-07 10:20:32.584677,,,,,Allegra M. Han,https://lda.senate.gov/api/v1/filings/e097f0ba-7cfb-4afa-88bb-a1281d1e457e/,383,1612
1651,774cd45d-5c11-40f3-b106-60f6cf1424b0,RA,Registration - Amendment,2025,first_quarter,1st Quarter (Jan 1 - Mar 31),,2025-02-03 12:03:06,2026-03-07 10:20:34.499100,,,,,Israel Klein,https://lda.senate.gov/api/v1/filings/774cd45d-5c11-40f3-b106-60f6cf1424b0/,276,1613
1652,db42cc64-b102-4f8c-a2e1-b1771b63f4e1,RR,Registration,2025,first_quarter,1st Quarter (Jan 1 - Mar 31),,2025-02-03 12:10:31,2026-03-07 10:20:34.504544,,,,,JANICE M GONZALEZ,https://lda.senate.gov/api/v1/filings/db42cc64-b102-4f8c-a2e1-b1771b63f4e1/,683,1614
1653,11744198-3a98-406a-b42a-beef489f9cc9,RR,Registration,2025,first_quarter,1st Quarter (Jan 1 - Mar 31),,2025-02-03 12:18:08,2026-03-07 10:20:34.510793,,,,,JANICE M GONZALEZ,https://lda.senate.gov/api/v1/filings/11744198-3a98-406a-b42a-beef489f9cc9/,683,1615
1654,39bbab05-fac3-4bab-b613-52f6d583ee97,RR,Registration,2025,first_quarter,1st Quarter (Jan 1 - Mar 31),,2025-02-03 12:34:55,2026-03-07 10:20:34.515750,,,,,JANICE M GONZALEZ,https://lda.senate.gov/api/v1/filings/39bbab05-fac3-4bab-b613-52f6d583ee97/,683,1616
1655,77c36059-3929-4b1e-b077-da17c57557b8,RR,Registration,2025,first_quarter,1st Quarter (Jan 1 - Mar 31),,2025-02-03 13:38:41,2026-03-07 10:20:34.520614,,,,,Meg Thompson,https://lda.senate.gov/api/v1/filings/77c36059-3929-4b1e-b077-da17c57557b8/,684,1617
1656,7f05c1cf-d911-44a4-83aa-5a24e2092d04,RR,Registration,2025,first_quarter,1st Quarter (Jan 1 - Mar 31),,2025-02-03 13:42:28,2026-03-07 10:20:34.525538,,,,,Paula M Short,https://lda.senate.gov/api/v1/filings/7f05c1cf-d911-44a4-83aa-5a24e2092d04/,685,1618
1657,684eece8-a2a0-408e-8f07-c05dad7d48bf,RR,Registration,2025,first_quarter,1st Quarter (Jan 1 - Mar 31),,2025-02-03 13:47:57,2026-03-07 10:20:34.530927,,,,,Joel Rubin,https://lda.senate.gov/api/v1/filings/684eece8-a2a0-408e-8f07-c05dad7d48bf/,239,1619
1658,94264540-e532-4d4c-a1f0-78ce9c2873e2,RR,Registration,2025,first_quarter,1st Quarter (Jan 1 - Mar 31),,2025-02-03 13:51:44,2026-03-07 10:20:34.535765,,,,,Allegra Han,https://lda.senate.gov/api/v1/filings/94264540-e532-4d4c-a1f0-78ce9c2873e2/,383,1620
1659,eab21150-8091-4322-86bf-b5a5b8427df3,RR,Registration,2025,first_quarter,1st Quarter (Jan 1 - Mar 31),,2025-02-03 14:01:54,2026-03-07 10:20:34.540813,,,,,Palmer Schoening,https://lda.senate.gov/api/v1/filings/eab21150-8091-4322-86bf-b5a5b8427df3/,38,1621
2777,d1ba64f8-c932-435e-a773-dd3b59225c58,1TY,1st Quarter - Termination (No Activity),2025,first_quarter,1st Quarter (Jan 1 - Mar 31),,2025-03-17 12:39:16,2026-03-07 10:21:44.900760,,,,,Will Le,https://lda.senate.gov/api/v1/filings/d1ba64f8-c932-435e-a773-dd3b59225c58/,411,2687
1899,98e46aed-ca06-4279-b354-bc4ef8c2e5ff,RR,Registration,2025,first_quarter,1st Quarter (Jan 1 - Mar 31),,2025-02-12 13:56:53,2026-03-07 10:20:47.985316,,,,,David M DiStefano,https://lda.senate.gov/api/v1/filings/98e46aed-ca06-4279-b354-bc4ef8c2e5ff/,737,1854
1660,f5abb315-5caa-4c3e-ba30-299de6d8f1bc,RR,Registration,2025,first_quarter,1st Quarter (Jan 1 - Mar 31),,2025-02-03 14:08:00,2026-03-07 10:20:34.545417,,,,,Paula M Short,https://lda.senate.gov/api/v1/filings/f5abb315-5caa-4c3e-ba30-299de6d8f1bc/,685,1622
1661,f06556e1-32c6-446c-8904-03b060af10b6,RR,Registration,2025,first_quarter,1st Quarter (Jan 1 - Mar 31),,2025-02-03 14:21:54,2026-03-07 10:20:34.550034,,,,,Frederick Dombo,https://lda.senate.gov/api/v1/filings/f06556e1-32c6-446c-8904-03b060af10b6/,581,1623
1900,13261427-32fd-4226-8bfe-500fa5e5cb86,RR,Registration,2025,first_quarter,1st Quarter (Jan 1 - Mar 31),,2025-02-12 14:15:55,2026-03-07 10:20:47.990315,,,,,Michael T. Lowry,https://lda.senate.gov/api/v1/filings/13261427-32fd-4226-8bfe-500fa5e5cb86/,280,1855
1662,1afabb94-ff9a-43a0-b378-66a9d505bafc,RR,Registration,2025,first_quarter,1st Quarter (Jan 1 - Mar 31),,2025-02-03 14:24:46,2026-03-07 10:20:34.555059,,,,,Frederick Dombo,https://lda.senate.gov/api/v1/filings/1afabb94-ff9a-43a0-b378-66a9d505bafc/,581,1624
1901,45e28ef5-baf6-4bd3-bbfb-dca24bd0b405,RR,Registration,2025,first_quarter,1st Quarter (Jan 1 - Mar 31),,2025-02-12 14:32:10,2026-03-07 10:20:49.262370,,,,,Karen LaJuene,https://lda.senate.gov/api/v1/filings/45e28ef5-baf6-4bd3-bbfb-dca24bd0b405/,738,1856
1663,2f07f89e-bc12-488f-9f32-4dafd97fb4d1,RR,Registration,2025,first_quarter,1st Quarter (Jan 1 - Mar 31),,2025-02-03 14:29:20,2026-03-07 10:20:34.560078,,,,,Frederick Dombo,https://lda.senate.gov/api/v1/filings/2f07f89e-bc12-488f-9f32-4dafd97fb4d1/,581,1625
1664,66c5eb49-d484-4c13-b390-471c72f57e38,RR,Registration,2025,first_quarter,1st Quarter (Jan 1 - Mar 31),,2025-02-03 14:32:52,2026-03-07 10:20:34.565206,,,,,Brendan Dunn,https://lda.senate.gov/api/v1/filings/66c5eb49-d484-4c13-b390-471c72f57e38/,413,1626
1902,8b0c89d2-a5de-434d-9710-d65bbcf2cbae,RR,Registration,2025,first_quarter,1st Quarter (Jan 1 - Mar 31),,2025-02-12 14:57:08,2026-03-07 10:20:49.269258,,,,,Matt McGinley,https://lda.senate.gov/api/v1/filings/8b0c89d2-a5de-434d-9710-d65bbcf2cbae/,664,1857
1665,49ea1cf8-74f8-4616-b5db-b3f3c19018f8,RR,Registration,2025,first_quarter,1st Quarter (Jan 1 - Mar 31),,2025-02-03 14:39:28,2026-03-07 10:20:34.569544,,,,,Brendan Dunn,https://lda.senate.gov/api/v1/filings/49ea1cf8-74f8-4616-b5db-b3f3c19018f8/,413,1627
1666,0d1413c3-3aeb-4e7b-bbdc-382c7ce0d1f3,RR,Registration,2025,first_quarter,1st Quarter (Jan 1 - Mar 31),,2025-02-03 14:45:36,2026-03-07 10:20:34.573967,,,,,Brendan Dunn,https://lda.senate.gov/api/v1/filings/0d1413c3-3aeb-4e7b-bbdc-382c7ce0d1f3/,413,1628
1667,8b028592-69a9-43ca-9b02-9f6f5a0aba00,RR,Registration,2025,first_quarter,1st Quarter (Jan 1 - Mar 31),,2025-02-03 14:51:52,2026-03-07 10:20:34.578916,,,,,Brendan Dunn,https://lda.senate.gov/api/v1/filings/8b028592-69a9-43ca-9b02-9f6f5a0aba00/,413,1629
1668,7b241cac-c792-4ede-9fb4-f5286c8b911d,RR,Registration,2025,first_quarter,1st Quarter (Jan 1 - Mar 31),,2025-02-03 14:57:56,2026-03-07 10:20:34.583428,,,,,Brendan Dunn,https://lda.senate.gov/api/v1/filings/7b241cac-c792-4ede-9fb4-f5286c8b911d/,413,1630
1669,d447f2ff-54e3-47bc-b241-e229eba9ca96,RR,Registration,2025,first_quarter,1st Quarter (Jan 1 - Mar 31),,2025-02-03 15:04:30,2026-03-07 10:20:34.588072,,,,,Brendan Dunn,https://lda.senate.gov/api/v1/filings/d447f2ff-54e3-47bc-b241-e229eba9ca96/,413,1631
1670,31dd6dea-0272-4db0-a4cd-98389ac3d214,Q1,1st Quarter - Report,2025,first_quarter,1st Quarter (Jan 1 - Mar 31),,2025-02-03 15:23:02,2026-03-07 10:20:34.592410,50000.0,,,,Chelsea J. Mincheff,https://lda.senate.gov/api/v1/filings/31dd6dea-0272-4db0-a4cd-98389ac3d214/,39,1632
1671,f34db9a9-9358-485f-86c5-2f1604de39c3,Q1,1st Quarter - Report,2025,first_quarter,1st Quarter (Jan 1 - Mar 31),,2025-02-03 15:26:28,2026-03-07 10:20:34.596650,90000.0,,,,Chelsea J. Mincheff,https://lda.senate.gov/api/v1/filings/f34db9a9-9358-485f-86c5-2f1604de39c3/,39,67
1672,f317069d-dafa-45f1-9347-7ae9e4143062,Q1,1st Quarter - Report,2025,first_quarter,1st Quarter (Jan 1 - Mar 31),,2025-02-03 15:28:36,2026-03-07 10:20:34.600801,50000.0,,,,Chelsea J. Mincheff,https://lda.senate.gov/api/v1/filings/f317069d-dafa-45f1-9347-7ae9e4143062/,39,1633
1673,6b0b71e2-6cc0-4cfe-9bf8-949d94b186c2,Q1,1st Quarter - Report,2025,first_quarter,1st Quarter (Jan 1 - Mar 31),,2025-02-03 15:33:51,2026-03-07 10:20:34.604948,50000.0,,,,Chelsea Mincheff,https://lda.senate.gov/api/v1/filings/6b0b71e2-6cc0-4cfe-9bf8-949d94b186c2/,39,1634
1674,baf26d85-4e0c-4d18-b827-a38414c5be91,Q1,1st Quarter - Report,2025,first_quarter,1st Quarter (Jan 1 - Mar 31),,2025-02-03 15:35:35,2026-03-07 10:20:34.609396,150000.0,,,,Chelsea J. Mincheff,https://lda.senate.gov/api/v1/filings/baf26d85-4e0c-4d18-b827-a38414c5be91/,39,1635
1675,6301b8f9-4819-4999-85cd-3d8a52c5e2b2,Q1,1st Quarter - Report,2025,first_quarter,1st Quarter (Jan 1 - Mar 31),,2025-02-03 15:37:15,2026-03-07 10:20:34.614083,30000.0,,,,Chelsea Mincheff,https://lda.senate.gov/api/v1/filings/6301b8f9-4819-4999-85cd-3d8a52c5e2b2/,39,1636
1676,7f193f04-6675-4c52-abd0-ac1da141ceda,Q1,1st Quarter - Report,2025,first_quarter,1st Quarter (Jan 1 - Mar 31),,2025-02-03 15:39:02,2026-03-07 10:20:35.835125,60000.0,,,,Chelsea Mincheff,https://lda.senate.gov/api/v1/filings/7f193f04-6675-4c52-abd0-ac1da141ceda/,39,1637
1677,fb377358-b081-472d-855a-0999a6b77f73,RR,Registration,2025,first_quarter,1st Quarter (Jan 1 - Mar 31),,2025-02-03 16:56:32,2026-03-07 10:20:35.840204,,,,,Scott A. Kamins,https://lda.senate.gov/api/v1/filings/fb377358-b081-472d-855a-0999a6b77f73/,686,1638
1678,1fbfbdd7-ffc5-42a5-bd4e-5e254c03145b,RR,Registration,2025,first_quarter,1st Quarter (Jan 1 - Mar 31),,2025-02-03 17:13:51,2026-03-07 10:20:35.845880,,,,,Shay Hancock,https://lda.senate.gov/api/v1/filings/1fbfbdd7-ffc5-42a5-bd4e-5e254c03145b/,433,1639
1679,fb33eedf-d37e-41a6-aab4-cf0432f793d5,RR,Registration,2025,first_quarter,1st Quarter (Jan 1 - Mar 31),,2025-02-03 17:19:39,2026-03-07 10:20:35.851142,,,,,Brian J. Glackin,https://lda.senate.gov/api/v1/filings/fb33eedf-d37e-41a6-aab4-cf0432f793d5/,309,1640
1680,7b175bfe-108f-4582-9bfc-5f4e7544e3da,RR,Registration,2025,first_quarter,1st Quarter (Jan 1 - Mar 31),,2025-02-03 17:45:00,2026-03-07 10:20:35.856318,,,,,Timothy Hite,https://lda.senate.gov/api/v1/filings/7b175bfe-108f-4582-9bfc-5f4e7544e3da/,472,963
1681,a9e47375-33e4-4408-bdd6-f15a2464aa65,RR,Registration,2025,first_quarter,1st Quarter (Jan 1 - Mar 31),,2025-02-03 18:55:58,2026-03-07 10:20:35.861543,,,,,Jeffrey Miller,https://lda.senate.gov/api/v1/filings/a9e47375-33e4-4408-bdd6-f15a2464aa65/,503,1641
1682,a24087e4-5da8-45b9-8a2f-6b7e03492c92,RR,Registration,2025,first_quarter,1st Quarter (Jan 1 - Mar 31),,2025-02-03 19:12:14,2026-03-07 10:20:35.866831,,,,,Adam J. Biegel,https://lda.senate.gov/api/v1/filings/a24087e4-5da8-45b9-8a2f-6b7e03492c92/,299,1642
1685,bb08a88c-30eb-4eef-87a1-c864d89192a7,RR,Registration,2025,first_quarter,1st Quarter (Jan 1 - Mar 31),,2025-02-03 19:35:12,2026-03-07 10:20:35.881287,,,,,Jeffrey Miller,https://lda.senate.gov/api/v1/filings/bb08a88c-30eb-4eef-87a1-c864d89192a7/,503,1645
1686,d6142524-f49c-4f3e-a976-4f600a43e1c3,RR,Registration,2025,first_quarter,1st Quarter (Jan 1 - Mar 31),,2025-02-03 19:41:17,2026-03-07 10:20:35.886098,,,,,Jeffrey Miller,https://lda.senate.gov/api/v1/filings/d6142524-f49c-4f3e-a976-4f600a43e1c3/,503,1646
1903,8ed2aa58-b779-4c89-919c-a1638286fa5c,RR,Registration,2025,first_quarter,1st Quarter (Jan 1 - Mar 31),,2025-02-12 15:03:11,2026-03-07 10:20:49.274583,,,,,Adina Mincher,https://lda.senate.gov/api/v1/filings/8ed2aa58-b779-4c89-919c-a1638286fa5c/,52,1858
1687,8dce042f-41c6-4c92-bdef-2b70a380cdf0,RR,Registration,2025,first_quarter,1st Quarter (Jan 1 - Mar 31),,2025-02-03 19:48:10,2026-03-07 10:20:35.890953,,,,,Jeffrey Miller,https://lda.senate.gov/api/v1/filings/8dce042f-41c6-4c92-bdef-2b70a380cdf0/,503,1647
1904,a40c730e-d52f-446e-84d6-a655df386be7,1T,1st Quarter - Termination,2025,first_quarter,1st Quarter (Jan 1 - Mar 31),,2025-02-12 15:22:03,2026-03-07 10:20:49.280353,5000.0,,,,Liliana Coronado,https://lda.senate.gov/api/v1/filings/a40c730e-d52f-446e-84d6-a655df386be7/,739,1859
1688,e281156a-87e5-40ce-a880-34903a473f54,RA,Registration - Amendment,2025,first_quarter,1st Quarter (Jan 1 - Mar 31),,2025-02-03 19:57:03,2026-03-07 10:20:35.896305,,,,,Jeff Miller,https://lda.senate.gov/api/v1/filings/e281156a-87e5-40ce-a880-34903a473f54/,503,1648
1689,0cfe5aea-7619-476e-b476-11e335545646,RR,Registration,2025,first_quarter,1st Quarter (Jan 1 - Mar 31),,2025-02-03 20:02:14,2026-03-07 10:20:35.901284,,,,,Jeffrey Miller,https://lda.senate.gov/api/v1/filings/0cfe5aea-7619-476e-b476-11e335545646/,503,1649
1905,9433e18b-0084-41af-857b-733b6ecf15d7,1T,1st Quarter - Termination,2025,first_quarter,1st Quarter (Jan 1 - Mar 31),,2025-02-12 15:23:12,2026-03-07 10:20:49.286814,5000.0,,,,Liliana Coronado,https://lda.senate.gov/api/v1/filings/9433e18b-0084-41af-857b-733b6ecf15d7/,739,1860
1690,a7777dea-d795-400a-95db-68a150d390b4,RR,Registration,2025,first_quarter,1st Quarter (Jan 1 - Mar 31),,2025-02-03 20:51:25,2026-03-07 10:20:35.905851,,,,,Don Polese,https://lda.senate.gov/api/v1/filings/a7777dea-d795-400a-95db-68a150d390b4/,245,1650
1691,515a57f4-05e4-4ee5-adcd-238921dc0cee,RR,Registration,2025,first_quarter,1st Quarter (Jan 1 - Mar 31),,2025-02-03 21:41:20,2026-03-07 10:20:35.910271,,,,,"William Moschella, Attorney at Law",https://lda.senate.gov/api/v1/filings/515a57f4-05e4-4ee5-adcd-238921dc0cee/,16,1651
2683,8bd400c3-921c-4ce3-9167-ea28b2351aac,RA,Registration - Amendment,2025,first_quarter,1st Quarter (Jan 1 - Mar 31),,2025-03-13 16:49:53,2026-03-07 10:21:38.100975,,,,,Hannah Pierce,https://lda.senate.gov/api/v1/filings/8bd400c3-921c-4ce3-9167-ea28b2351aac/,907,2600
1692,4d77fa5c-5758-488d-b8fe-a759d9980a68,RR,Registration,2025,first_quarter,1st Quarter (Jan 1 - Mar 31),,2025-02-03 21:46:09,2026-03-07 10:20:35.914789,,,,,"William Moschella, Attorney at Law",https://lda.senate.gov/api/v1/filings/4d77fa5c-5758-488d-b8fe-a759d9980a68/,16,1652
2684,3bd46356-6a9d-4013-9a29-08676dde2b93,1T,1st Quarter - Termination,2025,first_quarter,1st Quarter (Jan 1 - Mar 31),,2025-03-13 17:41:19,2026-03-07 10:21:38.107014,,10000.0,A,A,Joseph Dillon,https://lda.senate.gov/api/v1/filings/3bd46356-6a9d-4013-9a29-08676dde2b93/,908,2601
1693,a78ea31c-8943-4d61-a272-e7d51bff4c1d,RR,Registration,2025,first_quarter,1st Quarter (Jan 1 - Mar 31),,2025-02-03 21:50:55,2026-03-07 10:20:35.919709,,,,,"William Moschella, Attorney at Law",https://lda.senate.gov/api/v1/filings/a78ea31c-8943-4d61-a272-e7d51bff4c1d/,16,1653
1694,436bd525-3054-406e-8f33-96eaa2921c6f,RR,Registration,2025,first_quarter,1st Quarter (Jan 1 - Mar 31),,2025-02-03 21:56:02,2026-03-07 10:20:35.924642,,,,,"William Moschella, Attorney at Law",https://lda.senate.gov/api/v1/filings/436bd525-3054-406e-8f33-96eaa2921c6f/,16,1654
1695,c239df68-9ff2-4d7d-ab4c-c5bfa07e49fd,RR,Registration,2025,first_quarter,1st Quarter (Jan 1 - Mar 31),,2025-02-03 22:01:32,2026-03-07 10:20:35.929422,,,,,"William Moschella, Attorney at Law",https://lda.senate.gov/api/v1/filings/c239df68-9ff2-4d7d-ab4c-c5bfa07e49fd/,16,1655
1696,af9fd099-71e4-4e79-be26-f36b16da6cc6,RR,Registration,2025,first_quarter,1st Quarter (Jan 1 - Mar 31),,2025-02-04 06:44:26,2026-03-07 10:20:35.934456,,,,,Sara Nuvy,https://lda.senate.gov/api/v1/filings/af9fd099-71e4-4e79-be26-f36b16da6cc6/,48,1656
1697,5c9c0056-2947-4117-94cd-ea868cef269a,RR,Registration,2025,first_quarter,1st Quarter (Jan 1 - Mar 31),,2025-02-04 07:20:33,2026-03-07 10:20:35.940091,,,,,Sara Nuvy,https://lda.senate.gov/api/v1/filings/5c9c0056-2947-4117-94cd-ea868cef269a/,48,1657
1698,18a4d845-19c6-4fc3-b1a9-ad56a90a44c4,RR,Registration,2025,first_quarter,1st Quarter (Jan 1 - Mar 31),,2025-02-04 07:35:03,2026-03-07 10:20:35.944900,,,,,Sara Nuvy,https://lda.senate.gov/api/v1/filings/18a4d845-19c6-4fc3-b1a9-ad56a90a44c4/,48,1658
1699,82ab7193-36c8-4d72-b2b2-3ca2dd4df964,RR,Registration,2025,first_quarter,1st Quarter (Jan 1 - Mar 31),,2025-02-04 09:23:26,2026-03-07 10:20:35.949372,,,,,Lisa Bianco,https://lda.senate.gov/api/v1/filings/82ab7193-36c8-4d72-b2b2-3ca2dd4df964/,687,1659
1700,009c26be-6677-45e0-8fa5-04b8865b9147,Q1Y,1st Quarter - Report (No Activity),2025,first_quarter,1st Quarter (Jan 1 - Mar 31),,2025-02-04 10:45:55,2026-03-07 10:20:35.954104,,,A,A,Robert Andrews,https://lda.senate.gov/api/v1/filings/009c26be-6677-45e0-8fa5-04b8865b9147/,688,1660
1701,b2ca886f-264a-4a11-80bf-732f161e4ccd,RR,Registration,2025,first_quarter,1st Quarter (Jan 1 - Mar 31),,2025-02-04 10:53:18,2026-03-07 10:20:37.636357,,,,,Ryann Hill,https://lda.senate.gov/api/v1/filings/b2ca886f-264a-4a11-80bf-732f161e4ccd/,689,1661
1702,c7ad45a3-8972-4299-a39b-d920559078d0,RR,Registration,2025,first_quarter,1st Quarter (Jan 1 - Mar 31),,2025-02-04 10:59:55,2026-03-07 10:20:37.642016,,,,,"Cliff Rothenstein, Government Affairs Advisor",https://lda.senate.gov/api/v1/filings/c7ad45a3-8972-4299-a39b-d920559078d0/,316,1662
1703,37d87d2e-735b-4f52-a5b3-9a09f3e4fc56,RR,Registration,2025,first_quarter,1st Quarter (Jan 1 - Mar 31),,2025-02-04 11:32:08,2026-03-07 10:20:37.646654,,,,,Adam J. Biegel,https://lda.senate.gov/api/v1/filings/37d87d2e-735b-4f52-a5b3-9a09f3e4fc56/,299,1663
1704,0b9c3b2b-4d4b-416a-a4e9-9ace4f9980e4,RR,Registration,2025,first_quarter,1st Quarter (Jan 1 - Mar 31),,2025-02-04 12:04:15,2026-03-07 10:20:37.651432,,,,,Brian Giglio,https://lda.senate.gov/api/v1/filings/0b9c3b2b-4d4b-416a-a4e9-9ace4f9980e4/,690,1664
1705,337e3763-a44b-463b-a005-105e75630877,1T,1st Quarter - Termination,2025,first_quarter,1st Quarter (Jan 1 - Mar 31),,2025-02-04 12:57:17,2026-03-07 10:20:37.656462,6000.0,,,,Lauren C Lurkins,https://lda.senate.gov/api/v1/filings/337e3763-a44b-463b-a005-105e75630877/,691,1665
1706,e58236a6-5149-4cb1-aec5-805456cdb9e4,1TY,1st Quarter - Termination (No Activity),2025,first_quarter,1st Quarter (Jan 1 - Mar 31),,2025-02-04 13:37:43,2026-03-07 10:20:37.661155,10000.0,,,,Tim Thompson,https://lda.senate.gov/api/v1/filings/e58236a6-5149-4cb1-aec5-805456cdb9e4/,692,1666
1707,e350c730-b515-464d-bbc9-d1d12862852f,RR,Registration,2025,first_quarter,1st Quarter (Jan 1 - Mar 31),,2025-02-04 13:54:55,2026-03-07 10:20:37.665238,,,,,Benjamin Turner,https://lda.senate.gov/api/v1/filings/e350c730-b515-464d-bbc9-d1d12862852f/,693,1667
1708,840a57a3-10e4-45a3-a84d-2ebca55107ae,RA,Registration - Amendment,2025,first_quarter,1st Quarter (Jan 1 - Mar 31),,2025-02-04 14:09:38,2026-03-07 10:20:37.669970,,,,,Jeffrey Miller,https://lda.senate.gov/api/v1/filings/840a57a3-10e4-45a3-a84d-2ebca55107ae/,503,1641
1906,542b4443-09a8-447c-b397-22376b67cdc3,1T,1st Quarter - Termination,2025,first_quarter,1st Quarter (Jan 1 - Mar 31),,2025-02-12 15:24:12,2026-03-07 10:20:49.292079,5000.0,,,,Liliana Coronado,https://lda.senate.gov/api/v1/filings/542b4443-09a8-447c-b397-22376b67cdc3/,739,1861
2778,46ec7b53-a8d5-4ab1-854a-01612413d488,RR,Registration,2025,first_quarter,1st Quarter (Jan 1 - Mar 31),,2025-03-17 12:40:29,2026-03-07 10:21:44.904693,,,,,Robb Watters,https://lda.senate.gov/api/v1/filings/46ec7b53-a8d5-4ab1-854a-01612413d488/,816,2688
1709,2f994d75-9ea5-453c-b21d-626c0737f202,RR,Registration,2025,first_quarter,1st Quarter (Jan 1 - Mar 31),,2025-02-04 14:11:43,2026-03-07 10:20:37.674614,,,,,Israel Klein,https://lda.senate.gov/api/v1/filings/2f994d75-9ea5-453c-b21d-626c0737f202/,276,1668
1907,a02625a9-fac3-400a-8dcc-fc761468e677,RR,Registration,2025,first_quarter,1st Quarter (Jan 1 - Mar 31),,2025-02-12 15:43:09,2026-03-07 10:20:49.298181,,,,,Omar Franco,https://lda.senate.gov/api/v1/filings/a02625a9-fac3-400a-8dcc-fc761468e677/,248,1862
1710,907b1a90-73e2-4458-84c4-a2f4836fc06b,RA,Registration - Amendment,2025,first_quarter,1st Quarter (Jan 1 - Mar 31),,2025-02-04 14:13:40,2026-03-07 10:20:37.681244,,,,,Jeffrey Miller,https://lda.senate.gov/api/v1/filings/907b1a90-73e2-4458-84c4-a2f4836fc06b/,503,1641
2992,72c3e502-2689-441c-b068-eeccbff3a756,RR,Registration,2025,first_quarter,1st Quarter (Jan 1 - Mar 31),,2025-03-21 07:42:39,2026-03-07 10:21:57.140596,,,,,Sara Nuvy,https://lda.senate.gov/api/v1/filings/72c3e502-2689-441c-b068-eeccbff3a756/,48,2895
1711,7f66aa8c-3d38-472c-80df-7e4adbfeb467,RR,Registration,2025,first_quarter,1st Quarter (Jan 1 - Mar 31),,2025-02-04 14:36:06,2026-03-07 10:20:37.685973,,,,,Jennifer Holmes,https://lda.senate.gov/api/v1/filings/7f66aa8c-3d38-472c-80df-7e4adbfeb467/,264,1669
1908,e53a60c4-fe70-4b7d-8858-1dcc0dd7c295,RR,Registration,2025,first_quarter,1st Quarter (Jan 1 - Mar 31),,2025-02-12 15:52:59,2026-03-07 10:20:49.304126,,,,,Amanda L. Wood,https://lda.senate.gov/api/v1/filings/e53a60c4-fe70-4b7d-8858-1dcc0dd7c295/,248,1863
1712,53b7d84b-14c1-4ac7-ab18-b3577ba5abfb,RR,Registration,2025,first_quarter,1st Quarter (Jan 1 - Mar 31),,2025-02-04 14:38:53,2026-03-07 10:20:37.690781,,,,,"H. Stewart Van Scoyoc, Chairman, Founder & CEO",https://lda.senate.gov/api/v1/filings/53b7d84b-14c1-4ac7-ab18-b3577ba5abfb/,427,1670
1909,2b084897-1123-4712-9606-3ec4fd22fcc4,RR,Registration,2025,first_quarter,1st Quarter (Jan 1 - Mar 31),,2025-02-12 16:02:13,2026-03-07 10:20:49.310547,,,,,Anthony Bedell,https://lda.senate.gov/api/v1/filings/2b084897-1123-4712-9606-3ec4fd22fcc4/,248,1864
1713,677dfa60-1327-4ef1-b50f-deae64de7f21,RR,Registration,2025,first_quarter,1st Quarter (Jan 1 - Mar 31),,2025-02-04 16:14:05,2026-03-07 10:20:37.696020,,,,,"William Moschella, Attorney at Law",https://lda.senate.gov/api/v1/filings/677dfa60-1327-4ef1-b50f-deae64de7f21/,16,1671
1714,26497d08-43d3-45a3-802d-bf32af2b1d42,RR,Registration,2025,first_quarter,1st Quarter (Jan 1 - Mar 31),,2025-02-05 09:23:14,2026-03-07 10:20:37.700771,,,,,Andrew Winer,https://lda.senate.gov/api/v1/filings/26497d08-43d3-45a3-802d-bf32af2b1d42/,694,1672
1910,3af7a9b3-5c2e-4ad0-9820-0d82ac6600af,RR,Registration,2025,first_quarter,1st Quarter (Jan 1 - Mar 31),,2025-02-12 16:09:59,2026-03-07 10:20:49.317491,,,,,Omar Franco,https://lda.senate.gov/api/v1/filings/3af7a9b3-5c2e-4ad0-9820-0d82ac6600af/,248,1865
1715,bd6c5a0d-e5c5-4c45-8a61-9cdb06315bb1,RR,Registration,2025,first_quarter,1st Quarter (Jan 1 - Mar 31),,2025-02-05 09:29:39,2026-03-07 10:20:37.705403,,,,,Andrew Winer,https://lda.senate.gov/api/v1/filings/bd6c5a0d-e5c5-4c45-8a61-9cdb06315bb1/,694,1673
1911,834b882a-2292-43a5-b483-55aa75e03a75,RR,Registration,2025,first_quarter,1st Quarter (Jan 1 - Mar 31),,2025-02-12 16:16:53,2026-03-07 10:20:49.323569,,,,,Anthony Bedell,https://lda.senate.gov/api/v1/filings/834b882a-2292-43a5-b483-55aa75e03a75/,248,1866
1716,a6a80654-fb63-4eff-8dbb-f4b83f9ef6b8,RR,Registration,2025,first_quarter,1st Quarter (Jan 1 - Mar 31),,2025-02-05 09:35:53,2026-03-07 10:20:37.709995,,,,,Andrew Winer,https://lda.senate.gov/api/v1/filings/a6a80654-fb63-4eff-8dbb-f4b83f9ef6b8/,694,1674
1717,057c3d3a-7769-463a-ae2c-07e8d971e9f6,RR,Registration,2025,first_quarter,1st Quarter (Jan 1 - Mar 31),,2025-02-05 10:21:26,2026-03-07 10:20:37.715129,,,,,"William Moschella, Attorney at Law",https://lda.senate.gov/api/v1/filings/057c3d3a-7769-463a-ae2c-07e8d971e9f6/,16,1675
1912,e9921fbe-9ab1-4c1d-a4be-e3a4ff6c3e24,RR,Registration,2025,first_quarter,1st Quarter (Jan 1 - Mar 31),,2025-02-12 17:00:15,2026-03-07 10:20:49.329637,,,,,MIke Brody,https://lda.senate.gov/api/v1/filings/e9921fbe-9ab1-4c1d-a4be-e3a4ff6c3e24/,29,1867
1718,16464a04-6e1b-45b3-8d5e-f7d63548d256,RR,Registration,2025,first_quarter,1st Quarter (Jan 1 - Mar 31),,2025-02-05 10:29:53,2026-03-07 10:20:37.720592,,,,,"William Moschella, Attorney at Law",https://lda.senate.gov/api/v1/filings/16464a04-6e1b-45b3-8d5e-f7d63548d256/,16,1676
1719,78d1ca1f-8d67-415f-9370-261dffbd419a,RA,Registration - Amendment,2025,first_quarter,1st Quarter (Jan 1 - Mar 31),,2025-02-05 10:47:43,2026-03-07 10:20:37.726432,,,,,Emily Midgette,https://lda.senate.gov/api/v1/filings/78d1ca1f-8d67-415f-9370-261dffbd419a/,695,1677
2685,8551c81c-9aaf-424b-a3fc-688c55cbdd89,RR,Registration,2025,first_quarter,1st Quarter (Jan 1 - Mar 31),,2025-03-13 17:47:49,2026-03-07 10:21:38.112110,,,,,Adina Mincher,https://lda.senate.gov/api/v1/filings/8551c81c-9aaf-424b-a3fc-688c55cbdd89/,52,2602
1720,b1b8d82e-0e2f-4fe3-bb82-30e216ebdab0,RR,Registration,2025,first_quarter,1st Quarter (Jan 1 - Mar 31),,2025-02-05 12:26:23,2026-03-07 10:20:37.731486,,,,,"William Moschella, Attorney at Law",https://lda.senate.gov/api/v1/filings/b1b8d82e-0e2f-4fe3-bb82-30e216ebdab0/,16,1678
1721,6ed173ff-605a-49a9-a939-3c9be3c721b1,RR,Registration,2025,first_quarter,1st Quarter (Jan 1 - Mar 31),,2025-02-05 12:45:12,2026-03-07 10:20:37.736070,,,,,Chad E. Rhoades,https://lda.senate.gov/api/v1/filings/6ed173ff-605a-49a9-a939-3c9be3c721b1/,696,1679
2686,00cdf652-beb8-421f-abbd-3018029155ae,RR,Registration,2025,first_quarter,1st Quarter (Jan 1 - Mar 31),,2025-03-13 17:52:42,2026-03-07 10:21:38.118607,,,,,Matthew Flynn,https://lda.senate.gov/api/v1/filings/00cdf652-beb8-421f-abbd-3018029155ae/,379,2603
1722,f84888c3-aa02-4855-aabd-40780ba7aaf0,RR,Registration,2025,first_quarter,1st Quarter (Jan 1 - Mar 31),,2025-02-05 13:20:14,2026-03-07 10:20:37.741708,,,,,Richard M. Gold. Partner,https://lda.senate.gov/api/v1/filings/f84888c3-aa02-4855-aabd-40780ba7aaf0/,360,1680
2687,e2781abf-0cb1-4c83-8ac9-dca710c30646,RR,Registration,2025,first_quarter,1st Quarter (Jan 1 - Mar 31),,2025-03-13 18:21:40,2026-03-07 10:21:38.123439,,,,,Laura Joshua,https://lda.senate.gov/api/v1/filings/e2781abf-0cb1-4c83-8ac9-dca710c30646/,432,2604
1723,26608d9d-dcea-4999-b370-d269cae21942,RR,Registration,2025,first_quarter,1st Quarter (Jan 1 - Mar 31),,2025-02-05 13:53:02,2026-03-07 10:20:37.746445,,,,,William Mutch,https://lda.senate.gov/api/v1/filings/26608d9d-dcea-4999-b370-d269cae21942/,697,1681
1724,d711d1ec-2a8a-4ab3-b216-96fefd3f01e5,RR,Registration,2025,first_quarter,1st Quarter (Jan 1 - Mar 31),,2025-02-05 14:21:11,2026-03-07 10:20:37.751919,,,,,Stacey Scholl,https://lda.senate.gov/api/v1/filings/d711d1ec-2a8a-4ab3-b216-96fefd3f01e5/,254,1682
1725,bb2863b5-77b9-465f-99fd-22f88d2e36d3,RR,Registration,2025,first_quarter,1st Quarter (Jan 1 - Mar 31),,2025-02-05 14:33:13,2026-03-07 10:20:37.757495,,,,,Manuel Ortiz,https://lda.senate.gov/api/v1/filings/bb2863b5-77b9-465f-99fd-22f88d2e36d3/,639,1683
1913,00cb97ce-0434-477d-a92f-c99e068eb7da,1TY,1st Quarter - Termination (No Activity),2025,first_quarter,1st Quarter (Jan 1 - Mar 31),,2025-02-12 17:15:42,2026-03-07 10:20:49.335267,,,,,Bruce Casner,https://lda.senate.gov/api/v1/filings/00cb97ce-0434-477d-a92f-c99e068eb7da/,740,1868
2779,db26f3b1-4de8-4970-a15d-fbebf0551519,1TY,1st Quarter - Termination (No Activity),2025,first_quarter,1st Quarter (Jan 1 - Mar 31),,2025-03-17 13:38:01,2026-03-07 10:21:44.909207,,,,,"Jonathon Jones, Partner",https://lda.senate.gov/api/v1/filings/db26f3b1-4de8-4970-a15d-fbebf0551519/,450,2689
1726,d94d9cb8-925c-4b4e-af48-b555d8e31e08,RR,Registration,2025,first_quarter,1st Quarter (Jan 1 - Mar 31),,2025-02-05 14:52:54,2026-03-07 10:20:39.228279,,,,,Garrett Ventry,https://lda.senate.gov/api/v1/filings/d94d9cb8-925c-4b4e-af48-b555d8e31e08/,592,1684
1914,20a65f32-0139-4fb0-a11f-ab61183b95cb,RR,Registration,2025,first_quarter,1st Quarter (Jan 1 - Mar 31),,2025-02-12 17:30:22,2026-03-07 10:20:49.340015,,,,,Robert Schellhas,https://lda.senate.gov/api/v1/filings/20a65f32-0139-4fb0-a11f-ab61183b95cb/,59,1869
1727,49db1319-d752-4cc0-a746-ee2581be6514,RR,Registration,2025,first_quarter,1st Quarter (Jan 1 - Mar 31),,2025-02-05 14:55:32,2026-03-07 10:20:39.233312,,,,,"Gaylord T. Hughey, Jr.",https://lda.senate.gov/api/v1/filings/49db1319-d752-4cc0-a746-ee2581be6514/,698,1685
2780,3e4a5861-3ca9-4aa6-afed-4db00c3323d0,1T,1st Quarter - Termination,2025,first_quarter,1st Quarter (Jan 1 - Mar 31),,2025-03-17 13:41:10,2026-03-07 10:21:44.914296,30000.0,,,,Solveig L Monson,https://lda.senate.gov/api/v1/filings/3e4a5861-3ca9-4aa6-afed-4db00c3323d0/,386,2690
1728,795627ec-8a67-47d3-8151-9d6d81baf144,RR,Registration,2025,first_quarter,1st Quarter (Jan 1 - Mar 31),,2025-02-05 15:06:12,2026-03-07 10:20:39.238803,,,,,Adam J. Biegel,https://lda.senate.gov/api/v1/filings/795627ec-8a67-47d3-8151-9d6d81baf144/,299,1686
1915,c0907bfe-bdaf-471f-9f18-b2721f919334,RR,Registration,2025,first_quarter,1st Quarter (Jan 1 - Mar 31),,2025-02-12 20:22:15,2026-03-07 10:20:49.344700,,,,,Mark E. Rosen,https://lda.senate.gov/api/v1/filings/c0907bfe-bdaf-471f-9f18-b2721f919334/,741,1870
1729,8250f639-05be-4d58-be91-4720a8f4153c,RR,Registration,2025,first_quarter,1st Quarter (Jan 1 - Mar 31),,2025-02-05 15:13:34,2026-03-07 10:20:39.243875,,,,,"Gaylord T. Hughey, Jr.",https://lda.senate.gov/api/v1/filings/8250f639-05be-4d58-be91-4720a8f4153c/,698,1687
1916,b6855abd-8b9d-4867-880c-3c717aab8299,RR,Registration,2025,first_quarter,1st Quarter (Jan 1 - Mar 31),,2025-02-13 08:45:54,2026-03-07 10:20:49.350256,,,,,Beth Anne Cole,https://lda.senate.gov/api/v1/filings/b6855abd-8b9d-4867-880c-3c717aab8299/,244,1871
1730,233a8b3b-cfc7-4174-aaac-9cecc06d82e3,RR,Registration,2025,first_quarter,1st Quarter (Jan 1 - Mar 31),,2025-02-05 16:33:51,2026-03-07 10:20:39.249738,,,,,Amy Tejral,https://lda.senate.gov/api/v1/filings/233a8b3b-cfc7-4174-aaac-9cecc06d82e3/,252,1688
2781,e318fc89-6769-43af-8c38-3a042575d94f,1TY,1st Quarter - Termination (No Activity),2025,first_quarter,1st Quarter (Jan 1 - Mar 31),,2025-03-17 13:41:48,2026-03-07 10:21:44.919265,,,,,"Bryant Hall, President",https://lda.senate.gov/api/v1/filings/e318fc89-6769-43af-8c38-3a042575d94f/,924,2691
1731,a20bd0ed-7e9c-446a-86a3-e256ae63c372,RR,Registration,2025,first_quarter,1st Quarter (Jan 1 - Mar 31),,2025-02-05 19:05:38,2026-03-07 10:20:39.254109,,,,,Zachary Williams,https://lda.senate.gov/api/v1/filings/a20bd0ed-7e9c-446a-86a3-e256ae63c372/,357,1689
1917,b3db0d63-3599-474f-9c74-b4fa6e650282,RA,Registration - Amendment,2025,first_quarter,1st Quarter (Jan 1 - Mar 31),,2025-02-13 09:38:40,2026-03-07 10:20:49.354986,,,,,David DiStefano,https://lda.senate.gov/api/v1/filings/b3db0d63-3599-474f-9c74-b4fa6e650282/,737,1872
1732,97284312-3d64-4d1f-9dac-bc092332315e,RR,Registration,2025,first_quarter,1st Quarter (Jan 1 - Mar 31),,2025-02-05 19:10:28,2026-03-07 10:20:39.258633,,,,,Zachary Williams,https://lda.senate.gov/api/v1/filings/97284312-3d64-4d1f-9dac-bc092332315e/,357,1690
1918,b4fc716b-b870-44ad-89c3-733a560c0a3f,RR,Registration,2025,first_quarter,1st Quarter (Jan 1 - Mar 31),,2025-02-13 09:50:26,2026-03-07 10:20:49.360270,,,,,David DiStefano,https://lda.senate.gov/api/v1/filings/b4fc716b-b870-44ad-89c3-733a560c0a3f/,737,1873
1733,93bb2740-5611-4b9c-8d43-acbdc2f2119b,RR,Registration,2025,first_quarter,1st Quarter (Jan 1 - Mar 31),,2025-02-05 19:16:20,2026-03-07 10:20:39.263423,,,,,Zachary Williams,https://lda.senate.gov/api/v1/filings/93bb2740-5611-4b9c-8d43-acbdc2f2119b/,357,1691
1734,540f289e-1023-4025-8f19-138aedc80e60,1TY,1st Quarter - Termination (No Activity),2025,first_quarter,1st Quarter (Jan 1 - Mar 31),,2025-02-05 19:24:10,2026-03-07 10:20:39.268377,,,,,Zachary Williams,https://lda.senate.gov/api/v1/filings/540f289e-1023-4025-8f19-138aedc80e60/,357,1692
1919,e14757f5-1fd1-4588-9955-5fd8fa49b711,RR,Registration,2025,first_quarter,1st Quarter (Jan 1 - Mar 31),,2025-02-13 10:43:02,2026-03-07 10:20:49.365612,,,,,Beth Anne Cole,https://lda.senate.gov/api/v1/filings/e14757f5-1fd1-4588-9955-5fd8fa49b711/,69,1874
1735,a80f1c8a-d0db-4c88-95f8-dc464deb8349,RR,Registration,2025,first_quarter,1st Quarter (Jan 1 - Mar 31),,2025-02-05 20:26:06,2026-03-07 10:20:39.272475,,,,,Brendan Dunn,https://lda.senate.gov/api/v1/filings/a80f1c8a-d0db-4c88-95f8-dc464deb8349/,413,1693
1736,dbf6d294-b6c6-4ed8-a63c-d4e421aa2308,RA,Registration - Amendment,2025,first_quarter,1st Quarter (Jan 1 - Mar 31),,2025-02-06 07:35:58,2026-03-07 10:20:39.277229,,,,,Sara Nuvy,https://lda.senate.gov/api/v1/filings/dbf6d294-b6c6-4ed8-a63c-d4e421aa2308/,48,1656
1737,514a745a-cb57-4883-92ff-522200f094b5,1TY,1st Quarter - Termination (No Activity),2025,first_quarter,1st Quarter (Jan 1 - Mar 31),,2025-02-06 09:14:26,2026-03-07 10:20:39.282033,,,,,Zachary Williams,https://lda.senate.gov/api/v1/filings/514a745a-cb57-4883-92ff-522200f094b5/,357,1694
1738,b03d749d-cf7b-47dd-825f-577d10c92a0a,RR,Registration,2025,first_quarter,1st Quarter (Jan 1 - Mar 31),,2025-02-06 09:58:49,2026-03-07 10:20:39.286107,,,,,Clayton Bryan,https://lda.senate.gov/api/v1/filings/b03d749d-cf7b-47dd-825f-577d10c92a0a/,259,1695
1739,bba49766-7b94-4475-be69-cf8b203ae754,RR,Registration,2025,first_quarter,1st Quarter (Jan 1 - Mar 31),,2025-02-06 10:05:41,2026-03-07 10:20:39.290983,,,,,Mike Nielsen,https://lda.senate.gov/api/v1/filings/bba49766-7b94-4475-be69-cf8b203ae754/,699,1696
1740,20e4f69f-e597-470d-a570-f37a68ff4ba1,RR,Registration,2025,first_quarter,1st Quarter (Jan 1 - Mar 31),,2025-02-06 11:31:24,2026-03-07 10:20:39.295908,,,,,Israel Klein,https://lda.senate.gov/api/v1/filings/20e4f69f-e597-470d-a570-f37a68ff4ba1/,276,1697
1741,15eafc56-663d-4f08-b950-aec75cb369b7,RR,Registration,2025,first_quarter,1st Quarter (Jan 1 - Mar 31),,2025-02-06 12:28:17,2026-03-07 10:20:39.300658,,,,,"Richard M. Gold, Partner",https://lda.senate.gov/api/v1/filings/15eafc56-663d-4f08-b950-aec75cb369b7/,360,1698
1742,64e3f262-219b-447a-ac4c-c3cd6aec5ec5,RR,Registration,2025,first_quarter,1st Quarter (Jan 1 - Mar 31),,2025-02-06 13:10:18,2026-03-07 10:20:39.305745,,,,,Randall A. Brater,https://lda.senate.gov/api/v1/filings/64e3f262-219b-447a-ac4c-c3cd6aec5ec5/,647,1699
1744,b00abcfc-cc71-4dcf-933a-764a9833a576,RA,Registration - Amendment,2025,first_quarter,1st Quarter (Jan 1 - Mar 31),,2025-02-06 14:01:37,2026-03-07 10:20:39.315704,,,,,Brian J. Glackin,https://lda.senate.gov/api/v1/filings/b00abcfc-cc71-4dcf-933a-764a9833a576/,309,1640
1920,0c99b575-1046-42d7-8a5b-2995b87f5938,RR,Registration,2025,first_quarter,1st Quarter (Jan 1 - Mar 31),,2025-02-13 10:44:11,2026-03-07 10:20:49.369997,,,,,Chris Akin,https://lda.senate.gov/api/v1/filings/0c99b575-1046-42d7-8a5b-2995b87f5938/,742,1875
1745,c59b8ea7-6590-4a8c-ab09-26138759d7e4,RR,Registration,2025,first_quarter,1st Quarter (Jan 1 - Mar 31),,2025-02-06 14:16:38,2026-03-07 10:20:39.319826,,,,,Jonathon D Golden,https://lda.senate.gov/api/v1/filings/c59b8ea7-6590-4a8c-ab09-26138759d7e4/,700,1701
2782,2623f5fa-8770-43f2-a532-2934e3eaca8b,RR,Registration,2025,first_quarter,1st Quarter (Jan 1 - Mar 31),,2025-03-17 13:45:44,2026-03-07 10:21:44.923610,,,,,"Jonathon Jones, Partner",https://lda.senate.gov/api/v1/filings/2623f5fa-8770-43f2-a532-2934e3eaca8b/,450,2692
1746,d9a1e2e2-28b7-40fa-a389-428d7e3e6c11,RR,Registration,2025,first_quarter,1st Quarter (Jan 1 - Mar 31),,2025-02-06 14:23:49,2026-03-07 10:20:39.325439,,,,,Jonathon D Golden,https://lda.senate.gov/api/v1/filings/d9a1e2e2-28b7-40fa-a389-428d7e3e6c11/,700,1702
1921,cd1337e6-3d4b-455d-ab47-956e11331cde,RR,Registration,2025,first_quarter,1st Quarter (Jan 1 - Mar 31),,2025-02-13 10:57:26,2026-03-07 10:20:49.375542,,,,,David Bockorny,https://lda.senate.gov/api/v1/filings/cd1337e6-3d4b-455d-ab47-956e11331cde/,524,1876
1747,8cce8bfb-2cff-4220-aaf3-d11920652a35,RR,Registration,2025,second_quarter,2nd Quarter (Apr 1 - June 30),,2025-02-06 14:36:33,2026-03-07 10:20:39.330272,,,,,Keaton Sunchild,https://lda.senate.gov/api/v1/filings/8cce8bfb-2cff-4220-aaf3-d11920652a35/,701,1703
1922,7e0f8597-08de-449e-895d-5e8867bccb1c,RR,Registration,2025,first_quarter,1st Quarter (Jan 1 - Mar 31),,2025-02-13 11:21:06,2026-03-07 10:20:49.380028,,,,,David Bockorny,https://lda.senate.gov/api/v1/filings/7e0f8597-08de-449e-895d-5e8867bccb1c/,524,1877
1748,f099239e-b1f0-428a-be79-8b02cff2406a,RR,Registration,2025,first_quarter,1st Quarter (Jan 1 - Mar 31),,2025-02-06 14:50:30,2026-03-07 10:20:39.336946,,,,,Evan A. Knisely,https://lda.senate.gov/api/v1/filings/f099239e-b1f0-428a-be79-8b02cff2406a/,702,1704
2783,2571fb52-acc0-4261-a234-a96a0ea1ea15,RR,Registration,2025,first_quarter,1st Quarter (Jan 1 - Mar 31),,2025-03-17 13:57:36,2026-03-07 10:21:44.928676,,,,,Solveig Monson,https://lda.senate.gov/api/v1/filings/2571fb52-acc0-4261-a234-a96a0ea1ea15/,386,2693
1749,542c5e47-1b74-4c5d-ac23-7df16492073c,RA,Registration - Amendment,2025,first_quarter,1st Quarter (Jan 1 - Mar 31),,2025-02-06 15:13:40,2026-03-07 10:20:39.342078,,,,,"Tim Peckinpaugh, Partner",https://lda.senate.gov/api/v1/filings/542c5e47-1b74-4c5d-ac23-7df16492073c/,316,1705
1923,932b0420-b7f9-47f0-ad8c-31f1ac747af6,RR,Registration,2025,first_quarter,1st Quarter (Jan 1 - Mar 31),,2025-02-13 11:25:00,2026-03-07 10:20:49.384902,,,,,Blake Allen,https://lda.senate.gov/api/v1/filings/932b0420-b7f9-47f0-ad8c-31f1ac747af6/,743,1878
1750,d68e89d8-14d6-4e61-bfef-836454732224,RR,Registration,2025,first_quarter,1st Quarter (Jan 1 - Mar 31),,2025-02-06 15:16:13,2026-03-07 10:20:39.346528,,,,,Adam J. Biegel,https://lda.senate.gov/api/v1/filings/d68e89d8-14d6-4e61-bfef-836454732224/,299,1706
1924,d918d009-8037-4708-802e-47e623c1fbf0,RR,Registration,2025,first_quarter,1st Quarter (Jan 1 - Mar 31),,2025-02-13 12:01:36,2026-03-07 10:20:49.390974,,,,,Jed Nicholas Bhuta,https://lda.senate.gov/api/v1/filings/d918d009-8037-4708-802e-47e623c1fbf0/,744,1879
1751,f553af85-2a98-4b2e-a530-e1a0e472ad8d,RR,Registration,2025,first_quarter,1st Quarter (Jan 1 - Mar 31),,2025-02-06 15:16:30,2026-03-07 10:20:40.713955,,,,,Shrikar Nunna,https://lda.senate.gov/api/v1/filings/f553af85-2a98-4b2e-a530-e1a0e472ad8d/,703,1707
1752,ac151c71-10b2-4056-b70d-d7fe999b689a,RR,Registration,2025,first_quarter,1st Quarter (Jan 1 - Mar 31),,2025-02-06 15:22:16,2026-03-07 10:20:40.719840,,,,,Isabella Quinn,https://lda.senate.gov/api/v1/filings/ac151c71-10b2-4056-b70d-d7fe999b689a/,365,1708
1925,1eef9746-9259-4e34-8cbc-1b0a90851830,RR,Registration,2025,first_quarter,1st Quarter (Jan 1 - Mar 31),,2025-02-13 12:17:20,2026-03-07 10:20:49.396238,,,,,"Andrew Herzfeld, Chief Financial Officer",https://lda.senate.gov/api/v1/filings/1eef9746-9259-4e34-8cbc-1b0a90851830/,728,1880
1753,2359d6fc-7549-4b44-abae-e2168dfdbe98,RR,Registration,2025,first_quarter,1st Quarter (Jan 1 - Mar 31),,2025-02-06 15:25:11,2026-03-07 10:20:40.724629,,,,,Jeffery A. Green,https://lda.senate.gov/api/v1/filings/2359d6fc-7549-4b44-abae-e2168dfdbe98/,487,1709
1754,a49144a3-4070-4edf-b352-1e2c3889f556,RR,Registration,2025,first_quarter,1st Quarter (Jan 1 - Mar 31),,2025-02-06 15:38:46,2026-03-07 10:20:40.729277,,,,,"Richard M. Gold, Partner",https://lda.senate.gov/api/v1/filings/a49144a3-4070-4edf-b352-1e2c3889f556/,360,1710
1755,92a66765-cdbb-4aab-9afe-b9dc159d5f69,RR,Registration,2025,first_quarter,1st Quarter (Jan 1 - Mar 31),,2025-02-06 16:03:13,2026-03-07 10:20:40.734155,,,,,Jeffery A. Green,https://lda.senate.gov/api/v1/filings/92a66765-cdbb-4aab-9afe-b9dc159d5f69/,487,1711
1756,f3b6c65a-cb88-4817-9aa3-505a43e2a84f,RR,Registration,2025,first_quarter,1st Quarter (Jan 1 - Mar 31),,2025-02-06 16:24:09,2026-03-07 10:20:40.738810,,,,,Nicole Mortier,https://lda.senate.gov/api/v1/filings/f3b6c65a-cb88-4817-9aa3-505a43e2a84f/,704,1712
1757,8a37767a-1bd1-4dce-bb08-c64922e94994,RR,Registration,2025,first_quarter,1st Quarter (Jan 1 - Mar 31),,2025-02-06 16:32:14,2026-03-07 10:20:40.744369,,,,,Evan A. Knisely,https://lda.senate.gov/api/v1/filings/8a37767a-1bd1-4dce-bb08-c64922e94994/,702,1713
1758,8b6b256d-7ca8-4ac0-9d45-e812b3734481,RR,Registration,2025,first_quarter,1st Quarter (Jan 1 - Mar 31),,2025-02-06 17:02:22,2026-03-07 10:20:40.749691,,,,,Randall A. Brater,https://lda.senate.gov/api/v1/filings/8b6b256d-7ca8-4ac0-9d45-e812b3734481/,647,1714
1759,a78af47d-cc71-4c87-974b-4bbb795923f0,RR,Registration,2025,first_quarter,1st Quarter (Jan 1 - Mar 31),,2025-02-06 17:47:05,2026-03-07 10:20:40.754594,,,,,James Christoferson,https://lda.senate.gov/api/v1/filings/a78af47d-cc71-4c87-974b-4bbb795923f0/,705,1715
1760,a220cc02-7373-483b-818e-694b330b77f8,RR,Registration,2025,first_quarter,1st Quarter (Jan 1 - Mar 31),,2025-02-06 18:32:02,2026-03-07 10:20:40.759669,,,,,Sara Nuvy,https://lda.senate.gov/api/v1/filings/a220cc02-7373-483b-818e-694b330b77f8/,48,1716
1761,49a1d7a3-245e-485e-af71-9c880f685119,RA,Registration - Amendment,2025,first_quarter,1st Quarter (Jan 1 - Mar 31),,2025-02-06 18:42:05,2026-03-07 10:20:40.764008,,,,,Sara Nuvy,https://lda.senate.gov/api/v1/filings/49a1d7a3-245e-485e-af71-9c880f685119/,48,1717
1762,c877d7d2-bf78-4fcd-bc60-61515af8b0b7,RR,Registration,2025,first_quarter,1st Quarter (Jan 1 - Mar 31),,2025-02-06 18:55:02,2026-03-07 10:20:40.768271,,,,,Sara Nuvy,https://lda.senate.gov/api/v1/filings/c877d7d2-bf78-4fcd-bc60-61515af8b0b7/,48,1718
1763,42eb835d-dd98-407b-b993-74f4c60feefe,RR,Registration,2025,first_quarter,1st Quarter (Jan 1 - Mar 31),,2025-02-06 20:33:11,2026-03-07 10:20:40.772497,,,,,Evan A. Knisely,https://lda.senate.gov/api/v1/filings/42eb835d-dd98-407b-b993-74f4c60feefe/,702,1719
1764,6066d4d9-23f5-4946-812e-013995d33951,RR,Registration,2025,first_quarter,1st Quarter (Jan 1 - Mar 31),,2025-02-07 08:00:51,2026-03-07 10:20:40.777211,,,,,Joseph Wayne King II,https://lda.senate.gov/api/v1/filings/6066d4d9-23f5-4946-812e-013995d33951/,338,1720
2784,af258e93-33f0-471b-8d89-540b63b51498,1T,1st Quarter - Termination,2025,first_quarter,1st Quarter (Jan 1 - Mar 31),,2025-03-17 13:58:36,2026-03-07 10:21:44.934066,10000.0,,,,Geoffrey Gradler,https://lda.senate.gov/api/v1/filings/af258e93-33f0-471b-8d89-540b63b51498/,925,2694
1765,218fa4a3-6abe-4051-bde6-ab0e8235bcf4,RR,Registration,2025,first_quarter,1st Quarter (Jan 1 - Mar 31),,2025-02-07 08:28:03,2026-03-07 10:20:40.782612,,,,,Jennifer Holmes,https://lda.senate.gov/api/v1/filings/218fa4a3-6abe-4051-bde6-ab0e8235bcf4/,264,1721
1926,5783944f-f913-4e9c-bad8-f2675c7b7479,RR,Registration,2025,first_quarter,1st Quarter (Jan 1 - Mar 31),,2025-02-13 12:45:47,2026-03-07 10:20:50.949964,,,,,Jay Engleson,https://lda.senate.gov/api/v1/filings/5783944f-f913-4e9c-bad8-f2675c7b7479/,745,1881
1766,fe295f7e-66d7-423b-942c-78d059c2fbbc,RR,Registration,2025,first_quarter,1st Quarter (Jan 1 - Mar 31),,2025-02-07 08:39:33,2026-03-07 10:20:40.786990,,,,,Jennifer Holmes,https://lda.senate.gov/api/v1/filings/fe295f7e-66d7-423b-942c-78d059c2fbbc/,264,1722
1927,2905f13c-ff45-44d4-bbf3-b6f6c69a7495,RR,Registration,2025,first_quarter,1st Quarter (Jan 1 - Mar 31),,2025-02-13 12:51:49,2026-03-07 10:20:50.955924,,,,,John Roberti,https://lda.senate.gov/api/v1/filings/2905f13c-ff45-44d4-bbf3-b6f6c69a7495/,247,1882
1767,acf18047-d284-474f-ae70-96528bcc0cbc,RR,Registration,2025,first_quarter,1st Quarter (Jan 1 - Mar 31),,2025-02-07 08:46:09,2026-03-07 10:20:40.791387,,,,,Jennifer Holmes,https://lda.senate.gov/api/v1/filings/acf18047-d284-474f-ae70-96528bcc0cbc/,264,1723
1768,7bd82fbb-7052-43a7-83b1-f45096f6f397,RR,Registration,2025,first_quarter,1st Quarter (Jan 1 - Mar 31),,2025-02-07 08:53:31,2026-03-07 10:20:40.796517,,,,,Jennifer Holmes,https://lda.senate.gov/api/v1/filings/7bd82fbb-7052-43a7-83b1-f45096f6f397/,264,1724
1928,a697f198-9601-44f3-8f42-cc68ae167349,RR,Registration,2025,first_quarter,1st Quarter (Jan 1 - Mar 31),,2025-02-13 12:54:30,2026-03-07 10:20:50.960405,,,,,Jay Engleson,https://lda.senate.gov/api/v1/filings/a697f198-9601-44f3-8f42-cc68ae167349/,745,1883
1769,6deca342-096c-418c-abed-cd73154b41ae,RR,Registration,2025,first_quarter,1st Quarter (Jan 1 - Mar 31),,2025-02-07 09:33:59,2026-03-07 10:20:40.801806,,,,,Jennifer Holmes,https://lda.senate.gov/api/v1/filings/6deca342-096c-418c-abed-cd73154b41ae/,264,1725
1929,a125302d-ca14-4e03-aff3-702f27ed0466,RR,Registration,2025,first_quarter,1st Quarter (Jan 1 - Mar 31),,2025-02-13 13:00:12,2026-03-07 10:20:50.965203,,,,,John Roberti,https://lda.senate.gov/api/v1/filings/a125302d-ca14-4e03-aff3-702f27ed0466/,247,1884
1770,986e2501-69b2-43f4-81f0-87dce0b572dd,RR,Registration,2025,first_quarter,1st Quarter (Jan 1 - Mar 31),,2025-02-07 09:36:31,2026-03-07 10:20:40.807098,,,,,Beth Anne Cole,https://lda.senate.gov/api/v1/filings/986e2501-69b2-43f4-81f0-87dce0b572dd/,706,1726
1771,95294146-6c28-4750-97d0-ab765b12affd,RR,Registration,2025,first_quarter,1st Quarter (Jan 1 - Mar 31),,2025-02-07 09:47:26,2026-03-07 10:20:40.812262,,,,,Jennifer Holmes,https://lda.senate.gov/api/v1/filings/95294146-6c28-4750-97d0-ab765b12affd/,264,1727
2688,8bf12800-e241-4fa5-acf3-c277251e1676,RR,Registration,2025,first_quarter,1st Quarter (Jan 1 - Mar 31),,2025-03-13 20:07:16,2026-03-07 10:21:38.128304,,,,,William P. Hollier,https://lda.senate.gov/api/v1/filings/8bf12800-e241-4fa5-acf3-c277251e1676/,909,2605
1772,ba0cef3e-9e02-44e8-a2cf-4bf38de3ca64,RR,Registration,2025,first_quarter,1st Quarter (Jan 1 - Mar 31),,2025-02-07 09:55:11,2026-03-07 10:20:40.817647,,,,,Jennifer Holmes,https://lda.senate.gov/api/v1/filings/ba0cef3e-9e02-44e8-a2cf-4bf38de3ca64/,264,1728
1773,02db3587-cc20-4729-89e6-4fe8abee62e4,RR,Registration,2025,first_quarter,1st Quarter (Jan 1 - Mar 31),,2025-02-07 10:09:02,2026-03-07 10:20:40.822587,,,,,Will Le,https://lda.senate.gov/api/v1/filings/02db3587-cc20-4729-89e6-4fe8abee62e4/,411,1729
2689,2be8786e-57b1-487b-b1a3-7d160d168cb1,RR,Registration,2025,first_quarter,1st Quarter (Jan 1 - Mar 31),,2025-03-14 06:59:08,2026-03-07 10:21:38.133415,,,,,James Byrum,https://lda.senate.gov/api/v1/filings/2be8786e-57b1-487b-b1a3-7d160d168cb1/,910,2606
1774,66dc4ef5-149c-496c-b8d6-04513414a4e8,RR,Registration,2025,first_quarter,1st Quarter (Jan 1 - Mar 31),,2025-02-07 10:16:52,2026-03-07 10:20:40.827775,,,,,Jennifer Holmes,https://lda.senate.gov/api/v1/filings/66dc4ef5-149c-496c-b8d6-04513414a4e8/,264,1730
1775,23f324c4-9f0a-4d13-921e-88e882879fba,RR,Registration,2025,first_quarter,1st Quarter (Jan 1 - Mar 31),,2025-02-07 10:26:28,2026-03-07 10:20:40.832597,,,,,Jennifer Holmes,https://lda.senate.gov/api/v1/filings/23f324c4-9f0a-4d13-921e-88e882879fba/,264,1731
1776,65503cff-2b1d-4c43-8e85-18d63b5f8f0a,RR,Registration,2025,first_quarter,1st Quarter (Jan 1 - Mar 31),,2025-02-07 10:33:56,2026-03-07 10:20:42.290996,,,,,Israel Klein,https://lda.senate.gov/api/v1/filings/65503cff-2b1d-4c43-8e85-18d63b5f8f0a/,276,1732
1777,625e786b-76da-44e6-8ae2-0ab7aa08e533,RR,Registration,2025,first_quarter,1st Quarter (Jan 1 - Mar 31),,2025-02-07 10:35:56,2026-03-07 10:20:42.296273,,,,,Jennifer Holmes,https://lda.senate.gov/api/v1/filings/625e786b-76da-44e6-8ae2-0ab7aa08e533/,264,1733
1778,85f38dc5-6b83-44d4-84ff-734c6e219c28,RR,Registration,2025,first_quarter,1st Quarter (Jan 1 - Mar 31),,2025-02-07 10:45:14,2026-03-07 10:20:42.301408,,,,,Jennifer Holmes,https://lda.senate.gov/api/v1/filings/85f38dc5-6b83-44d4-84ff-734c6e219c28/,264,1734
1779,1362ea1d-4064-4e0d-98cc-982ebe2f8536,RR,Registration,2025,first_quarter,1st Quarter (Jan 1 - Mar 31),,2025-02-07 11:11:38,2026-03-07 10:20:42.306139,,,,,Jennifer Holmes,https://lda.senate.gov/api/v1/filings/1362ea1d-4064-4e0d-98cc-982ebe2f8536/,264,1735
1780,52ae3d96-7e4e-481b-a556-228894830f84,RR,Registration,2025,first_quarter,1st Quarter (Jan 1 - Mar 31),,2025-02-07 11:25:29,2026-03-07 10:20:42.310895,,,,,Jennifer Holmes,https://lda.senate.gov/api/v1/filings/52ae3d96-7e4e-481b-a556-228894830f84/,264,1736
1781,9b2a6458-9a21-4c97-bd28-13d277c0f4cd,RR,Registration,2025,first_quarter,1st Quarter (Jan 1 - Mar 31),,2025-02-07 11:30:12,2026-03-07 10:20:42.317266,,,,,James E. Link,https://lda.senate.gov/api/v1/filings/9b2a6458-9a21-4c97-bd28-13d277c0f4cd/,347,1737
1782,14c3e1ab-7490-4d47-b42d-935c8d1efb66,RR,Registration,2025,first_quarter,1st Quarter (Jan 1 - Mar 31),,2025-02-07 11:34:28,2026-03-07 10:20:42.322742,,,,,Jennifer Holmes,https://lda.senate.gov/api/v1/filings/14c3e1ab-7490-4d47-b42d-935c8d1efb66/,264,1738
1783,495eb7ff-5d44-4cd7-83cd-b8ebca5986a6,RR,Registration,2025,first_quarter,1st Quarter (Jan 1 - Mar 31),,2025-02-07 11:39:33,2026-03-07 10:20:42.327446,,,,,Jennifer Holmes,https://lda.senate.gov/api/v1/filings/495eb7ff-5d44-4cd7-83cd-b8ebca5986a6/,264,1739
1784,49bbe249-14fc-492d-a96d-c2db9b55af3f,RR,Registration,2025,first_quarter,1st Quarter (Jan 1 - Mar 31),,2025-02-07 11:49:00,2026-03-07 10:20:42.332126,,,,,Jennifer Holmes,https://lda.senate.gov/api/v1/filings/49bbe249-14fc-492d-a96d-c2db9b55af3f/,264,1740
1785,aac17b5d-de3b-4f75-83f2-f3dd12923d62,RR,Registration,2025,first_quarter,1st Quarter (Jan 1 - Mar 31),,2025-02-07 11:53:41,2026-03-07 10:20:42.336687,,,,,Catherin MacDuff,https://lda.senate.gov/api/v1/filings/aac17b5d-de3b-4f75-83f2-f3dd12923d62/,707,1741
1786,4633d3a4-3658-4780-a972-6891433f47cb,RR,Registration,2025,first_quarter,1st Quarter (Jan 1 - Mar 31),,2025-02-07 11:55:48,2026-03-07 10:20:42.342154,,,,,Dan Dukes,https://lda.senate.gov/api/v1/filings/4633d3a4-3658-4780-a972-6891433f47cb/,708,1742
1930,0fbb59dd-9196-4673-a24d-ee9cd7e3d413,RR,Registration,2025,first_quarter,1st Quarter (Jan 1 - Mar 31),,2025-02-13 13:17:21,2026-03-07 10:20:50.969540,,,,,Blake Allen,https://lda.senate.gov/api/v1/filings/0fbb59dd-9196-4673-a24d-ee9cd7e3d413/,743,1885
1787,455f5388-efdb-4994-875c-fcaa2da074ce,RR,Registration,2025,first_quarter,1st Quarter (Jan 1 - Mar 31),,2025-02-07 12:05:18,2026-03-07 10:20:42.347472,,,,,Jennifer Holmes,https://lda.senate.gov/api/v1/filings/455f5388-efdb-4994-875c-fcaa2da074ce/,264,1743
2785,968a388a-617d-4723-8937-5e4a1bcbdb05,RR,Registration,2025,first_quarter,1st Quarter (Jan 1 - Mar 31),,2025-03-17 14:16:07,2026-03-07 10:21:44.939141,,,,,Solveig Monson,https://lda.senate.gov/api/v1/filings/968a388a-617d-4723-8937-5e4a1bcbdb05/,386,2695
1931,7519bed8-671e-4059-990d-64db746a2460,RA,Registration - Amendment,2025,first_quarter,1st Quarter (Jan 1 - Mar 31),,2025-02-13 13:24:59,2026-03-07 10:20:50.973979,,,,,Hans Klingler,https://lda.senate.gov/api/v1/filings/7519bed8-671e-4059-990d-64db746a2460/,746,1886
1788,c13970fb-e7a0-4f36-a00c-32775a7a2676,RR,Registration,2025,first_quarter,1st Quarter (Jan 1 - Mar 31),,2025-02-07 12:16:52,2026-03-07 10:20:42.352988,,,,,Jennifer Holmes,https://lda.senate.gov/api/v1/filings/c13970fb-e7a0-4f36-a00c-32775a7a2676/,264,1744
1789,d66904d7-1b74-494a-9c06-8ab3e9084de3,RR,Registration,2025,first_quarter,1st Quarter (Jan 1 - Mar 31),,2025-02-07 12:23:15,2026-03-07 10:20:42.358615,,,,,Jennifer Holmes,https://lda.senate.gov/api/v1/filings/d66904d7-1b74-494a-9c06-8ab3e9084de3/,264,1745
1932,730871a4-a398-4f5b-bc30-5d67ceea7f24,RR,Registration,2025,first_quarter,1st Quarter (Jan 1 - Mar 31),,2025-02-13 13:29:52,2026-03-07 10:20:50.978726,,,,,Hans Klingler,https://lda.senate.gov/api/v1/filings/730871a4-a398-4f5b-bc30-5d67ceea7f24/,746,1887
2786,98cb34e0-473e-422a-b235-37e57a15802e,Q1,1st Quarter - Report,2025,first_quarter,1st Quarter (Jan 1 - Mar 31),,2025-03-17 14:16:57,2026-03-07 10:21:44.944819,30000.0,,,,Philip Maggi,https://lda.senate.gov/api/v1/filings/98cb34e0-473e-422a-b235-37e57a15802e/,926,2696
1790,298b9cfd-50ad-436a-9fa5-b32e6664cc68,RR,Registration,2025,first_quarter,1st Quarter (Jan 1 - Mar 31),,2025-02-07 12:37:58,2026-03-07 10:20:42.364225,,,,,Beth Anne Cole,https://lda.senate.gov/api/v1/filings/298b9cfd-50ad-436a-9fa5-b32e6664cc68/,709,1746
1933,eea328cd-9f07-4915-9d2f-ff91c1d2cc24,1TY,1st Quarter - Termination (No Activity),2025,first_quarter,1st Quarter (Jan 1 - Mar 31),,2025-02-13 13:53:45,2026-03-07 10:20:50.983610,,,A,A,Sam Sackett,https://lda.senate.gov/api/v1/filings/eea328cd-9f07-4915-9d2f-ff91c1d2cc24/,747,1888
1791,fb301e42-e960-4dac-a7be-efd747e00297,RA,Registration - Amendment,2025,first_quarter,1st Quarter (Jan 1 - Mar 31),,2025-02-07 13:41:13,2026-03-07 10:20:42.370208,,,,,Noah Isenstein,https://lda.senate.gov/api/v1/filings/fb301e42-e960-4dac-a7be-efd747e00297/,710,1747
2787,9c3790a0-3538-4906-b9e7-7a54291ce7c3,RR,Registration,2025,first_quarter,1st Quarter (Jan 1 - Mar 31),,2025-03-17 14:18:01,2026-03-07 10:21:44.950148,,,,,Charlotte Ivancic,https://lda.senate.gov/api/v1/filings/9c3790a0-3538-4906-b9e7-7a54291ce7c3/,893,2697
1792,e7122cf2-bcb9-473b-bb46-91be851efb91,RA,Registration - Amendment,2025,first_quarter,1st Quarter (Jan 1 - Mar 31),,2025-02-07 14:26:15,2026-03-07 10:20:42.376379,,,,,James Christoferson,https://lda.senate.gov/api/v1/filings/e7122cf2-bcb9-473b-bb46-91be851efb91/,705,1715
1934,ed5d72ee-9450-4967-ab8e-9cd14c0f9f0c,RR,Registration,2025,first_quarter,1st Quarter (Jan 1 - Mar 31),,2025-02-13 14:11:42,2026-03-07 10:20:50.987519,,,,,Robert A. Russell,https://lda.senate.gov/api/v1/filings/ed5d72ee-9450-4967-ab8e-9cd14c0f9f0c/,748,1889
1793,d1a519f4-aada-4b4b-87d4-63ace246f2cb,RR,Registration,2025,first_quarter,1st Quarter (Jan 1 - Mar 31),,2025-02-07 14:56:42,2026-03-07 10:20:42.381577,,,,,Todd Trautner,https://lda.senate.gov/api/v1/filings/d1a519f4-aada-4b4b-87d4-63ace246f2cb/,711,1748
1935,713f1e97-78f7-4a90-85d7-5a75c42ed12c,RA,Registration - Amendment,2025,first_quarter,1st Quarter (Jan 1 - Mar 31),,2025-02-13 14:35:47,2026-03-07 10:20:50.991948,,,,,"Jonathon Jones, Partner",https://lda.senate.gov/api/v1/filings/713f1e97-78f7-4a90-85d7-5a75c42ed12c/,450,1890
1794,27977d13-b9a2-40b4-9c9f-af05bc85000f,RR,Registration,2025,first_quarter,1st Quarter (Jan 1 - Mar 31),,2025-02-07 15:22:07,2026-03-07 10:20:42.386846,,,,,Alexis Searfoss,https://lda.senate.gov/api/v1/filings/27977d13-b9a2-40b4-9c9f-af05bc85000f/,305,1749
1795,b96c83a9-bf6c-409c-a387-dfd01fed9bd4,RR,Registration,2025,first_quarter,1st Quarter (Jan 1 - Mar 31),,2025-02-07 15:26:33,2026-03-07 10:20:42.392978,,,,,"Charles R. Nuckolls, Senior Counsel",https://lda.senate.gov/api/v1/filings/b96c83a9-bf6c-409c-a387-dfd01fed9bd4/,414,1750
1936,af5a124f-863a-433f-9d5f-d7ccbb17df67,1TY,1st Quarter - Termination (No Activity),2025,first_quarter,1st Quarter (Jan 1 - Mar 31),,2025-02-13 14:39:02,2026-03-07 10:20:50.997015,,,,,"Jonathon Jones, Partner",https://lda.senate.gov/api/v1/filings/af5a124f-863a-433f-9d5f-d7ccbb17df67/,450,1891
3076,558f58fe-5808-47b8-9929-4cd88532e6f7,RR,Registration,2025,first_quarter,1st Quarter (Jan 1 - Mar 31),,2025-03-24 15:07:57,2026-03-07 10:22:03.561304,,,,,Isabella Quinn,https://lda.senate.gov/api/v1/filings/558f58fe-5808-47b8-9929-4cd88532e6f7/,365,2971
1796,629aae3d-4de0-49d2-b8df-e614d649e301,RR,Registration,2025,first_quarter,1st Quarter (Jan 1 - Mar 31),,2025-02-07 15:38:13,2026-03-07 10:20:42.397975,,,,,Zach Price,https://lda.senate.gov/api/v1/filings/629aae3d-4de0-49d2-b8df-e614d649e301/,712,1751
1937,1996f17e-bbff-45fa-9bc1-7d8a1ec6d246,RR,Registration,2025,first_quarter,1st Quarter (Jan 1 - Mar 31),,2025-02-13 14:42:28,2026-03-07 10:20:51.000799,,,,,"Jonathon Jones, Partner",https://lda.senate.gov/api/v1/filings/1996f17e-bbff-45fa-9bc1-7d8a1ec6d246/,450,1892
1797,7275ff89-77c0-4e39-84d7-01c8a04b174b,RR,Registration,2025,first_quarter,1st Quarter (Jan 1 - Mar 31),,2025-02-07 15:45:40,2026-03-07 10:20:42.403915,,,,,Alexis Searfoss,https://lda.senate.gov/api/v1/filings/7275ff89-77c0-4e39-84d7-01c8a04b174b/,305,1752
1798,6695982f-ec64-403f-b6af-6a584dd938ce,RR,Registration,2025,first_quarter,1st Quarter (Jan 1 - Mar 31),,2025-02-07 16:19:55,2026-03-07 10:20:42.409413,,,,,David Schwartz,https://lda.senate.gov/api/v1/filings/6695982f-ec64-403f-b6af-6a584dd938ce/,408,1753
1938,835aaa45-032e-43cd-a344-e336172411fd,RR,Registration,2025,first_quarter,1st Quarter (Jan 1 - Mar 31),,2025-02-13 15:10:35,2026-03-07 10:20:51.005694,,,,,Stephanie Gadbois,https://lda.senate.gov/api/v1/filings/835aaa45-032e-43cd-a344-e336172411fd/,418,1893
1799,e6a8e8d2-4cd6-4e87-9e92-2e90cd3a2bce,RR,Registration,2025,first_quarter,1st Quarter (Jan 1 - Mar 31),,2025-02-07 16:22:40,2026-03-07 10:20:42.415126,,,,,Randall A. Brater,https://lda.senate.gov/api/v1/filings/e6a8e8d2-4cd6-4e87-9e92-2e90cd3a2bce/,647,1754
1800,43e759b5-e3cb-47e5-8b5a-757e3f3903cd,RR,Registration,2025,first_quarter,1st Quarter (Jan 1 - Mar 31),,2025-02-07 16:27:24,2026-03-07 10:20:42.419617,,,,,Chris Andresen,https://lda.senate.gov/api/v1/filings/43e759b5-e3cb-47e5-8b5a-757e3f3903cd/,713,1755
1939,5fdce642-0a14-44ce-9753-00b4959e839e,RR,Registration,2025,first_quarter,1st Quarter (Jan 1 - Mar 31),,2025-02-13 16:06:06,2026-03-07 10:20:51.009933,,,,,James E Link,https://lda.senate.gov/api/v1/filings/5fdce642-0a14-44ce-9753-00b4959e839e/,347,1894
2788,85186195-882b-4dc5-94fb-811869968d12,RR,Registration,2025,first_quarter,1st Quarter (Jan 1 - Mar 31),,2025-03-17 14:21:43,2026-03-07 10:21:44.955238,,,,,Rawson Warden,https://lda.senate.gov/api/v1/filings/85186195-882b-4dc5-94fb-811869968d12/,358,2698
1940,091d6e34-530a-41e4-bf20-fa0e7e7e169c,RR,Registration,2025,first_quarter,1st Quarter (Jan 1 - Mar 31),,2025-02-13 17:15:33,2026-03-07 10:20:51.014264,,,,,Brian Diffell,https://lda.senate.gov/api/v1/filings/091d6e34-530a-41e4-bf20-fa0e7e7e169c/,359,1895
2789,a47e1c5d-568c-4991-8933-10edc24b75b1,RR,Registration,2025,first_quarter,1st Quarter (Jan 1 - Mar 31),,2025-03-17 14:22:51,2026-03-07 10:21:44.960384,,,,,THOMAS CULLIGAN,https://lda.senate.gov/api/v1/filings/a47e1c5d-568c-4991-8933-10edc24b75b1/,913,2699
1941,e7dbf025-a27d-4a7b-81a2-d4e8e1061b6a,RR,Registration,2025,first_quarter,1st Quarter (Jan 1 - Mar 31),,2025-02-13 17:20:10,2026-03-07 10:20:51.018580,,,,,"Andrew Lattanner, Director of Federal Relations",https://lda.senate.gov/api/v1/filings/e7dbf025-a27d-4a7b-81a2-d4e8e1061b6a/,749,1896
1942,c7b1db86-d827-49e5-aecc-f825b05d33e9,RR,Registration,2025,first_quarter,1st Quarter (Jan 1 - Mar 31),,2025-02-13 17:33:46,2026-03-07 10:20:51.024247,,,,,Kellie Donnelly,https://lda.senate.gov/api/v1/filings/c7b1db86-d827-49e5-aecc-f825b05d33e9/,426,1897
2790,ddeba241-c404-4ce4-a54b-4a85aa6fc8b8,RR,Registration,2025,first_quarter,1st Quarter (Jan 1 - Mar 31),,2025-03-17 14:24:50,2026-03-07 10:21:44.965491,,,,,Solveig Monson,https://lda.senate.gov/api/v1/filings/ddeba241-c404-4ce4-a54b-4a85aa6fc8b8/,386,2700
1943,3836db65-22b9-42d8-ac23-beaec6295e34,1T,1st Quarter - Termination,2025,first_quarter,1st Quarter (Jan 1 - Mar 31),,2025-02-13 17:37:41,2026-03-07 10:20:51.028928,,45000.0,A,A,Gary Gallant,https://lda.senate.gov/api/v1/filings/3836db65-22b9-42d8-ac23-beaec6295e34/,750,1898
2791,0a76b7a4-264c-4038-bad8-8e245756d3d1,RR,Registration,2025,first_quarter,1st Quarter (Jan 1 - Mar 31),,2025-03-17 14:28:05,2026-03-07 10:21:44.970494,,,,,Stephen Burch,https://lda.senate.gov/api/v1/filings/0a76b7a4-264c-4038-bad8-8e245756d3d1/,927,2701
1944,10fa2e8d-4d72-4c66-8127-ba682ab9d5e3,RR,Registration,2025,first_quarter,1st Quarter (Jan 1 - Mar 31),,2025-02-13 17:39:32,2026-03-07 10:20:51.033265,,,,,Jonathan Riches,https://lda.senate.gov/api/v1/filings/10fa2e8d-4d72-4c66-8127-ba682ab9d5e3/,751,1899
1945,7961f9e6-3d18-4839-a79f-84270d6cf092,RR,Registration,2025,first_quarter,1st Quarter (Jan 1 - Mar 31),,2025-02-13 17:43:07,2026-03-07 10:20:51.037845,,,,,Jason Eberstein,https://lda.senate.gov/api/v1/filings/7961f9e6-3d18-4839-a79f-84270d6cf092/,752,1900
1946,5116ab2d-3b25-4e33-8041-e2fe2b555c28,RR,Registration,2025,first_quarter,1st Quarter (Jan 1 - Mar 31),,2025-02-13 17:51:40,2026-03-07 10:20:51.042699,,,,,Anusha Kumari,https://lda.senate.gov/api/v1/filings/5116ab2d-3b25-4e33-8041-e2fe2b555c28/,300,1901
3095,2ae983fe-648b-4a95-8290-d1097cf8aa8b,RR,Registration,2025,first_quarter,1st Quarter (Jan 1 - Mar 31),,2025-03-25 06:42:24,2026-03-07 10:22:03.655265,,,,,Sara Nuvy,https://lda.senate.gov/api/v1/filings/2ae983fe-648b-4a95-8290-d1097cf8aa8b/,48,2990
1947,059cf294-3562-4942-9ab7-bf86e6c58dcf,RA,Registration - Amendment,2025,first_quarter,1st Quarter (Jan 1 - Mar 31),,2025-02-13 17:59:26,2026-03-07 10:20:51.047079,,,,,Anusha Kumari,https://lda.senate.gov/api/v1/filings/059cf294-3562-4942-9ab7-bf86e6c58dcf/,300,1902
3096,ce3c259f-16c8-47ff-8566-719cf305f63c,RR,Registration,2025,first_quarter,1st Quarter (Jan 1 - Mar 31),,2025-03-25 07:48:11,2026-03-07 10:22:03.659847,,,,,Ryan Costello,https://lda.senate.gov/api/v1/filings/ce3c259f-16c8-47ff-8566-719cf305f63c/,776,2991
1948,a64bd184-88c2-4683-88e6-083d5830ddcb,RR,Registration,2025,first_quarter,1st Quarter (Jan 1 - Mar 31),,2025-02-13 18:07:06,2026-03-07 10:20:51.051634,,,,,Anusha Kumari,https://lda.senate.gov/api/v1/filings/a64bd184-88c2-4683-88e6-083d5830ddcb/,300,1903
1949,ef47a1c4-66e6-4b7a-9761-8ce07a190de8,RR,Registration,2025,first_quarter,1st Quarter (Jan 1 - Mar 31),,2025-02-13 18:14:51,2026-03-07 10:20:51.055935,,,,,Anusha Kumari,https://lda.senate.gov/api/v1/filings/ef47a1c4-66e6-4b7a-9761-8ce07a190de8/,300,1904
1950,8eefc740-2fd5-4324-80a9-82dd1cd12d28,RR,Registration,2025,first_quarter,1st Quarter (Jan 1 - Mar 31),,2025-02-13 18:19:23,2026-03-07 10:20:51.060722,,,,,Anusha Kumari,https://lda.senate.gov/api/v1/filings/8eefc740-2fd5-4324-80a9-82dd1cd12d28/,300,1905
1951,b1906f5c-9e06-4fea-9ec1-a9c6b3c04514,RA,Registration - Amendment,2025,first_quarter,1st Quarter (Jan 1 - Mar 31),,2025-02-13 18:28:57,2026-03-07 10:20:52.295939,,,,,Anusha Kumari,https://lda.senate.gov/api/v1/filings/b1906f5c-9e06-4fea-9ec1-a9c6b3c04514/,300,1906
1952,066642e8-ff0b-4557-bb25-4091569cc7df,RR,Registration,2025,first_quarter,1st Quarter (Jan 1 - Mar 31),,2025-02-13 18:32:58,2026-03-07 10:20:52.301133,,,,,Anusha Kumari,https://lda.senate.gov/api/v1/filings/066642e8-ff0b-4557-bb25-4091569cc7df/,300,1907
1953,60b6012e-2896-4542-95f8-141f323b31b5,RR,Registration,2025,first_quarter,1st Quarter (Jan 1 - Mar 31),,2025-02-13 19:25:26,2026-03-07 10:20:52.306497,,,,,Anusha Kumari,https://lda.senate.gov/api/v1/filings/60b6012e-2896-4542-95f8-141f323b31b5/,300,1908
1954,19125127-4b9b-4e9c-9560-0ffb264d0f22,RR,Registration,2025,first_quarter,1st Quarter (Jan 1 - Mar 31),,2025-02-13 20:20:17,2026-03-07 10:20:52.310848,,,,,Brian Diffell,https://lda.senate.gov/api/v1/filings/19125127-4b9b-4e9c-9560-0ffb264d0f22/,359,1909
1955,acac5f38-83d5-4e06-8b7a-7f7ba3a843b3,1T,1st Quarter - Termination,2025,first_quarter,1st Quarter (Jan 1 - Mar 31),,2025-02-14 00:23:48,2026-03-07 10:20:52.315403,15000.0,,,,"T.J. Petrizzo, Chairman & CEO",https://lda.senate.gov/api/v1/filings/acac5f38-83d5-4e06-8b7a-7f7ba3a843b3/,303,1910
1956,57a665d9-01aa-47e0-8fb4-b0cd1fa04d3d,RR,Registration,2025,first_quarter,1st Quarter (Jan 1 - Mar 31),,2025-02-14 07:41:42,2026-03-07 10:20:52.320316,,,,,Jennifer Bell,https://lda.senate.gov/api/v1/filings/57a665d9-01aa-47e0-8fb4-b0cd1fa04d3d/,753,1911
1957,c1806586-b673-4dd7-a685-e1dbbba91c22,RR,Registration,2025,first_quarter,1st Quarter (Jan 1 - Mar 31),,2025-02-14 08:00:35,2026-03-07 10:20:52.325827,,,,,Bob Holmes,https://lda.senate.gov/api/v1/filings/c1806586-b673-4dd7-a685-e1dbbba91c22/,1,1912
1958,447bf4cd-5a8c-4102-a65c-3a775c11ed44,1T,1st Quarter - Termination,2025,first_quarter,1st Quarter (Jan 1 - Mar 31),,2025-02-14 08:21:04,2026-03-07 10:20:52.330358,50000.0,,,,A. BRADFORD CARD,https://lda.senate.gov/api/v1/filings/447bf4cd-5a8c-4102-a65c-3a775c11ed44/,754,1913
1959,61760c0d-5de8-43b5-bc49-a7feb75b0349,1T,1st Quarter - Termination,2025,first_quarter,1st Quarter (Jan 1 - Mar 31),,2025-02-14 08:25:55,2026-03-07 10:20:52.335238,50000.0,,,,A. Bradford Card,https://lda.senate.gov/api/v1/filings/61760c0d-5de8-43b5-bc49-a7feb75b0349/,754,1914
1960,9289288d-57ea-4cb1-b2ec-4d34936c2726,1T,1st Quarter - Termination,2025,first_quarter,1st Quarter (Jan 1 - Mar 31),,2025-02-14 08:29:24,2026-03-07 10:20:52.340279,40000.0,,,,A. Bradford Card,https://lda.senate.gov/api/v1/filings/9289288d-57ea-4cb1-b2ec-4d34936c2726/,754,1915
1961,e67c5497-6313-4cd9-a0ff-f636741e53fc,1T,1st Quarter - Termination,2025,first_quarter,1st Quarter (Jan 1 - Mar 31),,2025-02-14 08:32:58,2026-03-07 10:20:52.345447,60000.0,,,,A. Bradford Card,https://lda.senate.gov/api/v1/filings/e67c5497-6313-4cd9-a0ff-f636741e53fc/,754,1916
2792,2bfb28b6-ff9b-491d-9b6c-599698eb55c7,RR,Registration,2025,first_quarter,1st Quarter (Jan 1 - Mar 31),,2025-03-17 14:34:51,2026-03-07 10:21:44.976286,,,,,Solveig Monson,https://lda.senate.gov/api/v1/filings/2bfb28b6-ff9b-491d-9b6c-599698eb55c7/,386,2702
1962,aa31389d-75d2-49c7-9476-59c8957c90e2,1T,1st Quarter - Termination,2025,first_quarter,1st Quarter (Jan 1 - Mar 31),,2025-02-14 08:35:08,2026-03-07 10:20:52.350095,50000.0,,,,A. Bradford Card,https://lda.senate.gov/api/v1/filings/aa31389d-75d2-49c7-9476-59c8957c90e2/,754,1917
2793,49eab33a-8dea-4042-a0a0-7bc0bbc511d6,RR,Registration,2025,first_quarter,1st Quarter (Jan 1 - Mar 31),,2025-03-17 14:41:28,2026-03-07 10:21:44.982695,,,,,E. Ashley Hoy,https://lda.senate.gov/api/v1/filings/49eab33a-8dea-4042-a0a0-7bc0bbc511d6/,448,2703
1963,c3ea8bc0-1ac4-40f1-8c12-707f4f336e26,1T,1st Quarter - Termination,2025,first_quarter,1st Quarter (Jan 1 - Mar 31),,2025-02-14 08:38:00,2026-03-07 10:20:52.354797,10000.0,,,,A. Bradford Card,https://lda.senate.gov/api/v1/filings/c3ea8bc0-1ac4-40f1-8c12-707f4f336e26/,754,1918
1964,2c5dd6e3-a6bb-4747-a5d4-313021db68dd,RA,Registration - Amendment,2025,first_quarter,1st Quarter (Jan 1 - Mar 31),,2025-02-14 09:33:29,2026-03-07 10:20:52.360849,,,,,Hadar Harris,https://lda.senate.gov/api/v1/filings/2c5dd6e3-a6bb-4747-a5d4-313021db68dd/,755,1919
2794,f64806a4-c14b-4259-a289-7d23d9a02f9f,RR,Registration,2025,first_quarter,1st Quarter (Jan 1 - Mar 31),,2025-03-17 14:52:06,2026-03-07 10:21:44.989746,,,,,Stacey Scholl,https://lda.senate.gov/api/v1/filings/f64806a4-c14b-4259-a289-7d23d9a02f9f/,254,2704
1965,3737f1bf-7ec0-4a7f-a793-77c9b31cbc1d,RR,Registration,2025,first_quarter,1st Quarter (Jan 1 - Mar 31),,2025-02-14 09:54:58,2026-03-07 10:20:52.366679,,,,,Rawson Warden,https://lda.senate.gov/api/v1/filings/3737f1bf-7ec0-4a7f-a793-77c9b31cbc1d/,358,1920
2795,84dfd032-4f0b-428d-80d5-a036d0d22800,RR,Registration,2025,second_quarter,2nd Quarter (Apr 1 - June 30),,2025-03-17 15:17:21,2026-03-07 10:21:44.996967,,,,,James Tucker Brown,https://lda.senate.gov/api/v1/filings/84dfd032-4f0b-428d-80d5-a036d0d22800/,928,2705
1966,b03647ff-941d-4066-8156-4af9644d727c,RR,Registration,2025,first_quarter,1st Quarter (Jan 1 - Mar 31),,2025-02-14 10:06:06,2026-03-07 10:20:52.371288,,,,,Rawson Warden,https://lda.senate.gov/api/v1/filings/b03647ff-941d-4066-8156-4af9644d727c/,358,1921
1967,422124e0-8fcd-402e-bf02-ea966a7bb774,RR,Registration,2025,first_quarter,1st Quarter (Jan 1 - Mar 31),,2025-02-14 10:15:00,2026-03-07 10:20:52.375921,,,,,Michael Barbero,https://lda.senate.gov/api/v1/filings/422124e0-8fcd-402e-bf02-ea966a7bb774/,756,1922
1968,d98cba11-3236-49de-92b6-34590b735eb7,RR,Registration,2025,first_quarter,1st Quarter (Jan 1 - Mar 31),,2025-02-14 10:16:33,2026-03-07 10:20:52.380948,,,,,Rawson Warden,https://lda.senate.gov/api/v1/filings/d98cba11-3236-49de-92b6-34590b735eb7/,358,1923
1969,84f01717-ffe1-494c-9ec8-94fbee360912,1TY,1st Quarter - Termination (No Activity),2025,first_quarter,1st Quarter (Jan 1 - Mar 31),,2025-02-14 10:18:19,2026-03-07 10:20:52.385686,,,,,Terry G. Allen,https://lda.senate.gov/api/v1/filings/84f01717-ffe1-494c-9ec8-94fbee360912/,757,1924
1970,fa238179-38d4-4f33-bc02-b15faa482f99,1TY,1st Quarter - Termination (No Activity),2025,first_quarter,1st Quarter (Jan 1 - Mar 31),,2025-02-14 10:19:42,2026-03-07 10:20:52.390417,,,,,Terry G. Allen,https://lda.senate.gov/api/v1/filings/fa238179-38d4-4f33-bc02-b15faa482f99/,757,1925
1971,1eaaa916-1728-4af1-ac05-8a70aa4c3a74,RR,Registration,2025,first_quarter,1st Quarter (Jan 1 - Mar 31),,2025-02-14 10:22:28,2026-03-07 10:20:52.394872,,,,,Michael Barbero,https://lda.senate.gov/api/v1/filings/1eaaa916-1728-4af1-ac05-8a70aa4c3a74/,756,1926
1972,60e44530-b26f-4d6e-b436-0734208a759a,RR,Registration,2025,first_quarter,1st Quarter (Jan 1 - Mar 31),,2025-02-14 10:47:35,2026-03-07 10:20:52.399290,,,,,Emma Doyle,https://lda.senate.gov/api/v1/filings/60e44530-b26f-4d6e-b436-0734208a759a/,498,1927
1973,4eb9ab83-3dcf-4a56-8d85-79d56ecc35c5,RR,Registration,2025,first_quarter,1st Quarter (Jan 1 - Mar 31),,2025-02-14 10:56:58,2026-03-07 10:20:52.404448,,,,,Kellie Donnelly,https://lda.senate.gov/api/v1/filings/4eb9ab83-3dcf-4a56-8d85-79d56ecc35c5/,426,1928
1974,69cfa886-74e4-4a76-a66f-ea6e569dba97,RA,Registration - Amendment,2025,first_quarter,1st Quarter (Jan 1 - Mar 31),,2025-02-14 11:28:50,2026-03-07 10:20:52.409734,,,,,John Green,https://lda.senate.gov/api/v1/filings/69cfa886-74e4-4a76-a66f-ea6e569dba97/,436,1929
1975,6b9b8828-ec95-4ff1-890a-47da4a320c6d,RR,Registration,2025,first_quarter,1st Quarter (Jan 1 - Mar 31),,2025-02-14 11:54:01,2026-03-07 10:20:52.414843,,,,,Brian Diffell,https://lda.senate.gov/api/v1/filings/6b9b8828-ec95-4ff1-890a-47da4a320c6d/,359,1930
1976,b719d004-0259-422f-ab0a-f8f5919a3956,RR,Registration,2025,first_quarter,1st Quarter (Jan 1 - Mar 31),,2025-02-14 12:02:01,2026-03-07 10:20:54.148798,,,,,Beth Anne Cole,https://lda.senate.gov/api/v1/filings/b719d004-0259-422f-ab0a-f8f5919a3956/,296,1931
1977,aa5efe50-aab6-4c23-a9a6-d01b80d06a86,RA,Registration - Amendment,2025,first_quarter,1st Quarter (Jan 1 - Mar 31),,2025-02-14 12:07:15,2026-03-07 10:20:54.153988,,,,,John Green,https://lda.senate.gov/api/v1/filings/aa5efe50-aab6-4c23-a9a6-d01b80d06a86/,436,1932
1978,1b28974d-37e4-4e52-8021-427ea963b0e4,RR,Registration,2025,first_quarter,1st Quarter (Jan 1 - Mar 31),,2025-02-14 13:18:12,2026-03-07 10:20:54.159508,,,,,Craig Saperstein,https://lda.senate.gov/api/v1/filings/1b28974d-37e4-4e52-8021-427ea963b0e4/,567,1933
1979,852af764-38a7-403a-9bba-caaf68ac1af9,RR,Registration,2025,first_quarter,1st Quarter (Jan 1 - Mar 31),,2025-02-14 14:04:07,2026-03-07 10:20:54.165590,,,,,Robert Hobart,https://lda.senate.gov/api/v1/filings/852af764-38a7-403a-9bba-caaf68ac1af9/,364,1934
1980,c08a0529-523d-418a-9a59-052657a88d7c,RR,Registration,2025,first_quarter,1st Quarter (Jan 1 - Mar 31),,2025-02-14 14:08:44,2026-03-07 10:20:54.170839,,,,,Robert Hobart,https://lda.senate.gov/api/v1/filings/c08a0529-523d-418a-9a59-052657a88d7c/,364,1935
1981,d8065485-f823-4771-a424-c9e90d581077,RR,Registration,2025,first_quarter,1st Quarter (Jan 1 - Mar 31),,2025-02-14 14:10:02,2026-03-07 10:20:54.175822,,,,,David Cohen,https://lda.senate.gov/api/v1/filings/d8065485-f823-4771-a424-c9e90d581077/,321,1936
1982,384d1430-221e-4f83-8926-7fdfeb392e7f,RR,Registration,2025,first_quarter,1st Quarter (Jan 1 - Mar 31),,2025-02-14 14:13:01,2026-03-07 10:20:54.180309,,,,,Robert Hobart,https://lda.senate.gov/api/v1/filings/384d1430-221e-4f83-8926-7fdfeb392e7f/,364,1937
1983,e02f59e5-7f78-4ace-bee0-bbb074a92c27,RR,Registration,2025,first_quarter,1st Quarter (Jan 1 - Mar 31),,2025-02-14 14:17:06,2026-03-07 10:20:54.184544,,,,,Robert Hobart,https://lda.senate.gov/api/v1/filings/e02f59e5-7f78-4ace-bee0-bbb074a92c27/,364,1938
1984,2b4b5751-eb7e-4cb7-9f27-a5486ee411ef,RR,Registration,2025,first_quarter,1st Quarter (Jan 1 - Mar 31),,2025-02-14 14:21:49,2026-03-07 10:20:54.188790,,,,,Robert Hobart,https://lda.senate.gov/api/v1/filings/2b4b5751-eb7e-4cb7-9f27-a5486ee411ef/,364,1939
2796,d1546855-46c1-4d65-9a51-9973264bd0d0,RR,Registration,2025,first_quarter,1st Quarter (Jan 1 - Mar 31),,2025-03-17 15:20:52,2026-03-07 10:21:45.004063,,,,,"J.C. Boggs, Partner - King & Spalding LLC",https://lda.senate.gov/api/v1/filings/d1546855-46c1-4d65-9a51-9973264bd0d0/,304,2706
1985,5f991377-d518-416e-b8b0-a0d032bfecc5,RR,Registration,2025,first_quarter,1st Quarter (Jan 1 - Mar 31),,2025-02-14 14:26:29,2026-03-07 10:20:54.193518,,,,,Robert Hobart,https://lda.senate.gov/api/v1/filings/5f991377-d518-416e-b8b0-a0d032bfecc5/,364,1940
1986,29628182-f45e-42be-ab2c-111ad752af00,RR,Registration,2025,first_quarter,1st Quarter (Jan 1 - Mar 31),,2025-02-14 14:29:42,2026-03-07 10:20:54.197728,,,,,David Eastmond,https://lda.senate.gov/api/v1/filings/29628182-f45e-42be-ab2c-111ad752af00/,758,1941
2797,19804292-6b2f-4b6c-9a7c-00a0e34d7f46,RR,Registration,2025,first_quarter,1st Quarter (Jan 1 - Mar 31),,2025-03-17 16:01:00,2026-03-07 10:21:45.009618,,,,,John E McManus,https://lda.senate.gov/api/v1/filings/19804292-6b2f-4b6c-9a7c-00a0e34d7f46/,613,2707
1987,1308aeef-8bd0-467d-ac69-e4f66e496313,RR,Registration,2025,first_quarter,1st Quarter (Jan 1 - Mar 31),,2025-02-14 14:31:01,2026-03-07 10:20:54.202838,,,,,Robert Hobart,https://lda.senate.gov/api/v1/filings/1308aeef-8bd0-467d-ac69-e4f66e496313/,364,1942
2798,b84c9a88-f18b-49d1-acd3-743e62797402,RR,Registration,2025,first_quarter,1st Quarter (Jan 1 - Mar 31),,2025-03-17 16:06:55,2026-03-07 10:21:45.015651,,,,,"H. Stewart Van Scoyoc, Chairman, Founder & CEO",https://lda.senate.gov/api/v1/filings/b84c9a88-f18b-49d1-acd3-743e62797402/,427,2708
1988,218f4d5f-fbd1-4a69-9f34-4c51150199df,1T,1st Quarter - Termination,2025,first_quarter,1st Quarter (Jan 1 - Mar 31),,2025-02-14 14:49:51,2026-03-07 10:20:54.207369,,,,,Eli Greenspan,https://lda.senate.gov/api/v1/filings/218f4d5f-fbd1-4a69-9f34-4c51150199df/,759,1943
1989,2f241699-06ab-41f6-a3d6-08767dc68919,1T,1st Quarter - Termination,2025,first_quarter,1st Quarter (Jan 1 - Mar 31),,2025-02-14 14:51:24,2026-03-07 10:20:54.212142,,,,,Eli Greenspan,https://lda.senate.gov/api/v1/filings/2f241699-06ab-41f6-a3d6-08767dc68919/,759,1944
1990,45bfb74c-3e1a-47ea-97ee-1b947c2af000,RR,Registration,2025,first_quarter,1st Quarter (Jan 1 - Mar 31),,2025-02-14 15:20:53,2026-03-07 10:20:54.216751,,,,,Brett Baker,https://lda.senate.gov/api/v1/filings/45bfb74c-3e1a-47ea-97ee-1b947c2af000/,44,1945
1991,8555489f-2f71-4992-b958-704d4c519ff0,RA,Registration - Amendment,2025,first_quarter,1st Quarter (Jan 1 - Mar 31),,2025-02-14 15:26:26,2026-03-07 10:20:54.221732,,,,,David DiStefano,https://lda.senate.gov/api/v1/filings/8555489f-2f71-4992-b958-704d4c519ff0/,737,1872
1992,dde8f203-ee7f-4069-ab73-57e9f678683b,RR,Registration,2025,first_quarter,1st Quarter (Jan 1 - Mar 31),,2025-02-14 15:42:47,2026-03-07 10:20:54.226282,,,,,Brian Pomper,https://lda.senate.gov/api/v1/filings/dde8f203-ee7f-4069-ab73-57e9f678683b/,337,1946
1993,b62cbb3d-f43a-46ed-9719-7c2f12dcced6,RA,Registration - Amendment,2025,first_quarter,1st Quarter (Jan 1 - Mar 31),,2025-02-14 15:53:54,2026-03-07 10:20:54.230841,,,,,Greg D'Angelo,https://lda.senate.gov/api/v1/filings/b62cbb3d-f43a-46ed-9719-7c2f12dcced6/,44,1947
1994,fb7b4c5a-b37a-424a-9bd6-0e1374e93fcd,RR,Registration,2025,first_quarter,1st Quarter (Jan 1 - Mar 31),,2025-02-14 16:02:36,2026-03-07 10:20:54.235968,,,,,Brian Pomper,https://lda.senate.gov/api/v1/filings/fb7b4c5a-b37a-424a-9bd6-0e1374e93fcd/,337,1948
1995,ae1b747d-7cad-4ae3-b894-8c9b90fcd05b,RR,Registration,2025,first_quarter,1st Quarter (Jan 1 - Mar 31),,2025-02-14 16:08:56,2026-03-07 10:20:54.240372,,,,,Brian Pomper,https://lda.senate.gov/api/v1/filings/ae1b747d-7cad-4ae3-b894-8c9b90fcd05b/,337,1949
1996,c5e369f5-324b-4143-bedc-71c349f486f1,RR,Registration,2025,first_quarter,1st Quarter (Jan 1 - Mar 31),,2025-02-14 16:09:20,2026-03-07 10:20:54.244814,,,,,Kellie Donnelly,https://lda.senate.gov/api/v1/filings/c5e369f5-324b-4143-bedc-71c349f486f1/,426,1950
1997,3c279f08-09e4-4012-94ce-2c4afa85ec1f,RR,Registration,2025,first_quarter,1st Quarter (Jan 1 - Mar 31),,2025-02-14 16:12:37,2026-03-07 10:20:54.249799,,,,,Israel Klein,https://lda.senate.gov/api/v1/filings/3c279f08-09e4-4012-94ce-2c4afa85ec1f/,276,1951
1998,0fe5d64a-a1a7-402a-80dc-7d7c2ccfb45f,RR,Registration,2025,first_quarter,1st Quarter (Jan 1 - Mar 31),,2025-02-14 16:30:08,2026-03-07 10:20:54.254651,,,,,Brian Pomper,https://lda.senate.gov/api/v1/filings/0fe5d64a-a1a7-402a-80dc-7d7c2ccfb45f/,337,1952
1999,2c0458c8-d22d-4cb2-a95e-efeb4867837d,RA,Registration - Amendment,2025,first_quarter,1st Quarter (Jan 1 - Mar 31),,2025-02-14 16:32:47,2026-03-07 10:20:54.259164,,,,,Joseph Wayne King II,https://lda.senate.gov/api/v1/filings/2c0458c8-d22d-4cb2-a95e-efeb4867837d/,338,1720
2000,a3e52acb-5e3f-4ec3-9912-7381eb3f09c0,RR,Registration,2025,first_quarter,1st Quarter (Jan 1 - Mar 31),,2025-02-14 16:39:55,2026-03-07 10:20:54.263823,,,,,Brian Pomper,https://lda.senate.gov/api/v1/filings/a3e52acb-5e3f-4ec3-9912-7381eb3f09c0/,337,1953
2001,d5778bf1-1621-479d-b4b6-cbe6b1bbef46,Q1,1st Quarter - Report,2025,first_quarter,1st Quarter (Jan 1 - Mar 31),,2025-02-14 16:40:31,2026-03-07 10:20:55.571309,,,,,David Eastmond,https://lda.senate.gov/api/v1/filings/d5778bf1-1621-479d-b4b6-cbe6b1bbef46/,758,1941
2002,580cddfd-9a80-4119-93a9-c207c5139d14,RR,Registration,2025,first_quarter,1st Quarter (Jan 1 - Mar 31),,2025-02-14 17:12:38,2026-03-07 10:20:55.576586,,,,,Duane Gibson,https://lda.senate.gov/api/v1/filings/580cddfd-9a80-4119-93a9-c207c5139d14/,760,1954
2003,336e16e7-2207-4ea9-bc41-3cef400a3aef,RR,Registration,2025,first_quarter,1st Quarter (Jan 1 - Mar 31),,2025-02-14 17:25:04,2026-03-07 10:20:55.581954,,,,,Brian Pomper,https://lda.senate.gov/api/v1/filings/336e16e7-2207-4ea9-bc41-3cef400a3aef/,337,1955
2004,d270360a-9ac5-469d-b7c2-62dea8c91450,RR,Registration,2025,first_quarter,1st Quarter (Jan 1 - Mar 31),,2025-02-14 17:25:21,2026-03-07 10:20:55.586911,,,,,Adair Cunningham,https://lda.senate.gov/api/v1/filings/d270360a-9ac5-469d-b7c2-62dea8c91450/,761,1956
2005,4131dd2e-3c2b-467d-835e-a539ecf20006,Q1Y,1st Quarter - Report (No Activity),2025,first_quarter,1st Quarter (Jan 1 - Mar 31),,2025-02-14 17:29:34,2026-03-07 10:20:55.592108,,,A,A,Steven Rogers,https://lda.senate.gov/api/v1/filings/4131dd2e-3c2b-467d-835e-a539ecf20006/,398,751
2006,9acc080a-39a4-4bec-a289-ef8063ac1a0a,RR,Registration,2025,first_quarter,1st Quarter (Jan 1 - Mar 31),,2025-02-14 17:47:40,2026-03-07 10:20:55.595754,,,,,Adair Cunningham,https://lda.senate.gov/api/v1/filings/9acc080a-39a4-4bec-a289-ef8063ac1a0a/,761,1957
2007,a35b2ad7-dcc9-47d8-a00b-18cf91f9a3a6,RR,Registration,2025,first_quarter,1st Quarter (Jan 1 - Mar 31),,2025-02-14 17:57:34,2026-03-07 10:20:55.600206,,,,,Brian Pomper,https://lda.senate.gov/api/v1/filings/a35b2ad7-dcc9-47d8-a00b-18cf91f9a3a6/,337,1958
2008,386bcd70-9668-4fc8-b784-44cba14265d2,RR,Registration,2025,first_quarter,1st Quarter (Jan 1 - Mar 31),,2025-02-14 18:00:44,2026-03-07 10:20:55.605123,,,,,Adair Cunningham,https://lda.senate.gov/api/v1/filings/386bcd70-9668-4fc8-b784-44cba14265d2/,762,1959
2799,eed77605-5faf-48f1-b22d-f2f8956151b9,Q1,1st Quarter - Report,2025,first_quarter,1st Quarter (Jan 1 - Mar 31),,2025-03-17 16:39:31,2026-03-07 10:21:45.021059,,120000.0,A,A,John de Boer,https://lda.senate.gov/api/v1/filings/eed77605-5faf-48f1-b22d-f2f8956151b9/,929,2709
2009,f9d0d5ab-3be0-4143-8d78-eaceceb20d77,RR,Registration,2025,first_quarter,1st Quarter (Jan 1 - Mar 31),,2025-02-14 18:05:59,2026-03-07 10:20:55.610437,,,,,Doug Schwartz,https://lda.senate.gov/api/v1/filings/f9d0d5ab-3be0-4143-8d78-eaceceb20d77/,502,1960
2010,c5e120cc-0b1e-4ec5-bddb-10bb6ffd60b5,1TY,1st Quarter - Termination (No Activity),2025,first_quarter,1st Quarter (Jan 1 - Mar 31),,2025-02-14 18:09:39,2026-03-07 10:20:55.614975,,,,,John Green,https://lda.senate.gov/api/v1/filings/c5e120cc-0b1e-4ec5-bddb-10bb6ffd60b5/,436,1961
2800,7c0bddc3-7ff5-420e-b246-17e620ffd1c1,RR,Registration,2025,first_quarter,1st Quarter (Jan 1 - Mar 31),,2025-03-17 17:03:56,2026-03-07 10:21:45.028427,,,,,Kevin Hollinger,https://lda.senate.gov/api/v1/filings/7c0bddc3-7ff5-420e-b246-17e620ffd1c1/,930,2710
2011,243a9a4c-cc55-4c00-a1ec-d7fe569a0b75,RR,Registration,2025,first_quarter,1st Quarter (Jan 1 - Mar 31),,2025-02-14 18:11:06,2026-03-07 10:20:55.619086,,,,,Brian Pomper,https://lda.senate.gov/api/v1/filings/243a9a4c-cc55-4c00-a1ec-d7fe569a0b75/,337,1962
2801,4d3a742f-f377-49c2-a3bc-fcbae77b0c3a,RR,Registration,2025,first_quarter,1st Quarter (Jan 1 - Mar 31),,2025-03-17 17:12:11,2026-03-07 10:21:46.570456,,,,,Jared Rifis,https://lda.senate.gov/api/v1/filings/4d3a742f-f377-49c2-a3bc-fcbae77b0c3a/,845,2711
2012,f2e4a0ca-05ed-481a-b10f-262c6055b768,RR,Registration,2025,first_quarter,1st Quarter (Jan 1 - Mar 31),,2025-02-14 18:19:39,2026-03-07 10:20:55.623632,,,,,Brian Pomper,https://lda.senate.gov/api/v1/filings/f2e4a0ca-05ed-481a-b10f-262c6055b768/,337,1963
2013,33d5ee1f-61e3-4387-b7dc-32bc4f8e397d,RR,Registration,2025,first_quarter,1st Quarter (Jan 1 - Mar 31),,2025-02-14 18:22:19,2026-03-07 10:20:55.628314,,,,,Frank McCarthy,https://lda.senate.gov/api/v1/filings/33d5ee1f-61e3-4387-b7dc-32bc4f8e397d/,763,1964
2014,33f5fb51-6075-4c12-bc88-bb8834feb1e5,RR,Registration,2025,first_quarter,1st Quarter (Jan 1 - Mar 31),,2025-02-14 18:30:20,2026-03-07 10:20:55.633821,,,,,Brian Pomper,https://lda.senate.gov/api/v1/filings/33f5fb51-6075-4c12-bc88-bb8834feb1e5/,337,1965
3097,840429d3-e0b6-46ce-bb8d-6bac638871b1,1TY,1st Quarter - Termination (No Activity),2025,first_quarter,1st Quarter (Jan 1 - Mar 31),,2025-03-25 09:17:27,2026-03-07 10:22:03.665279,,,,,Randall A. Brater,https://lda.senate.gov/api/v1/filings/840429d3-e0b6-46ce-bb8d-6bac638871b1/,647,2947
2015,8be9f62d-43df-4e1e-92ee-427caf23692f,RR,Registration,2025,first_quarter,1st Quarter (Jan 1 - Mar 31),,2025-02-14 18:38:24,2026-03-07 10:20:55.638500,,,,,Sara Nuvy,https://lda.senate.gov/api/v1/filings/8be9f62d-43df-4e1e-92ee-427caf23692f/,48,1966
2016,f8ff94fe-5a06-41e9-a578-4e161f66ce68,RR,Registration,2025,first_quarter,1st Quarter (Jan 1 - Mar 31),,2025-02-14 18:42:39,2026-03-07 10:20:55.643034,,,,,Brian Pomper,https://lda.senate.gov/api/v1/filings/f8ff94fe-5a06-41e9-a578-4e161f66ce68/,337,1967
2017,ba6d6645-ccf1-4bb7-802c-f8b7a51fb4c2,RR,Registration,2025,first_quarter,1st Quarter (Jan 1 - Mar 31),,2025-02-14 18:51:33,2026-03-07 10:20:55.647812,,,,,John Green,https://lda.senate.gov/api/v1/filings/ba6d6645-ccf1-4bb7-802c-f8b7a51fb4c2/,436,1968
2018,9fe17186-e177-4b3e-97d9-63a9fac37be6,RR,Registration,2025,first_quarter,1st Quarter (Jan 1 - Mar 31),,2025-02-14 18:59:05,2026-03-07 10:20:55.652128,,,,,Sara Nuvy,https://lda.senate.gov/api/v1/filings/9fe17186-e177-4b3e-97d9-63a9fac37be6/,48,1969
2019,15de1088-7047-4895-9cf5-0a6a40e9c2eb,RR,Registration,2025,first_quarter,1st Quarter (Jan 1 - Mar 31),,2025-02-14 19:19:59,2026-03-07 10:20:55.656305,,,,,Sara Nuvy,https://lda.senate.gov/api/v1/filings/15de1088-7047-4895-9cf5-0a6a40e9c2eb/,48,1970
2020,de52ee12-f4d6-4c2d-a341-a031e07b94b0,RR,Registration,2025,first_quarter,1st Quarter (Jan 1 - Mar 31),,2025-02-14 19:28:46,2026-03-07 10:20:55.660774,,,,,John Green,https://lda.senate.gov/api/v1/filings/de52ee12-f4d6-4c2d-a341-a031e07b94b0/,436,1971
2021,ddf23e3a-ea62-49a1-a6b3-a9e79214e587,RR,Registration,2025,first_quarter,1st Quarter (Jan 1 - Mar 31),,2025-02-14 19:46:00,2026-03-07 10:20:55.664983,,,,,Ryan Naples,https://lda.senate.gov/api/v1/filings/ddf23e3a-ea62-49a1-a6b3-a9e79214e587/,764,1972
2022,7b06dcd5-59c8-4fed-96cd-8af76557207d,RR,Registration,2025,first_quarter,1st Quarter (Jan 1 - Mar 31),,2025-02-14 20:10:15,2026-03-07 10:20:55.669235,,,,,John Green,https://lda.senate.gov/api/v1/filings/7b06dcd5-59c8-4fed-96cd-8af76557207d/,436,1973
2023,5112577b-8f48-4314-9a3d-ba75f14b2ac4,RR,Registration,2025,first_quarter,1st Quarter (Jan 1 - Mar 31),,2025-02-14 20:28:15,2026-03-07 10:20:55.674351,,,,,John Green,https://lda.senate.gov/api/v1/filings/5112577b-8f48-4314-9a3d-ba75f14b2ac4/,436,1974
2024,6c53fde7-2c1c-461b-ba36-10a362a05808,RR,Registration,2025,first_quarter,1st Quarter (Jan 1 - Mar 31),,2025-02-14 20:45:15,2026-03-07 10:20:55.678797,,,,,"Baltazar Serna, Jr.",https://lda.senate.gov/api/v1/filings/6c53fde7-2c1c-461b-ba36-10a362a05808/,765,1975
2025,e8022be0-cbf1-475f-9734-07c44aad9e09,RR,Registration,2025,first_quarter,1st Quarter (Jan 1 - Mar 31),,2025-02-14 20:46:50,2026-03-07 10:20:55.683534,,,,,John Green,https://lda.senate.gov/api/v1/filings/e8022be0-cbf1-475f-9734-07c44aad9e09/,436,1976
2026,2cc748d8-12c5-4ba4-979c-8075d1e84665,RR,Registration,2025,first_quarter,1st Quarter (Jan 1 - Mar 31),,2025-02-14 21:07:56,2026-03-07 10:20:57.357263,,,,,John Green,https://lda.senate.gov/api/v1/filings/2cc748d8-12c5-4ba4-979c-8075d1e84665/,436,1977
2027,92780e99-7b9d-42b9-918f-d6de9ca04ba4,RR,Registration,2025,first_quarter,1st Quarter (Jan 1 - Mar 31),,2025-02-14 21:46:29,2026-03-07 10:20:57.362563,,,,,John Green,https://lda.senate.gov/api/v1/filings/92780e99-7b9d-42b9-918f-d6de9ca04ba4/,436,1978
2028,537b254f-428b-4ad0-a659-1b987ed46769,RR,Registration,2025,first_quarter,1st Quarter (Jan 1 - Mar 31),,2025-02-14 22:06:33,2026-03-07 10:20:57.366892,,,,,Jason Reindorp,https://lda.senate.gov/api/v1/filings/537b254f-428b-4ad0-a659-1b987ed46769/,766,1979
2029,9f31068c-f87e-4f10-91d3-3246c9d63d26,RR,Registration,2025,first_quarter,1st Quarter (Jan 1 - Mar 31),,2025-02-14 22:17:32,2026-03-07 10:20:57.372212,,,,,John Green,https://lda.senate.gov/api/v1/filings/9f31068c-f87e-4f10-91d3-3246c9d63d26/,436,1980
2030,9e6bf459-1669-49fd-8333-21325de7828e,RR,Registration,2025,first_quarter,1st Quarter (Jan 1 - Mar 31),,2025-02-14 22:31:02,2026-03-07 10:20:57.377161,,,,,John Green,https://lda.senate.gov/api/v1/filings/9e6bf459-1669-49fd-8333-21325de7828e/,436,1981
2031,b165883a-ae9f-418d-82f6-ceaa2f3da395,RR,Registration,2025,first_quarter,1st Quarter (Jan 1 - Mar 31),,2025-02-14 22:41:54,2026-03-07 10:20:57.381648,,,,,John Green,https://lda.senate.gov/api/v1/filings/b165883a-ae9f-418d-82f6-ceaa2f3da395/,436,1982
2032,5297ea15-cd83-4f1b-a4cb-837202273fa1,RR,Registration,2025,first_quarter,1st Quarter (Jan 1 - Mar 31),,2025-02-15 14:26:35,2026-03-07 10:20:57.386031,,,,,Thomas J. Kennedy,https://lda.senate.gov/api/v1/filings/5297ea15-cd83-4f1b-a4cb-837202273fa1/,767,1983
2033,144c0795-8a27-4e29-b68c-bccb4a14ca24,RR,Registration,2025,first_quarter,1st Quarter (Jan 1 - Mar 31),,2025-02-15 14:32:58,2026-03-07 10:20:57.390731,,,,,Thomas J. Kennedy,https://lda.senate.gov/api/v1/filings/144c0795-8a27-4e29-b68c-bccb4a14ca24/,767,1984
2802,a3eeaaf2-f259-43d8-a2c8-901a65d8993b,RR,Registration,2025,first_quarter,1st Quarter (Jan 1 - Mar 31),,2025-03-17 17:23:07,2026-03-07 10:21:46.576154,,,,,Brian Pomper,https://lda.senate.gov/api/v1/filings/a3eeaaf2-f259-43d8-a2c8-901a65d8993b/,337,2712
2034,dd84f4f5-6733-4d2a-a49c-acb4486dbef6,RR,Registration,2025,first_quarter,1st Quarter (Jan 1 - Mar 31),,2025-02-15 14:36:33,2026-03-07 10:20:57.395903,,,,,Thomas J. Kennedy,https://lda.senate.gov/api/v1/filings/dd84f4f5-6733-4d2a-a49c-acb4486dbef6/,767,1985
2803,a57e4af2-91ac-4a5b-b342-079f56b53551,RR,Registration,2025,first_quarter,1st Quarter (Jan 1 - Mar 31),,2025-03-17 17:24:31,2026-03-07 10:21:46.580921,,,,,Sara Nuvy,https://lda.senate.gov/api/v1/filings/a57e4af2-91ac-4a5b-b342-079f56b53551/,48,2713
2035,883d4de0-8cb0-4866-92ac-dcec4fb7b5ec,RR,Registration,2025,first_quarter,1st Quarter (Jan 1 - Mar 31),,2025-02-15 14:39:45,2026-03-07 10:20:57.400794,,,,,Thomas J. Kennedy,https://lda.senate.gov/api/v1/filings/883d4de0-8cb0-4866-92ac-dcec4fb7b5ec/,767,1986
2036,5744e95e-f38d-4956-b23b-d4263b604671,RR,Registration,2025,first_quarter,1st Quarter (Jan 1 - Mar 31),,2025-02-15 14:42:14,2026-03-07 10:20:57.405290,,,,,Thomas J. Kennedy,https://lda.senate.gov/api/v1/filings/5744e95e-f38d-4956-b23b-d4263b604671/,767,1987
2804,df9e5fc8-1e5a-455b-bc57-fc2d71c3b1ae,RR,Registration,2025,first_quarter,1st Quarter (Jan 1 - Mar 31),,2025-03-17 18:09:16,2026-03-07 10:21:46.585444,,,,,Chris Granberg,https://lda.senate.gov/api/v1/filings/df9e5fc8-1e5a-455b-bc57-fc2d71c3b1ae/,931,2714
2037,f3404673-7963-4054-aa36-b22a612fe412,RR,Registration,2025,first_quarter,1st Quarter (Jan 1 - Mar 31),,2025-02-15 14:45:45,2026-03-07 10:20:57.409953,,,,,Thomas J. Kennedy,https://lda.senate.gov/api/v1/filings/f3404673-7963-4054-aa36-b22a612fe412/,767,1988
2805,60ecadd6-ad70-4299-9002-a24a497d4362,RR,Registration,2025,first_quarter,1st Quarter (Jan 1 - Mar 31),,2025-03-17 22:21:45,2026-03-07 10:21:46.590847,,,,,Bryan Zumwalt,https://lda.senate.gov/api/v1/filings/60ecadd6-ad70-4299-9002-a24a497d4362/,384,2715
2038,8415e905-121e-4862-bdb6-eb87f9a703e1,RR,Registration,2025,first_quarter,1st Quarter (Jan 1 - Mar 31),,2025-02-15 14:48:14,2026-03-07 10:20:57.414626,,,,,Thomas J. Kennedy,https://lda.senate.gov/api/v1/filings/8415e905-121e-4862-bdb6-eb87f9a703e1/,767,1989
2039,7cb1db39-55d7-45b9-a0f9-f9d8bf008209,RR,Registration,2025,first_quarter,1st Quarter (Jan 1 - Mar 31),,2025-02-15 14:53:03,2026-03-07 10:20:57.419256,,,,,Thomas J. Kennedy,https://lda.senate.gov/api/v1/filings/7cb1db39-55d7-45b9-a0f9-f9d8bf008209/,767,1990
2806,ae6b8700-fbce-4a10-bbf0-f81bde0c4eff,RR,Registration,2025,first_quarter,1st Quarter (Jan 1 - Mar 31),,2025-03-17 22:28:46,2026-03-07 10:21:46.595787,,,,,Bryan Zumwalt,https://lda.senate.gov/api/v1/filings/ae6b8700-fbce-4a10-bbf0-f81bde0c4eff/,384,2716
2040,dfe15cb4-bc45-40ab-a1bd-37cf91707e15,RR,Registration,2025,first_quarter,1st Quarter (Jan 1 - Mar 31),,2025-02-15 14:55:49,2026-03-07 10:20:57.424460,,,,,Thomas J. Kennedy,https://lda.senate.gov/api/v1/filings/dfe15cb4-bc45-40ab-a1bd-37cf91707e15/,767,1991
2807,7c8759e1-77b0-4511-9fb1-c7fb60e6b1f4,RR,Registration,2025,first_quarter,1st Quarter (Jan 1 - Mar 31),,2025-03-17 22:34:09,2026-03-07 10:21:46.600416,,,,,Bryan Zumwalt,https://lda.senate.gov/api/v1/filings/7c8759e1-77b0-4511-9fb1-c7fb60e6b1f4/,384,2717
2041,0c40ee51-4b5c-44bc-bc77-012984f794d6,RR,Registration,2025,first_quarter,1st Quarter (Jan 1 - Mar 31),,2025-02-15 14:57:40,2026-03-07 10:20:57.429151,,,,,Thomas J. Kennedy,https://lda.senate.gov/api/v1/filings/0c40ee51-4b5c-44bc-bc77-012984f794d6/,767,1992
2042,5bd8b643-82a6-4dc1-b1c4-4633666f17ce,RR,Registration,2025,first_quarter,1st Quarter (Jan 1 - Mar 31),,2025-02-15 15:00:36,2026-03-07 10:20:57.433137,,,,,Thomas J. Kennedy,https://lda.senate.gov/api/v1/filings/5bd8b643-82a6-4dc1-b1c4-4633666f17ce/,767,1993
2808,26887cb6-88ef-4c4a-bb0a-942f729f1e2f,RR,Registration,2025,first_quarter,1st Quarter (Jan 1 - Mar 31),,2025-03-17 22:40:24,2026-03-07 10:21:46.605001,,,,,Bryan Zumwalt,https://lda.senate.gov/api/v1/filings/26887cb6-88ef-4c4a-bb0a-942f729f1e2f/,384,2718
2043,eadb7153-35e5-4a4b-bff8-0d51ec216566,RR,Registration,2025,first_quarter,1st Quarter (Jan 1 - Mar 31),,2025-02-15 15:05:31,2026-03-07 10:20:57.437595,,,,,Thomas J. Kennedy,https://lda.senate.gov/api/v1/filings/eadb7153-35e5-4a4b-bff8-0d51ec216566/,767,1994
2044,adc2371c-9512-4dd1-ba44-8b7ecdfddd0a,RR,Registration,2025,first_quarter,1st Quarter (Jan 1 - Mar 31),,2025-02-15 15:40:51,2026-03-07 10:20:57.442636,,,,,Beth Anne Cole,https://lda.senate.gov/api/v1/filings/adc2371c-9512-4dd1-ba44-8b7ecdfddd0a/,25,1995
2045,8bd429a3-2d21-4db8-897d-6953997e9d00,RR,Registration,2025,first_quarter,1st Quarter (Jan 1 - Mar 31),,2025-02-16 12:59:04,2026-03-07 10:20:57.447154,,,,,"Jonathon Jones, Partner",https://lda.senate.gov/api/v1/filings/8bd429a3-2d21-4db8-897d-6953997e9d00/,450,1996
2046,f43441b6-8d93-449c-9807-076f8614962e,Q1Y,1st Quarter - Report (No Activity),2025,first_quarter,1st Quarter (Jan 1 - Mar 31),,2025-02-16 16:10:37,2026-03-07 10:20:57.452156,,,A,A,Jacob Choe,https://lda.senate.gov/api/v1/filings/f43441b6-8d93-449c-9807-076f8614962e/,375,722
2047,6db9e4ee-7e3e-4365-ad55-5f7263f5d778,RR,Registration,2025,first_quarter,1st Quarter (Jan 1 - Mar 31),,2025-02-17 12:04:27,2026-03-07 10:20:57.455576,,,,,Travis Lucas,https://lda.senate.gov/api/v1/filings/6db9e4ee-7e3e-4365-ad55-5f7263f5d778/,607,1997
2048,3410d813-5fde-4ee6-8df1-aa6050c5046b,RR,Registration,2025,first_quarter,1st Quarter (Jan 1 - Mar 31),,2025-02-17 12:16:05,2026-03-07 10:20:57.460566,,,,,Travis Lucas,https://lda.senate.gov/api/v1/filings/3410d813-5fde-4ee6-8df1-aa6050c5046b/,607,1998
2049,dbb07b70-b92b-400b-a22a-7dd10446a1d3,RR,Registration,2025,first_quarter,1st Quarter (Jan 1 - Mar 31),,2025-02-17 12:38:00,2026-03-07 10:20:57.464890,,,,,Justin R. McCaulley,https://lda.senate.gov/api/v1/filings/dbb07b70-b92b-400b-a22a-7dd10446a1d3/,768,1999
2050,c3ab9548-8af5-4d08-919c-82b265a86693,RR,Registration,2025,first_quarter,1st Quarter (Jan 1 - Mar 31),,2025-02-17 13:20:40,2026-03-07 10:20:57.472670,,,,,Amy L Kaminski,https://lda.senate.gov/api/v1/filings/c3ab9548-8af5-4d08-919c-82b265a86693/,459,2000
2051,16e7c00d-0002-445d-b503-607c5372bb64,RR,Registration,2025,first_quarter,1st Quarter (Jan 1 - Mar 31),,2025-02-17 13:26:39,2026-03-07 10:20:58.737389,,,,,Amy L Kaminski,https://lda.senate.gov/api/v1/filings/16e7c00d-0002-445d-b503-607c5372bb64/,459,2001
2809,fac1dc4b-f185-40ea-b3b1-ff106284516e,RR,Registration,2025,first_quarter,1st Quarter (Jan 1 - Mar 31),,2025-03-17 22:50:26,2026-03-07 10:21:46.610473,,,,,Bryan Zumwalt,https://lda.senate.gov/api/v1/filings/fac1dc4b-f185-40ea-b3b1-ff106284516e/,384,2719
2052,58059d65-00cd-4e7c-a107-aca1f7bbc105,RR,Registration,2025,first_quarter,1st Quarter (Jan 1 - Mar 31),,2025-02-17 13:31:05,2026-03-07 10:20:58.742766,,,,,Amy L Kaminski,https://lda.senate.gov/api/v1/filings/58059d65-00cd-4e7c-a107-aca1f7bbc105/,459,2002
2810,2d3498d7-7c48-429e-a300-b310484869df,RR,Registration,2025,first_quarter,1st Quarter (Jan 1 - Mar 31),,2025-03-17 22:57:56,2026-03-07 10:21:46.616337,,,,,Bryan Zumwalt,https://lda.senate.gov/api/v1/filings/2d3498d7-7c48-429e-a300-b310484869df/,384,2720
2053,89e700aa-83d7-4ef1-ac19-a87565ebd1b3,RR,Registration,2025,first_quarter,1st Quarter (Jan 1 - Mar 31),,2025-02-17 13:35:20,2026-03-07 10:20:58.747686,,,,,Amy L Kaminski,https://lda.senate.gov/api/v1/filings/89e700aa-83d7-4ef1-ac19-a87565ebd1b3/,459,2003
2054,f4dc40e6-bb4d-447b-95cc-318a7fef7fd2,RR,Registration,2025,first_quarter,1st Quarter (Jan 1 - Mar 31),,2025-02-17 13:39:56,2026-03-07 10:20:58.752397,,,,,Amy L Kaminski,https://lda.senate.gov/api/v1/filings/f4dc40e6-bb4d-447b-95cc-318a7fef7fd2/,459,2004
2811,b6a6b162-29ab-42cd-afb9-9700633eda8e,RR,Registration,2025,first_quarter,1st Quarter (Jan 1 - Mar 31),,2025-03-17 23:02:14,2026-03-07 10:21:46.622813,,,,,Bryan Zumwalt,https://lda.senate.gov/api/v1/filings/b6a6b162-29ab-42cd-afb9-9700633eda8e/,384,2721
2055,797807d4-7c0e-4c90-b2fe-8010d0833acd,RR,Registration,2025,first_quarter,1st Quarter (Jan 1 - Mar 31),,2025-02-17 14:26:55,2026-03-07 10:20:58.757092,,,,,Aleix Jarvis,https://lda.senate.gov/api/v1/filings/797807d4-7c0e-4c90-b2fe-8010d0833acd/,769,2005
2812,7aafaef4-bb15-4805-9441-0ec8438c9332,RR,Registration,2025,first_quarter,1st Quarter (Jan 1 - Mar 31),,2025-03-17 23:07:09,2026-03-07 10:21:46.627502,,,,,Bryan Zumwalt,https://lda.senate.gov/api/v1/filings/7aafaef4-bb15-4805-9441-0ec8438c9332/,384,2722
2056,56dd879b-a632-4e71-8ef0-e7f0d0afa09b,RR,Registration,2025,first_quarter,1st Quarter (Jan 1 - Mar 31),,2025-02-17 14:47:32,2026-03-07 10:20:58.761867,,,,,Aleix Jarvis,https://lda.senate.gov/api/v1/filings/56dd879b-a632-4e71-8ef0-e7f0d0afa09b/,769,2006
2057,ec0eaafa-6cbb-4943-85e0-c785de1e31d0,RR,Registration,2025,first_quarter,1st Quarter (Jan 1 - Mar 31),,2025-02-17 14:55:16,2026-03-07 10:20:58.766889,,,,,Aleix Jarvis,https://lda.senate.gov/api/v1/filings/ec0eaafa-6cbb-4943-85e0-c785de1e31d0/,769,2007
2813,442bf673-db97-4fd7-bbae-9c38ee755b78,RR,Registration,2025,first_quarter,1st Quarter (Jan 1 - Mar 31),,2025-03-17 23:13:53,2026-03-07 10:21:46.633279,,,,,Bryan Zumwalt,https://lda.senate.gov/api/v1/filings/442bf673-db97-4fd7-bbae-9c38ee755b78/,384,1129
2058,a2ccc0bc-9ec5-4e04-93d2-22b309bed092,RR,Registration,2025,first_quarter,1st Quarter (Jan 1 - Mar 31),,2025-02-17 15:35:47,2026-03-07 10:20:58.771138,,,,,Laura Joshua,https://lda.senate.gov/api/v1/filings/a2ccc0bc-9ec5-4e04-93d2-22b309bed092/,432,2008
2814,b183cb6c-77f4-4d1e-8168-fcf1775b1425,RR,Registration,2025,first_quarter,1st Quarter (Jan 1 - Mar 31),,2025-03-17 23:18:36,2026-03-07 10:21:46.639517,,,,,Bryan Zumwalt,https://lda.senate.gov/api/v1/filings/b183cb6c-77f4-4d1e-8168-fcf1775b1425/,384,2723
2059,64fcd4e0-fce3-484f-8f20-48bfeffbc3db,RR,Registration,2025,first_quarter,1st Quarter (Jan 1 - Mar 31),,2025-02-17 15:42:44,2026-03-07 10:20:58.775464,,,,,Molly K Hunter,https://lda.senate.gov/api/v1/filings/64fcd4e0-fce3-484f-8f20-48bfeffbc3db/,770,2009
2060,1f00673d-e29d-44c6-bf53-8a7cd2861542,RR,Registration,2025,first_quarter,1st Quarter (Jan 1 - Mar 31),,2025-02-17 15:48:20,2026-03-07 10:20:58.780307,,,,,Molly K Hunter,https://lda.senate.gov/api/v1/filings/1f00673d-e29d-44c6-bf53-8a7cd2861542/,770,2010
2815,9ada0f1b-ad48-4619-adf6-95cd281b6d24,RR,Registration,2025,first_quarter,1st Quarter (Jan 1 - Mar 31),,2025-03-17 23:22:42,2026-03-07 10:21:46.644407,,,,,Bryan Zumwalt,https://lda.senate.gov/api/v1/filings/9ada0f1b-ad48-4619-adf6-95cd281b6d24/,384,2724
2061,9f4ac2ec-79c7-4b3b-b3a7-e50ceb891d43,RR,Registration,2025,first_quarter,1st Quarter (Jan 1 - Mar 31),,2025-02-17 22:54:14,2026-03-07 10:20:58.784600,,,,,Jake Johnston,https://lda.senate.gov/api/v1/filings/9f4ac2ec-79c7-4b3b-b3a7-e50ceb891d43/,41,2011
2062,e1addf86-70a1-48f6-8bdb-419102baa100,RR,Registration,2025,first_quarter,1st Quarter (Jan 1 - Mar 31),,2025-02-18 07:37:59,2026-03-07 10:20:58.789354,,,,,Sara Nuvy,https://lda.senate.gov/api/v1/filings/e1addf86-70a1-48f6-8bdb-419102baa100/,48,2012
2063,cd8b9c7a-c14d-4ec9-baae-63182a0ea7c6,RR,Registration,2025,first_quarter,1st Quarter (Jan 1 - Mar 31),,2025-02-18 07:46:33,2026-03-07 10:20:58.793771,,,,,Sara Nuvy,https://lda.senate.gov/api/v1/filings/cd8b9c7a-c14d-4ec9-baae-63182a0ea7c6/,48,2013
2064,b05a2cb3-18bf-45a9-9a4b-a9e47e67c56b,RR,Registration,2025,first_quarter,1st Quarter (Jan 1 - Mar 31),,2025-02-18 08:04:03,2026-03-07 10:20:58.798133,,,,,Sara Nuvy,https://lda.senate.gov/api/v1/filings/b05a2cb3-18bf-45a9-9a4b-a9e47e67c56b/,48,2014
2065,0ed4f4e4-01a8-4e76-90fc-d843e5c721c9,RR,Registration,2025,first_quarter,1st Quarter (Jan 1 - Mar 31),,2025-02-18 09:46:53,2026-03-07 10:20:58.802776,,,,,Jennifer Holmes,https://lda.senate.gov/api/v1/filings/0ed4f4e4-01a8-4e76-90fc-d843e5c721c9/,264,2015
2066,0ea9fac7-99b5-430a-9433-00765a0c37db,RR,Registration,2025,first_quarter,1st Quarter (Jan 1 - Mar 31),,2025-02-18 09:55:53,2026-03-07 10:20:58.807446,,,,,Jennifer Holmes,https://lda.senate.gov/api/v1/filings/0ea9fac7-99b5-430a-9433-00765a0c37db/,264,2016
2067,0768d62e-bbd7-402a-9418-4e89f1edacdb,1T,1st Quarter - Termination,2025,first_quarter,1st Quarter (Jan 1 - Mar 31),,2025-02-18 11:18:06,2026-03-07 10:20:58.813266,,,,,Beth Anne Cole,https://lda.senate.gov/api/v1/filings/0768d62e-bbd7-402a-9418-4e89f1edacdb/,69,2017
2068,6cddaa36-5093-4a77-bb32-27f43f718581,RA,Registration - Amendment,2025,first_quarter,1st Quarter (Jan 1 - Mar 31),,2025-02-18 11:45:03,2026-03-07 10:20:58.818203,,,,,Robert L. Livingston,https://lda.senate.gov/api/v1/filings/6cddaa36-5093-4a77-bb32-27f43f718581/,771,2018
2069,8af34f6d-42e2-479e-b26d-f7f3476b16a9,RA,Registration - Amendment,2025,first_quarter,1st Quarter (Jan 1 - Mar 31),,2025-02-18 11:48:36,2026-03-07 10:20:58.823034,,,,,Ellen Kugler,https://lda.senate.gov/api/v1/filings/8af34f6d-42e2-479e-b26d-f7f3476b16a9/,772,2019
2816,37d5e3f1-54a4-4933-bf78-cab16af52b59,RR,Registration,2025,first_quarter,1st Quarter (Jan 1 - Mar 31),,2025-03-17 23:26:37,2026-03-07 10:21:46.649809,,,,,Bryan Zumwalt,https://lda.senate.gov/api/v1/filings/37d5e3f1-54a4-4933-bf78-cab16af52b59/,384,2725
2070,c8234fee-44c3-43be-b01a-0beb218f7636,RA,Registration - Amendment,2025,first_quarter,1st Quarter (Jan 1 - Mar 31),,2025-02-18 12:03:27,2026-03-07 10:20:58.828384,,,,,Isabella Quinn,https://lda.senate.gov/api/v1/filings/c8234fee-44c3-43be-b01a-0beb218f7636/,365,2020
2817,4cf99ba8-2074-40bb-9242-72a78c21bea2,RR,Registration,2025,first_quarter,1st Quarter (Jan 1 - Mar 31),,2025-03-17 23:32:24,2026-03-07 10:21:46.654492,,,,,Bryan Zumwalt,https://lda.senate.gov/api/v1/filings/4cf99ba8-2074-40bb-9242-72a78c21bea2/,384,2726
2071,1519cb71-07ea-454a-8d09-442422fc5302,RR,Registration,2025,first_quarter,1st Quarter (Jan 1 - Mar 31),,2025-02-18 12:08:10,2026-03-07 10:20:58.833149,,,,,"Richard M. Gold, Partner",https://lda.senate.gov/api/v1/filings/1519cb71-07ea-454a-8d09-442422fc5302/,360,2021
2072,73f1c327-8ee3-4f0c-985f-95c4e494c6f2,RA,Registration - Amendment,2025,first_quarter,1st Quarter (Jan 1 - Mar 31),,2025-02-18 12:31:49,2026-03-07 10:20:58.837997,,,,,Filemon Vela,https://lda.senate.gov/api/v1/filings/73f1c327-8ee3-4f0c-985f-95c4e494c6f2/,773,2022
2818,04204f2d-5087-4f76-9c1c-e79c6fcc04cb,RR,Registration,2025,first_quarter,1st Quarter (Jan 1 - Mar 31),,2025-03-17 23:36:55,2026-03-07 10:21:46.659956,,,,,Bryan Zumwalt,https://lda.senate.gov/api/v1/filings/04204f2d-5087-4f76-9c1c-e79c6fcc04cb/,384,733
2073,cc6bbe5f-40fa-4dc5-908a-764821c92ae7,RR,Registration,2025,first_quarter,1st Quarter (Jan 1 - Mar 31),,2025-02-18 12:46:32,2026-03-07 10:20:58.843250,,,,,David Weinraub,https://lda.senate.gov/api/v1/filings/cc6bbe5f-40fa-4dc5-908a-764821c92ae7/,335,645
2819,112c34fd-e01e-439e-bbef-396b954911dc,RR,Registration,2025,first_quarter,1st Quarter (Jan 1 - Mar 31),,2025-03-17 23:43:02,2026-03-07 10:21:46.664939,,,,,Bryan Zumwalt,https://lda.senate.gov/api/v1/filings/112c34fd-e01e-439e-bbef-396b954911dc/,384,2727
2074,089b154e-6c55-4b15-876a-7079c887401c,RR,Registration,2025,first_quarter,1st Quarter (Jan 1 - Mar 31),,2025-02-18 13:04:15,2026-03-07 10:20:58.847311,,,,,Beth Anne Cole,https://lda.senate.gov/api/v1/filings/089b154e-6c55-4b15-876a-7079c887401c/,69,2023
2075,fa889e1e-3991-42b9-81d6-dc86cd2ddef0,1T,1st Quarter - Termination,2025,first_quarter,1st Quarter (Jan 1 - Mar 31),,2025-02-18 13:07:33,2026-03-07 10:20:58.852439,,,,,Beth Anne Cole,https://lda.senate.gov/api/v1/filings/fa889e1e-3991-42b9-81d6-dc86cd2ddef0/,69,2024
2820,3bb41dd6-7811-4ac5-8b7b-83fc68b5d92f,RR,Registration,2025,first_quarter,1st Quarter (Jan 1 - Mar 31),,2025-03-17 23:49:27,2026-03-07 10:21:46.671388,,,,,Bryan Zumwalt,https://lda.senate.gov/api/v1/filings/3bb41dd6-7811-4ac5-8b7b-83fc68b5d92f/,384,2728
2076,effa5433-81fe-4a31-9431-2d432098bfed,1TY,1st Quarter - Termination (No Activity),2025,first_quarter,1st Quarter (Jan 1 - Mar 31),,2025-02-18 13:43:54,2026-03-07 10:21:00.189353,,,,,"Scott Gelbman, Government Affairs Advisor",https://lda.senate.gov/api/v1/filings/effa5433-81fe-4a31-9431-2d432098bfed/,316,2025
2821,6800cb82-72f4-4da8-ae6d-463c6df7c88d,RR,Registration,2025,first_quarter,1st Quarter (Jan 1 - Mar 31),,2025-03-17 23:55:26,2026-03-07 10:21:46.676568,,,,,Bryan Zumwalt,https://lda.senate.gov/api/v1/filings/6800cb82-72f4-4da8-ae6d-463c6df7c88d/,384,2729
2077,6930c24a-4b39-4135-afaa-0f4c6c44ae75,RR,Registration,2025,first_quarter,1st Quarter (Jan 1 - Mar 31),,2025-02-18 13:48:49,2026-03-07 10:21:00.193894,,,,,Chelsea Mincheff,https://lda.senate.gov/api/v1/filings/6930c24a-4b39-4135-afaa-0f4c6c44ae75/,39,2026
2078,ce515227-1ac4-4d6e-8053-b8bbdb1d18b2,RR,Registration,2025,first_quarter,1st Quarter (Jan 1 - Mar 31),,2025-02-18 13:53:11,2026-03-07 10:21:00.198599,,,,,Chelsea Mincheff,https://lda.senate.gov/api/v1/filings/ce515227-1ac4-4d6e-8053-b8bbdb1d18b2/,39,2027
2079,dc144e7d-e24e-4fa8-a5a2-a6f122e00dfe,RR,Registration,2025,first_quarter,1st Quarter (Jan 1 - Mar 31),,2025-02-18 14:02:18,2026-03-07 10:21:00.203346,,,,,Chelsea Mincheff,https://lda.senate.gov/api/v1/filings/dc144e7d-e24e-4fa8-a5a2-a6f122e00dfe/,39,2028
2080,f5dbc8b3-1337-4719-8868-4c3c31ae8aff,RR,Registration,2025,first_quarter,1st Quarter (Jan 1 - Mar 31),,2025-02-18 14:21:08,2026-03-07 10:21:00.207666,,,,,Chelsea Mincheff,https://lda.senate.gov/api/v1/filings/f5dbc8b3-1337-4719-8868-4c3c31ae8aff/,39,2029
2081,f65cd858-2111-4d41-818b-03069d1821f9,RR,Registration,2025,first_quarter,1st Quarter (Jan 1 - Mar 31),,2025-02-18 14:28:29,2026-03-07 10:21:00.212755,,,,,Chelsea Mincheff,https://lda.senate.gov/api/v1/filings/f65cd858-2111-4d41-818b-03069d1821f9/,39,2030
2082,cb26cf73-865a-4bc5-bbd1-b6434f255b89,RR,Registration,2025,first_quarter,1st Quarter (Jan 1 - Mar 31),,2025-02-18 14:38:58,2026-03-07 10:21:00.218294,,,,,Erin J Siefring,https://lda.senate.gov/api/v1/filings/cb26cf73-865a-4bc5-bbd1-b6434f255b89/,774,2031
2083,f16f2b78-9751-46e2-9dc6-371ce2921ca1,RR,Registration,2025,first_quarter,1st Quarter (Jan 1 - Mar 31),,2025-02-18 14:44:27,2026-03-07 10:21:00.223363,,,,,Chelsea Mincheff,https://lda.senate.gov/api/v1/filings/f16f2b78-9751-46e2-9dc6-371ce2921ca1/,39,2032
2084,393c657e-8022-445d-bbc5-16b0c6c345ba,RR,Registration,2025,first_quarter,1st Quarter (Jan 1 - Mar 31),,2025-02-18 14:54:19,2026-03-07 10:21:00.229495,,,,,Beth Anne Cole,https://lda.senate.gov/api/v1/filings/393c657e-8022-445d-bbc5-16b0c6c345ba/,69,2033
2085,a82f6a41-55cc-417e-aa73-3d8b1ee2a976,RR,Registration,2025,first_quarter,1st Quarter (Jan 1 - Mar 31),,2025-02-18 14:54:49,2026-03-07 10:21:00.234027,,,,,Chelsea Mincheff,https://lda.senate.gov/api/v1/filings/a82f6a41-55cc-417e-aa73-3d8b1ee2a976/,39,2034
2086,5dd8fcdd-3176-4ca2-ae25-1d3a31f387d5,RA,Registration - Amendment,2025,first_quarter,1st Quarter (Jan 1 - Mar 31),,2025-02-18 15:03:45,2026-03-07 10:21:00.238873,,,,,Eli Greenspan,https://lda.senate.gov/api/v1/filings/5dd8fcdd-3176-4ca2-ae25-1d3a31f387d5/,759,2035
2087,f298a239-cf8e-45df-b9e4-7994461cb9d7,RR,Registration,2025,first_quarter,1st Quarter (Jan 1 - Mar 31),,2025-02-18 15:09:24,2026-03-07 10:21:00.244248,,,,,Chelsea Mincheff,https://lda.senate.gov/api/v1/filings/f298a239-cf8e-45df-b9e4-7994461cb9d7/,39,2036
2088,4ef91851-83f0-4e15-9ae2-2b35634eacf0,RR,Registration,2025,first_quarter,1st Quarter (Jan 1 - Mar 31),,2025-02-18 15:17:41,2026-03-07 10:21:00.249643,,,,,Leah Conley,https://lda.senate.gov/api/v1/filings/4ef91851-83f0-4e15-9ae2-2b35634eacf0/,246,2037
2089,928dad0a-6d30-47e7-b2fe-d9cfbdcadfd3,RR,Registration,2025,first_quarter,1st Quarter (Jan 1 - Mar 31),,2025-02-18 15:23:46,2026-03-07 10:21:00.254840,,,,,Chelsea Mincheff,https://lda.senate.gov/api/v1/filings/928dad0a-6d30-47e7-b2fe-d9cfbdcadfd3/,39,2038
2090,f7e8bb76-936d-493e-995b-8bddd6087aea,RR,Registration,2025,first_quarter,1st Quarter (Jan 1 - Mar 31),,2025-02-18 15:34:48,2026-03-07 10:21:00.260003,,,,,Chelsea Mincheff,https://lda.senate.gov/api/v1/filings/f7e8bb76-936d-493e-995b-8bddd6087aea/,39,2039
2822,1b63dfca-bf93-4eeb-937c-55585ed35bdc,RR,Registration,2025,first_quarter,1st Quarter (Jan 1 - Mar 31),,2025-03-18 00:01:21,2026-03-07 10:21:46.681829,,,,,Bryan Zumwalt,https://lda.senate.gov/api/v1/filings/1b63dfca-bf93-4eeb-937c-55585ed35bdc/,384,2730
2091,de97b270-009e-4c9f-97e3-4c17a4cac725,RR,Registration,2025,first_quarter,1st Quarter (Jan 1 - Mar 31),,2025-02-18 15:40:14,2026-03-07 10:21:00.264839,,,,,Chelsea Mincheff,https://lda.senate.gov/api/v1/filings/de97b270-009e-4c9f-97e3-4c17a4cac725/,39,2040
2823,6de3d97c-1f0a-4ba0-b7bb-075886014577,RR,Registration,2025,first_quarter,1st Quarter (Jan 1 - Mar 31),,2025-03-18 00:10:19,2026-03-07 10:21:46.686378,,,,,Bryan Zumwalt,https://lda.senate.gov/api/v1/filings/6de3d97c-1f0a-4ba0-b7bb-075886014577/,384,2731
2092,9a283140-ee26-41db-9fb9-660eed5288bc,RR,Registration,2025,first_quarter,1st Quarter (Jan 1 - Mar 31),,2025-02-18 15:45:34,2026-03-07 10:21:00.269070,,,,,Chelsea Mincheff,https://lda.senate.gov/api/v1/filings/9a283140-ee26-41db-9fb9-660eed5288bc/,39,2041
2093,3a76e32f-4e90-434b-87e9-55bf17ca5e87,RR,Registration,2025,first_quarter,1st Quarter (Jan 1 - Mar 31),,2025-02-18 15:50:07,2026-03-07 10:21:00.273349,,,,,Chelsea Mincheff,https://lda.senate.gov/api/v1/filings/3a76e32f-4e90-434b-87e9-55bf17ca5e87/,39,2042
2824,e5359909-8895-46f0-873c-e5c015ce6497,RR,Registration,2025,first_quarter,1st Quarter (Jan 1 - Mar 31),,2025-03-18 00:16:24,2026-03-07 10:21:46.691408,,,,,Bryan Zumwalt,https://lda.senate.gov/api/v1/filings/e5359909-8895-46f0-873c-e5c015ce6497/,384,2732
2094,d8f8cb9f-4207-4559-8cf9-925c27fa5150,1TY,1st Quarter - Termination (No Activity),2025,first_quarter,1st Quarter (Jan 1 - Mar 31),,2025-02-18 15:52:50,2026-03-07 10:21:00.277434,,,,,Chelsea J. Mincheff,https://lda.senate.gov/api/v1/filings/d8f8cb9f-4207-4559-8cf9-925c27fa5150/,39,2043
2825,27ffd137-8c5d-4212-af39-3b016aea98a9,RR,Registration,2025,first_quarter,1st Quarter (Jan 1 - Mar 31),,2025-03-18 00:21:35,2026-03-07 10:21:46.697100,,,,,Bryan Zumwalt,https://lda.senate.gov/api/v1/filings/27ffd137-8c5d-4212-af39-3b016aea98a9/,384,2733
2095,53cdd54c-e8a5-493d-a3b2-820361d5b149,1TY,1st Quarter - Termination (No Activity),2025,first_quarter,1st Quarter (Jan 1 - Mar 31),,2025-02-18 15:56:02,2026-03-07 10:21:00.280974,,,,,Chelsea J. Mincheff,https://lda.senate.gov/api/v1/filings/53cdd54c-e8a5-493d-a3b2-820361d5b149/,39,2044
2096,c16e984f-035b-496c-aad7-bc07ca28f59f,1TY,1st Quarter - Termination (No Activity),2025,first_quarter,1st Quarter (Jan 1 - Mar 31),,2025-02-18 15:57:24,2026-03-07 10:21:00.284794,,,,,Chelsea Mincheff,https://lda.senate.gov/api/v1/filings/c16e984f-035b-496c-aad7-bc07ca28f59f/,39,2045
2826,e4018a52-dbe8-45bd-9efd-991269b8af1d,RR,Registration,2025,first_quarter,1st Quarter (Jan 1 - Mar 31),,2025-03-18 00:29:05,2026-03-07 10:21:47.995934,,,,,Bryan Zumwalt,https://lda.senate.gov/api/v1/filings/e4018a52-dbe8-45bd-9efd-991269b8af1d/,384,2734
2097,d686c718-57ff-42a3-9afe-554a3316e654,1TY,1st Quarter - Termination (No Activity),2025,first_quarter,1st Quarter (Jan 1 - Mar 31),,2025-02-18 15:59:07,2026-03-07 10:21:00.288844,,,,,Chelsea J. Mincheff,https://lda.senate.gov/api/v1/filings/d686c718-57ff-42a3-9afe-554a3316e654/,39,2046
2098,4ffeca1c-3135-4ef1-975d-ee8984e80ce1,1T,1st Quarter - Termination,2025,first_quarter,1st Quarter (Jan 1 - Mar 31),,2025-02-18 16:01:45,2026-03-07 10:21:00.293043,20000.0,,,,Chelsea J Mincheff,https://lda.senate.gov/api/v1/filings/4ffeca1c-3135-4ef1-975d-ee8984e80ce1/,39,2047
3098,448e7e24-f758-4725-927e-6a095966d4ce,RR,Registration,2025,first_quarter,1st Quarter (Jan 1 - Mar 31),,2025-03-25 09:22:34,2026-03-07 10:22:03.668874,,,,,Adam Howard,https://lda.senate.gov/api/v1/filings/448e7e24-f758-4725-927e-6a095966d4ce/,975,2992
2099,7f3bda7c-1479-4079-8dc4-8a80de6f88f3,RR,Registration,2025,first_quarter,1st Quarter (Jan 1 - Mar 31),,2025-02-18 16:12:05,2026-03-07 10:21:00.297692,,,,,Soyoung Min,https://lda.senate.gov/api/v1/filings/7f3bda7c-1479-4079-8dc4-8a80de6f88f3/,66,2048
2100,c6d7a5aa-8be6-4483-8f5e-93a73db83e4c,RA,Registration - Amendment,2025,first_quarter,1st Quarter (Jan 1 - Mar 31),,2025-02-18 16:20:43,2026-03-07 10:21:00.302800,,,,,Chelsea Mincheff,https://lda.senate.gov/api/v1/filings/c6d7a5aa-8be6-4483-8f5e-93a73db83e4c/,39,2049
2101,f39303d2-6677-4cd5-8c51-aac162bc7035,RR,Registration,2025,first_quarter,1st Quarter (Jan 1 - Mar 31),,2025-02-18 17:58:21,2026-03-07 10:21:01.769636,,,,,"William Moschella, Attorney at Law",https://lda.senate.gov/api/v1/filings/f39303d2-6677-4cd5-8c51-aac162bc7035/,16,2050
2102,e0d90f4b-3f00-4240-8e3c-5bce67372dec,RR,Registration,2025,first_quarter,1st Quarter (Jan 1 - Mar 31),,2025-02-18 18:06:21,2026-03-07 10:21:01.775443,,,,,"William Moschella, Attorney at Law",https://lda.senate.gov/api/v1/filings/e0d90f4b-3f00-4240-8e3c-5bce67372dec/,16,2051
2103,63054e7f-0772-452c-84d2-27bd596494c2,RR,Registration,2025,first_quarter,1st Quarter (Jan 1 - Mar 31),,2025-02-18 18:10:08,2026-03-07 10:21:01.780266,,,,,"William Moschella, Attorney at Law",https://lda.senate.gov/api/v1/filings/63054e7f-0772-452c-84d2-27bd596494c2/,16,2052
2104,9bc63861-90b8-4609-9bc2-d111fa52cbfb,RR,Registration,2025,first_quarter,1st Quarter (Jan 1 - Mar 31),,2025-02-18 18:17:44,2026-03-07 10:21:01.784830,,,,,"William Moschella, Attorney at Law",https://lda.senate.gov/api/v1/filings/9bc63861-90b8-4609-9bc2-d111fa52cbfb/,16,2053
2105,cb4d2665-cdda-45a3-97af-4e46077a44f0,RR,Registration,2025,first_quarter,1st Quarter (Jan 1 - Mar 31),,2025-02-18 18:22:15,2026-03-07 10:21:01.789760,,,,,"William Moschella, Attorney at Law",https://lda.senate.gov/api/v1/filings/cb4d2665-cdda-45a3-97af-4e46077a44f0/,16,2054
2106,72fce72a-a721-4b30-9691-b86b50d9e139,RR,Registration,2025,first_quarter,1st Quarter (Jan 1 - Mar 31),,2025-02-18 18:33:26,2026-03-07 10:21:01.794731,,,,,"William Moschella, Attorney at Law",https://lda.senate.gov/api/v1/filings/72fce72a-a721-4b30-9691-b86b50d9e139/,16,2055
2107,0dbe0543-4e5f-47a1-a15a-1fc77ef8fa90,RR,Registration,2025,first_quarter,1st Quarter (Jan 1 - Mar 31),,2025-02-18 20:34:27,2026-03-07 10:21:01.799721,,,,,Michael McHugh,https://lda.senate.gov/api/v1/filings/0dbe0543-4e5f-47a1-a15a-1fc77ef8fa90/,775,2056
2108,75e615e4-264d-4ebd-a7bc-08824127d8e7,RR,Registration,2025,first_quarter,1st Quarter (Jan 1 - Mar 31),,2025-02-19 07:30:38,2026-03-07 10:21:01.804485,,,,,Ryan Costello,https://lda.senate.gov/api/v1/filings/75e615e4-264d-4ebd-a7bc-08824127d8e7/,776,2057
2109,1da2fe7f-0ef3-404d-aaa2-f7092ed4e784,RR,Registration,2025,first_quarter,1st Quarter (Jan 1 - Mar 31),,2025-02-19 09:18:10,2026-03-07 10:21:01.809318,,,,,Jacob Kohn,https://lda.senate.gov/api/v1/filings/1da2fe7f-0ef3-404d-aaa2-f7092ed4e784/,777,2058
2110,b061f68d-1d39-480a-8348-3f3bb49d6402,RR,Registration,2025,first_quarter,1st Quarter (Jan 1 - Mar 31),,2025-02-19 10:08:15,2026-03-07 10:21:01.814921,,,,,Clay White,https://lda.senate.gov/api/v1/filings/b061f68d-1d39-480a-8348-3f3bb49d6402/,62,2059
2111,621ef76b-88ed-47e9-b6aa-d12cf3b88496,RR,Registration,2025,first_quarter,1st Quarter (Jan 1 - Mar 31),,2025-02-19 10:09:50,2026-03-07 10:21:01.819341,,,,,Beth Anne Cole,https://lda.senate.gov/api/v1/filings/621ef76b-88ed-47e9-b6aa-d12cf3b88496/,69,2060
2827,108bf1c3-ae2b-4948-b121-6f94f6a4bea0,RR,Registration,2025,first_quarter,1st Quarter (Jan 1 - Mar 31),,2025-03-18 00:36:13,2026-03-07 10:21:48.001939,,,,,Bryan Zumwalt,https://lda.senate.gov/api/v1/filings/108bf1c3-ae2b-4948-b121-6f94f6a4bea0/,384,2735
2112,c280fb57-0aad-4d33-9f5a-9ae371ae5ba4,RR,Registration,2025,first_quarter,1st Quarter (Jan 1 - Mar 31),,2025-02-19 10:25:00,2026-03-07 10:21:01.824320,,,,,Clay White,https://lda.senate.gov/api/v1/filings/c280fb57-0aad-4d33-9f5a-9ae371ae5ba4/,62,2061
2828,1d0beb49-a819-46c4-a227-ac52854d82f5,RA,Registration - Amendment,2025,first_quarter,1st Quarter (Jan 1 - Mar 31),,2025-03-18 07:26:48,2026-03-07 10:21:48.006972,,,,,Sara Nuvy,https://lda.senate.gov/api/v1/filings/1d0beb49-a819-46c4-a227-ac52854d82f5/,48,2736
2113,c94715d8-cd58-4c8d-9590-486272c846fb,RR,Registration,2025,first_quarter,1st Quarter (Jan 1 - Mar 31),,2025-02-19 10:30:15,2026-03-07 10:21:01.829113,,,,,Amy Blunt,https://lda.senate.gov/api/v1/filings/c94715d8-cd58-4c8d-9590-486272c846fb/,382,2062
2114,0c326914-1993-428e-b4db-97922611f6ad,RR,Registration,2025,first_quarter,1st Quarter (Jan 1 - Mar 31),,2025-02-19 11:06:44,2026-03-07 10:21:01.836337,,,,,"Glenn Willard, Of Counsel",https://lda.senate.gov/api/v1/filings/0c326914-1993-428e-b4db-97922611f6ad/,288,2063
2115,2da2639c-ef69-4d23-a997-93c2db84de99,RR,Registration,2025,first_quarter,1st Quarter (Jan 1 - Mar 31),,2025-02-19 11:08:12,2026-03-07 10:21:01.842983,,,,,"Glenn Willard, Of Counsel",https://lda.senate.gov/api/v1/filings/2da2639c-ef69-4d23-a997-93c2db84de99/,288,2064
2116,076c69df-f557-4b00-88ba-0c93d5d031ff,RR,Registration,2025,first_quarter,1st Quarter (Jan 1 - Mar 31),,2025-02-19 11:10:35,2026-03-07 10:21:01.848079,,,,,"Glenn Willard, Of Counsel",https://lda.senate.gov/api/v1/filings/076c69df-f557-4b00-88ba-0c93d5d031ff/,288,2065
2117,6bdc893d-9532-4bf4-ba2b-e668f4ee1d86,RR,Registration,2025,first_quarter,1st Quarter (Jan 1 - Mar 31),,2025-02-19 11:11:57,2026-03-07 10:21:01.853105,,,,,"Glenn Willard, Of Counsel",https://lda.senate.gov/api/v1/filings/6bdc893d-9532-4bf4-ba2b-e668f4ee1d86/,288,2066
2118,b5dae6bc-1f1b-4a70-bfbf-dc3d0376a111,RR,Registration,2025,first_quarter,1st Quarter (Jan 1 - Mar 31),,2025-02-19 11:13:09,2026-03-07 10:21:01.857824,,,,,"Glenn Willard, Of Counsel",https://lda.senate.gov/api/v1/filings/b5dae6bc-1f1b-4a70-bfbf-dc3d0376a111/,288,2067
2119,6df8968d-3c4e-4041-b93f-7086a049daa0,RR,Registration,2025,first_quarter,1st Quarter (Jan 1 - Mar 31),,2025-02-19 11:14:18,2026-03-07 10:21:01.862875,,,,,"Glenn Willard, Of Counsel",https://lda.senate.gov/api/v1/filings/6df8968d-3c4e-4041-b93f-7086a049daa0/,288,2068
2120,22ae11c2-4433-4720-944b-7ee947678c73,RR,Registration,2025,first_quarter,1st Quarter (Jan 1 - Mar 31),,2025-02-19 11:16:10,2026-03-07 10:21:01.867777,,,,,"Glenn Willard, Of Counsel",https://lda.senate.gov/api/v1/filings/22ae11c2-4433-4720-944b-7ee947678c73/,288,2069
2121,c26e5da6-bf58-4568-9d04-ae781bcf9b18,RR,Registration,2025,first_quarter,1st Quarter (Jan 1 - Mar 31),,2025-02-19 11:17:36,2026-03-07 10:21:01.872216,,,,,"AJW, Inc.",https://lda.senate.gov/api/v1/filings/c26e5da6-bf58-4568-9d04-ae781bcf9b18/,778,2070
2122,15727add-a8ca-40cb-bef7-446aa3caf6d1,RR,Registration,2025,first_quarter,1st Quarter (Jan 1 - Mar 31),,2025-02-19 11:47:14,2026-03-07 10:21:01.877246,,,,,"Glenn Willard, Of Counsel",https://lda.senate.gov/api/v1/filings/15727add-a8ca-40cb-bef7-446aa3caf6d1/,288,2071
2123,5f54bd5e-1cdd-4857-b3e5-b71c37af5766,RR,Registration,2025,first_quarter,1st Quarter (Jan 1 - Mar 31),,2025-02-19 12:15:07,2026-03-07 10:21:01.882382,,,,,Christine Schaut,https://lda.senate.gov/api/v1/filings/5f54bd5e-1cdd-4857-b3e5-b71c37af5766/,268,2072
2124,5410cd2a-684d-44ce-93cc-4e3a385a1773,RR,Registration,2025,first_quarter,1st Quarter (Jan 1 - Mar 31),,2025-02-19 12:30:43,2026-03-07 10:21:01.887121,,,,,Todd White,https://lda.senate.gov/api/v1/filings/5410cd2a-684d-44ce-93cc-4e3a385a1773/,779,2073
2125,a710d5af-297a-46d2-a2b5-20aedc6609c4,RR,Registration,2025,first_quarter,1st Quarter (Jan 1 - Mar 31),,2025-02-19 12:36:47,2026-03-07 10:21:01.892761,,,,,"Glenn Willard, Of Counsel",https://lda.senate.gov/api/v1/filings/a710d5af-297a-46d2-a2b5-20aedc6609c4/,288,2074
2126,c1ed6d0a-4d45-451c-bbd8-cc05ffd13e10,RR,Registration,2025,first_quarter,1st Quarter (Jan 1 - Mar 31),,2025-02-19 13:24:27,2026-03-07 10:21:03.191292,,,,,Sandy Riordan,https://lda.senate.gov/api/v1/filings/c1ed6d0a-4d45-451c-bbd8-cc05ffd13e10/,780,2075
2127,4d8a59e8-e38b-49a6-98c6-d0c48b67d940,RR,Registration,2025,first_quarter,1st Quarter (Jan 1 - Mar 31),,2025-02-19 14:38:32,2026-03-07 10:21:03.196662,,,,,David Spady,https://lda.senate.gov/api/v1/filings/4d8a59e8-e38b-49a6-98c6-d0c48b67d940/,781,2076
2128,76167573-eb80-4cde-829a-b5bf38dfd8e6,RA,Registration - Amendment,2025,first_quarter,1st Quarter (Jan 1 - Mar 31),,2025-02-19 14:45:46,2026-03-07 10:21:03.201216,,,,,David Bockorny,https://lda.senate.gov/api/v1/filings/76167573-eb80-4cde-829a-b5bf38dfd8e6/,524,2077
2129,bc5773a1-b8d6-457c-a367-a6a7058e4a6f,RR,Registration,2025,first_quarter,1st Quarter (Jan 1 - Mar 31),,2025-02-19 14:48:02,2026-03-07 10:21:03.205899,,,,,David Spady,https://lda.senate.gov/api/v1/filings/bc5773a1-b8d6-457c-a367-a6a7058e4a6f/,781,2078
2130,d4365cc6-5ffc-40a8-8b47-fba5becb65a9,RR,Registration,2025,first_quarter,1st Quarter (Jan 1 - Mar 31),,2025-02-19 15:00:07,2026-03-07 10:21:03.211334,,,,,David Spady,https://lda.senate.gov/api/v1/filings/d4365cc6-5ffc-40a8-8b47-fba5becb65a9/,781,2079
2131,418d43c3-5631-49a5-a7d6-38ccf4462cc7,RR,Registration,2025,first_quarter,1st Quarter (Jan 1 - Mar 31),,2025-02-19 15:18:33,2026-03-07 10:21:03.216581,,,,,"William Moschella, Attorney at Law",https://lda.senate.gov/api/v1/filings/418d43c3-5631-49a5-a7d6-38ccf4462cc7/,16,2080
2132,03db2185-7da0-47f7-ad33-bf69e346da39,RR,Registration,2025,first_quarter,1st Quarter (Jan 1 - Mar 31),,2025-02-19 15:21:42,2026-03-07 10:21:03.221280,,,,,Brian Pomper,https://lda.senate.gov/api/v1/filings/03db2185-7da0-47f7-ad33-bf69e346da39/,337,2081
2133,0bd4cb57-a6af-4c03-8de9-ddae83fbba27,RR,Registration,2025,first_quarter,1st Quarter (Jan 1 - Mar 31),,2025-02-19 15:33:01,2026-03-07 10:21:03.226075,,,,,Jacob Kohn,https://lda.senate.gov/api/v1/filings/0bd4cb57-a6af-4c03-8de9-ddae83fbba27/,777,2082
2712,fdc5cbdc-22dd-475f-9c41-28a3f19d1ea8,RR,Registration,2025,first_quarter,1st Quarter (Jan 1 - Mar 31),,2025-03-14 13:56:56,2026-03-07 10:21:39.760626,,,,,James Miller,https://lda.senate.gov/api/v1/filings/fdc5cbdc-22dd-475f-9c41-28a3f19d1ea8/,915,2629
2713,76c428b6-ed01-4263-8bd5-da3e7e5871fb,RR,Registration,2025,first_quarter,1st Quarter (Jan 1 - Mar 31),,2025-03-14 14:47:30,2026-03-07 10:21:39.765756,,,,,"Richard M. Gold, Partner",https://lda.senate.gov/api/v1/filings/76c428b6-ed01-4263-8bd5-da3e7e5871fb/,360,2630
2714,e7cbdb94-60a3-455c-9b53-e68757402107,RR,Registration,2025,first_quarter,1st Quarter (Jan 1 - Mar 31),,2025-03-14 14:59:18,2026-03-07 10:21:39.771043,,,,,Sonya Besteiro,https://lda.senate.gov/api/v1/filings/e7cbdb94-60a3-455c-9b53-e68757402107/,32,2631
2134,0acdc0f6-57a7-4ff3-a0d2-717c5513f015,RA,Registration - Amendment,2025,first_quarter,1st Quarter (Jan 1 - Mar 31),,2025-02-19 15:34:02,2026-03-07 10:21:03.230363,,,,,Brian Pomper,https://lda.senate.gov/api/v1/filings/0acdc0f6-57a7-4ff3-a0d2-717c5513f015/,337,2083
2829,5860316a-8253-41aa-a810-ea5529b54a4a,RR,Registration,2025,first_quarter,1st Quarter (Jan 1 - Mar 31),,2025-03-18 07:49:17,2026-03-07 10:21:48.011737,,,,,Sara Nuvy,https://lda.senate.gov/api/v1/filings/5860316a-8253-41aa-a810-ea5529b54a4a/,48,2737
2135,b35671dd-666f-4d6b-b826-579a124959a5,RR,Registration,2025,first_quarter,1st Quarter (Jan 1 - Mar 31),,2025-02-19 15:53:38,2026-03-07 10:21:03.234799,,,,,Elizabeth W Frazee,https://lda.senate.gov/api/v1/filings/b35671dd-666f-4d6b-b826-579a124959a5/,782,2084
2830,b781a735-6671-4cdf-8c25-d92a80a3fed2,RR,Registration,2025,first_quarter,1st Quarter (Jan 1 - Mar 31),,2025-03-18 08:22:08,2026-03-07 10:21:48.016881,,,,,Beth Anne Cole,https://lda.senate.gov/api/v1/filings/b781a735-6671-4cdf-8c25-d92a80a3fed2/,593,2738
2136,27bfd478-7da8-444f-bffb-0b02aa7481d2,RR,Registration,2025,first_quarter,1st Quarter (Jan 1 - Mar 31),,2025-02-19 16:03:53,2026-03-07 10:21:03.239663,,,,,David Spady,https://lda.senate.gov/api/v1/filings/27bfd478-7da8-444f-bffb-0b02aa7481d2/,781,2085
2137,7ea12184-d4ae-4201-afac-de11f6635199,RR,Registration,2025,first_quarter,1st Quarter (Jan 1 - Mar 31),,2025-02-19 16:12:28,2026-03-07 10:21:03.244619,,,,,David Spady,https://lda.senate.gov/api/v1/filings/7ea12184-d4ae-4201-afac-de11f6635199/,781,2086
2831,4f9788b7-b704-4962-9a48-96580a064215,RR,Registration,2025,first_quarter,1st Quarter (Jan 1 - Mar 31),,2025-03-18 08:24:15,2026-03-07 10:21:48.021306,,,,,Leah Conley,https://lda.senate.gov/api/v1/filings/4f9788b7-b704-4962-9a48-96580a064215/,349,2739
2138,ffdae271-d021-4142-b2fc-f37891c0880d,RR,Registration,2025,first_quarter,1st Quarter (Jan 1 - Mar 31),,2025-02-19 16:25:14,2026-03-07 10:21:03.249704,,,,,Brendan R. Schubert,https://lda.senate.gov/api/v1/filings/ffdae271-d021-4142-b2fc-f37891c0880d/,783,2087
2139,9b13b0fa-77b5-43f0-90c9-43884de318af,RR,Registration,2025,first_quarter,1st Quarter (Jan 1 - Mar 31),,2025-02-19 16:39:51,2026-03-07 10:21:03.254917,,,,,"Glenn Willard, Of Counsel",https://lda.senate.gov/api/v1/filings/9b13b0fa-77b5-43f0-90c9-43884de318af/,288,2088
3117,0faf1da0-4b61-4b4f-9ef9-6d5f20cc5013,RR,Registration,2025,first_quarter,1st Quarter (Jan 1 - Mar 31),,2025-03-25 12:51:24,2026-03-07 10:22:05.170433,,,,,Sonya Besteiro,https://lda.senate.gov/api/v1/filings/0faf1da0-4b61-4b4f-9ef9-6d5f20cc5013/,32,3011
2140,8c9cd5aa-f787-431e-9923-0a93dc9990df,RR,Registration,2025,first_quarter,1st Quarter (Jan 1 - Mar 31),,2025-02-19 16:45:36,2026-03-07 10:21:03.259288,,,,,Brendan R. Schubert,https://lda.senate.gov/api/v1/filings/8c9cd5aa-f787-431e-9923-0a93dc9990df/,783,2089
2141,4c2767ae-b8cb-4d42-803d-09862b61d752,RR,Registration,2025,first_quarter,1st Quarter (Jan 1 - Mar 31),,2025-02-19 16:57:07,2026-03-07 10:21:03.263931,,,,,Eric S. Brown,https://lda.senate.gov/api/v1/filings/4c2767ae-b8cb-4d42-803d-09862b61d752/,232,2090
2142,fe483fc7-2e83-4cf0-96dd-f3ab273702c1,RR,Registration,2025,first_quarter,1st Quarter (Jan 1 - Mar 31),,2025-02-19 16:58:02,2026-03-07 10:21:03.268668,,,,,Robert Tyler Powell,https://lda.senate.gov/api/v1/filings/fe483fc7-2e83-4cf0-96dd-f3ab273702c1/,583,2091
2143,1706b648-0fed-4be1-84bd-82ff36b18dfd,RR,Registration,2025,first_quarter,1st Quarter (Jan 1 - Mar 31),,2025-02-19 20:26:45,2026-03-07 10:21:03.273286,,,,,Randall A. Brater,https://lda.senate.gov/api/v1/filings/1706b648-0fed-4be1-84bd-82ff36b18dfd/,647,2092
2144,e0e22547-ecbc-4f2d-83e1-e831e1a32f5a,RR,Registration,2025,first_quarter,1st Quarter (Jan 1 - Mar 31),,2025-02-19 21:38:37,2026-03-07 10:21:03.277359,,,,,Anna K Weinstein,https://lda.senate.gov/api/v1/filings/e0e22547-ecbc-4f2d-83e1-e831e1a32f5a/,784,2093
2145,7e544008-f981-43b3-ac53-182c8407cc89,1TY,1st Quarter - Termination (No Activity),2025,first_quarter,1st Quarter (Jan 1 - Mar 31),,2025-02-20 08:00:00,2026-03-07 10:21:03.281636,10000.0,,,,Michael A. Clauser,https://lda.senate.gov/api/v1/filings/7e544008-f981-43b3-ac53-182c8407cc89/,24,2094
2146,3791048b-3eff-406f-b0df-24e746977305,RR,Registration,2025,first_quarter,1st Quarter (Jan 1 - Mar 31),,2025-02-20 09:38:04,2026-03-07 10:21:03.285316,,,,,Darryl Nirenberg,https://lda.senate.gov/api/v1/filings/3791048b-3eff-406f-b0df-24e746977305/,379,2095
2147,7a9c5325-6292-4b93-b2a9-c28699423bdc,RR,Registration,2025,first_quarter,1st Quarter (Jan 1 - Mar 31),,2025-02-20 11:10:19,2026-03-07 10:21:03.289659,,,,,MICHAEL R CARTER,https://lda.senate.gov/api/v1/filings/7a9c5325-6292-4b93-b2a9-c28699423bdc/,785,2096
2148,695dc476-c33b-4a7c-b9b1-b1013b358ce4,RR,Registration,2025,first_quarter,1st Quarter (Jan 1 - Mar 31),,2025-02-20 11:47:42,2026-03-07 10:21:03.294949,,,,,Brian Pomper,https://lda.senate.gov/api/v1/filings/695dc476-c33b-4a7c-b9b1-b1013b358ce4/,337,2097
2149,3a474e41-4bed-4953-9701-d4fa35b4263e,RR,Registration,2025,first_quarter,1st Quarter (Jan 1 - Mar 31),,2025-02-20 12:13:06,2026-03-07 10:21:03.299587,,,,,"Jonathon Jones, Partner",https://lda.senate.gov/api/v1/filings/3a474e41-4bed-4953-9701-d4fa35b4263e/,450,2098
2150,f257a3c5-09ff-4d30-b198-53b9ede45a42,RR,Registration,2025,first_quarter,1st Quarter (Jan 1 - Mar 31),,2025-02-20 12:16:49,2026-03-07 10:21:03.303920,,,,,Gregg Harper,https://lda.senate.gov/api/v1/filings/f257a3c5-09ff-4d30-b198-53b9ede45a42/,786,2099
2151,68bf283b-a936-48cb-bb27-98cc76d9c9a1,RR,Registration,2025,first_quarter,1st Quarter (Jan 1 - Mar 31),,2025-02-20 14:29:43,2026-03-07 10:21:04.594304,,,,,"William Moschella, Attorney at Law",https://lda.senate.gov/api/v1/filings/68bf283b-a936-48cb-bb27-98cc76d9c9a1/,16,2100
2152,957ce2c3-d4a2-46c8-a810-fc3d543ce7ff,RR,Registration,2025,first_quarter,1st Quarter (Jan 1 - Mar 31),,2025-02-20 14:42:16,2026-03-07 10:21:04.599813,,,,,Lauren Henderson,https://lda.senate.gov/api/v1/filings/957ce2c3-d4a2-46c8-a810-fc3d543ce7ff/,346,2101
2153,0c6ff069-f237-4d30-8470-4c94790e8d15,RR,Registration,2025,first_quarter,1st Quarter (Jan 1 - Mar 31),,2025-02-20 14:42:36,2026-03-07 10:21:04.604462,,,,,"William Moschella, Attorney at Law",https://lda.senate.gov/api/v1/filings/0c6ff069-f237-4d30-8470-4c94790e8d15/,16,2102
2154,0384ef3f-f2f0-4a03-aa09-c6588e6f89d5,RR,Registration,2025,first_quarter,1st Quarter (Jan 1 - Mar 31),,2025-02-20 14:58:24,2026-03-07 10:21:04.608732,,,,,Matt Ward,https://lda.senate.gov/api/v1/filings/0384ef3f-f2f0-4a03-aa09-c6588e6f89d5/,787,2103
2155,ea5f7658-5aeb-488a-afb0-f8f0f613065d,RR,Registration,2025,first_quarter,1st Quarter (Jan 1 - Mar 31),,2025-02-20 15:00:21,2026-03-07 10:21:04.613444,,,,,Darren Willcox,https://lda.senate.gov/api/v1/filings/ea5f7658-5aeb-488a-afb0-f8f0f613065d/,474,2104
2156,63e58e18-0e05-4328-9bc4-5ad8e3a60d92,RR,Registration,2025,first_quarter,1st Quarter (Jan 1 - Mar 31),,2025-02-20 15:02:10,2026-03-07 10:21:04.618514,,,,,Lauren Henderson,https://lda.senate.gov/api/v1/filings/63e58e18-0e05-4328-9bc4-5ad8e3a60d92/,346,2105
2157,93585dc2-e5d4-4f88-996b-9d99b3ee6b39,RR,Registration,2025,first_quarter,1st Quarter (Jan 1 - Mar 31),,2025-02-20 15:30:37,2026-03-07 10:21:04.624029,,,,,Lauren Henderson,https://lda.senate.gov/api/v1/filings/93585dc2-e5d4-4f88-996b-9d99b3ee6b39/,346,2106
2158,77fdcbae-8fb3-47ec-895e-be188c4e70ef,RR,Registration,2025,first_quarter,1st Quarter (Jan 1 - Mar 31),,2025-02-20 15:50:26,2026-03-07 10:21:04.629133,,,,,Jeffery A. Green,https://lda.senate.gov/api/v1/filings/77fdcbae-8fb3-47ec-895e-be188c4e70ef/,487,2107
2832,3a2da79e-df05-4b31-bf22-ac3183cd6a47,RR,Registration,2025,first_quarter,1st Quarter (Jan 1 - Mar 31),,2025-03-18 08:26:56,2026-03-07 10:21:48.026059,,,,,Leah Conley,https://lda.senate.gov/api/v1/filings/3a2da79e-df05-4b31-bf22-ac3183cd6a47/,349,2740
2159,bcfc3a1c-c61b-4de2-85dc-5bfc1479fa1a,RR,Registration,2025,first_quarter,1st Quarter (Jan 1 - Mar 31),,2025-02-20 15:55:00,2026-03-07 10:21:04.634087,,,,,Lauren Henderson,https://lda.senate.gov/api/v1/filings/bcfc3a1c-c61b-4de2-85dc-5bfc1479fa1a/,346,2108
2833,ab06360e-fb27-424c-9a5f-ce93552e25c7,RR,Registration,2025,first_quarter,1st Quarter (Jan 1 - Mar 31),,2025-03-18 08:34:24,2026-03-07 10:21:48.030699,,,,,Leah Conley,https://lda.senate.gov/api/v1/filings/ab06360e-fb27-424c-9a5f-ce93552e25c7/,349,2741
2160,84fab73b-ea9d-4d3a-87e7-3cefefd671b6,RR,Registration,2025,first_quarter,1st Quarter (Jan 1 - Mar 31),,2025-02-20 16:08:13,2026-03-07 10:21:04.638524,,,,,Matt Ward,https://lda.senate.gov/api/v1/filings/84fab73b-ea9d-4d3a-87e7-3cefefd671b6/,787,2109
2161,03cd451b-0777-4402-af89-2489205f9276,RR,Registration,2025,first_quarter,1st Quarter (Jan 1 - Mar 31),,2025-02-20 16:08:32,2026-03-07 10:21:04.643075,,,,,Lauren Henderson,https://lda.senate.gov/api/v1/filings/03cd451b-0777-4402-af89-2489205f9276/,346,2110
2834,a15f5a3b-c85f-4336-aa05-3974cf2c81d6,RR,Registration,2025,first_quarter,1st Quarter (Jan 1 - Mar 31),,2025-03-18 08:39:22,2026-03-07 10:21:48.035532,,,,,Leah Conley,https://lda.senate.gov/api/v1/filings/a15f5a3b-c85f-4336-aa05-3974cf2c81d6/,349,2742
2162,4a94f66e-878b-44f1-accc-a34bff2ea917,RR,Registration,2025,first_quarter,1st Quarter (Jan 1 - Mar 31),,2025-02-20 16:11:26,2026-03-07 10:21:04.647431,,,,,Matt Ward,https://lda.senate.gov/api/v1/filings/4a94f66e-878b-44f1-accc-a34bff2ea917/,787,2111
2835,d5fed620-389e-4308-b72e-18b2fb9ffcb2,RR,Registration,2025,first_quarter,1st Quarter (Jan 1 - Mar 31),,2025-03-18 08:59:30,2026-03-07 10:21:48.040605,,,,,Hannah Lambiotte Smith,https://lda.senate.gov/api/v1/filings/d5fed620-389e-4308-b72e-18b2fb9ffcb2/,932,2743
2163,d08e2285-7308-4318-84e4-223a53f7e69f,1TY,1st Quarter - Termination (No Activity),2025,first_quarter,1st Quarter (Jan 1 - Mar 31),,2025-02-20 17:21:14,2026-03-07 10:21:04.651500,,,,,Brian Pomper,https://lda.senate.gov/api/v1/filings/d08e2285-7308-4318-84e4-223a53f7e69f/,337,2112
2164,4d34ce75-a059-4841-84d4-2ddaccc21a00,RR,Registration,2025,first_quarter,1st Quarter (Jan 1 - Mar 31),,2025-02-20 17:30:38,2026-03-07 10:21:04.655455,,,,,Brian Pomper,https://lda.senate.gov/api/v1/filings/4d34ce75-a059-4841-84d4-2ddaccc21a00/,337,2113
2836,f89ba39f-9022-4de0-bacd-3be34f75930e,RR,Registration,2025,first_quarter,1st Quarter (Jan 1 - Mar 31),,2025-03-18 09:29:27,2026-03-07 10:21:48.046097,,,,,Robert Kearley,https://lda.senate.gov/api/v1/filings/f89ba39f-9022-4de0-bacd-3be34f75930e/,933,2744
2165,2962fe8f-ad6a-44fc-8032-68de14fdd392,RR,Registration,2025,first_quarter,1st Quarter (Jan 1 - Mar 31),,2025-02-20 17:42:53,2026-03-07 10:21:04.660463,,,,,Laura Joshua,https://lda.senate.gov/api/v1/filings/2962fe8f-ad6a-44fc-8032-68de14fdd392/,432,2114
2837,f0150e17-91c6-42e7-ba01-2a374ee9c70b,1TY,1st Quarter - Termination (No Activity),2025,first_quarter,1st Quarter (Jan 1 - Mar 31),,2025-03-18 09:31:40,2026-03-07 10:21:48.051915,,,,,Brandon Maxey (as counsel),https://lda.senate.gov/api/v1/filings/f0150e17-91c6-42e7-ba01-2a374ee9c70b/,934,2745
2166,ae45e5e3-043a-46cb-9ee9-ee056eb77645,RR,Registration,2025,first_quarter,1st Quarter (Jan 1 - Mar 31),,2025-02-21 04:24:09,2026-03-07 10:21:04.665453,,,,,Sara Nuvy,https://lda.senate.gov/api/v1/filings/ae45e5e3-043a-46cb-9ee9-ee056eb77645/,48,2115
2167,6ac4062d-a631-47d0-bbc3-cd76d4ae18ab,RR,Registration,2025,first_quarter,1st Quarter (Jan 1 - Mar 31),,2025-02-21 09:48:05,2026-03-07 10:21:04.670076,,,,,Carl Kime,https://lda.senate.gov/api/v1/filings/6ac4062d-a631-47d0-bbc3-cd76d4ae18ab/,788,2116
2838,0b6d4e93-4fc4-4060-8bf8-91a199b4d649,RR,Registration,2025,first_quarter,1st Quarter (Jan 1 - Mar 31),,2025-03-18 10:15:48,2026-03-07 10:21:48.056407,,,,,Isabella Quinn,https://lda.senate.gov/api/v1/filings/0b6d4e93-4fc4-4060-8bf8-91a199b4d649/,365,2746
2168,28e39479-eed6-4ccf-87b3-d1241ba61f4b,RR,Registration,2025,first_quarter,1st Quarter (Jan 1 - Mar 31),,2025-02-21 09:57:08,2026-03-07 10:21:04.675281,,,,,"Lisa M. Ellman, Partner",https://lda.senate.gov/api/v1/filings/28e39479-eed6-4ccf-87b3-d1241ba61f4b/,438,2117
2169,38484087-a6ba-45da-929f-551920778499,RR,Registration,2025,first_quarter,1st Quarter (Jan 1 - Mar 31),,2025-02-21 10:03:13,2026-03-07 10:21:04.679818,,,,,Carl Kime,https://lda.senate.gov/api/v1/filings/38484087-a6ba-45da-929f-551920778499/,788,2118
2170,b2c7f04d-4bf2-474a-99b8-2462cdfadf7d,RR,Registration,2025,first_quarter,1st Quarter (Jan 1 - Mar 31),,2025-02-21 10:39:34,2026-03-07 10:21:04.684410,,,,,Carl Kime,https://lda.senate.gov/api/v1/filings/b2c7f04d-4bf2-474a-99b8-2462cdfadf7d/,788,2119
2171,113b6a6e-76b9-4c64-ab74-70d2ada8aa50,RR,Registration,2025,first_quarter,1st Quarter (Jan 1 - Mar 31),,2025-02-21 10:41:11,2026-03-07 10:21:04.689309,,,,,Ryan Fitzgerald,https://lda.senate.gov/api/v1/filings/113b6a6e-76b9-4c64-ab74-70d2ada8aa50/,789,2120
2172,f735825c-fbf4-4448-bc5f-4e0c3836a82e,RR,Registration,2025,first_quarter,1st Quarter (Jan 1 - Mar 31),,2025-02-21 10:47:58,2026-03-07 10:21:04.694889,,,,,Carl Kime,https://lda.senate.gov/api/v1/filings/f735825c-fbf4-4448-bc5f-4e0c3836a82e/,788,2121
2173,35be2959-e71a-4347-ba1b-6af24d5f7cb9,RR,Registration,2025,first_quarter,1st Quarter (Jan 1 - Mar 31),,2025-02-21 11:43:21,2026-03-07 10:21:04.699929,,,,,Warren Payne,https://lda.senate.gov/api/v1/filings/35be2959-e71a-4347-ba1b-6af24d5f7cb9/,790,2122
2174,6ede88f5-9c9c-43d6-ba24-1dab72884c16,RR,Registration,2025,first_quarter,1st Quarter (Jan 1 - Mar 31),,2025-02-21 13:19:48,2026-03-07 10:21:04.704546,,,,,Adina Mincher,https://lda.senate.gov/api/v1/filings/6ede88f5-9c9c-43d6-ba24-1dab72884c16/,52,2123
2175,98e9f788-0e7b-4a2a-ae78-e519d0296e12,1TY,1st Quarter - Termination (No Activity),2025,first_quarter,1st Quarter (Jan 1 - Mar 31),,2025-02-21 13:22:52,2026-03-07 10:21:04.709195,,,,,"Glenn Willard, Of Counsel",https://lda.senate.gov/api/v1/filings/98e9f788-0e7b-4a2a-ae78-e519d0296e12/,288,2124
2180,1655451e-22f4-409d-87c4-b2c23f6b455f,RR,Registration,2025,first_quarter,1st Quarter (Jan 1 - Mar 31),,2025-02-21 14:15:58,2026-03-07 10:21:06.424668,,,,,John McManus,https://lda.senate.gov/api/v1/filings/1655451e-22f4-409d-87c4-b2c23f6b455f/,613,2129
2839,331d143f-1d18-4e2c-bffc-4508ad5f22f8,RR,Registration,2025,first_quarter,1st Quarter (Jan 1 - Mar 31),,2025-03-18 10:34:57,2026-03-07 10:21:48.061627,,,,,Stacey Scholl,https://lda.senate.gov/api/v1/filings/331d143f-1d18-4e2c-bffc-4508ad5f22f8/,254,2747
2181,bc833791-155e-4934-986a-96a66694f31c,RR,Registration,2025,first_quarter,1st Quarter (Jan 1 - Mar 31),,2025-02-21 14:23:30,2026-03-07 10:21:06.429478,,,,,Adina Mincher,https://lda.senate.gov/api/v1/filings/bc833791-155e-4934-986a-96a66694f31c/,52,2130
2840,0377f942-76b4-4c09-9d9c-3580395c2c13,RA,Registration - Amendment,2025,first_quarter,1st Quarter (Jan 1 - Mar 31),,2025-03-18 10:36:34,2026-03-07 10:21:48.066976,,,,,Nell Dillard,https://lda.senate.gov/api/v1/filings/0377f942-76b4-4c09-9d9c-3580395c2c13/,515,2748
2182,9267dc1d-676a-41bd-ab01-aa7f98a5d8f4,RR,Registration,2025,first_quarter,1st Quarter (Jan 1 - Mar 31),,2025-02-21 14:36:07,2026-03-07 10:21:06.434495,,,,,Sebastian King,https://lda.senate.gov/api/v1/filings/9267dc1d-676a-41bd-ab01-aa7f98a5d8f4/,734,2131
2183,ed9e0f93-7e8e-4e5d-958c-066d69382fb2,1T,1st Quarter - Termination,2025,first_quarter,1st Quarter (Jan 1 - Mar 31),,2025-02-21 15:20:22,2026-03-07 10:21:06.443613,10000.0,,,,Jacob Kohn,https://lda.senate.gov/api/v1/filings/ed9e0f93-7e8e-4e5d-958c-066d69382fb2/,777,2132
2841,05d77ca0-4c0a-46dc-92e4-121d39cb7f35,RR,Registration,2025,first_quarter,1st Quarter (Jan 1 - Mar 31),,2025-03-18 11:01:11,2026-03-07 10:21:48.072184,,,,,Kevin Messner,https://lda.senate.gov/api/v1/filings/05d77ca0-4c0a-46dc-92e4-121d39cb7f35/,935,2749
2184,75f638fb-d8b0-40db-946e-596cf6cff596,RR,Registration,2025,first_quarter,1st Quarter (Jan 1 - Mar 31),,2025-02-21 15:37:25,2026-03-07 10:21:06.448290,,,,,Doug Schwartz,https://lda.senate.gov/api/v1/filings/75f638fb-d8b0-40db-946e-596cf6cff596/,502,2133
2842,8228ba17-a801-4f8b-84fb-e9ba74869bf4,RR,Registration,2025,first_quarter,1st Quarter (Jan 1 - Mar 31),,2025-03-18 11:13:42,2026-03-07 10:21:48.078479,,,,,Cynthia Broydrick,https://lda.senate.gov/api/v1/filings/8228ba17-a801-4f8b-84fb-e9ba74869bf4/,936,2750
2185,2921c515-cdb0-4f44-b92e-1a672fa990b5,Q1,1st Quarter - Report,2025,first_quarter,1st Quarter (Jan 1 - Mar 31),,2025-02-21 15:44:44,2026-03-07 10:21:06.453052,,10000.0,A,A,Karl Bond,https://lda.senate.gov/api/v1/filings/2921c515-cdb0-4f44-b92e-1a672fa990b5/,791,2134
2186,08f9f1e5-dc52-405c-9c95-9b74d9a7c858,1T,1st Quarter - Termination,2025,first_quarter,1st Quarter (Jan 1 - Mar 31),,2025-02-21 15:56:46,2026-03-07 10:21:06.458201,,,A,A,Karl Bond,https://lda.senate.gov/api/v1/filings/08f9f1e5-dc52-405c-9c95-9b74d9a7c858/,791,2134
2843,7ed996ba-a401-4203-9fb0-f4b9469a01b6,RR,Registration,2025,first_quarter,1st Quarter (Jan 1 - Mar 31),,2025-03-18 11:59:03,2026-03-07 10:21:48.084413,,,,,Tawni Escudero,https://lda.senate.gov/api/v1/filings/7ed996ba-a401-4203-9fb0-f4b9469a01b6/,937,2751
2187,14f9bda0-e97b-4883-96ca-8938a329baa1,RR,Registration,2025,first_quarter,1st Quarter (Jan 1 - Mar 31),,2025-02-21 17:13:45,2026-03-07 10:21:06.462664,,,,,Jason Mulvihill,https://lda.senate.gov/api/v1/filings/14f9bda0-e97b-4883-96ca-8938a329baa1/,792,2135
2844,5dc8ac39-c0a4-4fa8-8834-567c448ca335,RR,Registration,2025,first_quarter,1st Quarter (Jan 1 - Mar 31),,2025-03-18 12:00:18,2026-03-07 10:21:48.089736,,,,,Kevin Hollinger,https://lda.senate.gov/api/v1/filings/5dc8ac39-c0a4-4fa8-8834-567c448ca335/,930,2752
2188,9b39d4fb-d80a-400a-a5cc-3f964a6467e4,RR,Registration,2025,first_quarter,1st Quarter (Jan 1 - Mar 31),,2025-02-21 17:29:13,2026-03-07 10:21:06.467891,,,,,Tracy Taylor,https://lda.senate.gov/api/v1/filings/9b39d4fb-d80a-400a-a5cc-3f964a6467e4/,793,2136
2189,d5bc7d05-e5d1-4fe1-97a4-70241355252a,RR,Registration,2025,first_quarter,1st Quarter (Jan 1 - Mar 31),,2025-02-21 17:35:46,2026-03-07 10:21:06.474771,,,,,Jason Mulvihill,https://lda.senate.gov/api/v1/filings/d5bc7d05-e5d1-4fe1-97a4-70241355252a/,792,2137
2845,69da724c-0620-4e97-9cb4-c5359ad8204b,RR,Registration,2025,first_quarter,1st Quarter (Jan 1 - Mar 31),,2025-03-18 12:03:41,2026-03-07 10:21:48.094526,,,,,Marissa Lorenzetti,https://lda.senate.gov/api/v1/filings/69da724c-0620-4e97-9cb4-c5359ad8204b/,816,2753
2190,36a1de80-385a-452f-8d7d-926474b3d472,RR,Registration,2025,first_quarter,1st Quarter (Jan 1 - Mar 31),,2025-02-22 10:31:25,2026-03-07 10:21:06.480275,,,,,Jacqueline Toth,https://lda.senate.gov/api/v1/filings/36a1de80-385a-452f-8d7d-926474b3d472/,794,2138
2191,349eee58-9ec8-46bc-996e-ba367e007292,RR,Registration,2025,first_quarter,1st Quarter (Jan 1 - Mar 31),,2025-02-22 13:07:18,2026-03-07 10:21:06.485559,,,,,TJ Kennedy,https://lda.senate.gov/api/v1/filings/349eee58-9ec8-46bc-996e-ba367e007292/,795,2139
2192,98dbb55b-569f-43c4-b35d-916108554ec1,RR,Registration,2025,first_quarter,1st Quarter (Jan 1 - Mar 31),,2025-02-22 13:11:20,2026-03-07 10:21:06.491103,,,,,TJ Kennedy,https://lda.senate.gov/api/v1/filings/98dbb55b-569f-43c4-b35d-916108554ec1/,795,2140
2193,12da4838-500c-4f89-a29f-27c0a5247a90,RR,Registration,2025,first_quarter,1st Quarter (Jan 1 - Mar 31),,2025-02-22 13:17:01,2026-03-07 10:21:06.496138,,,,,TJ Kennedy,https://lda.senate.gov/api/v1/filings/12da4838-500c-4f89-a29f-27c0a5247a90/,795,2141
2194,581074f8-ed57-45dc-8883-d1e3a0189508,RR,Registration,2025,first_quarter,1st Quarter (Jan 1 - Mar 31),,2025-02-22 13:26:21,2026-03-07 10:21:06.502013,,,,,TJ Kennedy,https://lda.senate.gov/api/v1/filings/581074f8-ed57-45dc-8883-d1e3a0189508/,795,2142
2195,16df4ea7-cced-4be7-a083-4d8ba421651e,RR,Registration,2025,first_quarter,1st Quarter (Jan 1 - Mar 31),,2025-02-22 13:32:01,2026-03-07 10:21:06.507627,,,,,Thomas J. Kennedy,https://lda.senate.gov/api/v1/filings/16df4ea7-cced-4be7-a083-4d8ba421651e/,796,2143
2196,3fa39295-6065-485e-ae78-0e0bd6296fa9,RR,Registration,2025,first_quarter,1st Quarter (Jan 1 - Mar 31),,2025-02-22 13:36:23,2026-03-07 10:21:06.513260,,,,,Thomas J. Kennedy,https://lda.senate.gov/api/v1/filings/3fa39295-6065-485e-ae78-0e0bd6296fa9/,796,2144
2197,f9b67ded-6c42-4882-83cb-a92b96c08fc6,RR,Registration,2025,first_quarter,1st Quarter (Jan 1 - Mar 31),,2025-02-22 13:40:43,2026-03-07 10:21:06.517671,,,,,Thomas J. Kennedy,https://lda.senate.gov/api/v1/filings/f9b67ded-6c42-4882-83cb-a92b96c08fc6/,796,2145
2199,ee9ea074-cb07-4866-8ef6-7529f6d21861,RR,Registration,2025,first_quarter,1st Quarter (Jan 1 - Mar 31),,2025-02-24 08:57:07,2026-03-07 10:21:06.526773,,,,,Anne Basham,https://lda.senate.gov/api/v1/filings/ee9ea074-cb07-4866-8ef6-7529f6d21861/,719,2147
2846,bca9c209-c883-4a58-bf89-17172ed56c95,RR,Registration,2025,first_quarter,1st Quarter (Jan 1 - Mar 31),,2025-03-18 12:06:22,2026-03-07 10:21:48.100119,,,,,Matthew Mowers,https://lda.senate.gov/api/v1/filings/bca9c209-c883-4a58-bf89-17172ed56c95/,310,2754
2200,f7a6b3c7-6c0e-4062-a7ac-1edfaa2d121a,RR,Registration,2025,first_quarter,1st Quarter (Jan 1 - Mar 31),,2025-02-24 10:08:24,2026-03-07 10:21:06.531799,,,,,David Redl,https://lda.senate.gov/api/v1/filings/f7a6b3c7-6c0e-4062-a7ac-1edfaa2d121a/,566,2148
2847,981f2234-2ba2-476b-b9a8-7c83a7986b0c,RR,Registration,2025,first_quarter,1st Quarter (Jan 1 - Mar 31),,2025-03-18 12:06:22,2026-03-07 10:21:48.105329,,,,,Kevin Hollinger,https://lda.senate.gov/api/v1/filings/981f2234-2ba2-476b-b9a8-7c83a7986b0c/,930,2755
2201,04ee12c3-2387-46f6-9b7b-3fb8447cbb63,RR,Registration,2025,first_quarter,1st Quarter (Jan 1 - Mar 31),,2025-02-24 10:12:25,2026-03-07 10:21:07.930149,,,,,David Redl,https://lda.senate.gov/api/v1/filings/04ee12c3-2387-46f6-9b7b-3fb8447cbb63/,566,2149
2202,e4a47f82-1192-4eb8-a244-c20cfb177517,RR,Registration,2025,first_quarter,1st Quarter (Jan 1 - Mar 31),,2025-02-24 10:18:21,2026-03-07 10:21:07.935091,,,,,David Redl,https://lda.senate.gov/api/v1/filings/e4a47f82-1192-4eb8-a244-c20cfb177517/,566,2150
2848,23d34838-2ca6-4e4a-8791-f5c54dadfdfc,RR,Registration,2025,first_quarter,1st Quarter (Jan 1 - Mar 31),,2025-03-18 12:06:38,2026-03-07 10:21:48.110295,,,,,Randall A. Brater,https://lda.senate.gov/api/v1/filings/23d34838-2ca6-4e4a-8791-f5c54dadfdfc/,647,2756
2203,105e5ec4-2a71-4458-8088-3c7c45786fdb,RR,Registration,2025,first_quarter,1st Quarter (Jan 1 - Mar 31),,2025-02-24 10:24:45,2026-03-07 10:21:07.939651,,,,,David Redl,https://lda.senate.gov/api/v1/filings/105e5ec4-2a71-4458-8088-3c7c45786fdb/,566,2151
2849,6029655e-e760-4ad9-abcb-8150ae765176,RR,Registration,2025,first_quarter,1st Quarter (Jan 1 - Mar 31),,2025-03-18 12:10:55,2026-03-07 10:21:48.115925,,,,,Matthew Mowers,https://lda.senate.gov/api/v1/filings/6029655e-e760-4ad9-abcb-8150ae765176/,310,2757
2204,bdd89876-5014-4331-878a-895da3a75cb8,RR,Registration,2025,first_quarter,1st Quarter (Jan 1 - Mar 31),,2025-02-24 10:28:16,2026-03-07 10:21:07.943944,,,,,David Redl,https://lda.senate.gov/api/v1/filings/bdd89876-5014-4331-878a-895da3a75cb8/,566,2152
2205,5d42aa03-d632-460d-95e8-8079ee10c684,RR,Registration,2025,first_quarter,1st Quarter (Jan 1 - Mar 31),,2025-02-24 10:32:00,2026-03-07 10:21:07.948492,,,,,Mark Vargas,https://lda.senate.gov/api/v1/filings/5d42aa03-d632-460d-95e8-8079ee10c684/,798,2153
2850,a0d319c9-2d4d-4a86-8748-ffcf69396a54,RR,Registration,2025,first_quarter,1st Quarter (Jan 1 - Mar 31),,2025-03-18 12:13:23,2026-03-07 10:21:48.121017,,,,,Matthew Mowers,https://lda.senate.gov/api/v1/filings/a0d319c9-2d4d-4a86-8748-ffcf69396a54/,310,2758
2206,c92101a3-ba10-4a5b-a06c-c2c34ca19a8f,RR,Registration,2025,first_quarter,1st Quarter (Jan 1 - Mar 31),,2025-02-24 10:33:34,2026-03-07 10:21:07.953385,,,,,David Redl,https://lda.senate.gov/api/v1/filings/c92101a3-ba10-4a5b-a06c-c2c34ca19a8f/,566,2154
2851,19cc7e5d-4235-4c59-aa37-cdf3b527415d,RR,Registration,2025,first_quarter,1st Quarter (Jan 1 - Mar 31),,2025-03-18 12:16:48,2026-03-07 10:21:49.520937,,,,,Brian Pomper,https://lda.senate.gov/api/v1/filings/19cc7e5d-4235-4c59-aa37-cdf3b527415d/,337,2759
2207,3c9d06e7-449c-4c5d-8a77-04f37a2081bf,RR,Registration,2025,first_quarter,1st Quarter (Jan 1 - Mar 31),,2025-02-24 11:05:47,2026-03-07 10:21:07.958018,,,,,"William Moschella, Attorney at Law",https://lda.senate.gov/api/v1/filings/3c9d06e7-449c-4c5d-8a77-04f37a2081bf/,16,2155
2208,70d2c6ee-acc6-4b87-98fa-f093a9d1df8f,RA,Registration - Amendment,2025,first_quarter,1st Quarter (Jan 1 - Mar 31),,2025-02-24 11:52:11,2026-03-07 10:21:07.962317,,,,,Christine R. Mistr,https://lda.senate.gov/api/v1/filings/70d2c6ee-acc6-4b87-98fa-f093a9d1df8f/,799,2156
2852,82ba5a5a-2136-4533-9043-034d5372ad92,RR,Registration,2025,first_quarter,1st Quarter (Jan 1 - Mar 31),,2025-03-18 12:17:38,2026-03-07 10:21:49.526370,,,,,Matthew Mowers,https://lda.senate.gov/api/v1/filings/82ba5a5a-2136-4533-9043-034d5372ad92/,310,2760
2209,68348224-98ca-409c-b583-84ee0c52ec25,1T,1st Quarter - Termination,2025,first_quarter,1st Quarter (Jan 1 - Mar 31),,2025-02-24 11:57:04,2026-03-07 10:21:07.967457,50000.0,,,,Michael Solon,https://lda.senate.gov/api/v1/filings/68348224-98ca-409c-b583-84ee0c52ec25/,800,2157
2853,a3991efe-7cec-4685-b64e-a399955cca1b,RR,Registration,2025,first_quarter,1st Quarter (Jan 1 - Mar 31),,2025-03-18 12:19:31,2026-03-07 10:21:49.531242,,,,,Matthew Mowers,https://lda.senate.gov/api/v1/filings/a3991efe-7cec-4685-b64e-a399955cca1b/,310,2761
2210,4bc58f77-8f75-454d-935a-e9db57d0e9b2,1TY,1st Quarter - Termination (No Activity),2025,first_quarter,1st Quarter (Jan 1 - Mar 31),,2025-02-24 11:58:37,2026-03-07 10:21:07.971652,30000.0,,,,Michael J Solon,https://lda.senate.gov/api/v1/filings/4bc58f77-8f75-454d-935a-e9db57d0e9b2/,800,2158
2211,55bbc683-ebc0-4c78-9ac2-f5aec5916eaf,RR,Registration,2025,first_quarter,1st Quarter (Jan 1 - Mar 31),,2025-02-24 12:18:38,2026-03-07 10:21:07.975280,,,,,Laurie Bendall,https://lda.senate.gov/api/v1/filings/55bbc683-ebc0-4c78-9ac2-f5aec5916eaf/,253,2159
2854,ed55317a-2d38-4913-8818-15eae79de225,RR,Registration,2025,first_quarter,1st Quarter (Jan 1 - Mar 31),,2025-03-18 12:21:36,2026-03-07 10:21:49.536056,,,,,Lora Casey Hawkins,https://lda.senate.gov/api/v1/filings/ed55317a-2d38-4913-8818-15eae79de225/,615,2762
2212,13c3523f-daee-43c4-ba99-df48aa0f87dd,RR,Registration,2025,first_quarter,1st Quarter (Jan 1 - Mar 31),,2025-02-24 12:27:15,2026-03-07 10:21:07.979578,,,,,Laurie Bendall,https://lda.senate.gov/api/v1/filings/13c3523f-daee-43c4-ba99-df48aa0f87dd/,253,2160
2213,e378a2da-52aa-480b-a6be-5900e1ee313e,RR,Registration,2025,first_quarter,1st Quarter (Jan 1 - Mar 31),,2025-02-24 12:33:32,2026-03-07 10:21:07.983962,,,,,Laurie Bendall,https://lda.senate.gov/api/v1/filings/e378a2da-52aa-480b-a6be-5900e1ee313e/,253,2161
2214,1c89f47c-24ba-40a4-ae2b-8d941c0d4b17,RR,Registration,2025,first_quarter,1st Quarter (Jan 1 - Mar 31),,2025-02-24 14:16:29,2026-03-07 10:21:07.988296,,,,,Laurie Bendall,https://lda.senate.gov/api/v1/filings/1c89f47c-24ba-40a4-ae2b-8d941c0d4b17/,253,2162
2215,27275d34-6a39-4f41-ad7f-d43d1ca5ddcd,RR,Registration,2025,first_quarter,1st Quarter (Jan 1 - Mar 31),,2025-02-24 14:27:09,2026-03-07 10:21:07.992810,,,,,Laurie Bendall,https://lda.senate.gov/api/v1/filings/27275d34-6a39-4f41-ad7f-d43d1ca5ddcd/,253,2163
2216,6f306017-b825-417d-94d5-58997952bb30,RR,Registration,2025,first_quarter,1st Quarter (Jan 1 - Mar 31),,2025-02-24 14:28:26,2026-03-07 10:21:07.996890,,,,,Pete Kirkham,https://lda.senate.gov/api/v1/filings/6f306017-b825-417d-94d5-58997952bb30/,14,2164
2217,e21c66e1-457d-4f08-9c97-fb7ef733d643,RR,Registration,2025,first_quarter,1st Quarter (Jan 1 - Mar 31),,2025-02-24 15:14:23,2026-03-07 10:21:08.001254,,,,,David Redl,https://lda.senate.gov/api/v1/filings/e21c66e1-457d-4f08-9c97-fb7ef733d643/,566,2165
2218,451156b7-3d08-4dbd-8371-801eaa5af43a,RR,Registration,2025,first_quarter,1st Quarter (Jan 1 - Mar 31),,2025-02-24 15:53:11,2026-03-07 10:21:08.005851,,,,,Scott Gelbman. Government Affairs Advisor,https://lda.senate.gov/api/v1/filings/451156b7-3d08-4dbd-8371-801eaa5af43a/,316,2166
2855,3c263726-054d-4834-af11-a934b7c63465,RA,Registration - Amendment,2025,first_quarter,1st Quarter (Jan 1 - Mar 31),,2025-03-18 12:35:41,2026-03-07 10:21:49.541595,,,,,Colleen Purcell,https://lda.senate.gov/api/v1/filings/3c263726-054d-4834-af11-a934b7c63465/,938,2763
2219,bfe2e77e-68c2-4e84-880c-cc17da5ea573,1TY,1st Quarter - Termination (No Activity),2025,first_quarter,1st Quarter (Jan 1 - Mar 31),,2025-02-24 16:19:55,2026-03-07 10:21:08.010347,,,,,Kristin Roe,https://lda.senate.gov/api/v1/filings/bfe2e77e-68c2-4e84-880c-cc17da5ea573/,801,2167
2856,47f29192-f8b6-4a53-b24d-2b106cc7c01b,1TY,1st Quarter - Termination (No Activity),2025,first_quarter,1st Quarter (Jan 1 - Mar 31),,2025-03-18 12:43:43,2026-03-07 10:21:49.546410,,,,,Clay White,https://lda.senate.gov/api/v1/filings/47f29192-f8b6-4a53-b24d-2b106cc7c01b/,62,2764
2220,8fde2744-f7de-477d-b457-a171807ec458,RR,Registration,2025,first_quarter,1st Quarter (Jan 1 - Mar 31),,2025-02-24 17:01:37,2026-03-07 10:21:08.014767,,,,,Albert Balido,https://lda.senate.gov/api/v1/filings/8fde2744-f7de-477d-b457-a171807ec458/,802,2168
2221,a07d1b8f-04e6-46f2-829b-77ea7cc7085b,RR,Registration,2025,first_quarter,1st Quarter (Jan 1 - Mar 31),,2025-02-24 19:12:56,2026-03-07 10:21:08.019786,,,,,John Green,https://lda.senate.gov/api/v1/filings/a07d1b8f-04e6-46f2-829b-77ea7cc7085b/,436,2169
2857,152807cd-0ab2-4317-8eb4-b62dabbef37a,RA,Registration - Amendment,2025,first_quarter,1st Quarter (Jan 1 - Mar 31),,2025-03-18 12:45:11,2026-03-07 10:21:49.550639,,,,,Colleen Purcell,https://lda.senate.gov/api/v1/filings/152807cd-0ab2-4317-8eb4-b62dabbef37a/,938,2765
2222,898ee26a-0e16-4d39-8a53-61114fe88bf0,RA,Registration - Amendment,2025,first_quarter,1st Quarter (Jan 1 - Mar 31),,2025-02-25 08:34:14,2026-03-07 10:21:08.025119,,,,,Thomas J. Kennedy,https://lda.senate.gov/api/v1/filings/898ee26a-0e16-4d39-8a53-61114fe88bf0/,796,2145
2858,601bb3b6-9954-49c2-ad2a-6e6431784f9f,RA,Registration - Amendment,2025,first_quarter,1st Quarter (Jan 1 - Mar 31),,2025-03-18 12:51:49,2026-03-07 10:21:49.555377,,,,,Colleen Purcell,https://lda.senate.gov/api/v1/filings/601bb3b6-9954-49c2-ad2a-6e6431784f9f/,938,2766
2223,b586aeb2-71f7-402a-b399-0aaa6e5e65c5,RR,Registration,2025,first_quarter,1st Quarter (Jan 1 - Mar 31),,2025-02-25 08:40:50,2026-03-07 10:21:08.029126,,,,,TJ Kennedy,https://lda.senate.gov/api/v1/filings/b586aeb2-71f7-402a-b399-0aaa6e5e65c5/,795,2170
2224,3b7163d1-342a-44ac-a8e7-5fe152ffa2b6,RR,Registration,2025,first_quarter,1st Quarter (Jan 1 - Mar 31),,2025-02-25 09:40:19,2026-03-07 10:21:08.033930,,,,,Adina Mincher,https://lda.senate.gov/api/v1/filings/3b7163d1-342a-44ac-a8e7-5fe152ffa2b6/,52,2171
2859,fe3a94fd-93ce-4e82-a8eb-a1f790673b62,RR,Registration,2025,first_quarter,1st Quarter (Jan 1 - Mar 31),,2025-03-18 13:07:07,2026-03-07 10:21:49.559879,,,,,James P. Moran,https://lda.senate.gov/api/v1/filings/fe3a94fd-93ce-4e82-a8eb-a1f790673b62/,381,2767
2225,46b20997-ef62-43e9-8cdf-c6462cbf8ab8,RA,Registration - Amendment,2025,first_quarter,1st Quarter (Jan 1 - Mar 31),,2025-02-25 10:30:42,2026-03-07 10:21:08.038416,,,,,Thomas J. Kennedy,https://lda.senate.gov/api/v1/filings/46b20997-ef62-43e9-8cdf-c6462cbf8ab8/,796,2145
2226,048b7040-9ed6-47f5-a892-efe5de0a02aa,RR,Registration,2025,first_quarter,1st Quarter (Jan 1 - Mar 31),,2025-02-25 10:55:02,2026-03-07 10:21:09.467345,,,,,"Venkat S. Murthy, Director of Administration",https://lda.senate.gov/api/v1/filings/048b7040-9ed6-47f5-a892-efe5de0a02aa/,541,2172
2227,b84ec38c-0d21-4527-84c1-03141ce6c0ce,RR,Registration,2025,first_quarter,1st Quarter (Jan 1 - Mar 31),,2025-02-25 11:37:58,2026-03-07 10:21:09.472807,,,,,Alex Teel,https://lda.senate.gov/api/v1/filings/b84ec38c-0d21-4527-84c1-03141ce6c0ce/,730,2173
2228,511d4929-30e2-4a0c-a85b-5fa29c857278,1T,1st Quarter - Termination,2025,first_quarter,1st Quarter (Jan 1 - Mar 31),,2025-02-25 11:43:10,2026-03-07 10:21:09.478994,20000.0,,,,Kelsey Mayo,https://lda.senate.gov/api/v1/filings/511d4929-30e2-4a0c-a85b-5fa29c857278/,803,2174
2229,0386fcd8-a27e-4de4-b6b5-b0554b15bb3b,RR,Registration,2025,first_quarter,1st Quarter (Jan 1 - Mar 31),,2025-02-25 12:50:22,2026-03-07 10:21:09.484499,,,,,Samuel Krueger,https://lda.senate.gov/api/v1/filings/0386fcd8-a27e-4de4-b6b5-b0554b15bb3b/,804,2175
2230,0b0fd8d1-909c-4391-8259-18a2d5f96484,1T,1st Quarter - Termination,2025,first_quarter,1st Quarter (Jan 1 - Mar 31),,2025-02-25 13:26:18,2026-03-07 10:21:09.490499,,110000.0,A,A,Daniel Lemisch,https://lda.senate.gov/api/v1/filings/0b0fd8d1-909c-4391-8259-18a2d5f96484/,805,2176
2231,7f1d7f4f-0d06-45bf-be78-ab258fd2b59b,RR,Registration,2025,first_quarter,1st Quarter (Jan 1 - Mar 31),,2025-02-25 13:50:57,2026-03-07 10:21:09.496834,,,,,Liliana Coronado,https://lda.senate.gov/api/v1/filings/7f1d7f4f-0d06-45bf-be78-ab258fd2b59b/,806,2177
2232,05c31e20-1b92-4850-bc8e-012c9e0fc211,1TY,1st Quarter - Termination (No Activity),2025,first_quarter,1st Quarter (Jan 1 - Mar 31),,2025-02-25 17:21:44,2026-03-07 10:21:09.503369,,,,,Craig Saperstein,https://lda.senate.gov/api/v1/filings/05c31e20-1b92-4850-bc8e-012c9e0fc211/,567,2178
2233,a5aa1d1f-c632-48e9-9eac-c1d56e3d4b0b,RR,Registration,2025,first_quarter,1st Quarter (Jan 1 - Mar 31),,2025-02-25 18:01:02,2026-03-07 10:21:09.507464,,,,,Sara Nuvy,https://lda.senate.gov/api/v1/filings/a5aa1d1f-c632-48e9-9eac-c1d56e3d4b0b/,48,2179
2234,83de89a1-0842-4c5f-8022-6df1ff002abe,RR,Registration,2025,first_quarter,1st Quarter (Jan 1 - Mar 31),,2025-02-25 18:10:21,2026-03-07 10:21:09.513435,,,,,Shenan Atcitty,https://lda.senate.gov/api/v1/filings/83de89a1-0842-4c5f-8022-6df1ff002abe/,807,2180
2235,f40117ae-73dd-4dfa-91f6-cb15165b83c3,RR,Registration,2025,first_quarter,1st Quarter (Jan 1 - Mar 31),,2025-02-25 18:13:49,2026-03-07 10:21:09.519653,,,,,Sara Nuvy,https://lda.senate.gov/api/v1/filings/f40117ae-73dd-4dfa-91f6-cb15165b83c3/,48,2181
2236,c934c2d2-b83e-4af5-8176-aab84be7029f,RR,Registration,2025,first_quarter,1st Quarter (Jan 1 - Mar 31),,2025-02-25 20:51:32,2026-03-07 10:21:09.524598,,,,,Marne Marotta,https://lda.senate.gov/api/v1/filings/c934c2d2-b83e-4af5-8176-aab84be7029f/,808,2182
2237,e57e21e6-df17-4144-b045-bcd831329035,RR,Registration,2025,first_quarter,1st Quarter (Jan 1 - Mar 31),,2025-02-25 21:05:42,2026-03-07 10:21:09.530521,,,,,Tiffany McKinley,https://lda.senate.gov/api/v1/filings/e57e21e6-df17-4144-b045-bcd831329035/,809,2183
2238,ac14d16c-f0c1-44e6-a1a0-bc0284843a4a,RR,Registration,2025,first_quarter,1st Quarter (Jan 1 - Mar 31),,2025-02-26 08:09:26,2026-03-07 10:21:09.536037,,,,,Jennifer Holcomb,https://lda.senate.gov/api/v1/filings/ac14d16c-f0c1-44e6-a1a0-bc0284843a4a/,810,2184
2239,9b0b9011-761d-499c-a610-4a901976f34c,RR,Registration,2025,first_quarter,1st Quarter (Jan 1 - Mar 31),,2025-02-26 09:13:52,2026-03-07 10:21:09.542453,,,,,"Ronald M. Jacobs, Partner",https://lda.senate.gov/api/v1/filings/9b0b9011-761d-499c-a610-4a901976f34c/,43,2185
2860,f01e09a3-3ffe-4d9f-865f-c3a588e9e5a7,RR,Registration,2025,first_quarter,1st Quarter (Jan 1 - Mar 31),,2025-03-18 13:08:31,2026-03-07 10:21:49.565084,,,,,Laurie Bendall,https://lda.senate.gov/api/v1/filings/f01e09a3-3ffe-4d9f-865f-c3a588e9e5a7/,939,2768
2240,dbeb9e46-6a0e-4e9d-8064-eb7c7d4cfa3b,RR,Registration,2025,first_quarter,1st Quarter (Jan 1 - Mar 31),,2025-02-26 10:04:15,2026-03-07 10:21:09.549240,,,,,Betsy Lake,https://lda.senate.gov/api/v1/filings/dbeb9e46-6a0e-4e9d-8064-eb7c7d4cfa3b/,811,2186
2241,8c639884-08f3-4c89-8b81-ce1bda018906,RR,Registration,2025,first_quarter,1st Quarter (Jan 1 - Mar 31),,2025-02-26 10:04:25,2026-03-07 10:21:09.556318,,,,,Deb Howard Greenleaf,https://lda.senate.gov/api/v1/filings/8c639884-08f3-4c89-8b81-ce1bda018906/,812,2187
2242,b3a60901-f0e2-429a-a0c4-fcb33e02259b,RA,Registration - Amendment,2025,first_quarter,1st Quarter (Jan 1 - Mar 31),,2025-02-26 10:14:04,2026-03-07 10:21:09.562407,,,,,Sara Nuvy,https://lda.senate.gov/api/v1/filings/b3a60901-f0e2-429a-a0c4-fcb33e02259b/,48,2179
2243,3212f4e3-4a9a-4522-b624-73a4dc976d97,RR,Registration,2025,first_quarter,1st Quarter (Jan 1 - Mar 31),,2025-02-26 10:29:32,2026-03-07 10:21:09.568372,,,,,Scott Owens,https://lda.senate.gov/api/v1/filings/3212f4e3-4a9a-4522-b624-73a4dc976d97/,45,2188
2244,30890e30-8ca2-4a6a-9754-1ceb7162477c,RR,Registration,2025,first_quarter,1st Quarter (Jan 1 - Mar 31),,2025-02-26 10:30:56,2026-03-07 10:21:09.573146,,,,,"H. Stewart Van Scoyoc, Chairman, Founder & CEO",https://lda.senate.gov/api/v1/filings/30890e30-8ca2-4a6a-9754-1ceb7162477c/,427,2189
2245,01827f7b-cec8-41ea-8cc6-9a1af99d7fae,RA,Registration - Amendment,2025,first_quarter,1st Quarter (Jan 1 - Mar 31),,2025-02-26 10:45:24,2026-03-07 10:21:09.578556,,,,,Dana Gambino,https://lda.senate.gov/api/v1/filings/01827f7b-cec8-41ea-8cc6-9a1af99d7fae/,813,2190
2246,f26e9b4e-a1fb-4434-8421-cf2b021ce687,RR,Registration,2025,first_quarter,1st Quarter (Jan 1 - Mar 31),,2025-02-26 11:08:31,2026-03-07 10:21:09.584497,,,,,Sarah Meek,https://lda.senate.gov/api/v1/filings/f26e9b4e-a1fb-4434-8421-cf2b021ce687/,814,2191
2247,32458215-96cd-47b1-aab1-e540af80581a,RR,Registration,2025,first_quarter,1st Quarter (Jan 1 - Mar 31),,2025-02-26 11:13:22,2026-03-07 10:21:09.590662,,,,,"Hilary Tompkins, Partner",https://lda.senate.gov/api/v1/filings/32458215-96cd-47b1-aab1-e540af80581a/,438,2192
2248,747fdb45-7940-4b47-9221-747a0318ec96,RR,Registration,2025,first_quarter,1st Quarter (Jan 1 - Mar 31),,2025-02-26 11:53:53,2026-03-07 10:21:09.597206,,,,,Kyle Walker,https://lda.senate.gov/api/v1/filings/747fdb45-7940-4b47-9221-747a0318ec96/,475,2193
2249,6615d4d0-5fee-4a8c-8889-8f63ee024ab2,RR,Registration,2025,first_quarter,1st Quarter (Jan 1 - Mar 31),,2025-02-26 11:57:56,2026-03-07 10:21:09.602964,,,,,Scott Owens,https://lda.senate.gov/api/v1/filings/6615d4d0-5fee-4a8c-8889-8f63ee024ab2/,45,2194
2250,4a3a96c2-af23-4c25-95eb-8b8ab0642595,RR,Registration,2025,first_quarter,1st Quarter (Jan 1 - Mar 31),,2025-02-26 12:00:42,2026-03-07 10:21:09.608154,,,,,Kyle Walker,https://lda.senate.gov/api/v1/filings/4a3a96c2-af23-4c25-95eb-8b8ab0642595/,475,2195
2251,0dfc69ba-7f07-4c15-8cac-394ef578c3ba,RR,Registration,2025,first_quarter,1st Quarter (Jan 1 - Mar 31),,2025-02-26 12:06:39,2026-03-07 10:21:11.329109,,,,,Kyle Walker,https://lda.senate.gov/api/v1/filings/0dfc69ba-7f07-4c15-8cac-394ef578c3ba/,475,2196
2252,8a0b3399-b44b-4d09-b4c8-b00a8e709d45,RR,Registration,2025,first_quarter,1st Quarter (Jan 1 - Mar 31),,2025-02-26 12:13:50,2026-03-07 10:21:11.334104,,,,,Kyle Walker,https://lda.senate.gov/api/v1/filings/8a0b3399-b44b-4d09-b4c8-b00a8e709d45/,475,2197
2253,ae80bdd7-4a34-4292-babf-963030b57149,RR,Registration,2025,first_quarter,1st Quarter (Jan 1 - Mar 31),,2025-02-26 12:19:52,2026-03-07 10:21:11.338930,,,,,Kyle Walker,https://lda.senate.gov/api/v1/filings/ae80bdd7-4a34-4292-babf-963030b57149/,475,2198
2254,e0a3e778-01ce-4551-a7e9-eb9355fbb848,RR,Registration,2025,first_quarter,1st Quarter (Jan 1 - Mar 31),,2025-02-26 12:43:08,2026-03-07 10:21:11.343516,,,,,Sarah Meek,https://lda.senate.gov/api/v1/filings/e0a3e778-01ce-4551-a7e9-eb9355fbb848/,814,2199
2255,34e74a80-954d-4065-b1e0-64f13bd5d0b4,RR,Registration,2025,first_quarter,1st Quarter (Jan 1 - Mar 31),,2025-02-26 12:47:25,2026-03-07 10:21:11.348403,,,,,Sarah Meek,https://lda.senate.gov/api/v1/filings/34e74a80-954d-4065-b1e0-64f13bd5d0b4/,814,2200
2256,6d351923-49fd-4662-b017-c3d9150a696f,RR,Registration,2025,first_quarter,1st Quarter (Jan 1 - Mar 31),,2025-02-26 12:51:12,2026-03-07 10:21:11.353459,,,,,"Jesse Spiro, Head of Government Affairs",https://lda.senate.gov/api/v1/filings/6d351923-49fd-4662-b017-c3d9150a696f/,815,2201
2257,cef18b68-885c-4abe-8945-d33bb9fe2bd2,RR,Registration,2025,first_quarter,1st Quarter (Jan 1 - Mar 31),,2025-02-26 14:06:58,2026-03-07 10:21:11.358645,,,,,Amy Blunt,https://lda.senate.gov/api/v1/filings/cef18b68-885c-4abe-8945-d33bb9fe2bd2/,382,2202
2258,360cb47d-0a81-4527-b974-0bac2f7ef0ba,RA,Registration - Amendment,2025,first_quarter,1st Quarter (Jan 1 - Mar 31),,2025-02-26 14:09:36,2026-03-07 10:21:11.364623,,,,,Marne Marotta,https://lda.senate.gov/api/v1/filings/360cb47d-0a81-4527-b974-0bac2f7ef0ba/,808,2182
2259,9fbc8f22-384b-4459-8cd7-89aeac1a20db,RR,Registration,2025,first_quarter,1st Quarter (Jan 1 - Mar 31),,2025-02-26 14:11:48,2026-03-07 10:21:11.369924,,,,,Amy Blunt,https://lda.senate.gov/api/v1/filings/9fbc8f22-384b-4459-8cd7-89aeac1a20db/,382,2203
2350,3628f48b-5852-45c8-8b79-d98fbdfbe573,RR,Registration,2025,first_quarter,1st Quarter (Jan 1 - Mar 31),,2025-03-03 10:39:02,2026-03-07 10:21:15.942440,,,,,Leah Conley,https://lda.senate.gov/api/v1/filings/3628f48b-5852-45c8-8b79-d98fbdfbe573/,349,2292
2351,0437cc23-a809-4711-b605-1a9e95417f49,RR,Registration,2025,first_quarter,1st Quarter (Jan 1 - Mar 31),,2025-03-03 10:44:00,2026-03-07 10:21:17.350534,,,,,Leah Conley,https://lda.senate.gov/api/v1/filings/0437cc23-a809-4711-b605-1a9e95417f49/,349,2293
2352,676e4503-edca-46c8-b2a1-359b7637c0a6,RR,Registration,2025,first_quarter,1st Quarter (Jan 1 - Mar 31),,2025-03-03 10:47:29,2026-03-07 10:21:17.355429,,,,,"Richard M. Gold, Partner",https://lda.senate.gov/api/v1/filings/676e4503-edca-46c8-b2a1-359b7637c0a6/,360,2294
2353,abe11c76-1fe7-48f6-a99c-8c2de155fe01,RR,Registration,2025,first_quarter,1st Quarter (Jan 1 - Mar 31),,2025-03-03 10:48:43,2026-03-07 10:21:17.359931,,,,,Leah Conley,https://lda.senate.gov/api/v1/filings/abe11c76-1fe7-48f6-a99c-8c2de155fe01/,349,2295
2354,f9dc6034-2eda-4847-a6f7-d738ed590d4b,RR,Registration,2025,first_quarter,1st Quarter (Jan 1 - Mar 31),,2025-03-03 10:56:39,2026-03-07 10:21:17.364460,,,,,Leah Conley,https://lda.senate.gov/api/v1/filings/f9dc6034-2eda-4847-a6f7-d738ed590d4b/,349,2296
2260,d662193a-8782-45bc-be01-2d025aeba4a9,RR,Registration,2025,first_quarter,1st Quarter (Jan 1 - Mar 31),,2025-02-26 14:19:51,2026-03-07 10:21:11.375519,,,,,Stoney Burke,https://lda.senate.gov/api/v1/filings/d662193a-8782-45bc-be01-2d025aeba4a9/,55,2204
2861,95dbfec0-f379-4a27-bdfc-c6b7b40b63c9,RR,Registration,2025,first_quarter,1st Quarter (Jan 1 - Mar 31),,2025-03-18 13:36:00,2026-03-07 10:21:49.570426,,,,,Jennifer Baird,https://lda.senate.gov/api/v1/filings/95dbfec0-f379-4a27-bdfc-c6b7b40b63c9/,940,2769
2261,eb75c946-1c83-4c05-bc82-b7c2f2dff34b,RR,Registration,2025,first_quarter,1st Quarter (Jan 1 - Mar 31),,2025-02-26 14:20:01,2026-03-07 10:21:11.379873,,,,,Amy Blunt,https://lda.senate.gov/api/v1/filings/eb75c946-1c83-4c05-bc82-b7c2f2dff34b/,382,2205
2862,d39fbed2-154a-48bc-9397-81ea88feb436,RR,Registration,2025,first_quarter,1st Quarter (Jan 1 - Mar 31),,2025-03-18 14:08:55,2026-03-07 10:21:49.575483,,,,,Jared Rifis,https://lda.senate.gov/api/v1/filings/d39fbed2-154a-48bc-9397-81ea88feb436/,845,2770
2262,582e1ed0-7457-49db-91f4-a1e2e3cb238a,RR,Registration,2025,first_quarter,1st Quarter (Jan 1 - Mar 31),,2025-02-26 14:47:44,2026-03-07 10:21:11.384289,,,,,Robb Watters,https://lda.senate.gov/api/v1/filings/582e1ed0-7457-49db-91f4-a1e2e3cb238a/,816,2206
2263,b5c0b37c-93cf-4f33-8ded-a91721e2b7ed,RR,Registration,2025,first_quarter,1st Quarter (Jan 1 - Mar 31),,2025-02-26 15:14:27,2026-03-07 10:21:11.388896,,,,,Kara Ward,https://lda.senate.gov/api/v1/filings/b5c0b37c-93cf-4f33-8ded-a91721e2b7ed/,610,2207
2863,6894739f-f644-41cb-8481-f80579789319,RR,Registration,2025,first_quarter,1st Quarter (Jan 1 - Mar 31),,2025-03-18 14:09:04,2026-03-07 10:21:49.580733,,,,,Laurie Bendall,https://lda.senate.gov/api/v1/filings/6894739f-f644-41cb-8481-f80579789319/,253,2771
2264,17a9e17a-5e99-47e5-bc51-942611a25d2d,RR,Registration,2025,first_quarter,1st Quarter (Jan 1 - Mar 31),,2025-02-26 15:19:31,2026-03-07 10:21:11.394024,,,,,"Gregory S. Proctor , Jr",https://lda.senate.gov/api/v1/filings/17a9e17a-5e99-47e5-bc51-942611a25d2d/,817,2208
2265,b7433965-878b-4b8c-8dd1-f48e0d59fae0,RR,Registration,2025,first_quarter,1st Quarter (Jan 1 - Mar 31),,2025-02-26 15:48:38,2026-03-07 10:21:11.399703,,,,,Stoney Burke,https://lda.senate.gov/api/v1/filings/b7433965-878b-4b8c-8dd1-f48e0d59fae0/,55,2209
2266,d5628556-0557-4475-a7bb-096c359f0fb7,RR,Registration,2025,first_quarter,1st Quarter (Jan 1 - Mar 31),,2025-02-26 15:49:31,2026-03-07 10:21:11.406235,,,,,Elizabeth Frazee,https://lda.senate.gov/api/v1/filings/d5628556-0557-4475-a7bb-096c359f0fb7/,782,2210
2267,4dc5eba2-06b2-4aaa-8f89-a022cbefc0f1,RR,Registration,2025,first_quarter,1st Quarter (Jan 1 - Mar 31),,2025-02-26 15:59:12,2026-03-07 10:21:11.411250,,,,,Sonya Besteiro,https://lda.senate.gov/api/v1/filings/4dc5eba2-06b2-4aaa-8f89-a022cbefc0f1/,32,2211
2268,ed9c3929-fbb2-438b-9996-8016e16115d7,RR,Registration,2025,first_quarter,1st Quarter (Jan 1 - Mar 31),,2025-02-26 16:12:50,2026-03-07 10:21:11.416823,,,,,Sonya Besteiro,https://lda.senate.gov/api/v1/filings/ed9c3929-fbb2-438b-9996-8016e16115d7/,32,2212
2269,de67f987-d4cb-4976-ac0c-723263812314,RR,Registration,2025,first_quarter,1st Quarter (Jan 1 - Mar 31),,2025-02-26 16:23:37,2026-03-07 10:21:11.421634,,,,,Paul Lee,https://lda.senate.gov/api/v1/filings/de67f987-d4cb-4976-ac0c-723263812314/,656,2213
2270,fabf7c3d-54a1-4835-9f98-ac0fbaee01ac,RA,Registration - Amendment,2025,first_quarter,1st Quarter (Jan 1 - Mar 31),,2025-02-26 16:47:24,2026-03-07 10:21:11.427408,,,,,Stoney Burke,https://lda.senate.gov/api/v1/filings/fabf7c3d-54a1-4835-9f98-ac0fbaee01ac/,55,2204
2271,a5411076-47de-40e6-b390-42f9095257e3,RR,Registration,2025,first_quarter,1st Quarter (Jan 1 - Mar 31),,2025-02-26 16:51:28,2026-03-07 10:21:11.432358,,,,,Marisol D. Ramos,https://lda.senate.gov/api/v1/filings/a5411076-47de-40e6-b390-42f9095257e3/,608,2214
2272,7ff38c8f-d01b-4309-bad4-040955b347da,RR,Registration,2025,first_quarter,1st Quarter (Jan 1 - Mar 31),,2025-02-26 21:03:37,2026-03-07 10:21:11.436695,,,,,Stoney Burke,https://lda.senate.gov/api/v1/filings/7ff38c8f-d01b-4309-bad4-040955b347da/,55,2215
2273,ed0c8a7d-e9ed-4b3d-959a-3b8796f546ef,RR,Registration,2025,first_quarter,1st Quarter (Jan 1 - Mar 31),,2025-02-26 21:12:11,2026-03-07 10:21:11.441613,,,,,Stoney Burke,https://lda.senate.gov/api/v1/filings/ed0c8a7d-e9ed-4b3d-959a-3b8796f546ef/,55,2216
2274,c6037fae-d396-4e38-97e0-d9f5db0e94ad,RR,Registration,2025,first_quarter,1st Quarter (Jan 1 - Mar 31),,2025-02-26 22:29:51,2026-03-07 10:21:11.446310,,,,,Matthew Joseph Keeley,https://lda.senate.gov/api/v1/filings/c6037fae-d396-4e38-97e0-d9f5db0e94ad/,818,2217
2275,f3ea3a45-9b9d-46df-baec-a84c65174fdb,RR,Registration,2025,first_quarter,1st Quarter (Jan 1 - Mar 31),,2025-02-27 08:59:29,2026-03-07 10:21:11.451493,,,,,a0i,https://lda.senate.gov/api/v1/filings/f3ea3a45-9b9d-46df-baec-a84c65174fdb/,52,2218
2276,ff8f4db8-cddd-4650-8c10-5e19a883004c,RR,Registration,2025,first_quarter,1st Quarter (Jan 1 - Mar 31),,2025-02-27 09:28:27,2026-03-07 10:21:12.734286,,,,,"Paul J. Reagan, Sr. Vice President & Director",https://lda.senate.gov/api/v1/filings/ff8f4db8-cddd-4650-8c10-5e19a883004c/,520,2219
2277,42beb956-02cc-4c9a-a6ba-2d8bd1ac6e7b,RR,Registration,2025,first_quarter,1st Quarter (Jan 1 - Mar 31),,2025-02-27 09:28:34,2026-03-07 10:21:12.739194,,,,,Tory Sendek,https://lda.senate.gov/api/v1/filings/42beb956-02cc-4c9a-a6ba-2d8bd1ac6e7b/,356,2220
2278,b9dcd246-50bb-438e-8359-d03f4f8c4b4d,RR,Registration,2025,first_quarter,1st Quarter (Jan 1 - Mar 31),,2025-02-27 09:36:37,2026-03-07 10:21:12.743810,,,,,Tory Sendek,https://lda.senate.gov/api/v1/filings/b9dcd246-50bb-438e-8359-d03f4f8c4b4d/,356,2221
2279,ad044cf0-8880-43da-94bd-8ef6318b8752,RR,Registration,2025,first_quarter,1st Quarter (Jan 1 - Mar 31),,2025-02-27 09:50:11,2026-03-07 10:21:12.748561,,,,,Stephanie Halcrow,https://lda.senate.gov/api/v1/filings/ad044cf0-8880-43da-94bd-8ef6318b8752/,819,2222
2280,32ad9acd-3ead-4674-95f8-0287557e80c6,RR,Registration,2025,first_quarter,1st Quarter (Jan 1 - Mar 31),,2025-02-27 09:59:29,2026-03-07 10:21:12.753264,,,,,Soyoung Min,https://lda.senate.gov/api/v1/filings/32ad9acd-3ead-4674-95f8-0287557e80c6/,66,2223
2281,ffcf1c6a-675a-432d-9228-44a9652d5c80,RR,Registration,2025,first_quarter,1st Quarter (Jan 1 - Mar 31),,2025-02-27 11:03:39,2026-03-07 10:21:12.758088,,,,,Sonya Besteiro,https://lda.senate.gov/api/v1/filings/ffcf1c6a-675a-432d-9228-44a9652d5c80/,32,2224
2282,7daecf93-75d1-4d2b-b0fc-df59cbabea3f,RR,Registration,2025,first_quarter,1st Quarter (Jan 1 - Mar 31),,2025-02-27 11:05:18,2026-03-07 10:21:12.762476,,,,,Kenneth Swab,https://lda.senate.gov/api/v1/filings/7daecf93-75d1-4d2b-b0fc-df59cbabea3f/,290,2225
2283,3bece52d-ff35-45a3-b193-a87c1a15183c,RR,Registration,2025,first_quarter,1st Quarter (Jan 1 - Mar 31),,2025-02-27 11:29:02,2026-03-07 10:21:12.766981,,,,,Daniel J Delaney,https://lda.senate.gov/api/v1/filings/3bece52d-ff35-45a3-b193-a87c1a15183c/,820,2226
2286,908d2e01-c50d-438f-887d-070d90daff52,RR,Registration,2025,first_quarter,1st Quarter (Jan 1 - Mar 31),,2025-02-27 12:14:35,2026-03-07 10:21:12.781935,,,,,Anthony Campau,https://lda.senate.gov/api/v1/filings/908d2e01-c50d-438f-887d-070d90daff52/,821,2229
2864,56e1374f-4db3-495c-b8ca-913b52c8552d,RR,Registration,2025,first_quarter,1st Quarter (Jan 1 - Mar 31),,2025-03-18 14:10:39,2026-03-07 10:21:49.586093,,,,,Timothy R Hendrickson,https://lda.senate.gov/api/v1/filings/56e1374f-4db3-495c-b8ca-913b52c8552d/,496,2772
2287,7d9e001b-67c2-4204-b933-b1d77bf34857,RR,Registration,2025,first_quarter,1st Quarter (Jan 1 - Mar 31),,2025-02-27 14:01:37,2026-03-07 10:21:12.786577,,,,,Kellie Donnelly,https://lda.senate.gov/api/v1/filings/7d9e001b-67c2-4204-b933-b1d77bf34857/,426,2230
2288,3971b6a2-34d6-4366-b437-d750125c4ae4,RR,Registration,2025,first_quarter,1st Quarter (Jan 1 - Mar 31),,2025-02-27 15:00:03,2026-03-07 10:21:12.791336,,,,,"Andrew Tabler, Government Affairs Advisor",https://lda.senate.gov/api/v1/filings/3971b6a2-34d6-4366-b437-d750125c4ae4/,316,2231
2289,92d8b2c9-ca9e-46c9-9f7d-6d128bec6411,RR,Registration,2025,first_quarter,1st Quarter (Jan 1 - Mar 31),,2025-02-27 15:43:31,2026-03-07 10:21:12.796308,,,,,Stephanie Anne Gadbois,https://lda.senate.gov/api/v1/filings/92d8b2c9-ca9e-46c9-9f7d-6d128bec6411/,418,2232
2290,f428dbf2-02c4-484f-b635-07b9f3505079,RR,Registration,2025,first_quarter,1st Quarter (Jan 1 - Mar 31),,2025-02-27 16:18:57,2026-03-07 10:21:12.800657,,,,,Thomas Richey,https://lda.senate.gov/api/v1/filings/f428dbf2-02c4-484f-b635-07b9f3505079/,822,2233
2291,1389f75b-7855-4438-a403-afea36409f59,RR,Registration,2025,first_quarter,1st Quarter (Jan 1 - Mar 31),,2025-02-27 16:34:58,2026-03-07 10:21:12.806094,,,,,Noe Garcia III,https://lda.senate.gov/api/v1/filings/1389f75b-7855-4438-a403-afea36409f59/,30,2234
2292,4972a373-a05c-4b20-a9bb-461dc7df943a,RR,Registration,2025,first_quarter,1st Quarter (Jan 1 - Mar 31),,2025-02-27 16:44:57,2026-03-07 10:21:12.810914,,,,,Sarah Meek,https://lda.senate.gov/api/v1/filings/4972a373-a05c-4b20-a9bb-461dc7df943a/,814,2235
2293,abd1a7a2-5c7e-409a-ba17-42162c77f064,RR,Registration,2025,first_quarter,1st Quarter (Jan 1 - Mar 31),,2025-02-27 16:58:28,2026-03-07 10:21:12.816140,,,,,Noe Garcia III,https://lda.senate.gov/api/v1/filings/abd1a7a2-5c7e-409a-ba17-42162c77f064/,30,2236
2294,1faa8bea-9c34-4cdb-838d-73464ee8ccd2,RR,Registration,2025,first_quarter,1st Quarter (Jan 1 - Mar 31),,2025-02-27 17:07:50,2026-03-07 10:21:12.820890,,,,,Noe Garcia III,https://lda.senate.gov/api/v1/filings/1faa8bea-9c34-4cdb-838d-73464ee8ccd2/,30,2237
2295,c82b2e58-f4f2-4962-989c-33b53f91f000,RR,Registration,2025,first_quarter,1st Quarter (Jan 1 - Mar 31),,2025-02-27 17:08:52,2026-03-07 10:21:12.825823,,,,,Susan Emmer,https://lda.senate.gov/api/v1/filings/c82b2e58-f4f2-4962-989c-33b53f91f000/,598,2238
2296,e115ece8-9074-411c-9fec-ef3be11687e5,RR,Registration,2025,first_quarter,1st Quarter (Jan 1 - Mar 31),,2025-02-27 17:42:45,2026-03-07 10:21:12.830693,,,,,Erin C H Neal,https://lda.senate.gov/api/v1/filings/e115ece8-9074-411c-9fec-ef3be11687e5/,823,2239
2297,3949da62-2fed-4699-9bfc-c003b1a33642,RR,Registration,2025,first_quarter,1st Quarter (Jan 1 - Mar 31),,2025-02-27 17:49:08,2026-03-07 10:21:12.835603,,,,,Erin C H Neal,https://lda.senate.gov/api/v1/filings/3949da62-2fed-4699-9bfc-c003b1a33642/,823,2240
2298,782b38f3-0f53-40c3-b86a-8670a989fdfa,RR,Registration,2025,first_quarter,1st Quarter (Jan 1 - Mar 31),,2025-02-27 17:53:55,2026-03-07 10:21:12.840587,,,,,Adina Mincher,https://lda.senate.gov/api/v1/filings/782b38f3-0f53-40c3-b86a-8670a989fdfa/,52,2241
2299,d1ee01f7-0942-4a4a-80fb-c1b20f67c459,RR,Registration,2025,first_quarter,1st Quarter (Jan 1 - Mar 31),,2025-02-28 09:34:12,2026-03-07 10:21:12.844989,,,,,Sara Nuvy,https://lda.senate.gov/api/v1/filings/d1ee01f7-0942-4a4a-80fb-c1b20f67c459/,48,2242
2300,fd35aaa9-91fa-4cfb-85dd-b9066d65360c,RR,Registration,2025,first_quarter,1st Quarter (Jan 1 - Mar 31),,2025-02-28 09:42:04,2026-03-07 10:21:12.849861,,,,,Sara Nuvy,https://lda.senate.gov/api/v1/filings/fd35aaa9-91fa-4cfb-85dd-b9066d65360c/,48,2243
2301,9ef705eb-b883-4a66-9e4d-6907e6104616,RR,Registration,2025,first_quarter,1st Quarter (Jan 1 - Mar 31),,2025-02-28 10:10:24,2026-03-07 10:21:14.262991,,,,,Jim Mullen,https://lda.senate.gov/api/v1/filings/9ef705eb-b883-4a66-9e4d-6907e6104616/,824,2244
2302,0a0724d4-4fb9-4dcc-8a71-c94043468ade,RR,Registration,2025,first_quarter,1st Quarter (Jan 1 - Mar 31),,2025-02-28 10:17:23,2026-03-07 10:21:14.268401,,,,,"Stephen Roberts, Attorney & Agent for Filer",https://lda.senate.gov/api/v1/filings/0a0724d4-4fb9-4dcc-8a71-c94043468ade/,568,2245
2303,0c8e6068-b6f4-45a1-a68f-0488b3aa6e37,RR,Registration,2025,first_quarter,1st Quarter (Jan 1 - Mar 31),,2025-02-28 10:37:28,2026-03-07 10:21:14.273330,,,,,William Bates,https://lda.senate.gov/api/v1/filings/0c8e6068-b6f4-45a1-a68f-0488b3aa6e37/,825,2246
2304,0a496472-c29e-4d27-b79d-644864dcb10e,RR,Registration,2025,first_quarter,1st Quarter (Jan 1 - Mar 31),,2025-02-28 10:48:22,2026-03-07 10:21:14.278384,,,,,Alexis Searfoss,https://lda.senate.gov/api/v1/filings/0a496472-c29e-4d27-b79d-644864dcb10e/,305,2247
2305,288cde5a-a63c-40d1-8e14-7976c81ff37b,RR,Registration,2025,first_quarter,1st Quarter (Jan 1 - Mar 31),,2025-02-28 11:07:23,2026-03-07 10:21:14.284213,,,,,Alexis Searfoss,https://lda.senate.gov/api/v1/filings/288cde5a-a63c-40d1-8e14-7976c81ff37b/,305,2248
2306,21530e3a-e557-4fa5-9e76-307673abbf7f,RR,Registration,2025,first_quarter,1st Quarter (Jan 1 - Mar 31),,2025-02-28 11:14:43,2026-03-07 10:21:14.289082,,,,,Darci Greenacre,https://lda.senate.gov/api/v1/filings/21530e3a-e557-4fa5-9e76-307673abbf7f/,826,2249
2307,0c69b4b7-758b-4e99-8198-85d71a65b56c,RR,Registration,2025,first_quarter,1st Quarter (Jan 1 - Mar 31),,2025-02-28 11:15:23,2026-03-07 10:21:14.294108,,,,,Soyoung Min,https://lda.senate.gov/api/v1/filings/0c69b4b7-758b-4e99-8198-85d71a65b56c/,66,2250
2308,d2a02101-2e26-4b17-8509-7fb1e2a4cfa9,RR,Registration,2025,first_quarter,1st Quarter (Jan 1 - Mar 31),,2025-02-28 11:42:27,2026-03-07 10:21:14.299911,,,,,Beth Anne Cole,https://lda.senate.gov/api/v1/filings/d2a02101-2e26-4b17-8509-7fb1e2a4cfa9/,827,2251
2355,0149788f-c366-439a-998a-27c96d920532,RR,Registration,2025,first_quarter,1st Quarter (Jan 1 - Mar 31),,2025-03-03 11:00:35,2026-03-07 10:21:17.368729,,,,,Leah Conley,https://lda.senate.gov/api/v1/filings/0149788f-c366-439a-998a-27c96d920532/,349,2297
2356,ec41599a-07d8-4972-b5d6-4bb905681d68,RR,Registration,2025,first_quarter,1st Quarter (Jan 1 - Mar 31),,2025-03-03 11:24:48,2026-03-07 10:21:17.373054,,,,,Cheryl A. Leanza,https://lda.senate.gov/api/v1/filings/ec41599a-07d8-4972-b5d6-4bb905681d68/,839,2298
2357,c7c1c7dc-a52b-495c-bf96-e7d869b30bd2,RR,Registration,2025,first_quarter,1st Quarter (Jan 1 - Mar 31),,2025-03-03 11:50:09,2026-03-07 10:21:17.378369,,,,,Erin Siefring,https://lda.senate.gov/api/v1/filings/c7c1c7dc-a52b-495c-bf96-e7d869b30bd2/,774,2299
2737,fbc684c0-3931-4b8b-a9ea-ae24941efc9b,RA,Registration - Amendment,2025,first_quarter,1st Quarter (Jan 1 - Mar 31),,2025-03-14 17:12:40,2026-03-07 10:21:41.451661,,,,,Lacey Hofmeyer,https://lda.senate.gov/api/v1/filings/fbc684c0-3931-4b8b-a9ea-ae24941efc9b/,544,2511
2738,4558cdf3-8514-4b2a-9773-9e95e06a84e3,RR,Registration,2025,first_quarter,1st Quarter (Jan 1 - Mar 31),,2025-03-14 17:29:26,2026-03-07 10:21:41.456653,,,,,Lacey Hofmeyer,https://lda.senate.gov/api/v1/filings/4558cdf3-8514-4b2a-9773-9e95e06a84e3/,544,2652
2309,83db1828-dcfe-4f79-b2c1-931cf917e414,RR,Registration,2025,first_quarter,1st Quarter (Jan 1 - Mar 31),,2025-02-28 11:49:51,2026-03-07 10:21:14.305472,,,,,Alexis Searfoss,https://lda.senate.gov/api/v1/filings/83db1828-dcfe-4f79-b2c1-931cf917e414/,305,2252
2865,75708008-d0e3-486e-84a6-750d14edeb1c,RR,Registration,2025,first_quarter,1st Quarter (Jan 1 - Mar 31),,2025-03-18 14:21:03,2026-03-07 10:21:49.591756,,,,,John Barsa,https://lda.senate.gov/api/v1/filings/75708008-d0e3-486e-84a6-750d14edeb1c/,941,2773
2310,aafd0c03-13a2-403e-a7a1-dd6b7d5bfa9e,1T,1st Quarter - Termination,2025,first_quarter,1st Quarter (Jan 1 - Mar 31),,2025-02-28 12:12:39,2026-03-07 10:21:14.310268,40000.0,,,,Timothy F. Hannegan,https://lda.senate.gov/api/v1/filings/aafd0c03-13a2-403e-a7a1-dd6b7d5bfa9e/,828,2253
2311,62f18129-9950-4c3a-ac2e-34d57b9c600a,RR,Registration,2025,first_quarter,1st Quarter (Jan 1 - Mar 31),,2025-02-28 13:21:39,2026-03-07 10:21:14.315241,,,,,Shira Hollander,https://lda.senate.gov/api/v1/filings/62f18129-9950-4c3a-ac2e-34d57b9c600a/,727,2254
2866,1144a9b8-bc66-4475-b04c-60d41c8d51a6,RA,Registration - Amendment,2025,first_quarter,1st Quarter (Jan 1 - Mar 31),,2025-03-18 14:43:32,2026-03-07 10:21:49.596569,,,,,Cristina Antelo,https://lda.senate.gov/api/v1/filings/1144a9b8-bc66-4475-b04c-60d41c8d51a6/,880,2774
2312,30cd9312-8361-4797-9173-125b68f5fcf1,RR,Registration,2025,first_quarter,1st Quarter (Jan 1 - Mar 31),,2025-02-28 13:52:50,2026-03-07 10:21:14.320371,,,,,"William Moschella, Attorney at Law",https://lda.senate.gov/api/v1/filings/30cd9312-8361-4797-9173-125b68f5fcf1/,16,2255
2867,712e4f9c-16f8-4b39-a541-a0116e85e38e,RR,Registration,2025,first_quarter,1st Quarter (Jan 1 - Mar 31),,2025-03-18 14:50:16,2026-03-07 10:21:49.600946,,,,,Cristina Antelo,https://lda.senate.gov/api/v1/filings/712e4f9c-16f8-4b39-a541-a0116e85e38e/,880,2775
2313,b579101d-a3e1-484c-8bdd-6be66aebc94f,RR,Registration,2025,first_quarter,1st Quarter (Jan 1 - Mar 31),,2025-02-28 13:55:40,2026-03-07 10:21:14.325308,,,,,"Andrew Tabler, Government Affairs Advisor",https://lda.senate.gov/api/v1/filings/b579101d-a3e1-484c-8bdd-6be66aebc94f/,316,2256
2314,d419671f-7bb8-4101-aa74-6d3b212beec2,1T,1st Quarter - Termination,2025,first_quarter,1st Quarter (Jan 1 - Mar 31),,2025-02-28 14:27:09,2026-03-07 10:21:14.329822,30000.0,,,,HWM III,https://lda.senate.gov/api/v1/filings/d419671f-7bb8-4101-aa74-6d3b212beec2/,829,2257
2315,08b0606e-99f7-48a5-8b20-5d922cae95dd,RR,Registration,2025,first_quarter,1st Quarter (Jan 1 - Mar 31),,2025-02-28 15:14:29,2026-03-07 10:21:14.334439,,,,,James O'Keeffe,https://lda.senate.gov/api/v1/filings/08b0606e-99f7-48a5-8b20-5d922cae95dd/,830,2258
2316,e84c48e4-b8e3-4ba5-a8c5-0b12f34acf18,RR,Registration,2025,first_quarter,1st Quarter (Jan 1 - Mar 31),,2025-02-28 15:24:16,2026-03-07 10:21:14.339688,,,,,Mike Nielsen,https://lda.senate.gov/api/v1/filings/e84c48e4-b8e3-4ba5-a8c5-0b12f34acf18/,699,2259
2317,73bc9417-8360-4a32-a201-5274596176b5,RR,Registration,2025,first_quarter,1st Quarter (Jan 1 - Mar 31),,2025-02-28 15:26:53,2026-03-07 10:21:14.345394,,,,,James O'Keeffe,https://lda.senate.gov/api/v1/filings/73bc9417-8360-4a32-a201-5274596176b5/,830,2260
2318,84c5fdcb-0be1-408b-a6d3-c5063f76cf91,RR,Registration,2025,first_quarter,1st Quarter (Jan 1 - Mar 31),,2025-02-28 15:28:09,2026-03-07 10:21:14.349991,,,,,HWM III,https://lda.senate.gov/api/v1/filings/84c5fdcb-0be1-408b-a6d3-c5063f76cf91/,829,2261
2319,cd187f5b-3ff5-4a54-9270-0eab0128f3db,RR,Registration,2025,first_quarter,1st Quarter (Jan 1 - Mar 31),,2025-02-28 15:33:51,2026-03-07 10:21:14.354161,,,,,Mike Nielsen,https://lda.senate.gov/api/v1/filings/cd187f5b-3ff5-4a54-9270-0eab0128f3db/,699,2262
2320,20357dfd-3f25-4c28-b09f-973711775d29,RR,Registration,2025,first_quarter,1st Quarter (Jan 1 - Mar 31),,2025-02-28 15:40:53,2026-03-07 10:21:14.359110,,,,,Anthony Campau,https://lda.senate.gov/api/v1/filings/20357dfd-3f25-4c28-b09f-973711775d29/,821,2263
2321,85850ea2-1cb2-49d6-a38a-657abca14a67,RR,Registration,2025,first_quarter,1st Quarter (Jan 1 - Mar 31),,2025-02-28 15:56:57,2026-03-07 10:21:14.364081,,,,,Andrew Vecera,https://lda.senate.gov/api/v1/filings/85850ea2-1cb2-49d6-a38a-657abca14a67/,831,2264
2322,cbb285bf-b0af-447f-b398-3197e2544276,RR,Registration,2025,first_quarter,1st Quarter (Jan 1 - Mar 31),,2025-02-28 16:04:54,2026-03-07 10:21:14.369554,,,,,Anthony Campau,https://lda.senate.gov/api/v1/filings/cbb285bf-b0af-447f-b398-3197e2544276/,821,2265
2323,426683b3-5351-44b8-bcac-96f2c45a3741,RR,Registration,2025,first_quarter,1st Quarter (Jan 1 - Mar 31),,2025-02-28 16:31:13,2026-03-07 10:21:14.374243,,,,,Travis Wussow,https://lda.senate.gov/api/v1/filings/426683b3-5351-44b8-bcac-96f2c45a3741/,832,2266
2324,bc6cfd2b-1e51-4c3e-bde1-ee5f1713e4ad,RR,Registration,2025,first_quarter,1st Quarter (Jan 1 - Mar 31),,2025-02-28 16:41:33,2026-03-07 10:21:14.379522,,,,,Anthony Campau,https://lda.senate.gov/api/v1/filings/bc6cfd2b-1e51-4c3e-bde1-ee5f1713e4ad/,821,2267
2325,c6c65bd9-505a-41e4-9c7f-be298a39bb68,RR,Registration,2025,first_quarter,1st Quarter (Jan 1 - Mar 31),,2025-02-28 16:45:05,2026-03-07 10:21:14.384614,,,,,Travis Wussow,https://lda.senate.gov/api/v1/filings/c6c65bd9-505a-41e4-9c7f-be298a39bb68/,832,2268
2326,e96bab38-7994-411f-8731-8c1d538733a0,RR,Registration,2025,first_quarter,1st Quarter (Jan 1 - Mar 31),,2025-02-28 16:54:52,2026-03-07 10:21:15.821258,,,,,Travis Wussow,https://lda.senate.gov/api/v1/filings/e96bab38-7994-411f-8731-8c1d538733a0/,832,2269
2327,afa36987-6a49-418d-8aa3-ef94c3020fc8,RR,Registration,2025,first_quarter,1st Quarter (Jan 1 - Mar 31),,2025-02-28 17:02:59,2026-03-07 10:21:15.826854,,,,,Travis Wussow,https://lda.senate.gov/api/v1/filings/afa36987-6a49-418d-8aa3-ef94c3020fc8/,832,2270
2328,7c6cefed-bdf7-4cd4-8c66-7d6df20a711d,RR,Registration,2025,first_quarter,1st Quarter (Jan 1 - Mar 31),,2025-02-28 17:04:48,2026-03-07 10:21:15.832092,,,,,Anthony Campau,https://lda.senate.gov/api/v1/filings/7c6cefed-bdf7-4cd4-8c66-7d6df20a711d/,821,2271
2329,fddc21c0-b2ef-4152-b80e-4bb90ac3bf5a,RR,Registration,2025,first_quarter,1st Quarter (Jan 1 - Mar 31),,2025-02-28 17:10:17,2026-03-07 10:21:15.836680,,,,,Travis Wussow,https://lda.senate.gov/api/v1/filings/fddc21c0-b2ef-4152-b80e-4bb90ac3bf5a/,832,2272
2330,f7f44bbd-ab22-4596-a32d-a914ecd14a4f,RR,Registration,2025,first_quarter,1st Quarter (Jan 1 - Mar 31),,2025-02-28 17:17:29,2026-03-07 10:21:15.841490,,,,,Travis Wussow,https://lda.senate.gov/api/v1/filings/f7f44bbd-ab22-4596-a32d-a914ecd14a4f/,832,2273
2331,1cc0a0d1-84ba-4789-b3fe-dc5490e05f9e,RR,Registration,2025,first_quarter,1st Quarter (Jan 1 - Mar 31),,2025-02-28 18:41:22,2026-03-07 10:21:15.846930,,,,,Laura Joshua,https://lda.senate.gov/api/v1/filings/1cc0a0d1-84ba-4789-b3fe-dc5490e05f9e/,432,2274
2332,37dccb76-d9e9-4920-b438-eec47e7c7ca2,RR,Registration,2025,first_quarter,1st Quarter (Jan 1 - Mar 31),,2025-03-01 14:37:58,2026-03-07 10:21:15.851548,,,,,Jake Johnston,https://lda.senate.gov/api/v1/filings/37dccb76-d9e9-4920-b438-eec47e7c7ca2/,41,80
2333,f0d31b7e-0071-449e-9eb3-a5073f6d0efd,RR,Registration,2025,first_quarter,1st Quarter (Jan 1 - Mar 31),,2025-03-01 19:08:03,2026-03-07 10:21:15.855895,,,,,"Jonathon Jones, Partner",https://lda.senate.gov/api/v1/filings/f0d31b7e-0071-449e-9eb3-a5073f6d0efd/,450,2275
2868,0f0c540c-2173-441a-9097-91447eb7ae37,RR,Registration,2025,first_quarter,1st Quarter (Jan 1 - Mar 31),,2025-03-18 14:52:51,2026-03-07 10:21:49.605622,,,,,Ryan Vassar,https://lda.senate.gov/api/v1/filings/0f0c540c-2173-441a-9097-91447eb7ae37/,942,2776
2334,7e8d96d7-64d5-469d-ac5e-86734044214c,RR,Registration,2025,first_quarter,1st Quarter (Jan 1 - Mar 31),,2025-03-01 21:52:53,2026-03-07 10:21:15.860802,,,,,Christina Jolley,https://lda.senate.gov/api/v1/filings/7e8d96d7-64d5-469d-ac5e-86734044214c/,833,2276
2869,c2aabcce-635f-4306-bf95-cd8e638577c2,RR,Registration,2025,first_quarter,1st Quarter (Jan 1 - Mar 31),,2025-03-18 15:29:22,2026-03-07 10:21:49.610463,,,,,Christopher Payne,https://lda.senate.gov/api/v1/filings/c2aabcce-635f-4306-bf95-cd8e638577c2/,943,2777
2335,fd950216-c01b-4135-978e-7cd15e89ba41,RR,Registration,2025,first_quarter,1st Quarter (Jan 1 - Mar 31),,2025-03-02 10:44:26,2026-03-07 10:21:15.866006,,,,,Sarah Christopherson,https://lda.senate.gov/api/v1/filings/fd950216-c01b-4135-978e-7cd15e89ba41/,834,2277
2336,b61fe00a-b834-4c80-850a-f652866f96e7,RR,Registration,2025,first_quarter,1st Quarter (Jan 1 - Mar 31),,2025-03-02 14:44:36,2026-03-07 10:21:15.870620,,,,,Beth Anne Cole,https://lda.senate.gov/api/v1/filings/b61fe00a-b834-4c80-850a-f652866f96e7/,25,2278
2870,9ec0d879-0c3d-4d50-b585-2e9da3be8e5d,RR,Registration,2025,first_quarter,1st Quarter (Jan 1 - Mar 31),,2025-03-18 15:36:27,2026-03-07 10:21:49.616321,,,,,Heather Hennessey,https://lda.senate.gov/api/v1/filings/9ec0d879-0c3d-4d50-b585-2e9da3be8e5d/,944,2778
2337,6ca06092-746c-4c99-8abb-b437349a036f,1T,1st Quarter - Termination,2025,first_quarter,1st Quarter (Jan 1 - Mar 31),,2025-03-02 15:21:01,2026-03-07 10:21:15.874933,15000.0,,,,Marco Gonzales,https://lda.senate.gov/api/v1/filings/6ca06092-746c-4c99-8abb-b437349a036f/,835,2279
2338,96a1cb15-12b0-4282-ab83-bef24182f0bc,1T,1st Quarter - Termination,2025,first_quarter,1st Quarter (Jan 1 - Mar 31),,2025-03-02 21:37:29,2026-03-07 10:21:15.880447,30000.0,,,,"T.J. Petrizzo, Chairman & CEO",https://lda.senate.gov/api/v1/filings/96a1cb15-12b0-4282-ab83-bef24182f0bc/,303,2280
2339,a704e9f6-1787-4781-bbcc-0507f64a6bff,1T,1st Quarter - Termination,2025,first_quarter,1st Quarter (Jan 1 - Mar 31),,2025-03-02 21:43:24,2026-03-07 10:21:15.885840,30000.0,,,,"T.J. Petrizzo, Chairman & CEO",https://lda.senate.gov/api/v1/filings/a704e9f6-1787-4781-bbcc-0507f64a6bff/,303,2281
2340,968e0cf9-0359-4931-82a5-26fc8a2948b7,RR,Registration,2025,first_quarter,1st Quarter (Jan 1 - Mar 31),,2025-03-03 07:45:47,2026-03-07 10:21:15.891139,,,,,Sara Nuvy,https://lda.senate.gov/api/v1/filings/968e0cf9-0359-4931-82a5-26fc8a2948b7/,48,2282
2341,2118a736-deb7-44a9-97f1-7a66542d12b3,RR,Registration,2025,first_quarter,1st Quarter (Jan 1 - Mar 31),,2025-03-03 07:55:45,2026-03-07 10:21:15.895960,,,,,Sara Nuvy,https://lda.senate.gov/api/v1/filings/2118a736-deb7-44a9-97f1-7a66542d12b3/,48,2283
2342,ba58629c-247c-4113-bfe8-cc86a321f2ea,RR,Registration,2025,first_quarter,1st Quarter (Jan 1 - Mar 31),,2025-03-03 08:18:20,2026-03-07 10:21:15.901015,,,,,Christine Schaut,https://lda.senate.gov/api/v1/filings/ba58629c-247c-4113-bfe8-cc86a321f2ea/,268,2284
2343,1111c35d-0578-44d6-8885-4be671fcef22,RR,Registration,2025,first_quarter,1st Quarter (Jan 1 - Mar 31),,2025-03-03 08:34:02,2026-03-07 10:21:15.905780,,,,,Nicole Dade,https://lda.senate.gov/api/v1/filings/1111c35d-0578-44d6-8885-4be671fcef22/,236,2285
2344,131062d3-6b41-4802-838c-ea9a84b2c33d,RR,Registration,2025,first_quarter,1st Quarter (Jan 1 - Mar 31),,2025-03-03 09:09:41,2026-03-07 10:21:15.911283,,,,,Patrick Tully,https://lda.senate.gov/api/v1/filings/131062d3-6b41-4802-838c-ea9a84b2c33d/,836,2286
2345,6faa1032-a2e5-4bf9-ad54-add252aa0117,RR,Registration,2025,first_quarter,1st Quarter (Jan 1 - Mar 31),,2025-03-03 10:05:05,2026-03-07 10:21:15.917610,,,,,Mike Nielsen,https://lda.senate.gov/api/v1/filings/6faa1032-a2e5-4bf9-ad54-add252aa0117/,699,2287
2346,78ca4abc-ba35-4309-af71-63b9725f9e3f,RR,Registration,2025,first_quarter,1st Quarter (Jan 1 - Mar 31),,2025-03-03 10:27:38,2026-03-07 10:21:15.922934,,,,,"Nicole Kelly, Attorney & Agent for Filer",https://lda.senate.gov/api/v1/filings/78ca4abc-ba35-4309-af71-63b9725f9e3f/,837,2288
2347,25befe7f-da89-4a7b-b08d-9b4368c38c7d,RR,Registration,2025,first_quarter,1st Quarter (Jan 1 - Mar 31),,2025-03-03 10:29:22,2026-03-07 10:21:15.928288,,,,,Leah Conley,https://lda.senate.gov/api/v1/filings/25befe7f-da89-4a7b-b08d-9b4368c38c7d/,349,2289
2348,da21f245-9770-4a93-991e-e6077ddf1fda,RR,Registration,2025,first_quarter,1st Quarter (Jan 1 - Mar 31),,2025-03-03 10:33:03,2026-03-07 10:21:15.932721,,,,,"Richard M. Gold, Partner",https://lda.senate.gov/api/v1/filings/da21f245-9770-4a93-991e-e6077ddf1fda/,360,2290
2349,d3b07928-bdd0-45ff-923d-2b2c88b32acd,RR,Registration,2025,first_quarter,1st Quarter (Jan 1 - Mar 31),,2025-03-03 10:38:46,2026-03-07 10:21:15.937439,,,,,Jennifer Place,https://lda.senate.gov/api/v1/filings/d3b07928-bdd0-45ff-923d-2b2c88b32acd/,838,2291
2376,a3c0c009-62e0-43db-89bf-364b0d69134b,RR,Registration,2025,first_quarter,1st Quarter (Jan 1 - Mar 31),,2025-03-03 15:43:10,2026-03-07 10:21:18.799920,,,,,Mitchell Vakerics,https://lda.senate.gov/api/v1/filings/a3c0c009-62e0-43db-89bf-364b0d69134b/,844,2317
2377,4869b4c9-ce4b-4a03-8239-18a1d57568aa,RR,Registration,2025,first_quarter,1st Quarter (Jan 1 - Mar 31),,2025-03-03 15:44:41,2026-03-07 10:21:18.805875,,,,,Jared Rifis,https://lda.senate.gov/api/v1/filings/4869b4c9-ce4b-4a03-8239-18a1d57568aa/,845,2318
2378,aa24d099-e995-463e-8b05-54f69639d0eb,RR,Registration,2025,first_quarter,1st Quarter (Jan 1 - Mar 31),,2025-03-03 15:46:19,2026-03-07 10:21:18.811896,,,,,Robert Babbage,https://lda.senate.gov/api/v1/filings/aa24d099-e995-463e-8b05-54f69639d0eb/,846,2319
2379,4b564466-c1d9-4c07-832b-47f09cef2227,RR,Registration,2025,first_quarter,1st Quarter (Jan 1 - Mar 31),,2025-03-03 15:52:59,2026-03-07 10:21:18.817333,,,,,Jennifer Dionne,https://lda.senate.gov/api/v1/filings/4b564466-c1d9-4c07-832b-47f09cef2227/,843,2320
2380,07b8c491-4b01-43d8-9cbc-6ccb93901b89,RR,Registration,2025,first_quarter,1st Quarter (Jan 1 - Mar 31),,2025-03-03 15:56:57,2026-03-07 10:21:18.822140,,,,,Jennifer Dionne,https://lda.senate.gov/api/v1/filings/07b8c491-4b01-43d8-9cbc-6ccb93901b89/,843,2321
2381,74e8a37f-c4b4-4fc0-846a-7b78e7619eb3,RR,Registration,2025,first_quarter,1st Quarter (Jan 1 - Mar 31),,2025-03-03 15:57:22,2026-03-07 10:21:18.826838,,,,,Mitchell Vakerics,https://lda.senate.gov/api/v1/filings/74e8a37f-c4b4-4fc0-846a-7b78e7619eb3/,844,2322
2382,8feb90be-fa60-4a1f-af43-44998bf07cf3,RR,Registration,2025,first_quarter,1st Quarter (Jan 1 - Mar 31),,2025-03-03 16:00:07,2026-03-07 10:21:18.831740,,,,,Jennifer Dionne,https://lda.senate.gov/api/v1/filings/8feb90be-fa60-4a1f-af43-44998bf07cf3/,843,2323
2358,72ddd524-8e69-4885-ba59-dcf51e39dc49,RR,Registration,2025,first_quarter,1st Quarter (Jan 1 - Mar 31),,2025-03-03 11:58:59,2026-03-07 10:21:17.383018,,,,,Brent Farley,https://lda.senate.gov/api/v1/filings/72ddd524-8e69-4885-ba59-dcf51e39dc49/,461,942
2871,b185f33b-581f-4ab6-b929-678b7cc28693,Q1,1st Quarter - Report,2025,first_quarter,1st Quarter (Jan 1 - Mar 31),,2025-03-18 15:58:40,2026-03-07 10:21:49.622143,10000.0,,,,Sebastian O'Kelly,https://lda.senate.gov/api/v1/filings/b185f33b-581f-4ab6-b929-678b7cc28693/,595,2779
2359,bef62435-745f-4407-b23f-edc4bf080af4,RR,Registration,2025,first_quarter,1st Quarter (Jan 1 - Mar 31),,2025-03-03 12:15:40,2026-03-07 10:21:17.387224,,,,,Geoff Davis,https://lda.senate.gov/api/v1/filings/bef62435-745f-4407-b23f-edc4bf080af4/,547,2300
2872,e5feb103-9fd1-450e-8b02-25c0d322221c,RR,Registration,2025,first_quarter,1st Quarter (Jan 1 - Mar 31),,2025-03-18 16:07:58,2026-03-07 10:21:49.628435,,,,,Carlton Kyle Jackson,https://lda.senate.gov/api/v1/filings/e5feb103-9fd1-450e-8b02-25c0d322221c/,945,2780
2360,49804e61-3526-41ce-9921-bf9744a35e0f,RR,Registration,2025,first_quarter,1st Quarter (Jan 1 - Mar 31),,2025-03-03 12:28:23,2026-03-07 10:21:17.392000,,,,,Kenneth Swab,https://lda.senate.gov/api/v1/filings/49804e61-3526-41ce-9921-bf9744a35e0f/,585,2301
2361,660fdd36-a495-4cfb-aab3-4548ca95c26f,RR,Registration,2025,first_quarter,1st Quarter (Jan 1 - Mar 31),,2025-03-03 13:01:18,2026-03-07 10:21:17.396569,,,,,Bonnie Shindelman,https://lda.senate.gov/api/v1/filings/660fdd36-a495-4cfb-aab3-4548ca95c26f/,457,2302
2873,06ab37ab-2a40-472a-a6bf-37b492e6c285,RR,Registration,2025,first_quarter,1st Quarter (Jan 1 - Mar 31),,2025-03-18 16:09:39,2026-03-07 10:21:49.634109,,,,,Jared Rifis,https://lda.senate.gov/api/v1/filings/06ab37ab-2a40-472a-a6bf-37b492e6c285/,845,2781
2362,66677189-ca34-422f-80d4-8137ef5c32c8,RR,Registration,2025,first_quarter,1st Quarter (Jan 1 - Mar 31),,2025-03-03 13:16:21,2026-03-07 10:21:17.401351,,,,,"Glenn Willard, Of Counsel",https://lda.senate.gov/api/v1/filings/66677189-ca34-422f-80d4-8137ef5c32c8/,288,2303
2874,6010c6ca-da23-46a0-8aa2-8404478fe13c,RR,Registration,2025,first_quarter,1st Quarter (Jan 1 - Mar 31),,2025-03-18 16:36:40,2026-03-07 10:21:49.639065,,,,,Jared Rifis,https://lda.senate.gov/api/v1/filings/6010c6ca-da23-46a0-8aa2-8404478fe13c/,845,2782
2363,03ec0cde-28d7-41da-abda-87105b286582,RR,Registration,2025,first_quarter,1st Quarter (Jan 1 - Mar 31),,2025-03-03 13:18:22,2026-03-07 10:21:17.405950,,,,,Timothy R Pollard,https://lda.senate.gov/api/v1/filings/03ec0cde-28d7-41da-abda-87105b286582/,840,2304
2364,9cafb5e7-ae32-46c0-bade-16819edf4b72,RR,Registration,2025,first_quarter,1st Quarter (Jan 1 - Mar 31),,2025-03-03 13:22:10,2026-03-07 10:21:17.411136,,,,,Timothy R Pollard,https://lda.senate.gov/api/v1/filings/9cafb5e7-ae32-46c0-bade-16819edf4b72/,840,2305
2875,c9df2e06-4217-4cd8-ae31-fa7fba28ecb5,RR,Registration,2025,first_quarter,1st Quarter (Jan 1 - Mar 31),,2025-03-18 16:37:24,2026-03-07 10:21:49.643921,,,,,Cristina Antelo,https://lda.senate.gov/api/v1/filings/c9df2e06-4217-4cd8-ae31-fa7fba28ecb5/,880,2783
2365,80306a24-e921-4aca-a978-a380fe0b0600,RR,Registration,2025,first_quarter,1st Quarter (Jan 1 - Mar 31),,2025-03-03 14:56:16,2026-03-07 10:21:17.416467,,,,,Margo Klosterman,https://lda.senate.gov/api/v1/filings/80306a24-e921-4aca-a978-a380fe0b0600/,841,2306
2876,03c6f0a0-4393-4d74-a181-065643cde7a3,RR,Registration,2025,first_quarter,1st Quarter (Jan 1 - Mar 31),,2025-03-18 16:48:50,2026-03-07 10:21:51.105451,,,,,Emmanuel Ezeh,https://lda.senate.gov/api/v1/filings/03c6f0a0-4393-4d74-a181-065643cde7a3/,946,2784
2366,c1c6e9ce-a714-4a6e-804c-9722213ee922,RR,Registration,2025,first_quarter,1st Quarter (Jan 1 - Mar 31),,2025-03-03 14:57:41,2026-03-07 10:21:17.422152,,,,,Chuck Flint,https://lda.senate.gov/api/v1/filings/c1c6e9ce-a714-4a6e-804c-9722213ee922/,842,2307
2367,e83d466b-0948-47fe-9600-ba6e8d3ac204,RR,Registration,2025,first_quarter,1st Quarter (Jan 1 - Mar 31),,2025-03-03 15:01:55,2026-03-07 10:21:17.427109,,,,,Margo Klosterman,https://lda.senate.gov/api/v1/filings/e83d466b-0948-47fe-9600-ba6e8d3ac204/,841,2308
2877,e4ac482b-13d1-4fad-9c63-38692630da3f,RR,Registration,2025,first_quarter,1st Quarter (Jan 1 - Mar 31),,2025-03-18 17:01:16,2026-03-07 10:21:51.111202,,,,,Jared Rifis,https://lda.senate.gov/api/v1/filings/e4ac482b-13d1-4fad-9c63-38692630da3f/,845,2785
2368,46b334bc-349f-41b6-b69a-d65552bd2180,RR,Registration,2025,first_quarter,1st Quarter (Jan 1 - Mar 31),,2025-03-03 15:06:42,2026-03-07 10:21:17.431866,,,,,Margo Klosterman,https://lda.senate.gov/api/v1/filings/46b334bc-349f-41b6-b69a-d65552bd2180/,841,2309
2878,3cd456f3-d90d-4a96-9383-dca4e7953132,RR,Registration,2025,first_quarter,1st Quarter (Jan 1 - Mar 31),,2025-03-18 17:09:46,2026-03-07 10:21:51.116071,,,,,Ann Kurowski,https://lda.senate.gov/api/v1/filings/3cd456f3-d90d-4a96-9383-dca4e7953132/,947,2786
2369,39362292-c325-4977-8cac-bcd1ef41c0d6,RR,Registration,2025,first_quarter,1st Quarter (Jan 1 - Mar 31),,2025-03-03 15:11:52,2026-03-07 10:21:17.435994,,,,,Jhamileth Delgado,https://lda.senate.gov/api/v1/filings/39362292-c325-4977-8cac-bcd1ef41c0d6/,485,2310
2370,b27ea9a9-49e1-480a-beb6-93161bde0977,RR,Registration,2025,first_quarter,1st Quarter (Jan 1 - Mar 31),,2025-03-03 15:12:38,2026-03-07 10:21:17.440401,,,,,Jennifer Dionne,https://lda.senate.gov/api/v1/filings/b27ea9a9-49e1-480a-beb6-93161bde0977/,843,2311
2879,d38be6e1-f9dc-46f9-a582-7b0206320dfa,RR,Registration,2025,first_quarter,1st Quarter (Jan 1 - Mar 31),,2025-03-18 17:20:07,2026-03-07 10:21:51.121382,,,,,Jared Rifis,https://lda.senate.gov/api/v1/filings/d38be6e1-f9dc-46f9-a582-7b0206320dfa/,845,2787
2371,843d7dd1-3311-4208-86de-9fbe1e79a97a,RR,Registration,2025,first_quarter,1st Quarter (Jan 1 - Mar 31),,2025-03-03 15:18:34,2026-03-07 10:21:17.445474,,,,,Jennifer Dionne,https://lda.senate.gov/api/v1/filings/843d7dd1-3311-4208-86de-9fbe1e79a97a/,843,2312
2372,ea1a4d65-7604-4245-8ece-fe70fba9dbb5,RR,Registration,2025,first_quarter,1st Quarter (Jan 1 - Mar 31),,2025-03-03 15:25:21,2026-03-07 10:21:17.450051,,,,,Jennifer Dionne,https://lda.senate.gov/api/v1/filings/ea1a4d65-7604-4245-8ece-fe70fba9dbb5/,843,2313
2373,f97f734b-f15d-4bb5-8b6c-1132e7176d97,RR,Registration,2025,first_quarter,1st Quarter (Jan 1 - Mar 31),,2025-03-03 15:33:35,2026-03-07 10:21:17.455054,,,,,Mitchell Vakerics,https://lda.senate.gov/api/v1/filings/f97f734b-f15d-4bb5-8b6c-1132e7176d97/,844,2314
2374,f428c317-1eaa-45d5-95c3-080137bb36c8,RR,Registration,2025,first_quarter,1st Quarter (Jan 1 - Mar 31),,2025-03-03 15:36:10,2026-03-07 10:21:17.460150,,,,,Jennifer Dionne,https://lda.senate.gov/api/v1/filings/f428c317-1eaa-45d5-95c3-080137bb36c8/,843,2315
2375,4f57e2fb-90a9-49f9-b6bd-528b25ce1653,RA,Registration - Amendment,2025,first_quarter,1st Quarter (Jan 1 - Mar 31),,2025-03-03 15:37:34,2026-03-07 10:21:17.464552,,,,,"Richard M. Gold, Partner",https://lda.senate.gov/api/v1/filings/4f57e2fb-90a9-49f9-b6bd-528b25ce1653/,360,2316
2383,7a5caa4b-c5ea-41ee-b33d-a805a60850d4,RR,Registration,2025,first_quarter,1st Quarter (Jan 1 - Mar 31),,2025-03-03 16:05:21,2026-03-07 10:21:18.836462,,,,,Jennifer Dionne,https://lda.senate.gov/api/v1/filings/7a5caa4b-c5ea-41ee-b33d-a805a60850d4/,843,2324
2880,e6e2e01a-07bd-4452-babd-4f1228473f97,RR,Registration,2025,first_quarter,1st Quarter (Jan 1 - Mar 31),,2025-03-18 17:30:45,2026-03-07 10:21:51.126536,,,,,Sonya Besteiro,https://lda.senate.gov/api/v1/filings/e6e2e01a-07bd-4452-babd-4f1228473f97/,32,2788
2384,fcf84090-89bd-4556-9044-8f1a1647c673,RR,Registration,2025,first_quarter,1st Quarter (Jan 1 - Mar 31),,2025-03-03 16:10:14,2026-03-07 10:21:18.840864,,,,,Jennifer Dionne,https://lda.senate.gov/api/v1/filings/fcf84090-89bd-4556-9044-8f1a1647c673/,843,2325
2385,f0ff8725-0811-4057-8644-15f19f7439b2,RR,Registration,2025,first_quarter,1st Quarter (Jan 1 - Mar 31),,2025-03-03 16:10:15,2026-03-07 10:21:18.845263,,,,,Katie (Catharine) Bailey,https://lda.senate.gov/api/v1/filings/f0ff8725-0811-4057-8644-15f19f7439b2/,847,2326
2386,049157b5-3ec6-4628-8d55-38b2084f7774,RR,Registration,2025,first_quarter,1st Quarter (Jan 1 - Mar 31),,2025-03-03 16:14:16,2026-03-07 10:21:18.850075,,,,,Jennifer Dionne,https://lda.senate.gov/api/v1/filings/049157b5-3ec6-4628-8d55-38b2084f7774/,843,2327
2387,de296a45-0503-440f-a24a-5db08da83158,RR,Registration,2025,first_quarter,1st Quarter (Jan 1 - Mar 31),,2025-03-03 16:19:17,2026-03-07 10:21:18.854576,,,,,Jennifer Dionne,https://lda.senate.gov/api/v1/filings/de296a45-0503-440f-a24a-5db08da83158/,843,2328
2388,14ffcebf-d5be-40ed-ad30-0929f7f569b3,RR,Registration,2025,first_quarter,1st Quarter (Jan 1 - Mar 31),,2025-03-03 16:23:22,2026-03-07 10:21:18.859505,,,,,Jared Rifis,https://lda.senate.gov/api/v1/filings/14ffcebf-d5be-40ed-ad30-0929f7f569b3/,845,2329
2389,4892c859-1c96-4004-af51-3295e1b7fedf,RR,Registration,2025,first_quarter,1st Quarter (Jan 1 - Mar 31),,2025-03-03 16:23:37,2026-03-07 10:21:18.865831,,,,,Jennifer Dionne,https://lda.senate.gov/api/v1/filings/4892c859-1c96-4004-af51-3295e1b7fedf/,843,2330
2390,7ed32737-d514-4d0a-8e0c-906141557dc7,RR,Registration,2025,first_quarter,1st Quarter (Jan 1 - Mar 31),,2025-03-03 16:28:11,2026-03-07 10:21:18.870840,,,,,Jennifer Dionne,https://lda.senate.gov/api/v1/filings/7ed32737-d514-4d0a-8e0c-906141557dc7/,843,2331
2391,2a875485-45e1-43f2-8183-add28479c538,RR,Registration,2025,first_quarter,1st Quarter (Jan 1 - Mar 31),,2025-03-03 16:31:41,2026-03-07 10:21:18.875711,,,,,Jennifer Dionne,https://lda.senate.gov/api/v1/filings/2a875485-45e1-43f2-8183-add28479c538/,843,2332
2392,4ac8cbbd-9272-4a5c-bab1-b3f2b29e0940,RR,Registration,2025,first_quarter,1st Quarter (Jan 1 - Mar 31),,2025-03-03 16:38:13,2026-03-07 10:21:18.880346,,,,,Jennifer Dionne,https://lda.senate.gov/api/v1/filings/4ac8cbbd-9272-4a5c-bab1-b3f2b29e0940/,843,2333
2393,502e66d0-4629-4d0b-ae65-d076df305e23,RR,Registration,2025,first_quarter,1st Quarter (Jan 1 - Mar 31),,2025-03-03 16:41:29,2026-03-07 10:21:18.884905,,,,,Jennifer Dionne,https://lda.senate.gov/api/v1/filings/502e66d0-4629-4d0b-ae65-d076df305e23/,843,2334
2394,53b85116-6f9f-4545-b4d5-4c58ba7fa382,RR,Registration,2025,first_quarter,1st Quarter (Jan 1 - Mar 31),,2025-03-03 16:44:45,2026-03-07 10:21:18.889864,,,,,Jennifer Dionne,https://lda.senate.gov/api/v1/filings/53b85116-6f9f-4545-b4d5-4c58ba7fa382/,843,2335
2395,2629615a-8399-41bf-9d2e-ba0ff65a0283,RR,Registration,2025,first_quarter,1st Quarter (Jan 1 - Mar 31),,2025-03-03 16:47:58,2026-03-07 10:21:18.894816,,,,,Jennifer Dionne,https://lda.senate.gov/api/v1/filings/2629615a-8399-41bf-9d2e-ba0ff65a0283/,843,2336
2396,853c1fb5-c453-4a25-85c7-0ee90ac503f9,RR,Registration,2025,first_quarter,1st Quarter (Jan 1 - Mar 31),,2025-03-03 16:50:08,2026-03-07 10:21:18.900680,,,,,Milam Mabry,https://lda.senate.gov/api/v1/filings/853c1fb5-c453-4a25-85c7-0ee90ac503f9/,65,2337
2397,d9ed94cf-6c09-4bf3-909d-8855c92319b6,RR,Registration,2025,first_quarter,1st Quarter (Jan 1 - Mar 31),,2025-03-03 17:21:32,2026-03-07 10:21:18.905456,,,,,Laura Joshua,https://lda.senate.gov/api/v1/filings/d9ed94cf-6c09-4bf3-909d-8855c92319b6/,432,2338
2398,58a2bf36-4757-4533-8a90-bfef07b06d72,RR,Registration,2025,first_quarter,1st Quarter (Jan 1 - Mar 31),,2025-03-03 18:03:05,2026-03-07 10:21:18.910481,,,,,Margo Klosterman,https://lda.senate.gov/api/v1/filings/58a2bf36-4757-4533-8a90-bfef07b06d72/,841,2339
2399,02eb8d06-f722-4710-bf0c-da6486eaaa25,RR,Registration,2025,first_quarter,1st Quarter (Jan 1 - Mar 31),,2025-03-03 21:07:12,2026-03-07 10:21:18.916445,,,,,Robert Hartwell,https://lda.senate.gov/api/v1/filings/02eb8d06-f722-4710-bf0c-da6486eaaa25/,306,2340
2400,6a80a38a-904f-42b4-a104-fe5b9e4f66e0,RR,Registration,2025,first_quarter,1st Quarter (Jan 1 - Mar 31),,2025-03-04 08:02:40,2026-03-07 10:21:18.922038,,,,,Sara Nuvy,https://lda.senate.gov/api/v1/filings/6a80a38a-904f-42b4-a104-fe5b9e4f66e0/,48,2341
2401,9cf8c6b9-9c4f-4ab7-96b3-7e32a644457a,RR,Registration,2025,first_quarter,1st Quarter (Jan 1 - Mar 31),,2025-03-04 09:48:17,2026-03-07 10:21:20.388745,,,,,"Karishma Page, Partner",https://lda.senate.gov/api/v1/filings/9cf8c6b9-9c4f-4ab7-96b3-7e32a644457a/,316,2342
2402,d23d3643-f53f-4ba3-8df3-52317ef4e37c,RA,Registration - Amendment,2025,first_quarter,1st Quarter (Jan 1 - Mar 31),,2025-03-04 10:42:13,2026-03-07 10:21:20.393809,,,,,Terrence Wolfe,https://lda.senate.gov/api/v1/filings/d23d3643-f53f-4ba3-8df3-52317ef4e37c/,477,2343
2403,4fe01f44-408f-4814-a3fe-60de21a74962,RA,Registration - Amendment,2025,first_quarter,1st Quarter (Jan 1 - Mar 31),,2025-03-04 10:43:20,2026-03-07 10:21:20.399493,,,,,Terrence Wolfe,https://lda.senate.gov/api/v1/filings/4fe01f44-408f-4814-a3fe-60de21a74962/,477,2344
2404,d946de4f-91ed-4a57-bc0d-9560668c0deb,RR,Registration,2025,first_quarter,1st Quarter (Jan 1 - Mar 31),,2025-03-04 11:16:15,2026-03-07 10:21:20.404980,,,,,James R. Meltsner,https://lda.senate.gov/api/v1/filings/d946de4f-91ed-4a57-bc0d-9560668c0deb/,848,2345
2405,ee9bd44c-dc36-4969-b8f7-5f863d7c1988,1T,1st Quarter - Termination,2025,first_quarter,1st Quarter (Jan 1 - Mar 31),,2025-03-04 11:23:19,2026-03-07 10:21:20.409865,30000.0,,,,James R. Meltsner,https://lda.senate.gov/api/v1/filings/ee9bd44c-dc36-4969-b8f7-5f863d7c1988/,848,2346
2406,9c35890b-63e2-4a79-9d11-31accadaf890,RR,Registration,2025,first_quarter,1st Quarter (Jan 1 - Mar 31),,2025-03-04 11:26:41,2026-03-07 10:21:20.414790,,,,,Adina Mincher,https://lda.senate.gov/api/v1/filings/9c35890b-63e2-4a79-9d11-31accadaf890/,52,2347
2739,e95f092e-0ba1-4cf0-be5d-48a61a11adae,RR,Registration,2025,first_quarter,1st Quarter (Jan 1 - Mar 31),,2025-03-14 18:02:23,2026-03-07 10:21:41.462102,,,,,Lacey Hofmeyer,https://lda.senate.gov/api/v1/filings/e95f092e-0ba1-4cf0-be5d-48a61a11adae/,544,2653
2740,61c4c25e-f6ea-43f0-bf1f-62bbb859188e,RR,Registration,2025,first_quarter,1st Quarter (Jan 1 - Mar 31),,2025-03-14 18:19:32,2026-03-07 10:21:41.467432,,,,,Adair Cunningham,https://lda.senate.gov/api/v1/filings/61c4c25e-f6ea-43f0-bf1f-62bbb859188e/,761,2654
2741,e88bfa10-9da9-4ccb-8a14-25a287cdacc6,RR,Registration,2025,first_quarter,1st Quarter (Jan 1 - Mar 31),,2025-03-14 18:23:23,2026-03-07 10:21:41.471515,,,,,Adair Cunningham,https://lda.senate.gov/api/v1/filings/e88bfa10-9da9-4ccb-8a14-25a287cdacc6/,761,2655
2407,dff7cc26-7537-460d-8b6d-8bdf7a01e73a,1T,1st Quarter - Termination,2025,first_quarter,1st Quarter (Jan 1 - Mar 31),,2025-03-04 11:31:01,2026-03-07 10:21:20.419567,103500.0,,,,James R. Meltsner,https://lda.senate.gov/api/v1/filings/dff7cc26-7537-460d-8b6d-8bdf7a01e73a/,848,2348
2881,8300d577-4832-449e-97a1-723d51c44887,RR,Registration,2025,first_quarter,1st Quarter (Jan 1 - Mar 31),,2025-03-18 17:40:55,2026-03-07 10:21:51.130992,,,,,Sonya Besteiro,https://lda.senate.gov/api/v1/filings/8300d577-4832-449e-97a1-723d51c44887/,32,2789
2408,ad54549b-394b-42d0-beec-e2f256f0e410,RR,Registration,2025,first_quarter,1st Quarter (Jan 1 - Mar 31),,2025-03-04 11:44:29,2026-03-07 10:21:20.424016,,,,,David Anderson,https://lda.senate.gov/api/v1/filings/ad54549b-394b-42d0-beec-e2f256f0e410/,663,2349
2882,bcfd33f7-c8fa-4cf7-aa57-103903cdf70b,RR,Registration,2025,first_quarter,1st Quarter (Jan 1 - Mar 31),,2025-03-18 17:43:12,2026-03-07 10:21:51.135213,,,,,Jared Rifis,https://lda.senate.gov/api/v1/filings/bcfd33f7-c8fa-4cf7-aa57-103903cdf70b/,845,2790
2409,b49ec417-b81a-45aa-b3af-348d7adfc071,1T,1st Quarter - Termination,2025,first_quarter,1st Quarter (Jan 1 - Mar 31),,2025-03-04 11:46:23,2026-03-07 10:21:20.428630,10000.0,,,,David Anderson,https://lda.senate.gov/api/v1/filings/b49ec417-b81a-45aa-b3af-348d7adfc071/,663,2350
2410,5d340206-9562-426a-a41a-e8dbb645af17,RR,Registration,2025,first_quarter,1st Quarter (Jan 1 - Mar 31),,2025-03-04 12:20:40,2026-03-07 10:21:20.433288,,,,,Regina Mendes-Doman,https://lda.senate.gov/api/v1/filings/5d340206-9562-426a-a41a-e8dbb645af17/,589,2351
2883,adf4ea79-f0de-4966-888c-af0f3ba098bc,RR,Registration,2025,first_quarter,1st Quarter (Jan 1 - Mar 31),,2025-03-19 07:51:19,2026-03-07 10:21:51.139545,,,,,Sara Nuvy,https://lda.senate.gov/api/v1/filings/adf4ea79-f0de-4966-888c-af0f3ba098bc/,48,2791
2411,fd65cd22-f0a5-47e0-b6d7-73babf43c68e,RR,Registration,2025,first_quarter,1st Quarter (Jan 1 - Mar 31),,2025-03-04 12:44:26,2026-03-07 10:21:20.437531,,,,,Sonya Besteiro,https://lda.senate.gov/api/v1/filings/fd65cd22-f0a5-47e0-b6d7-73babf43c68e/,32,2352
2884,91258514-44f0-4629-9643-885afb10e18c,RR,Registration,2025,first_quarter,1st Quarter (Jan 1 - Mar 31),,2025-03-19 09:50:09,2026-03-07 10:21:51.144379,,,,,Kevin Hollinger,https://lda.senate.gov/api/v1/filings/91258514-44f0-4629-9643-885afb10e18c/,930,2792
2412,b696cdb1-8bc0-43c3-a2c2-a18a1076f62d,RR,Registration,2025,first_quarter,1st Quarter (Jan 1 - Mar 31),,2025-03-04 12:52:12,2026-03-07 10:21:20.442033,,,,,Stacey Scholl,https://lda.senate.gov/api/v1/filings/b696cdb1-8bc0-43c3-a2c2-a18a1076f62d/,254,2353
2413,27441610-781d-4d34-add4-f310effd91de,RR,Registration,2025,first_quarter,1st Quarter (Jan 1 - Mar 31),,2025-03-04 13:04:02,2026-03-07 10:21:20.446436,,,,,Sonya Besteiro,https://lda.senate.gov/api/v1/filings/27441610-781d-4d34-add4-f310effd91de/,32,2354
2885,356349ba-e453-45af-9b6b-ba85e03cf734,RR,Registration,2025,first_quarter,1st Quarter (Jan 1 - Mar 31),,2025-03-19 09:55:20,2026-03-07 10:21:51.149233,,,,,Kevin Hollinger,https://lda.senate.gov/api/v1/filings/356349ba-e453-45af-9b6b-ba85e03cf734/,930,2793
2414,cbb9bb77-b179-4500-a924-ea19c50b995a,RR,Registration,2025,first_quarter,1st Quarter (Jan 1 - Mar 31),,2025-03-04 14:24:29,2026-03-07 10:21:20.450895,,,,,Michael A Merola,https://lda.senate.gov/api/v1/filings/cbb9bb77-b179-4500-a924-ea19c50b995a/,291,2355
2886,e9288577-3e40-4745-bb68-bc6a76db22c3,RR,Registration,2025,first_quarter,1st Quarter (Jan 1 - Mar 31),,2025-03-19 10:01:54,2026-03-07 10:21:51.153653,,,,,Kevin Hollinger,https://lda.senate.gov/api/v1/filings/e9288577-3e40-4745-bb68-bc6a76db22c3/,930,2794
2415,b50eac48-bd7b-436a-92a1-8e126bcbb18e,RR,Registration,2025,first_quarter,1st Quarter (Jan 1 - Mar 31),,2025-03-04 16:19:55,2026-03-07 10:21:20.456122,,,,,Kraig Siracuse,https://lda.senate.gov/api/v1/filings/b50eac48-bd7b-436a-92a1-8e126bcbb18e/,849,2356
2416,18599692-cfb1-4f85-94bb-ec86a0e0bd48,RR,Registration,2025,first_quarter,1st Quarter (Jan 1 - Mar 31),,2025-03-04 17:31:35,2026-03-07 10:21:20.461883,,,,,Nina Monahan,https://lda.senate.gov/api/v1/filings/18599692-cfb1-4f85-94bb-ec86a0e0bd48/,850,2357
2887,432fa656-13fd-4681-9d5a-89019970f012,RR,Registration,2025,first_quarter,1st Quarter (Jan 1 - Mar 31),,2025-03-19 10:19:16,2026-03-07 10:21:51.157732,,,,,Kevin Hollinger,https://lda.senate.gov/api/v1/filings/432fa656-13fd-4681-9d5a-89019970f012/,930,2795
2417,bc67d47b-571d-4618-80ee-fed3d6a42193,RA,Registration - Amendment,2025,first_quarter,1st Quarter (Jan 1 - Mar 31),,2025-03-04 21:50:09,2026-03-07 10:21:20.467455,,,,,Timothy F. Hannegan,https://lda.senate.gov/api/v1/filings/bc67d47b-571d-4618-80ee-fed3d6a42193/,828,2358
2418,d560e341-291f-41f8-806c-99f96fcaed5e,RR,Registration,2025,first_quarter,1st Quarter (Jan 1 - Mar 31),,2025-03-05 08:44:24,2026-03-07 10:21:20.472152,,,,,Sara Nuvy,https://lda.senate.gov/api/v1/filings/d560e341-291f-41f8-806c-99f96fcaed5e/,48,2359
2419,8b2132f9-9df9-43de-b228-b4097b0f7ef5,RA,Registration - Amendment,2025,first_quarter,1st Quarter (Jan 1 - Mar 31),,2025-03-05 09:22:03,2026-03-07 10:21:20.477115,,,,,"James ""JD"" Derderian",https://lda.senate.gov/api/v1/filings/8b2132f9-9df9-43de-b228-b4097b0f7ef5/,851,2360
2420,2b603746-a48a-42af-a422-536911054f10,RR,Registration,2025,first_quarter,1st Quarter (Jan 1 - Mar 31),,2025-03-05 09:49:31,2026-03-07 10:21:20.483146,,,,,"Hilary Tompkins, Partner",https://lda.senate.gov/api/v1/filings/2b603746-a48a-42af-a422-536911054f10/,438,2361
2421,6353cca2-9219-4b75-a281-19aa765eea7e,RR,Registration,2025,first_quarter,1st Quarter (Jan 1 - Mar 31),,2025-03-05 10:05:47,2026-03-07 10:21:20.488161,,,,,"Richard M. Gold, Partner",https://lda.senate.gov/api/v1/filings/6353cca2-9219-4b75-a281-19aa765eea7e/,360,2362
2422,7f60f966-33e7-44bd-8117-3692501fe6b1,RR,Registration,2025,first_quarter,1st Quarter (Jan 1 - Mar 31),,2025-03-05 10:18:51,2026-03-07 10:21:20.493104,,,,,"Richard M. Gold, Partner",https://lda.senate.gov/api/v1/filings/7f60f966-33e7-44bd-8117-3692501fe6b1/,360,2363
2423,32e72a93-9b68-4e4d-9dcc-7afa25b82cab,RR,Registration,2025,first_quarter,1st Quarter (Jan 1 - Mar 31),,2025-03-05 11:26:23,2026-03-07 10:21:20.498622,,,,,Donald Bramer,https://lda.senate.gov/api/v1/filings/32e72a93-9b68-4e4d-9dcc-7afa25b82cab/,658,2364
2424,52894efe-f57c-4f27-bfc7-eb9c1127eefc,RR,Registration,2025,first_quarter,1st Quarter (Jan 1 - Mar 31),,2025-03-05 11:32:25,2026-03-07 10:21:20.503158,,,,,Donald Bramer,https://lda.senate.gov/api/v1/filings/52894efe-f57c-4f27-bfc7-eb9c1127eefc/,658,2365
2425,97bab941-7688-4df0-8441-0b7e9941dc05,1T,1st Quarter - Termination,2025,first_quarter,1st Quarter (Jan 1 - Mar 31),,2025-03-05 11:34:11,2026-03-07 10:21:20.508554,,65000.0,A,A,Craig Jeffries,https://lda.senate.gov/api/v1/filings/97bab941-7688-4df0-8441-0b7e9941dc05/,852,2366
2888,9496978d-ffbd-4f82-9af6-e5f06d9d6dbd,RR,Registration,2025,first_quarter,1st Quarter (Jan 1 - Mar 31),,2025-03-19 10:25:56,2026-03-07 10:21:51.162310,,,,,Kevin Hollinger,https://lda.senate.gov/api/v1/filings/9496978d-ffbd-4f82-9af6-e5f06d9d6dbd/,930,2796
2426,81cd36d9-29d5-49d1-bde8-f936ca6ea5ad,RR,Registration,2025,first_quarter,1st Quarter (Jan 1 - Mar 31),,2025-03-05 11:55:01,2026-03-07 10:21:21.999303,,,,,Brian Pomper,https://lda.senate.gov/api/v1/filings/81cd36d9-29d5-49d1-bde8-f936ca6ea5ad/,337,2367
2889,6bd25497-7ecd-4b81-9b0d-88c2512aae7e,RR,Registration,2025,first_quarter,1st Quarter (Jan 1 - Mar 31),,2025-03-19 10:36:07,2026-03-07 10:21:51.166999,,,,,Jack Burkman,https://lda.senate.gov/api/v1/filings/6bd25497-7ecd-4b81-9b0d-88c2512aae7e/,26,2797
2427,d996b27e-4bb9-4725-bc1b-4a58c867f12d,1T,1st Quarter - Termination,2025,first_quarter,1st Quarter (Jan 1 - Mar 31),,2025-03-05 13:03:11,2026-03-07 10:21:22.004486,10000.0,,,,"Richard M. Gold, Partner",https://lda.senate.gov/api/v1/filings/d996b27e-4bb9-4725-bc1b-4a58c867f12d/,360,2368
2428,61564256-690a-4e85-860f-6bcebcbf21f3,RR,Registration,2025,first_quarter,1st Quarter (Jan 1 - Mar 31),,2025-03-05 13:12:53,2026-03-07 10:21:22.009010,,,,,"Jesse T. McCollum, President",https://lda.senate.gov/api/v1/filings/61564256-690a-4e85-860f-6bcebcbf21f3/,853,2369
2890,62e2531f-4196-4e82-9797-094bf9bf67fb,RR,Registration,2025,first_quarter,1st Quarter (Jan 1 - Mar 31),,2025-03-19 10:43:55,2026-03-07 10:21:51.171227,,,,,Omar Terrie,https://lda.senate.gov/api/v1/filings/62e2531f-4196-4e82-9797-094bf9bf67fb/,948,2798
2429,645a0760-2013-4dd3-ab7e-4b177b5e1250,1T,1st Quarter - Termination,2025,first_quarter,1st Quarter (Jan 1 - Mar 31),,2025-03-05 13:16:04,2026-03-07 10:21:22.014499,20000.0,,,,"Jesse T. McCollum, President",https://lda.senate.gov/api/v1/filings/645a0760-2013-4dd3-ab7e-4b177b5e1250/,853,2370
2430,c7257cdc-2d13-460e-9ff4-97eba93f4037,RR,Registration,2025,first_quarter,1st Quarter (Jan 1 - Mar 31),,2025-03-05 13:30:13,2026-03-07 10:21:22.019622,,,,,"Richard M. Gold, Partner",https://lda.senate.gov/api/v1/filings/c7257cdc-2d13-460e-9ff4-97eba93f4037/,360,2371
2431,ece42445-1791-4a28-8119-ce8b65f7db23,1T,1st Quarter - Termination,2025,first_quarter,1st Quarter (Jan 1 - Mar 31),,2025-03-05 13:37:57,2026-03-07 10:21:22.024269,,,,,Gavriela Fine,https://lda.senate.gov/api/v1/filings/ece42445-1791-4a28-8119-ce8b65f7db23/,854,2372
2432,e0df904c-d6d1-4144-8b37-f405d3beb9e3,Q1,1st Quarter - Report,2025,first_quarter,1st Quarter (Jan 1 - Mar 31),,2025-03-05 13:43:23,2026-03-07 10:21:22.029226,15000.0,,,,Kathleen Jaeger,https://lda.senate.gov/api/v1/filings/e0df904c-d6d1-4144-8b37-f405d3beb9e3/,855,2373
2433,e7318384-1d94-4149-9fac-b3685a451578,RR,Registration,2025,first_quarter,1st Quarter (Jan 1 - Mar 31),,2025-03-05 13:51:19,2026-03-07 10:21:22.034617,,,,,Brian Pomper,https://lda.senate.gov/api/v1/filings/e7318384-1d94-4149-9fac-b3685a451578/,337,2374
2434,b34b6bea-9e8e-4e33-9dbd-7368f5b99f8a,RR,Registration,2025,first_quarter,1st Quarter (Jan 1 - Mar 31),,2025-03-05 14:59:06,2026-03-07 10:21:22.039092,,,,,"James ""JD"" Derderian",https://lda.senate.gov/api/v1/filings/b34b6bea-9e8e-4e33-9dbd-7368f5b99f8a/,851,2375
2435,ef36100b-8f79-48ce-8458-2e803c81702c,RR,Registration,2025,first_quarter,1st Quarter (Jan 1 - Mar 31),,2025-03-05 15:13:13,2026-03-07 10:21:22.043579,,,,,C.J. Zane,https://lda.senate.gov/api/v1/filings/ef36100b-8f79-48ce-8458-2e803c81702c/,363,2376
2436,a1b8db12-4172-4b35-84ee-dbe7bc48cacd,RR,Registration,2025,first_quarter,1st Quarter (Jan 1 - Mar 31),,2025-03-05 15:49:14,2026-03-07 10:21:22.048031,,,,,Stacey Scholl,https://lda.senate.gov/api/v1/filings/a1b8db12-4172-4b35-84ee-dbe7bc48cacd/,254,2377
2437,72767289-1a4a-409d-9375-da305d5c047c,RR,Registration,2025,first_quarter,1st Quarter (Jan 1 - Mar 31),,2025-03-05 17:52:44,2026-03-07 10:21:22.053314,,,,,"William Moschella, Attorney at Law",https://lda.senate.gov/api/v1/filings/72767289-1a4a-409d-9375-da305d5c047c/,16,2378
2438,331e70d6-1942-40d1-9f97-69512393a042,RR,Registration,2025,first_quarter,1st Quarter (Jan 1 - Mar 31),,2025-03-05 20:38:07,2026-03-07 10:21:22.057929,,,,,Timothy Rupli,https://lda.senate.gov/api/v1/filings/331e70d6-1942-40d1-9f97-69512393a042/,856,2379
2439,d6cee374-73d7-4f55-b8aa-77a30bbe0866,RR,Registration,2025,first_quarter,1st Quarter (Jan 1 - Mar 31),,2025-03-05 22:49:46,2026-03-07 10:21:22.063143,,,,,Lindsay Fryer,https://lda.senate.gov/api/v1/filings/d6cee374-73d7-4f55-b8aa-77a30bbe0866/,15,2380
2440,e5c8a189-4a8b-41ed-b42a-d6a2e092a90e,RR,Registration,2025,first_quarter,1st Quarter (Jan 1 - Mar 31),,2025-03-05 22:57:30,2026-03-07 10:21:22.068865,,,,,Lindsay Fryer,https://lda.senate.gov/api/v1/filings/e5c8a189-4a8b-41ed-b42a-d6a2e092a90e/,15,2381
2441,0d280b13-f929-46f2-951a-c75f33ac17e6,RR,Registration,2025,first_quarter,1st Quarter (Jan 1 - Mar 31),,2025-03-06 07:41:05,2026-03-07 10:21:22.074185,,,,,Sara Nuvy,https://lda.senate.gov/api/v1/filings/0d280b13-f929-46f2-951a-c75f33ac17e6/,48,2382
2742,adbfb25f-f28f-40d3-bd44-8ff6c663f8a3,RR,Registration,2025,first_quarter,1st Quarter (Jan 1 - Mar 31),,2025-03-15 09:42:36,2026-03-07 10:21:41.475899,,,,,John Ladd,https://lda.senate.gov/api/v1/filings/adbfb25f-f28f-40d3-bd44-8ff6c663f8a3/,439,2656
2743,1cbdfedf-201f-4f21-8695-e39a52072699,Q1,1st Quarter - Report,2025,first_quarter,1st Quarter (Jan 1 - Mar 31),,2025-03-15 16:34:55,2026-03-07 10:21:41.480626,,,A,A,Kathleen Alcorn,https://lda.senate.gov/api/v1/filings/1cbdfedf-201f-4f21-8695-e39a52072699/,916,2657
2744,3abace76-4881-4a33-877c-34c785d5b29e,Q1,1st Quarter - Report,2025,first_quarter,1st Quarter (Jan 1 - Mar 31),,2025-03-15 16:38:00,2026-03-07 10:21:41.486657,,,,,Kathleen Alcorn,https://lda.senate.gov/api/v1/filings/3abace76-4881-4a33-877c-34c785d5b29e/,916,2658
2745,8c3b94a3-6a5a-4681-b47c-d57e7051022a,RR,Registration,2025,first_quarter,1st Quarter (Jan 1 - Mar 31),,2025-03-15 17:51:03,2026-03-07 10:21:41.491277,,,,,Weston Coulam,https://lda.senate.gov/api/v1/filings/8c3b94a3-6a5a-4681-b47c-d57e7051022a/,59,2659
2746,939ab7d1-d5a3-489f-abbd-2f83f5a56561,RR,Registration,2025,first_quarter,1st Quarter (Jan 1 - Mar 31),,2025-03-15 17:58:39,2026-03-07 10:21:41.495820,,,,,Linda Maynor,https://lda.senate.gov/api/v1/filings/939ab7d1-d5a3-489f-abbd-2f83f5a56561/,917,2660
2747,8d6b7be4-a384-49cf-9682-fd54fbd181f2,RR,Registration,2025,first_quarter,1st Quarter (Jan 1 - Mar 31),,2025-03-15 18:51:28,2026-03-07 10:21:41.500705,,,,,"Melissa ""Missy"" Edwards",https://lda.senate.gov/api/v1/filings/8d6b7be4-a384-49cf-9682-fd54fbd181f2/,918,2661
2748,842e03af-220d-407b-823e-cee25fcd50a2,Q1,1st Quarter - Report,2025,first_quarter,1st Quarter (Jan 1 - Mar 31),,2025-03-16 01:48:12,2026-03-07 10:21:41.506126,,,,,REV DR CHRISTINA L CLEMENT on behalf of LCA,https://lda.senate.gov/api/v1/filings/842e03af-220d-407b-823e-cee25fcd50a2/,919,2662
2442,ab6f1633-67af-4135-8c06-008c9dc9d234,RR,Registration,2025,first_quarter,1st Quarter (Jan 1 - Mar 31),,2025-03-06 07:49:31,2026-03-07 10:21:22.078683,,,,,Sara Nuvy,https://lda.senate.gov/api/v1/filings/ab6f1633-67af-4135-8c06-008c9dc9d234/,48,2383
2891,0233f4ea-a378-40f0-b560-00af62295e05,RR,Registration,2025,first_quarter,1st Quarter (Jan 1 - Mar 31),,2025-03-19 10:45:36,2026-03-07 10:21:51.176407,,,,,Beth Anne Cole,https://lda.senate.gov/api/v1/filings/0233f4ea-a378-40f0-b560-00af62295e05/,452,2799
2443,0041c5dd-f71e-4fab-a8dd-eab665704932,RR,Registration,2025,first_quarter,1st Quarter (Jan 1 - Mar 31),,2025-03-06 09:19:17,2026-03-07 10:21:22.083413,,,,,Stacey Scholl,https://lda.senate.gov/api/v1/filings/0041c5dd-f71e-4fab-a8dd-eab665704932/,254,2384
2892,11e52831-449b-4370-adf9-0aa3ec6fc823,RR,Registration,2025,first_quarter,1st Quarter (Jan 1 - Mar 31),,2025-03-19 10:46:52,2026-03-07 10:21:51.181447,,,,,Jack Burkman,https://lda.senate.gov/api/v1/filings/11e52831-449b-4370-adf9-0aa3ec6fc823/,26,2800
2444,b8651473-3bdd-48c6-870b-01abf9880bf9,RR,Registration,2025,first_quarter,1st Quarter (Jan 1 - Mar 31),,2025-03-06 09:48:59,2026-03-07 10:21:22.088087,,,,,"Robert Freeman, Contractor",https://lda.senate.gov/api/v1/filings/b8651473-3bdd-48c6-870b-01abf9880bf9/,857,2385
2445,1c6c989e-3b49-4d05-970a-9c619dc3ff59,RR,Registration,2025,first_quarter,1st Quarter (Jan 1 - Mar 31),,2025-03-06 10:09:25,2026-03-07 10:21:22.093074,,,,,Christine Schaut,https://lda.senate.gov/api/v1/filings/1c6c989e-3b49-4d05-970a-9c619dc3ff59/,268,2386
2893,5f726024-5902-40f0-9935-a61680349317,RR,Registration,2025,first_quarter,1st Quarter (Jan 1 - Mar 31),,2025-03-19 10:52:56,2026-03-07 10:21:51.185935,,,,,Jack Burkman,https://lda.senate.gov/api/v1/filings/5f726024-5902-40f0-9935-a61680349317/,26,2801
2446,bd5fa0c2-a45c-4b5d-89ba-d0efda7fb8b7,1T,1st Quarter - Termination,2025,first_quarter,1st Quarter (Jan 1 - Mar 31),,2025-03-06 10:09:38,2026-03-07 10:21:22.098008,20000.0,,,,Beth Anne Cole,https://lda.senate.gov/api/v1/filings/bd5fa0c2-a45c-4b5d-89ba-d0efda7fb8b7/,69,2387
2894,35ef3c6e-1c77-410b-b886-b13ec25f2c2b,RR,Registration,2025,first_quarter,1st Quarter (Jan 1 - Mar 31),,2025-03-19 11:34:23,2026-03-07 10:21:51.190596,,,,,Kevin Hollinger,https://lda.senate.gov/api/v1/filings/35ef3c6e-1c77-410b-b886-b13ec25f2c2b/,930,2802
2447,5e11b564-48bb-4b33-bdc9-fa708ce0bf48,RR,Registration,2025,first_quarter,1st Quarter (Jan 1 - Mar 31),,2025-03-06 10:24:36,2026-03-07 10:21:22.103217,,,,,Patrick Holten,https://lda.senate.gov/api/v1/filings/5e11b564-48bb-4b33-bdc9-fa708ce0bf48/,675,2388
2448,59a4cf30-b996-4c25-9d00-cc451bdd7a33,RR,Registration,2025,first_quarter,1st Quarter (Jan 1 - Mar 31),,2025-03-06 10:28:20,2026-03-07 10:21:22.107556,,,,,"Stephen P. Roberts, Attorney & Agent for Filer",https://lda.senate.gov/api/v1/filings/59a4cf30-b996-4c25-9d00-cc451bdd7a33/,858,2389
2895,a36144e3-e89c-4917-9104-f4019f9659ac,RR,Registration,2025,first_quarter,1st Quarter (Jan 1 - Mar 31),,2025-03-19 11:36:47,2026-03-07 10:21:51.195471,,,,,Philmore B. Anderson,https://lda.senate.gov/api/v1/filings/a36144e3-e89c-4917-9104-f4019f9659ac/,527,2803
2449,948657e9-1155-4671-89e9-0babd364d208,RR,Registration,2025,first_quarter,1st Quarter (Jan 1 - Mar 31),,2025-03-06 10:32:19,2026-03-07 10:21:22.112874,,,,,"Stephen Roberts, Attorney & Agent for Filer",https://lda.senate.gov/api/v1/filings/948657e9-1155-4671-89e9-0babd364d208/,858,2390
2450,86be13ab-a5d5-4868-9dce-40a3908f11f5,RR,Registration,2025,first_quarter,1st Quarter (Jan 1 - Mar 31),,2025-03-06 10:33:37,2026-03-07 10:21:22.117925,,,,,Patrick Holten,https://lda.senate.gov/api/v1/filings/86be13ab-a5d5-4868-9dce-40a3908f11f5/,675,2391
2451,666e1645-4f6f-4b8e-bd56-610ede2c9648,1T,1st Quarter - Termination,2025,first_quarter,1st Quarter (Jan 1 - Mar 31),,2025-03-06 10:41:48,2026-03-07 10:21:23.632393,20000.0,,,,"William T. (Marty) Irby, Jr.",https://lda.senate.gov/api/v1/filings/666e1645-4f6f-4b8e-bd56-610ede2c9648/,859,2392
2452,f7295d64-a2ad-41b6-8b8f-6b2b98aa169f,RR,Registration,2025,first_quarter,1st Quarter (Jan 1 - Mar 31),,2025-03-06 10:45:54,2026-03-07 10:21:23.637964,,,,,"Robert Freeman, Contractor",https://lda.senate.gov/api/v1/filings/f7295d64-a2ad-41b6-8b8f-6b2b98aa169f/,857,2393
2453,ef2e1b89-e536-4917-bd23-8a4f0bdc4694,RR,Registration,2025,first_quarter,1st Quarter (Jan 1 - Mar 31),,2025-03-06 11:05:21,2026-03-07 10:21:23.642570,,,,,Isabella Quinn,https://lda.senate.gov/api/v1/filings/ef2e1b89-e536-4917-bd23-8a4f0bdc4694/,365,2394
2454,5531ef8c-fa3c-4e86-863f-e433c4360983,RR,Registration,2025,first_quarter,1st Quarter (Jan 1 - Mar 31),,2025-03-06 11:16:20,2026-03-07 10:21:23.647736,,,,,Isabella Quinn,https://lda.senate.gov/api/v1/filings/5531ef8c-fa3c-4e86-863f-e433c4360983/,365,2395
2455,779f9f0b-5564-4001-abbe-d1ff13b96a98,RR,Registration,2025,first_quarter,1st Quarter (Jan 1 - Mar 31),,2025-03-06 11:30:06,2026-03-07 10:21:23.653036,,,,,Isabella Quinn,https://lda.senate.gov/api/v1/filings/779f9f0b-5564-4001-abbe-d1ff13b96a98/,365,2396
2456,0b7d6665-b7e2-482f-baf4-7f5b51edc988,RA,Registration - Amendment,2025,first_quarter,1st Quarter (Jan 1 - Mar 31),,2025-03-06 12:07:00,2026-03-07 10:21:23.658262,,,,,Isabella Quinn,https://lda.senate.gov/api/v1/filings/0b7d6665-b7e2-482f-baf4-7f5b51edc988/,365,2397
2457,df0eca38-25d9-4010-b0ce-f1683b299664,RR,Registration,2025,first_quarter,1st Quarter (Jan 1 - Mar 31),,2025-03-06 12:08:31,2026-03-07 10:21:23.663285,,,,,James P. Moran,https://lda.senate.gov/api/v1/filings/df0eca38-25d9-4010-b0ce-f1683b299664/,381,2398
2458,8c75e40c-72ee-4f63-aaff-ef1a95b375f4,RR,Registration,2025,first_quarter,1st Quarter (Jan 1 - Mar 31),,2025-03-06 12:10:34,2026-03-07 10:21:23.668147,,,,,Dan Dukes,https://lda.senate.gov/api/v1/filings/8c75e40c-72ee-4f63-aaff-ef1a95b375f4/,708,2399
2459,8e2b4a17-7046-4982-aa80-33006fffd903,RR,Registration,2025,first_quarter,1st Quarter (Jan 1 - Mar 31),,2025-03-06 12:27:29,2026-03-07 10:21:23.672877,,,,,Adina Mincher,https://lda.senate.gov/api/v1/filings/8e2b4a17-7046-4982-aa80-33006fffd903/,52,2400
2460,be9bfcbd-d551-4a21-bd17-3cb67164539a,RR,Registration,2025,first_quarter,1st Quarter (Jan 1 - Mar 31),,2025-03-06 12:41:58,2026-03-07 10:21:23.677427,,,,,Stacey Scholl,https://lda.senate.gov/api/v1/filings/be9bfcbd-d551-4a21-bd17-3cb67164539a/,254,2401
2461,d2b19266-829b-401c-bbea-e3781429b8b0,RR,Registration,2025,first_quarter,1st Quarter (Jan 1 - Mar 31),,2025-03-06 12:49:53,2026-03-07 10:21:23.682423,,,,,Lacey Hofmeyer,https://lda.senate.gov/api/v1/filings/d2b19266-829b-401c-bbea-e3781429b8b0/,544,2402
2462,dfa5aeb8-57ae-43c9-9ab2-510cb1ac46bd,RR,Registration,2025,first_quarter,1st Quarter (Jan 1 - Mar 31),,2025-03-06 12:52:27,2026-03-07 10:21:23.687055,,,,,Adam J. Biegel,https://lda.senate.gov/api/v1/filings/dfa5aeb8-57ae-43c9-9ab2-510cb1ac46bd/,299,2403
2463,302b3e77-d108-4849-9841-8e77d36b0736,RR,Registration,2025,first_quarter,1st Quarter (Jan 1 - Mar 31),,2025-03-06 13:06:03,2026-03-07 10:21:23.691848,,,,,Adina Mincher,https://lda.senate.gov/api/v1/filings/302b3e77-d108-4849-9841-8e77d36b0736/,52,2404
2896,0df30787-6a60-4ea1-882a-faba894e4f5b,RR,Registration,2025,first_quarter,1st Quarter (Jan 1 - Mar 31),,2025-03-19 11:40:19,2026-03-07 10:21:51.201082,,,,,Kevin Hollinger,https://lda.senate.gov/api/v1/filings/0df30787-6a60-4ea1-882a-faba894e4f5b/,930,2804
2464,592f32f8-4c9f-4b1f-8081-27bed2e43b3d,RA,Registration - Amendment,2025,first_quarter,1st Quarter (Jan 1 - Mar 31),,2025-03-06 13:42:11,2026-03-07 10:21:23.696461,,,,,Jonathan Bechtle,https://lda.senate.gov/api/v1/filings/592f32f8-4c9f-4b1f-8081-27bed2e43b3d/,860,2405
2897,f3b1a149-56cd-4114-844d-453ecf34b906,RR,Registration,2025,first_quarter,1st Quarter (Jan 1 - Mar 31),,2025-03-19 11:47:59,2026-03-07 10:21:51.205297,,,,,Philmore B. Anderson,https://lda.senate.gov/api/v1/filings/f3b1a149-56cd-4114-844d-453ecf34b906/,527,2805
2465,2f1da287-f45f-450f-b178-2ddc50255227,RR,Registration,2025,first_quarter,1st Quarter (Jan 1 - Mar 31),,2025-03-06 13:56:47,2026-03-07 10:21:23.702475,,,,,Erin Siefring,https://lda.senate.gov/api/v1/filings/2f1da287-f45f-450f-b178-2ddc50255227/,774,2406
2466,1773c6fd-0db2-42f4-81f7-5e50702fd644,1TY,1st Quarter - Termination (No Activity),2025,first_quarter,1st Quarter (Jan 1 - Mar 31),,2025-03-06 15:01:36,2026-03-07 10:21:23.706682,,,A,A,Charles Boruchowitz,https://lda.senate.gov/api/v1/filings/1773c6fd-0db2-42f4-81f7-5e50702fd644/,861,2407
2898,6b8a0daa-7be1-48b9-a89d-a4c50abc0d61,RR,Registration,2025,first_quarter,1st Quarter (Jan 1 - Mar 31),,2025-03-19 11:48:00,2026-03-07 10:21:51.210702,,,,,Kevin Hollinger,https://lda.senate.gov/api/v1/filings/6b8a0daa-7be1-48b9-a89d-a4c50abc0d61/,930,2806
2467,920831f5-797f-4dcb-b888-efdf65d034f9,RA,Registration - Amendment,2025,first_quarter,1st Quarter (Jan 1 - Mar 31),,2025-03-06 15:01:42,2026-03-07 10:21:23.711098,,,,,"Richard M. Gold, Partner",https://lda.senate.gov/api/v1/filings/920831f5-797f-4dcb-b888-efdf65d034f9/,360,2408
2468,124a5ff8-8ccf-4e6e-8979-bd4933d91bb4,RR,Registration,2025,first_quarter,1st Quarter (Jan 1 - Mar 31),,2025-03-06 15:06:23,2026-03-07 10:21:23.715818,,,,,Laura Joshua,https://lda.senate.gov/api/v1/filings/124a5ff8-8ccf-4e6e-8979-bd4933d91bb4/,432,2409
2469,59c07eb7-827b-4af6-b9cf-4d98fbea2a17,RR,Registration,2025,first_quarter,1st Quarter (Jan 1 - Mar 31),,2025-03-06 15:42:54,2026-03-07 10:21:23.730049,,,,,Alisa Jane Hess,https://lda.senate.gov/api/v1/filings/59c07eb7-827b-4af6-b9cf-4d98fbea2a17/,3,2410
2470,8eded211-f6bc-4d2f-99b2-8a21a74bb217,RR,Registration,2025,first_quarter,1st Quarter (Jan 1 - Mar 31),,2025-03-06 15:49:02,2026-03-07 10:21:23.736611,,,,,Alisa Jane Hess,https://lda.senate.gov/api/v1/filings/8eded211-f6bc-4d2f-99b2-8a21a74bb217/,3,2411
2471,8ec35d7b-53eb-4049-b10f-38ff59dacbea,RR,Registration,2025,first_quarter,1st Quarter (Jan 1 - Mar 31),,2025-03-06 15:55:03,2026-03-07 10:21:23.742196,,,,,Alisa Jane Hess,https://lda.senate.gov/api/v1/filings/8ec35d7b-53eb-4049-b10f-38ff59dacbea/,3,2412
2472,700f4985-b0a2-4805-95e0-265797b9d5ca,RR,Registration,2025,first_quarter,1st Quarter (Jan 1 - Mar 31),,2025-03-06 15:59:37,2026-03-07 10:21:23.747509,,,,,Alisa Jane Hess,https://lda.senate.gov/api/v1/filings/700f4985-b0a2-4805-95e0-265797b9d5ca/,3,2413
2473,572fd5e3-ecbc-4cd2-83b4-16b8654a2dfb,RR,Registration,2025,first_quarter,1st Quarter (Jan 1 - Mar 31),,2025-03-06 16:05:33,2026-03-07 10:21:23.752546,,,,,Alisa Jane Hess,https://lda.senate.gov/api/v1/filings/572fd5e3-ecbc-4cd2-83b4-16b8654a2dfb/,3,2414
2474,b71d6b45-f435-4e90-9847-451bf92c85c7,RR,Registration,2025,first_quarter,1st Quarter (Jan 1 - Mar 31),,2025-03-06 16:10:28,2026-03-07 10:21:23.758468,,,,,Alisa Jane Hess,https://lda.senate.gov/api/v1/filings/b71d6b45-f435-4e90-9847-451bf92c85c7/,3,2415
2475,efd92b53-a9f4-44ea-be9c-eb80b0ba65c3,RR,Registration,2025,first_quarter,1st Quarter (Jan 1 - Mar 31),,2025-03-06 16:10:42,2026-03-07 10:21:23.763527,,,,,"Richard M. Gold, Partner",https://lda.senate.gov/api/v1/filings/efd92b53-a9f4-44ea-be9c-eb80b0ba65c3/,360,2416
2476,33534317-93f2-4e13-be4c-b9988510a57f,RR,Registration,2025,first_quarter,1st Quarter (Jan 1 - Mar 31),,2025-03-06 16:13:23,2026-03-07 10:21:25.428155,,,,,Beth Anne Cole,https://lda.senate.gov/api/v1/filings/33534317-93f2-4e13-be4c-b9988510a57f/,25,2417
2477,a542477b-664d-4289-86bf-ca864f7a287e,RR,Registration,2025,first_quarter,1st Quarter (Jan 1 - Mar 31),,2025-03-06 16:14:16,2026-03-07 10:21:25.433244,,,,,Alisa Jane Hess,https://lda.senate.gov/api/v1/filings/a542477b-664d-4289-86bf-ca864f7a287e/,862,2418
2478,34bad75b-9cc9-4ecd-8ccd-43623df71ae6,RR,Registration,2025,first_quarter,1st Quarter (Jan 1 - Mar 31),,2025-03-06 16:25:18,2026-03-07 10:21:25.438252,,,,,Beth Anne Cole,https://lda.senate.gov/api/v1/filings/34bad75b-9cc9-4ecd-8ccd-43623df71ae6/,25,2419
2479,331e990e-5fdc-4a51-9ff4-2445b3960cdc,RR,Registration,2025,first_quarter,1st Quarter (Jan 1 - Mar 31),,2025-03-06 16:31:41,2026-03-07 10:21:25.442807,,,,,"Richard M. Gold, Partner",https://lda.senate.gov/api/v1/filings/331e990e-5fdc-4a51-9ff4-2445b3960cdc/,360,2420
2480,df7431a3-dee8-4958-9a18-b51942c7edf6,RR,Registration,2025,first_quarter,1st Quarter (Jan 1 - Mar 31),,2025-03-06 16:47:18,2026-03-07 10:21:25.448640,,,,,Edward B Stewart,https://lda.senate.gov/api/v1/filings/df7431a3-dee8-4958-9a18-b51942c7edf6/,863,2421
2481,ab104344-dc72-42a4-87d4-4186da302aa5,RR,Registration,2025,first_quarter,1st Quarter (Jan 1 - Mar 31),,2025-03-06 16:57:53,2026-03-07 10:21:25.454785,,,,,Pauline Wong,https://lda.senate.gov/api/v1/filings/ab104344-dc72-42a4-87d4-4186da302aa5/,864,2422
2482,62fb2f4d-6624-47c2-ba60-b7c7fd8c45d0,RR,Registration,2025,first_quarter,1st Quarter (Jan 1 - Mar 31),,2025-03-06 17:18:04,2026-03-07 10:21:25.460601,,,,,Noe Garcia III,https://lda.senate.gov/api/v1/filings/62fb2f4d-6624-47c2-ba60-b7c7fd8c45d0/,30,2423
2483,d6421f1c-96f6-4ac4-a805-df240c44edbc,RR,Registration,2025,first_quarter,1st Quarter (Jan 1 - Mar 31),,2025-03-06 17:24:40,2026-03-07 10:21:25.465316,,,,,Noe Garcia III,https://lda.senate.gov/api/v1/filings/d6421f1c-96f6-4ac4-a805-df240c44edbc/,30,2424
2484,435708ed-1588-458d-8423-ab00394f8fe0,1T,1st Quarter - Termination,2025,first_quarter,1st Quarter (Jan 1 - Mar 31),,2025-03-06 17:55:27,2026-03-07 10:21:25.470278,20000.0,,,,Payton Zweifel,https://lda.senate.gov/api/v1/filings/435708ed-1588-458d-8423-ab00394f8fe0/,653,2425
2749,d9efec31-6e9b-4741-b4fc-ea874d08d532,Q1Y,1st Quarter - Report (No Activity),2025,first_quarter,1st Quarter (Jan 1 - Mar 31),,2025-03-16 10:32:40,2026-03-07 10:21:41.514589,,,,,Earl Stockdale,https://lda.senate.gov/api/v1/filings/d9efec31-6e9b-4741-b4fc-ea874d08d532/,534,1176
2750,577c5d37-1883-4163-8112-26dff30b21fd,Q1Y,1st Quarter - Report (No Activity),2025,first_quarter,1st Quarter (Jan 1 - Mar 31),,2025-03-16 10:35:54,2026-03-07 10:21:41.519074,,,,,Earl Stockdale,https://lda.senate.gov/api/v1/filings/577c5d37-1883-4163-8112-26dff30b21fd/,534,1241
2485,8fb6aec6-aed3-4122-bca5-27a05b84a05d,1T,1st Quarter - Termination,2025,first_quarter,1st Quarter (Jan 1 - Mar 31),,2025-03-06 18:06:18,2026-03-07 10:21:25.474799,20000.0,,,,Payton Zweifel,https://lda.senate.gov/api/v1/filings/8fb6aec6-aed3-4122-bca5-27a05b84a05d/,653,2426
2899,8b305918-e967-44c2-bb88-9fa231a8fea3,RR,Registration,2025,first_quarter,1st Quarter (Jan 1 - Mar 31),,2025-03-19 12:23:19,2026-03-07 10:21:51.215392,,,,,Philmore B. Anderson,https://lda.senate.gov/api/v1/filings/8b305918-e967-44c2-bb88-9fa231a8fea3/,527,2807
2486,09f7de54-d661-49ef-9dab-baa157ff849f,1T,1st Quarter - Termination,2025,first_quarter,1st Quarter (Jan 1 - Mar 31),,2025-03-06 18:07:57,2026-03-07 10:21:25.479565,10000.0,,,,Payton Zweifel,https://lda.senate.gov/api/v1/filings/09f7de54-d661-49ef-9dab-baa157ff849f/,653,2427
2900,2eab90de-bae6-43e3-af8b-d042dc58e608,RR,Registration,2025,first_quarter,1st Quarter (Jan 1 - Mar 31),,2025-03-19 12:28:35,2026-03-07 10:21:51.219885,,,,,Tory Sendek,https://lda.senate.gov/api/v1/filings/2eab90de-bae6-43e3-af8b-d042dc58e608/,356,2808
2487,25e5c6fe-b418-4b39-a2ef-beecad12705f,1T,1st Quarter - Termination,2025,first_quarter,1st Quarter (Jan 1 - Mar 31),,2025-03-06 18:12:03,2026-03-07 10:21:25.484256,10000.0,,,,Payton Zweifel,https://lda.senate.gov/api/v1/filings/25e5c6fe-b418-4b39-a2ef-beecad12705f/,653,2428
2488,7d26c969-6a83-4377-90ef-93d4bf948480,RR,Registration,2025,first_quarter,1st Quarter (Jan 1 - Mar 31),,2025-03-06 19:08:10,2026-03-07 10:21:25.488815,,,,,Jason Mulvihill,https://lda.senate.gov/api/v1/filings/7d26c969-6a83-4377-90ef-93d4bf948480/,792,2429
2901,569c858d-0836-48e9-9811-cfa813dbaae2,RR,Registration,2025,first_quarter,1st Quarter (Jan 1 - Mar 31),,2025-03-19 12:42:00,2026-03-07 10:21:52.540332,,,,,Philmore B. Anderson,https://lda.senate.gov/api/v1/filings/569c858d-0836-48e9-9811-cfa813dbaae2/,527,2809
2489,2750a4b9-1cc4-4ec7-829c-5eb1b27fda4f,RR,Registration,2025,first_quarter,1st Quarter (Jan 1 - Mar 31),,2025-03-06 21:47:53,2026-03-07 10:21:25.494254,,,,,Donald John Polese,https://lda.senate.gov/api/v1/filings/2750a4b9-1cc4-4ec7-829c-5eb1b27fda4f/,245,2430
2902,8e91090b-7571-4939-89da-fd376ae5eba3,RR,Registration,2025,first_quarter,1st Quarter (Jan 1 - Mar 31),,2025-03-19 14:20:53,2026-03-07 10:21:52.546328,,,,,Bill Wichterman,https://lda.senate.gov/api/v1/filings/8e91090b-7571-4939-89da-fd376ae5eba3/,540,2810
2490,6eba432f-5191-48fb-96b6-ad272505db19,RR,Registration,2025,first_quarter,1st Quarter (Jan 1 - Mar 31),,2025-03-06 22:38:16,2026-03-07 10:21:25.498855,,,,,Ryan Little,https://lda.senate.gov/api/v1/filings/6eba432f-5191-48fb-96b6-ad272505db19/,865,2431
2491,4acb65dc-7050-4dbe-9518-76c0074dabdf,RR,Registration,2025,first_quarter,1st Quarter (Jan 1 - Mar 31),,2025-03-06 22:54:55,2026-03-07 10:21:25.505030,,,,,Ryan Little,https://lda.senate.gov/api/v1/filings/4acb65dc-7050-4dbe-9518-76c0074dabdf/,865,2432
2492,6fd4c23d-4a44-4c6f-8333-1d64bbde1068,RR,Registration,2025,first_quarter,1st Quarter (Jan 1 - Mar 31),,2025-03-07 08:24:53,2026-03-07 10:21:25.510376,,,,,Donald John Polese,https://lda.senate.gov/api/v1/filings/6fd4c23d-4a44-4c6f-8333-1d64bbde1068/,245,2433
2493,14efc0ec-3d16-4644-8b46-bd197f36ad4f,RR,Registration,2025,first_quarter,1st Quarter (Jan 1 - Mar 31),,2025-03-07 08:33:36,2026-03-07 10:21:25.515383,,,,,Donald John Polese,https://lda.senate.gov/api/v1/filings/14efc0ec-3d16-4644-8b46-bd197f36ad4f/,245,2434
2494,6708992e-29f2-4e35-9742-a08a1aa941a7,RR,Registration,2025,first_quarter,1st Quarter (Jan 1 - Mar 31),,2025-03-07 09:10:04,2026-03-07 10:21:25.520373,,,,,Sara Nuvy,https://lda.senate.gov/api/v1/filings/6708992e-29f2-4e35-9742-a08a1aa941a7/,48,2435
2495,1696b036-7e59-40a3-972c-18ee7a8b7824,RR,Registration,2025,first_quarter,1st Quarter (Jan 1 - Mar 31),,2025-03-07 09:48:51,2026-03-07 10:21:25.525187,,,,,Adina Mincher,https://lda.senate.gov/api/v1/filings/1696b036-7e59-40a3-972c-18ee7a8b7824/,52,2436
2496,682444bf-4047-4b46-bc40-045a5bee8bae,RR,Registration,2025,first_quarter,1st Quarter (Jan 1 - Mar 31),,2025-03-07 09:52:52,2026-03-07 10:21:25.530055,,,,,Adam J. Biegel,https://lda.senate.gov/api/v1/filings/682444bf-4047-4b46-bc40-045a5bee8bae/,299,2437
2497,82fbba80-af4e-4b33-850f-0c82d75963f9,RR,Registration,2025,first_quarter,1st Quarter (Jan 1 - Mar 31),,2025-03-07 09:55:23,2026-03-07 10:21:25.535388,,,,,Adina Mincher,https://lda.senate.gov/api/v1/filings/82fbba80-af4e-4b33-850f-0c82d75963f9/,52,2438
2498,a25389e9-8672-4e1c-81ce-4d7c57aaac77,RR,Registration,2025,first_quarter,1st Quarter (Jan 1 - Mar 31),,2025-03-07 10:41:17,2026-03-07 10:21:25.540121,,,,,Kenneth Swab,https://lda.senate.gov/api/v1/filings/a25389e9-8672-4e1c-81ce-4d7c57aaac77/,585,2439
2499,4a0fc4a1-c30a-4543-9fc9-28a5dab89e9d,RR,Registration,2025,first_quarter,1st Quarter (Jan 1 - Mar 31),,2025-03-07 11:55:48,2026-03-07 10:21:25.545392,,,,,"Thomas Fulton, Government Affairs Advisor",https://lda.senate.gov/api/v1/filings/4a0fc4a1-c30a-4543-9fc9-28a5dab89e9d/,316,2440
2500,17eb3c03-192d-45f6-ad65-ee9d828d79a2,RR,Registration,2025,first_quarter,1st Quarter (Jan 1 - Mar 31),,2025-03-07 12:29:31,2026-03-07 10:21:25.549975,,,,,Stacey L Rolland,https://lda.senate.gov/api/v1/filings/17eb3c03-192d-45f6-ad65-ee9d828d79a2/,866,2441
2501,cf634968-1c9d-4054-8284-a10305953a6f,RR,Registration,2025,first_quarter,1st Quarter (Jan 1 - Mar 31),,2025-03-07 12:33:22,2026-03-07 10:21:27.180951,,,,,Paul Miller,https://lda.senate.gov/api/v1/filings/cf634968-1c9d-4054-8284-a10305953a6f/,341,2442
2502,91ebb6cd-9569-444b-9846-d0185b62ff8c,RR,Registration,2025,first_quarter,1st Quarter (Jan 1 - Mar 31),,2025-03-07 12:33:42,2026-03-07 10:21:27.187541,,,,,Anusha Kumari,https://lda.senate.gov/api/v1/filings/91ebb6cd-9569-444b-9846-d0185b62ff8c/,300,2443
2503,108e0d6a-f8aa-4323-b898-6a3406621bed,RR,Registration,2025,first_quarter,1st Quarter (Jan 1 - Mar 31),,2025-03-07 12:56:05,2026-03-07 10:21:27.193283,,,,,Adina Mincher,https://lda.senate.gov/api/v1/filings/108e0d6a-f8aa-4323-b898-6a3406621bed/,52,2444
2504,183b0475-e8ce-471b-b91e-b1262a5405ce,RR,Registration,2025,first_quarter,1st Quarter (Jan 1 - Mar 31),,2025-03-07 13:51:14,2026-03-07 10:21:27.198421,,,,,Allegra M. Han,https://lda.senate.gov/api/v1/filings/183b0475-e8ce-471b-b91e-b1262a5405ce/,383,2445
2505,b4b6fff6-0e54-4f93-b67f-4811dcf0b3f0,Q1,1st Quarter - Report,2025,first_quarter,1st Quarter (Jan 1 - Mar 31),,2025-03-07 13:59:24,2026-03-07 10:21:27.203051,18750.0,,,,Drew Lesofski,https://lda.senate.gov/api/v1/filings/b4b6fff6-0e54-4f93-b67f-4811dcf0b3f0/,462,2446
2506,6a6c0fb1-21e4-4ec7-8477-0e76589a89b4,RR,Registration,2025,first_quarter,1st Quarter (Jan 1 - Mar 31),,2025-03-07 14:00:41,2026-03-07 10:21:27.207416,,,,,Allegra M. Han,https://lda.senate.gov/api/v1/filings/6a6c0fb1-21e4-4ec7-8477-0e76589a89b4/,383,2447
2507,a04af639-8ec4-47fc-9c37-ef27cbd64aab,Q1,1st Quarter - Report,2025,first_quarter,1st Quarter (Jan 1 - Mar 31),,2025-03-07 14:01:44,2026-03-07 10:21:27.211854,10500.0,,,,Drew Lesofski,https://lda.senate.gov/api/v1/filings/a04af639-8ec4-47fc-9c37-ef27cbd64aab/,462,2448
2508,8262abd5-0b0f-4862-b558-6559afbc1340,RA,Registration - Amendment,2025,first_quarter,1st Quarter (Jan 1 - Mar 31),,2025-03-07 14:08:20,2026-03-07 10:21:27.216826,,,,,Adina Mincher,https://lda.senate.gov/api/v1/filings/8262abd5-0b0f-4862-b558-6559afbc1340/,52,2444
2509,a4a3207f-c691-40ec-8c7c-6ca16984dfd4,RA,Registration - Amendment,2025,first_quarter,1st Quarter (Jan 1 - Mar 31),,2025-03-07 14:16:10,2026-03-07 10:21:27.220856,,,,,Jennifer Dionne,https://lda.senate.gov/api/v1/filings/a4a3207f-c691-40ec-8c7c-6ca16984dfd4/,843,2320
2510,6b01a1e8-cdac-437b-bec2-0e540b91cae0,RR,Registration,2025,first_quarter,1st Quarter (Jan 1 - Mar 31),,2025-03-07 14:16:50,2026-03-07 10:21:27.225125,,,,,Allegra M. Han,https://lda.senate.gov/api/v1/filings/6b01a1e8-cdac-437b-bec2-0e540b91cae0/,383,2449
2903,60c682ef-c61f-4e36-9950-d0a18dfbc8d2,RR,Registration,2025,first_quarter,1st Quarter (Jan 1 - Mar 31),,2025-03-19 14:31:56,2026-03-07 10:21:52.551092,,,,,Joe Hack,https://lda.senate.gov/api/v1/filings/60c682ef-c61f-4e36-9950-d0a18dfbc8d2/,269,2811
2511,fd2d603d-4a89-451a-b3c9-5d2057543fd0,RA,Registration - Amendment,2025,first_quarter,1st Quarter (Jan 1 - Mar 31),,2025-03-07 14:23:14,2026-03-07 10:21:27.229909,,,,,Jennifer Dionne,https://lda.senate.gov/api/v1/filings/fd2d603d-4a89-451a-b3c9-5d2057543fd0/,843,2311
2904,0bf88b23-1e1e-4f9c-96a4-d549120a01ad,RR,Registration,2025,first_quarter,1st Quarter (Jan 1 - Mar 31),,2025-03-19 15:29:59,2026-03-07 10:21:52.555444,,,,,Nicholas P. Manetto,https://lda.senate.gov/api/v1/filings/0bf88b23-1e1e-4f9c-96a4-d549120a01ad/,505,2812
2512,20f845d3-2809-4c36-9af2-a717f1f89981,RR,Registration,2025,first_quarter,1st Quarter (Jan 1 - Mar 31),,2025-03-07 15:01:52,2026-03-07 10:21:27.234332,,,,,Kyle Walker,https://lda.senate.gov/api/v1/filings/20f845d3-2809-4c36-9af2-a717f1f89981/,475,2450
2513,12330fab-4f19-4218-9436-4505078898c1,RR,Registration,2025,first_quarter,1st Quarter (Jan 1 - Mar 31),,2025-03-07 15:13:12,2026-03-07 10:21:27.238947,,,,,Anusha Kumari,https://lda.senate.gov/api/v1/filings/12330fab-4f19-4218-9436-4505078898c1/,300,2451
2905,48913cce-cdf2-4fa5-84d2-5569eb2a807a,RR,Registration,2025,first_quarter,1st Quarter (Jan 1 - Mar 31),,2025-03-19 15:30:30,2026-03-07 10:21:52.560698,,,,,Jennifer Holmes,https://lda.senate.gov/api/v1/filings/48913cce-cdf2-4fa5-84d2-5569eb2a807a/,264,2813
2514,b03cd262-e580-441d-b855-8bced6d49a23,RR,Registration,2025,first_quarter,1st Quarter (Jan 1 - Mar 31),,2025-03-07 15:18:34,2026-03-07 10:21:27.243869,,,,,Anusha Kumari,https://lda.senate.gov/api/v1/filings/b03cd262-e580-441d-b855-8bced6d49a23/,300,2452
2515,937a32ed-5a3d-4f26-a2f7-e8686a31cb24,RA,Registration - Amendment,2025,first_quarter,1st Quarter (Jan 1 - Mar 31),,2025-03-07 15:24:33,2026-03-07 10:21:27.249121,,,,,Jennifer Dionne,https://lda.senate.gov/api/v1/filings/937a32ed-5a3d-4f26-a2f7-e8686a31cb24/,843,2325
2516,2b47927b-97cc-4b23-b15f-ab5278c8e665,RR,Registration,2025,first_quarter,1st Quarter (Jan 1 - Mar 31),,2025-03-07 15:28:09,2026-03-07 10:21:27.253462,,,,,Anusha Kumari,https://lda.senate.gov/api/v1/filings/2b47927b-97cc-4b23-b15f-ab5278c8e665/,300,2453
2517,ce66b21c-fab1-47d9-bc76-a5760efa8732,RA,Registration - Amendment,2025,first_quarter,1st Quarter (Jan 1 - Mar 31),,2025-03-07 15:32:38,2026-03-07 10:21:27.258118,,,,,Jennifer Dionne,https://lda.senate.gov/api/v1/filings/ce66b21c-fab1-47d9-bc76-a5760efa8732/,843,2327
2518,0a2b5d80-625f-4df9-9ec3-d0d84ed7205b,RR,Registration,2025,first_quarter,1st Quarter (Jan 1 - Mar 31),,2025-03-07 15:33:05,2026-03-07 10:21:27.262086,,,,,Anusha Kumari,https://lda.senate.gov/api/v1/filings/0a2b5d80-625f-4df9-9ec3-d0d84ed7205b/,300,2454
2519,b5f34ee2-21b3-45cb-9b56-9e600c9b5400,RR,Registration,2025,first_quarter,1st Quarter (Jan 1 - Mar 31),,2025-03-07 15:37:39,2026-03-07 10:21:27.267401,,,,,Israel Klein,https://lda.senate.gov/api/v1/filings/b5f34ee2-21b3-45cb-9b56-9e600c9b5400/,276,2455
2520,263e74e8-ee3b-4d95-b607-36edf17315bd,RR,Registration,2025,first_quarter,1st Quarter (Jan 1 - Mar 31),,2025-03-07 15:39:16,2026-03-07 10:21:27.272141,,,,,Anusha Kumari,https://lda.senate.gov/api/v1/filings/263e74e8-ee3b-4d95-b607-36edf17315bd/,300,2456
2521,0f19cbdf-d1a7-42bd-a108-1bdef64f911a,RA,Registration - Amendment,2025,first_quarter,1st Quarter (Jan 1 - Mar 31),,2025-03-07 15:43:00,2026-03-07 10:21:27.276657,,,,,Jennifer Dionne,https://lda.senate.gov/api/v1/filings/0f19cbdf-d1a7-42bd-a108-1bdef64f911a/,843,2328
2522,697b3893-0451-4310-8d3f-8e0244c9a74d,RA,Registration - Amendment,2025,first_quarter,1st Quarter (Jan 1 - Mar 31),,2025-03-07 15:49:16,2026-03-07 10:21:27.282090,,,,,Jennifer Dionne,https://lda.senate.gov/api/v1/filings/697b3893-0451-4310-8d3f-8e0244c9a74d/,843,2312
2523,7a510af1-07bd-4616-8800-312149a1c5fe,RA,Registration - Amendment,2025,first_quarter,1st Quarter (Jan 1 - Mar 31),,2025-03-07 15:58:30,2026-03-07 10:21:27.286034,,,,,Jennifer Dionne,https://lda.senate.gov/api/v1/filings/7a510af1-07bd-4616-8800-312149a1c5fe/,843,2330
2524,0ba3f4e2-da87-46d7-891c-05352fff5368,RA,Registration - Amendment,2025,first_quarter,1st Quarter (Jan 1 - Mar 31),,2025-03-07 16:08:34,2026-03-07 10:21:27.289884,,,,,Jennifer Dionne,https://lda.senate.gov/api/v1/filings/0ba3f4e2-da87-46d7-891c-05352fff5368/,843,2333
2525,59b2d8de-75de-4a16-a8cb-a14bec054d31,RA,Registration - Amendment,2025,first_quarter,1st Quarter (Jan 1 - Mar 31),,2025-03-07 16:17:24,2026-03-07 10:21:27.294216,,,,,Jennifer Dionne,https://lda.senate.gov/api/v1/filings/59b2d8de-75de-4a16-a8cb-a14bec054d31/,843,2331
2526,71c3bbd9-bbc2-435b-bc68-84174821c12c,RR,Registration,2025,first_quarter,1st Quarter (Jan 1 - Mar 31),,2025-03-07 16:21:52,2026-03-07 10:21:28.730352,,,,,Adam J. Biegel,https://lda.senate.gov/api/v1/filings/71c3bbd9-bbc2-435b-bc68-84174821c12c/,299,2457
2527,0be37e84-2fb4-4853-9e20-4707d303fa1c,RA,Registration - Amendment,2025,first_quarter,1st Quarter (Jan 1 - Mar 31),,2025-03-07 16:23:59,2026-03-07 10:21:28.736219,,,,,Jennifer Dionne,https://lda.senate.gov/api/v1/filings/0be37e84-2fb4-4853-9e20-4707d303fa1c/,843,2336
2528,aed9f4ab-267c-401d-9308-5fd5b8b9f5d8,RR,Registration,2025,first_quarter,1st Quarter (Jan 1 - Mar 31),,2025-03-07 16:26:51,2026-03-07 10:21:28.740903,,,,,Laura Joshua,https://lda.senate.gov/api/v1/filings/aed9f4ab-267c-401d-9308-5fd5b8b9f5d8/,432,2458
2529,ba23a795-beb8-458d-ad36-563f836bc9de,RR,Registration,2025,first_quarter,1st Quarter (Jan 1 - Mar 31),,2025-03-07 16:30:20,2026-03-07 10:21:28.746497,,,,,Anusha Kumari,https://lda.senate.gov/api/v1/filings/ba23a795-beb8-458d-ad36-563f836bc9de/,300,2459
2530,5af152c6-a91a-4e33-a612-1592d8d852f8,RA,Registration - Amendment,2025,first_quarter,1st Quarter (Jan 1 - Mar 31),,2025-03-07 16:32:18,2026-03-07 10:21:28.751420,,,,,Jennifer Dionne,https://lda.senate.gov/api/v1/filings/5af152c6-a91a-4e33-a612-1592d8d852f8/,843,2324
2531,22de1688-cf53-4944-bfe4-94f8ad0b99f0,RR,Registration,2025,first_quarter,1st Quarter (Jan 1 - Mar 31),,2025-03-07 16:34:15,2026-03-07 10:21:28.755436,,,,,Anusha Kumari,https://lda.senate.gov/api/v1/filings/22de1688-cf53-4944-bfe4-94f8ad0b99f0/,300,2460
2532,21cbcd26-8d1d-4592-abc0-10ab4ad3564a,RR,Registration,2025,first_quarter,1st Quarter (Jan 1 - Mar 31),,2025-03-07 16:38:13,2026-03-07 10:21:28.760328,,,,,Anusha Kumari,https://lda.senate.gov/api/v1/filings/21cbcd26-8d1d-4592-abc0-10ab4ad3564a/,300,2461
2533,6c0c98bc-053a-4560-82e9-0193d8472ace,RA,Registration - Amendment,2025,first_quarter,1st Quarter (Jan 1 - Mar 31),,2025-03-07 16:41:33,2026-03-07 10:21:28.765736,,,,,Jennifer Dionne,https://lda.senate.gov/api/v1/filings/6c0c98bc-053a-4560-82e9-0193d8472ace/,843,2335
2906,4048424e-192c-4d81-aa59-1a680a7cb55a,RA,Registration - Amendment,2025,first_quarter,1st Quarter (Jan 1 - Mar 31),,2025-03-19 16:09:19,2026-03-07 10:21:52.565519,,,,,Donald Overton,https://lda.senate.gov/api/v1/filings/4048424e-192c-4d81-aa59-1a680a7cb55a/,949,2814
2534,6aa3d1d1-3e91-4381-96b5-7d0eeed07f11,RA,Registration - Amendment,2025,first_quarter,1st Quarter (Jan 1 - Mar 31),,2025-03-07 16:45:12,2026-03-07 10:21:28.770190,,,,,Jennifer Dionne,https://lda.senate.gov/api/v1/filings/6aa3d1d1-3e91-4381-96b5-7d0eeed07f11/,843,2334
2535,6ef1892c-d10b-43af-894c-a7cc9fd7a01d,RA,Registration - Amendment,2025,first_quarter,1st Quarter (Jan 1 - Mar 31),,2025-03-07 16:56:12,2026-03-07 10:21:28.774249,,,,,Allegra M. Han,https://lda.senate.gov/api/v1/filings/6ef1892c-d10b-43af-894c-a7cc9fd7a01d/,383,2447
2907,d164df0c-8ac7-45f6-99dc-cec9bbdc358c,RR,Registration,2025,first_quarter,1st Quarter (Jan 1 - Mar 31),,2025-03-19 16:24:22,2026-03-07 10:21:52.571390,,,,,Jacob Kohn,https://lda.senate.gov/api/v1/filings/d164df0c-8ac7-45f6-99dc-cec9bbdc358c/,777,2815
2536,2bc0c6eb-de09-48bf-b135-e9b5eddc9bbc,RR,Registration,2025,first_quarter,1st Quarter (Jan 1 - Mar 31),,2025-03-07 16:58:41,2026-03-07 10:21:28.778399,,,,,Barbara Cosgriff,https://lda.senate.gov/api/v1/filings/2bc0c6eb-de09-48bf-b135-e9b5eddc9bbc/,867,2462
2908,b61449f9-ffb9-46d4-8737-892f8803659b,RA,Registration - Amendment,2025,first_quarter,1st Quarter (Jan 1 - Mar 31),,2025-03-19 16:48:51,2026-03-07 10:21:52.576096,,,,,Nathan Groth,https://lda.senate.gov/api/v1/filings/b61449f9-ffb9-46d4-8737-892f8803659b/,950,2816
2537,a1e56090-d438-4ef5-b5af-6b8cc3cdee5a,RR,Registration,2025,first_quarter,1st Quarter (Jan 1 - Mar 31),,2025-03-07 17:15:47,2026-03-07 10:21:28.783603,,,,,Clarine Nardi Riddle,https://lda.senate.gov/api/v1/filings/a1e56090-d438-4ef5-b5af-6b8cc3cdee5a/,368,2463
2538,7f858405-89fe-479a-8ab8-7dc131dfd664,RA,Registration - Amendment,2025,first_quarter,1st Quarter (Jan 1 - Mar 31),,2025-03-07 17:31:34,2026-03-07 10:21:28.788439,,,,,Laura Joshua,https://lda.senate.gov/api/v1/filings/7f858405-89fe-479a-8ab8-7dc131dfd664/,432,2464
2909,76730642-d09a-4f5c-b271-9bd556b190e1,RR,Registration,2025,first_quarter,1st Quarter (Jan 1 - Mar 31),,2025-03-19 17:08:31,2026-03-07 10:21:52.581428,,,,,Michael A Merola,https://lda.senate.gov/api/v1/filings/76730642-d09a-4f5c-b271-9bd556b190e1/,291,2817
2539,f3ff73e4-684d-4e90-990d-91d376da6605,1T,1st Quarter - Termination,2025,first_quarter,1st Quarter (Jan 1 - Mar 31),,2025-03-07 18:18:21,2026-03-07 10:21:28.793836,60000.0,,,,Andrew Kauders,https://lda.senate.gov/api/v1/filings/f3ff73e4-684d-4e90-990d-91d376da6605/,650,2465
2910,8d7c6ca1-cda9-4b50-8d40-4fec39e5ca7b,RR,Registration,2025,first_quarter,1st Quarter (Jan 1 - Mar 31),,2025-03-19 17:29:19,2026-03-07 10:21:52.585901,,,,,E. Ashley Hoy,https://lda.senate.gov/api/v1/filings/8d7c6ca1-cda9-4b50-8d40-4fec39e5ca7b/,448,2818
2540,1cccf696-edcb-4492-9bfe-05768108831b,RR,Registration,2025,first_quarter,1st Quarter (Jan 1 - Mar 31),,2025-03-07 18:24:28,2026-03-07 10:21:28.799005,,,,,Derek Ross,https://lda.senate.gov/api/v1/filings/1cccf696-edcb-4492-9bfe-05768108831b/,298,2466
2541,eea84662-3194-4d3c-9b85-5334d6482bcc,RR,Registration,2025,first_quarter,1st Quarter (Jan 1 - Mar 31),,2025-03-07 18:28:43,2026-03-07 10:21:28.803804,,,,,Derek Ross,https://lda.senate.gov/api/v1/filings/eea84662-3194-4d3c-9b85-5334d6482bcc/,298,2467
2911,f5f9aabf-fd86-45e7-bfbf-87e5db07ff20,RR,Registration,2025,first_quarter,1st Quarter (Jan 1 - Mar 31),,2025-03-19 18:40:01,2026-03-07 10:21:52.590755,,,,,Scott Kamins,https://lda.senate.gov/api/v1/filings/f5f9aabf-fd86-45e7-bfbf-87e5db07ff20/,686,2819
2542,2d70b4dc-d7d5-44eb-bde2-7bca970b56ce,RR,Registration,2025,first_quarter,1st Quarter (Jan 1 - Mar 31),,2025-03-07 18:32:54,2026-03-07 10:21:28.808469,,,,,Derek H Ross,https://lda.senate.gov/api/v1/filings/2d70b4dc-d7d5-44eb-bde2-7bca970b56ce/,298,2468
2912,c41f71d5-a99a-4954-8630-eb58157e4d0f,RR,Registration,2025,first_quarter,1st Quarter (Jan 1 - Mar 31),,2025-03-19 20:05:14,2026-03-07 10:21:52.595118,,,,,Beth Anne Cole,https://lda.senate.gov/api/v1/filings/c41f71d5-a99a-4954-8630-eb58157e4d0f/,566,2820
2543,8271f472-c3aa-4492-bb4b-2b5a18bab6ea,RR,Registration,2025,first_quarter,1st Quarter (Jan 1 - Mar 31),,2025-03-07 18:35:43,2026-03-07 10:21:28.813461,,,,,Derek H Ross,https://lda.senate.gov/api/v1/filings/8271f472-c3aa-4492-bb4b-2b5a18bab6ea/,298,2469
2544,9914cc92-d7e8-4dd4-b1fb-c729ce1563cd,RR,Registration,2025,first_quarter,1st Quarter (Jan 1 - Mar 31),,2025-03-07 18:43:37,2026-03-07 10:21:28.818180,,,,,Derek H Ross,https://lda.senate.gov/api/v1/filings/9914cc92-d7e8-4dd4-b1fb-c729ce1563cd/,298,2470
2545,60997d3b-119f-4093-b91d-8f619a3e47d6,RR,Registration,2025,first_quarter,1st Quarter (Jan 1 - Mar 31),,2025-03-07 18:57:40,2026-03-07 10:21:28.822587,,,,,Derek H Ross,https://lda.senate.gov/api/v1/filings/60997d3b-119f-4093-b91d-8f619a3e47d6/,298,2471
2546,20a97586-faea-4881-a146-dca60428abc8,RR,Registration,2025,first_quarter,1st Quarter (Jan 1 - Mar 31),,2025-03-07 19:03:29,2026-03-07 10:21:28.827454,,,,,Derek H Ross,https://lda.senate.gov/api/v1/filings/20a97586-faea-4881-a146-dca60428abc8/,298,2472
2547,41a45b1c-5ed3-4b49-94c4-2d86368c98c0,1T,1st Quarter - Termination,2025,first_quarter,1st Quarter (Jan 1 - Mar 31),,2025-03-08 16:07:36,2026-03-07 10:21:28.832473,30000.0,,,,Neal Patel,https://lda.senate.gov/api/v1/filings/41a45b1c-5ed3-4b49-94c4-2d86368c98c0/,868,2473
2548,3f3b9e3b-7eb7-4679-b66a-bb7e496a3090,RR,Registration,2025,first_quarter,1st Quarter (Jan 1 - Mar 31),,2025-03-08 16:16:10,2026-03-07 10:21:28.837880,,,,,Neal Patel,https://lda.senate.gov/api/v1/filings/3f3b9e3b-7eb7-4679-b66a-bb7e496a3090/,868,2474
2549,c0690795-cc14-464b-9d46-bc5ab6a96fa1,RR,Registration,2025,first_quarter,1st Quarter (Jan 1 - Mar 31),,2025-03-09 12:19:42,2026-03-07 10:21:28.842644,,,,,E. Ashley Hoy,https://lda.senate.gov/api/v1/filings/c0690795-cc14-464b-9d46-bc5ab6a96fa1/,448,2475
2550,2f0b7936-311f-42dc-aa4c-5f395aecb568,RR,Registration,2025,first_quarter,1st Quarter (Jan 1 - Mar 31),,2025-03-09 12:35:23,2026-03-07 10:21:28.847459,,,,,Beth Anne Cole,https://lda.senate.gov/api/v1/filings/2f0b7936-311f-42dc-aa4c-5f395aecb568/,593,2476
2551,00df6343-a28b-4fb7-9bac-963ba263d131,RR,Registration,2025,first_quarter,1st Quarter (Jan 1 - Mar 31),,2025-03-09 12:42:37,2026-03-07 10:21:30.294270,,,,,Beth Anne Cole,https://lda.senate.gov/api/v1/filings/00df6343-a28b-4fb7-9bac-963ba263d131/,593,2477
2913,ec03ea43-e165-493b-884c-d9a2a4c4d6ff,RR,Registration,2025,first_quarter,1st Quarter (Jan 1 - Mar 31),,2025-03-19 21:49:24,2026-03-07 10:21:52.599785,,,,,Beth Anne Cole,https://lda.senate.gov/api/v1/filings/ec03ea43-e165-493b-884c-d9a2a4c4d6ff/,69,2821
2552,16d80bc9-3809-4792-8973-203492132c98,RR,Registration,2025,first_quarter,1st Quarter (Jan 1 - Mar 31),,2025-03-10 08:57:53,2026-03-07 10:21:30.300501,,,,,Stacey Scholl,https://lda.senate.gov/api/v1/filings/16d80bc9-3809-4792-8973-203492132c98/,254,2478
2553,9e16014a-44c4-4ead-8654-a1ec9cb79f9a,RR,Registration,2025,first_quarter,1st Quarter (Jan 1 - Mar 31),,2025-03-10 09:18:26,2026-03-07 10:21:30.306257,,,,,Sara Nuvy,https://lda.senate.gov/api/v1/filings/9e16014a-44c4-4ead-8654-a1ec9cb79f9a/,48,2479
2914,dde7cbd9-6440-480b-b29e-61210548ea53,RR,Registration,2025,first_quarter,1st Quarter (Jan 1 - Mar 31),,2025-03-19 21:53:43,2026-03-07 10:21:52.604433,,,,,Beth Anne Cole,https://lda.senate.gov/api/v1/filings/dde7cbd9-6440-480b-b29e-61210548ea53/,69,2822
2554,fa383647-4f16-4d90-b33d-e7b6a7297d72,RR,Registration,2025,first_quarter,1st Quarter (Jan 1 - Mar 31),,2025-03-10 09:28:17,2026-03-07 10:21:30.312623,,,,,Sara Nuvy,https://lda.senate.gov/api/v1/filings/fa383647-4f16-4d90-b33d-e7b6a7297d72/,48,2480
2915,25d8dad7-3d00-4fc4-8f7b-3124520a2417,RR,Registration,2025,first_quarter,1st Quarter (Jan 1 - Mar 31),,2025-03-19 21:57:21,2026-03-07 10:21:52.609291,,,,,Beth Anne Cole,https://lda.senate.gov/api/v1/filings/25d8dad7-3d00-4fc4-8f7b-3124520a2417/,69,2823
2555,1e3bf8b7-f4bf-4282-9902-43bf9925c859,RR,Registration,2025,first_quarter,1st Quarter (Jan 1 - Mar 31),,2025-03-10 09:47:36,2026-03-07 10:21:30.318606,,,,,"Roger J. Stone, Jr.",https://lda.senate.gov/api/v1/filings/1e3bf8b7-f4bf-4282-9902-43bf9925c859/,869,2481
2556,f5b438f4-4359-4412-908b-8ecfbde04195,RA,Registration - Amendment,2025,first_quarter,1st Quarter (Jan 1 - Mar 31),,2025-03-10 10:51:27,2026-03-07 10:21:30.324485,,,,,Kelsey H Carreon,https://lda.senate.gov/api/v1/filings/f5b438f4-4359-4412-908b-8ecfbde04195/,870,2482
2916,c773c4bd-6da5-4b5c-9391-b4a50f8fa3f5,1TY,1st Quarter - Termination (No Activity),2025,first_quarter,1st Quarter (Jan 1 - Mar 31),,2025-03-20 00:35:35,2026-03-07 10:21:52.614487,,,,,Shane Skelton,https://lda.senate.gov/api/v1/filings/c773c4bd-6da5-4b5c-9391-b4a50f8fa3f5/,951,2824
2557,34889c8b-40f9-4056-8a55-ac293c3633b4,Q1,1st Quarter - Report,2025,first_quarter,1st Quarter (Jan 1 - Mar 31),,2025-03-10 11:05:18,2026-03-07 10:21:30.329816,,190000.0,A,A,Julia Funari,https://lda.senate.gov/api/v1/filings/34889c8b-40f9-4056-8a55-ac293c3633b4/,403,762
2917,dafc8e0e-0aa3-4797-bb30-8148d0cbe63f,RR,Registration,2025,first_quarter,1st Quarter (Jan 1 - Mar 31),,2025-03-20 06:41:42,2026-03-07 10:21:52.618824,,,,,Sara Nuvy,https://lda.senate.gov/api/v1/filings/dafc8e0e-0aa3-4797-bb30-8148d0cbe63f/,48,2825
2558,6388602a-17c9-4d94-9232-60991faac48e,RR,Registration,2025,first_quarter,1st Quarter (Jan 1 - Mar 31),,2025-03-10 11:05:40,2026-03-07 10:21:30.334651,,,,,Stacey Scholl,https://lda.senate.gov/api/v1/filings/6388602a-17c9-4d94-9232-60991faac48e/,254,2483
2559,d03cdfeb-faf1-465a-bc90-ea969d96519f,RR,Registration,2025,first_quarter,1st Quarter (Jan 1 - Mar 31),,2025-03-10 11:20:21,2026-03-07 10:21:30.339128,,,,,William T. Rice,https://lda.senate.gov/api/v1/filings/d03cdfeb-faf1-465a-bc90-ea969d96519f/,871,2484
2918,7a31bf46-6b1c-4b2f-9d7b-0dd1170082ba,RR,Registration,2025,first_quarter,1st Quarter (Jan 1 - Mar 31),,2025-03-20 08:26:57,2026-03-07 10:21:52.623814,,,,,Beth Anne Cole,https://lda.senate.gov/api/v1/filings/7a31bf46-6b1c-4b2f-9d7b-0dd1170082ba/,244,2826
2560,c76684bc-3a83-4bb2-b0aa-b3dd2da6779f,RR,Registration,2025,first_quarter,1st Quarter (Jan 1 - Mar 31),,2025-03-10 11:24:53,2026-03-07 10:21:30.344371,,,,,Patrick Cooney,https://lda.senate.gov/api/v1/filings/c76684bc-3a83-4bb2-b0aa-b3dd2da6779f/,872,2485
2919,e159a6e7-c7bd-4468-bc84-b1cf20839f51,RA,Registration - Amendment,2025,first_quarter,1st Quarter (Jan 1 - Mar 31),,2025-03-20 09:12:35,2026-03-07 10:21:52.629044,,,,,Laurie Bendall,https://lda.senate.gov/api/v1/filings/e159a6e7-c7bd-4468-bc84-b1cf20839f51/,939,2827
2561,bdc1534c-af77-45c9-a101-6edaf1fabe6c,RA,Registration - Amendment,2025,first_quarter,1st Quarter (Jan 1 - Mar 31),,2025-03-10 11:25:36,2026-03-07 10:21:30.349702,,,,,Adina Mincher,https://lda.senate.gov/api/v1/filings/bdc1534c-af77-45c9-a101-6edaf1fabe6c/,52,2444
2562,c39de5d0-6b63-486f-be8b-de0400a6743f,RR,Registration,2025,first_quarter,1st Quarter (Jan 1 - Mar 31),,2025-03-10 11:31:13,2026-03-07 10:21:30.353830,,,,,Patrick Cooney,https://lda.senate.gov/api/v1/filings/c39de5d0-6b63-486f-be8b-de0400a6743f/,872,2486
2563,bbed9761-f052-463f-b0fc-7c953946a76a,RR,Registration,2025,first_quarter,1st Quarter (Jan 1 - Mar 31),,2025-03-10 11:38:03,2026-03-07 10:21:30.358289,,,,,Patrick Cooney,https://lda.senate.gov/api/v1/filings/bbed9761-f052-463f-b0fc-7c953946a76a/,872,2487
2564,1581899a-3b7c-40e0-8832-10ba935524aa,RA,Registration - Amendment,2025,first_quarter,1st Quarter (Jan 1 - Mar 31),,2025-03-10 12:05:56,2026-03-07 10:21:30.362814,,,,,Jennifer Dionne,https://lda.senate.gov/api/v1/filings/1581899a-3b7c-40e0-8832-10ba935524aa/,843,2321
2565,8051ded7-3dc1-4d3b-8130-5c29e575ea1c,RA,Registration - Amendment,2025,first_quarter,1st Quarter (Jan 1 - Mar 31),,2025-03-10 12:09:22,2026-03-07 10:21:30.366836,,,,,Jennifer Dionne,https://lda.senate.gov/api/v1/filings/8051ded7-3dc1-4d3b-8130-5c29e575ea1c/,843,2328
2566,8690554a-98e8-4876-bec6-1d188c60ac91,RA,Registration - Amendment,2025,first_quarter,1st Quarter (Jan 1 - Mar 31),,2025-03-10 12:12:15,2026-03-07 10:21:30.371036,,,,,Jennifer Dionne,https://lda.senate.gov/api/v1/filings/8690554a-98e8-4876-bec6-1d188c60ac91/,843,2311
2567,7e563a3a-bfec-4f23-b593-0436bd87a423,RR,Registration,2025,second_quarter,2nd Quarter (Apr 1 - June 30),,2025-03-10 12:13:47,2026-03-07 10:21:30.376292,,,,,Tim Marden,https://lda.senate.gov/api/v1/filings/7e563a3a-bfec-4f23-b593-0436bd87a423/,873,2488
2568,7c5b3ef0-28ca-442c-8388-fdb3f0b1b3cc,RR,Registration,2025,first_quarter,1st Quarter (Jan 1 - Mar 31),,2025-03-10 12:18:59,2026-03-07 10:21:30.381582,,,,,Greg D'Angelo,https://lda.senate.gov/api/v1/filings/7c5b3ef0-28ca-442c-8388-fdb3f0b1b3cc/,44,2489
2573,fb50d95d-898e-4bc1-90cb-944ed4c7f3aa,1T,1st Quarter - Termination,2025,first_quarter,1st Quarter (Jan 1 - Mar 31),,2025-03-10 12:55:55,2026-03-07 10:21:30.405928,15000.0,,,,Christopher Caron,https://lda.senate.gov/api/v1/filings/fb50d95d-898e-4bc1-90cb-944ed4c7f3aa/,874,2493
2920,f8aaa0e9-bb54-41ad-bcf3-48b946a3bac1,RA,Registration - Amendment,2025,first_quarter,1st Quarter (Jan 1 - Mar 31),,2025-03-20 09:15:53,2026-03-07 10:21:52.634111,,,,,Patrick Holten,https://lda.senate.gov/api/v1/filings/f8aaa0e9-bb54-41ad-bcf3-48b946a3bac1/,675,2828
2574,bfb7fbf3-cd69-4aa3-ac4d-6ab23c1921a8,RR,Registration,2025,first_quarter,1st Quarter (Jan 1 - Mar 31),,2025-03-10 12:57:20,2026-03-07 10:21:30.410833,,,,,"Thomas Worrall, Partner",https://lda.senate.gov/api/v1/filings/bfb7fbf3-cd69-4aa3-ac4d-6ab23c1921a8/,353,2494
2575,a7e11a60-9466-4129-bcb1-ce082b9f5132,RR,Registration,2025,first_quarter,1st Quarter (Jan 1 - Mar 31),,2025-03-10 12:57:31,2026-03-07 10:21:30.416071,,,,,William Burke,https://lda.senate.gov/api/v1/filings/a7e11a60-9466-4129-bcb1-ce082b9f5132/,875,2495
2921,ecf17221-02f7-475b-88da-d51001030974,RR,Registration,2025,first_quarter,1st Quarter (Jan 1 - Mar 31),,2025-03-20 09:25:42,2026-03-07 10:21:52.638487,,,,,Isabella Quinn,https://lda.senate.gov/api/v1/filings/ecf17221-02f7-475b-88da-d51001030974/,365,2829
2576,17b22b04-eea0-4e88-9ff4-a2965dbe1930,RR,Registration,2025,first_quarter,1st Quarter (Jan 1 - Mar 31),,2025-03-10 13:09:41,2026-03-07 10:21:31.975620,,,,,Stephanie Anne Gadbois,https://lda.senate.gov/api/v1/filings/17b22b04-eea0-4e88-9ff4-a2965dbe1930/,418,2496
2922,835b5ec7-f123-4b2a-a42c-1a7a077da750,1T,1st Quarter - Termination,2025,first_quarter,1st Quarter (Jan 1 - Mar 31),,2025-03-20 09:27:21,2026-03-07 10:21:52.642929,20000.0,,,,Isabella Quinn,https://lda.senate.gov/api/v1/filings/835b5ec7-f123-4b2a-a42c-1a7a077da750/,365,2830
2577,8c551a80-2314-44be-8714-43b28b6dcc46,RR,Registration,2025,first_quarter,1st Quarter (Jan 1 - Mar 31),,2025-03-10 13:42:54,2026-03-07 10:21:31.980833,,,,,William Rice,https://lda.senate.gov/api/v1/filings/8c551a80-2314-44be-8714-43b28b6dcc46/,871,2497
2578,483b35fd-697b-4378-90ef-f9f08dd4f981,RR,Registration,2025,first_quarter,1st Quarter (Jan 1 - Mar 31),,2025-03-10 14:16:44,2026-03-07 10:21:31.985907,,,,,Christine R. Mistr,https://lda.senate.gov/api/v1/filings/483b35fd-697b-4378-90ef-f9f08dd4f981/,518,2498
2923,c7f3acdb-fccd-4a9b-b704-aac1392b159d,RR,Registration,2025,first_quarter,1st Quarter (Jan 1 - Mar 31),,2025-03-20 09:46:49,2026-03-07 10:21:52.647882,,,,,Lauren Martin,https://lda.senate.gov/api/v1/filings/c7f3acdb-fccd-4a9b-b704-aac1392b159d/,952,2831
2579,79786022-756d-492f-b3cc-53a15ee7a64e,RR,Registration,2025,first_quarter,1st Quarter (Jan 1 - Mar 31),,2025-03-10 15:27:09,2026-03-07 10:21:31.990939,,,,,Maureen Holohan,https://lda.senate.gov/api/v1/filings/79786022-756d-492f-b3cc-53a15ee7a64e/,876,2499
2924,c569f84f-2655-4665-a49b-b00e3a5645ed,RR,Registration,2025,first_quarter,1st Quarter (Jan 1 - Mar 31),,2025-03-20 10:01:16,2026-03-07 10:21:52.652777,,,,,John Thomas Graves Jr.,https://lda.senate.gov/api/v1/filings/c569f84f-2655-4665-a49b-b00e3a5645ed/,923,2832
2580,4cf37df5-1c7c-462f-93b6-006f0909f077,RR,Registration,2025,first_quarter,1st Quarter (Jan 1 - Mar 31),,2025-03-10 15:28:19,2026-03-07 10:21:31.996198,,,,,Brian J. Glackin,https://lda.senate.gov/api/v1/filings/4cf37df5-1c7c-462f-93b6-006f0909f077/,309,2500
2581,f8729ed6-20df-4634-b140-794cd1c73f92,RR,Registration,2025,first_quarter,1st Quarter (Jan 1 - Mar 31),,2025-03-10 15:46:05,2026-03-07 10:21:32.000724,,,,,Jennifer Holmes,https://lda.senate.gov/api/v1/filings/f8729ed6-20df-4634-b140-794cd1c73f92/,264,2501
2925,97a97a9b-2485-47f9-85ce-46dac1ea3ac5,RR,Registration,2025,first_quarter,1st Quarter (Jan 1 - Mar 31),,2025-03-20 10:01:38,2026-03-07 10:21:52.657124,,,,,Matthew Morgan,https://lda.senate.gov/api/v1/filings/97a97a9b-2485-47f9-85ce-46dac1ea3ac5/,953,2833
2582,44170560-986d-4075-b268-aa6f0e22dcaa,RR,Registration,2025,first_quarter,1st Quarter (Jan 1 - Mar 31),,2025-03-10 16:00:49,2026-03-07 10:21:32.005663,,,,,"Christopher Skinnell, Attorney & Agent for Filer",https://lda.senate.gov/api/v1/filings/44170560-986d-4075-b268-aa6f0e22dcaa/,877,2502
2926,897db4fe-3568-4597-be43-f936786d53f3,RR,Registration,2025,first_quarter,1st Quarter (Jan 1 - Mar 31),,2025-03-20 10:03:49,2026-03-07 10:21:53.935016,,,,,Kevin Hollinger,https://lda.senate.gov/api/v1/filings/897db4fe-3568-4597-be43-f936786d53f3/,930,2834
2583,d74049e2-aa1a-4383-9c3d-df3a0f92c3ad,RR,Registration,2025,first_quarter,1st Quarter (Jan 1 - Mar 31),,2025-03-10 16:03:01,2026-03-07 10:21:32.011509,,,,,Jennifer Holmes,https://lda.senate.gov/api/v1/filings/d74049e2-aa1a-4383-9c3d-df3a0f92c3ad/,264,2503
2584,33945617-b9a6-4b74-ad05-03e37b2255e3,RR,Registration,2025,first_quarter,1st Quarter (Jan 1 - Mar 31),,2025-03-10 16:10:27,2026-03-07 10:21:32.016852,,,,,Jennifer Holmes,https://lda.senate.gov/api/v1/filings/33945617-b9a6-4b74-ad05-03e37b2255e3/,264,2504
2927,62faf401-2edf-44ab-b775-60358e0f7933,RR,Registration,2025,first_quarter,1st Quarter (Jan 1 - Mar 31),,2025-03-20 10:29:54,2026-03-07 10:21:53.940159,,,,,Mike Dunlap,https://lda.senate.gov/api/v1/filings/62faf401-2edf-44ab-b775-60358e0f7933/,954,2835
2585,98500b98-764c-4323-8fad-561403df81ad,RR,Registration,2025,first_quarter,1st Quarter (Jan 1 - Mar 31),,2025-03-10 16:18:03,2026-03-07 10:21:32.021945,,,,,Jennifer Holmes,https://lda.senate.gov/api/v1/filings/98500b98-764c-4323-8fad-561403df81ad/,264,2505
2928,f925835b-1792-4200-be6e-1f0c3e650110,Q1,1st Quarter - Report,2025,first_quarter,1st Quarter (Jan 1 - Mar 31),,2025-03-20 10:32:38,2026-03-07 10:21:53.946781,,10000.0,A,A,Kathryn E Wall,https://lda.senate.gov/api/v1/filings/f925835b-1792-4200-be6e-1f0c3e650110/,955,2836
2586,67f8c26e-8165-474c-90ad-c499f9583e2f,RR,Registration,2025,first_quarter,1st Quarter (Jan 1 - Mar 31),,2025-03-10 16:26:48,2026-03-07 10:21:32.027102,,,,,Jennifer Holmes,https://lda.senate.gov/api/v1/filings/67f8c26e-8165-474c-90ad-c499f9583e2f/,264,2506
2587,a49cae60-d91a-4a90-88d8-6e152c16b755,Q1,1st Quarter - Report,2025,first_quarter,1st Quarter (Jan 1 - Mar 31),,2025-03-10 16:33:57,2026-03-07 10:21:32.032041,,,A,A,Carlos Alcazar,https://lda.senate.gov/api/v1/filings/a49cae60-d91a-4a90-88d8-6e152c16b755/,878,2507
2588,916411a6-2c22-442c-849f-8475249669ae,RR,Registration,2025,first_quarter,1st Quarter (Jan 1 - Mar 31),,2025-03-10 16:34:13,2026-03-07 10:21:32.037451,,,,,Kayla Tiller,https://lda.senate.gov/api/v1/filings/916411a6-2c22-442c-849f-8475249669ae/,879,2508
2589,09909c07-6448-4cd0-8231-aff55e7ff8d1,1T,1st Quarter - Termination,2025,first_quarter,1st Quarter (Jan 1 - Mar 31),,2025-03-10 16:39:01,2026-03-07 10:21:32.042449,,,A,A,Carlos Alcazar,https://lda.senate.gov/api/v1/filings/09909c07-6448-4cd0-8231-aff55e7ff8d1/,878,2507
2590,51bd07c3-000f-4a64-a6aa-175bbfd684e6,1T,1st Quarter - Termination,2025,first_quarter,1st Quarter (Jan 1 - Mar 31),,2025-03-10 17:31:21,2026-03-07 10:21:32.047612,10000.0,,,,Cristina Antelo,https://lda.senate.gov/api/v1/filings/51bd07c3-000f-4a64-a6aa-175bbfd684e6/,880,2509
2591,f7a9dd90-8e77-49b7-8058-e0bcdc7fbf8e,RR,Registration,2025,first_quarter,1st Quarter (Jan 1 - Mar 31),,2025-03-10 18:49:35,2026-03-07 10:21:32.052435,,,,,Michael Wessel,https://lda.senate.gov/api/v1/filings/f7a9dd90-8e77-49b7-8058-e0bcdc7fbf8e/,721,2510
2929,30ef7352-4d34-4a5f-a70f-de3e6eab23f4,RA,Registration - Amendment,2025,first_quarter,1st Quarter (Jan 1 - Mar 31),,2025-03-20 10:41:43,2026-03-07 10:21:53.952682,,,,,"Barry Hartman, Partner",https://lda.senate.gov/api/v1/filings/30ef7352-4d34-4a5f-a70f-de3e6eab23f4/,316,2837
2592,79771631-92a8-45fc-a4f5-72cdd1544745,RR,Registration,2025,first_quarter,1st Quarter (Jan 1 - Mar 31),,2025-03-10 19:13:47,2026-03-07 10:21:32.057158,,,,,Lacey Hofmeyer,https://lda.senate.gov/api/v1/filings/79771631-92a8-45fc-a4f5-72cdd1544745/,544,2511
2593,51c0b95a-c3d9-41fe-94bc-4f54d86992bc,RR,Registration,2025,first_quarter,1st Quarter (Jan 1 - Mar 31),,2025-03-10 20:12:42,2026-03-07 10:21:32.062800,,,,,Kristen Torres,https://lda.senate.gov/api/v1/filings/51c0b95a-c3d9-41fe-94bc-4f54d86992bc/,881,2512
2930,02403a2a-3596-40ea-87ce-3edde30ddbcc,RR,Registration,2025,first_quarter,1st Quarter (Jan 1 - Mar 31),,2025-03-20 10:45:22,2026-03-07 10:21:53.957425,,,,,"Andrew Tabler, Government Affairs Advisor",https://lda.senate.gov/api/v1/filings/02403a2a-3596-40ea-87ce-3edde30ddbcc/,316,2838
2594,9ecf2883-f4d3-4231-9f0b-20d511ea3abf,RR,Registration,2025,first_quarter,1st Quarter (Jan 1 - Mar 31),,2025-03-10 20:26:52,2026-03-07 10:21:32.067871,,,,,Kristen Torres,https://lda.senate.gov/api/v1/filings/9ecf2883-f4d3-4231-9f0b-20d511ea3abf/,881,2513
2931,ba4d6242-b8de-4be7-8249-7bd866c624eb,RA,Registration - Amendment,2025,first_quarter,1st Quarter (Jan 1 - Mar 31),,2025-03-20 10:45:54,2026-03-07 10:21:53.961681,,,,,Cheryl A. Leanza,https://lda.senate.gov/api/v1/filings/ba4d6242-b8de-4be7-8249-7bd866c624eb/,839,2534
2595,f04c1bed-36db-47eb-bb37-3b2e84dc4ee7,1T,1st Quarter - Termination,2025,first_quarter,1st Quarter (Jan 1 - Mar 31),,2025-03-11 08:18:06,2026-03-07 10:21:32.073618,10000.0,,,,Marshall Matz,https://lda.senate.gov/api/v1/filings/f04c1bed-36db-47eb-bb37-3b2e84dc4ee7/,882,2514
2596,3f897aee-b3fc-4633-93cf-7e4cadeff933,RR,Registration,2025,first_quarter,1st Quarter (Jan 1 - Mar 31),,2025-03-11 08:42:24,2026-03-07 10:21:32.078658,,,,,Jonathan Galaviz,https://lda.senate.gov/api/v1/filings/3f897aee-b3fc-4633-93cf-7e4cadeff933/,821,2515
2932,1c18d070-4df8-4d2c-a9e5-abe91b48d67f,RR,Registration,2025,first_quarter,1st Quarter (Jan 1 - Mar 31),,2025-03-20 10:47:03,2026-03-07 10:21:53.966896,,,,,Michael Quickel,https://lda.senate.gov/api/v1/filings/1c18d070-4df8-4d2c-a9e5-abe91b48d67f/,42,2839
2597,14344221-bc96-4c2a-a1cd-37428e15d108,RR,Registration,2025,first_quarter,1st Quarter (Jan 1 - Mar 31),,2025-03-11 08:57:45,2026-03-07 10:21:32.083299,,,,,"Richard M. Gold, Partner",https://lda.senate.gov/api/v1/filings/14344221-bc96-4c2a-a1cd-37428e15d108/,360,2516
2933,3337b9b3-e8de-4bed-b544-61af966e2300,RR,Registration,2025,first_quarter,1st Quarter (Jan 1 - Mar 31),,2025-03-20 11:28:01,2026-03-07 10:21:53.971836,,,,,Brandi Lowell,https://lda.senate.gov/api/v1/filings/3337b9b3-e8de-4bed-b544-61af966e2300/,409,2840
2598,48bfc5cb-75ed-420d-800e-e4bf6e18f037,RR,Registration,2025,first_quarter,1st Quarter (Jan 1 - Mar 31),,2025-03-11 09:14:32,2026-03-07 10:21:32.088213,,,,,Sara Nuvy,https://lda.senate.gov/api/v1/filings/48bfc5cb-75ed-420d-800e-e4bf6e18f037/,48,2517
2599,5cfa1f44-234c-4c2e-b2a1-112bd226a950,RR,Registration,2025,first_quarter,1st Quarter (Jan 1 - Mar 31),,2025-03-11 09:27:13,2026-03-07 10:21:32.092849,,,,,"Richard M. Gold, Partner",https://lda.senate.gov/api/v1/filings/5cfa1f44-234c-4c2e-b2a1-112bd226a950/,360,2518
2600,973dd156-ea68-4d7a-9cae-9c67e069d25f,RR,Registration,2025,first_quarter,1st Quarter (Jan 1 - Mar 31),,2025-03-11 10:02:39,2026-03-07 10:21:32.097326,,,,,Shawn H. Smeallie,https://lda.senate.gov/api/v1/filings/973dd156-ea68-4d7a-9cae-9c67e069d25f/,296,2519
2601,c01086e7-0435-46bc-8011-604b761bbeb2,Q1,1st Quarter - Report,2025,first_quarter,1st Quarter (Jan 1 - Mar 31),,2025-03-11 10:24:06,2026-03-07 10:21:33.427318,110000.0,,,,Samuel Chasin,https://lda.senate.gov/api/v1/filings/c01086e7-0435-46bc-8011-604b761bbeb2/,883,2520
2602,a3041163-6484-4a4c-b078-9340aaed0476,RR,Registration,2025,first_quarter,1st Quarter (Jan 1 - Mar 31),,2025-03-11 10:35:58,2026-03-07 10:21:33.433288,,,,,Sonja Nesbit,https://lda.senate.gov/api/v1/filings/a3041163-6484-4a4c-b078-9340aaed0476/,808,2521
2603,ccf6552f-d532-4ed0-bdce-7ff1ccf1ad9a,RR,Registration,2025,first_quarter,1st Quarter (Jan 1 - Mar 31),,2025-03-11 10:41:43,2026-03-07 10:21:33.437699,,,,,Algene Sajery,https://lda.senate.gov/api/v1/filings/ccf6552f-d532-4ed0-bdce-7ff1ccf1ad9a/,884,2522
2604,de134af1-dece-47ea-ab8b-ec7ebba07370,RR,Registration,2025,first_quarter,1st Quarter (Jan 1 - Mar 31),,2025-03-11 10:42:11,2026-03-07 10:21:33.442785,,,,,Hunter Gronlund,https://lda.senate.gov/api/v1/filings/de134af1-dece-47ea-ab8b-ec7ebba07370/,460,2523
2605,3579ad5b-c046-4287-a648-d5d10e836a18,RR,Registration,2025,first_quarter,1st Quarter (Jan 1 - Mar 31),,2025-03-11 10:45:33,2026-03-07 10:21:33.448300,,,,,Hunter Gronlund,https://lda.senate.gov/api/v1/filings/3579ad5b-c046-4287-a648-d5d10e836a18/,460,2524
2606,f47ce99e-fe39-4041-916c-a9dadeb3d218,RR,Registration,2025,first_quarter,1st Quarter (Jan 1 - Mar 31),,2025-03-11 11:39:45,2026-03-07 10:21:33.453071,,,,,Jodi Bock Davidson,https://lda.senate.gov/api/v1/filings/f47ce99e-fe39-4041-916c-a9dadeb3d218/,54,2525
2607,f17e01e9-5320-4c3d-8974-281c56459f80,Q1,1st Quarter - Report,2025,first_quarter,1st Quarter (Jan 1 - Mar 31),,2025-03-11 11:44:42,2026-03-07 10:21:33.457904,,,,,Ross B Garelick Bell,https://lda.senate.gov/api/v1/filings/f17e01e9-5320-4c3d-8974-281c56459f80/,885,2526
2608,33f90170-29ba-4485-a1c4-2a76f1a7c7ab,RR,Registration,2025,first_quarter,1st Quarter (Jan 1 - Mar 31),,2025-03-11 11:44:48,2026-03-07 10:21:33.463412,,,,,Stacey Scholl,https://lda.senate.gov/api/v1/filings/33f90170-29ba-4485-a1c4-2a76f1a7c7ab/,254,2527
2609,0c199d45-b6b9-4678-92b2-b750235eff3b,RR,Registration,2025,first_quarter,1st Quarter (Jan 1 - Mar 31),,2025-03-11 11:45:15,2026-03-07 10:21:33.468739,,,,,Jodi Bock Davidson,https://lda.senate.gov/api/v1/filings/0c199d45-b6b9-4678-92b2-b750235eff3b/,54,2528
2610,5078c4a4-f4cd-43c8-865e-ca7e633f9168,RR,Registration,2025,first_quarter,1st Quarter (Jan 1 - Mar 31),,2025-03-11 11:56:51,2026-03-07 10:21:33.473653,,,,,Jodi Bock Davidson,https://lda.senate.gov/api/v1/filings/5078c4a4-f4cd-43c8-865e-ca7e633f9168/,54,2529
2611,24bf0af1-82a0-4876-8bdc-2b5403706ae1,RR,Registration,2025,first_quarter,1st Quarter (Jan 1 - Mar 31),,2025-03-11 12:04:46,2026-03-07 10:21:33.478553,,,,,Jodi Bock Davidson,https://lda.senate.gov/api/v1/filings/24bf0af1-82a0-4876-8bdc-2b5403706ae1/,54,2530
2612,14316840-27e5-419e-8aca-b0bccc94873f,RR,Registration,2025,first_quarter,1st Quarter (Jan 1 - Mar 31),,2025-03-11 12:09:51,2026-03-07 10:21:33.484976,,,,,Jodi Bock Davidson,https://lda.senate.gov/api/v1/filings/14316840-27e5-419e-8aca-b0bccc94873f/,54,2531
2934,b3d13ddd-1fc9-4ba1-bfcb-f819799d5763,RR,Registration,2025,first_quarter,1st Quarter (Jan 1 - Mar 31),,2025-03-20 11:29:22,2026-03-07 10:21:53.976696,,,,,John Thomas Graves Jr.,https://lda.senate.gov/api/v1/filings/b3d13ddd-1fc9-4ba1-bfcb-f819799d5763/,923,2841
2613,e68c172d-ecec-43fd-ba6c-1b5892e05201,RR,Registration,2025,first_quarter,1st Quarter (Jan 1 - Mar 31),,2025-03-11 12:19:16,2026-03-07 10:21:33.490057,,,,,Adam J. Biegel,https://lda.senate.gov/api/v1/filings/e68c172d-ecec-43fd-ba6c-1b5892e05201/,299,2532
2614,4d55d361-c9d5-4e44-9619-c9ea65802744,RR,Registration,2025,first_quarter,1st Quarter (Jan 1 - Mar 31),,2025-03-11 12:34:48,2026-03-07 10:21:33.495243,,,,,"Richard M. Gold, Partner",https://lda.senate.gov/api/v1/filings/4d55d361-c9d5-4e44-9619-c9ea65802744/,360,2533
2935,d395473b-a4a8-4608-aa51-3de222550a99,Q1Y,1st Quarter - Report (No Activity),2025,first_quarter,1st Quarter (Jan 1 - Mar 31),,2025-03-20 11:43:28,2026-03-07 10:21:53.981694,,,A,A,Daniel DIaz,https://lda.senate.gov/api/v1/filings/d395473b-a4a8-4608-aa51-3de222550a99/,956,2842
2615,e4c4310d-4e7f-43c1-a802-c3e9bfad63be,RA,Registration - Amendment,2025,first_quarter,1st Quarter (Jan 1 - Mar 31),,2025-03-11 12:40:44,2026-03-07 10:21:33.499779,,,,,Cheryl A. Leanza,https://lda.senate.gov/api/v1/filings/e4c4310d-4e7f-43c1-a802-c3e9bfad63be/,839,2534
2936,188c05f7-400c-470d-8dd9-2d1b866370d5,RR,Registration,2025,first_quarter,1st Quarter (Jan 1 - Mar 31),,2025-03-20 11:55:42,2026-03-07 10:21:53.985908,,,,,Andrew Barbour,https://lda.senate.gov/api/v1/filings/188c05f7-400c-470d-8dd9-2d1b866370d5/,957,2843
2616,92573a60-ca62-4225-93d0-2c4601dd74fb,RR,Registration,2025,first_quarter,1st Quarter (Jan 1 - Mar 31),,2025-03-11 13:16:07,2026-03-07 10:21:33.504579,,,,,Lindsay Austin,https://lda.senate.gov/api/v1/filings/92573a60-ca62-4225-93d0-2c4601dd74fb/,608,2535
2617,d5619263-7e56-4177-bc22-75e7f64c58c1,RR,Registration,2025,first_quarter,1st Quarter (Jan 1 - Mar 31),,2025-03-11 13:19:49,2026-03-07 10:21:33.509058,,,,,Behrends Foster,https://lda.senate.gov/api/v1/filings/d5619263-7e56-4177-bc22-75e7f64c58c1/,886,2536
2618,ba2095a5-7bf6-4e07-810e-7c6cdaffdcf1,1TY,1st Quarter - Termination (No Activity),2025,first_quarter,1st Quarter (Jan 1 - Mar 31),,2025-03-11 13:55:27,2026-03-07 10:21:33.514431,,,,,Matthew Shapanka,https://lda.senate.gov/api/v1/filings/ba2095a5-7bf6-4e07-810e-7c6cdaffdcf1/,540,2537
2619,9a613240-72db-475e-a234-5b84c09b4f6c,Q1,1st Quarter - Report,2025,first_quarter,1st Quarter (Jan 1 - Mar 31),,2025-03-11 15:10:15,2026-03-07 10:21:33.518287,,75000.0,A,A,CHERILYN CEPRIANO,https://lda.senate.gov/api/v1/filings/9a613240-72db-475e-a234-5b84c09b4f6c/,887,2538
2620,a8b3d74c-0214-4f8a-9cf6-b7b1f2b0d8fc,RR,Registration,2025,first_quarter,1st Quarter (Jan 1 - Mar 31),,2025-03-11 15:27:39,2026-03-07 10:21:33.523379,,,,,Alexis Searfoss,https://lda.senate.gov/api/v1/filings/a8b3d74c-0214-4f8a-9cf6-b7b1f2b0d8fc/,305,2539
2621,5463cffd-b4c1-4f5f-a417-abb92549cfd6,RR,Registration,2025,first_quarter,1st Quarter (Jan 1 - Mar 31),,2025-03-11 15:38:12,2026-03-07 10:21:33.527993,,,,,Alexis Searfoss,https://lda.senate.gov/api/v1/filings/5463cffd-b4c1-4f5f-a417-abb92549cfd6/,305,2540
2622,e2a8d307-148b-4cb6-94ae-68b8479fe449,RR,Registration,2025,first_quarter,1st Quarter (Jan 1 - Mar 31),,2025-03-11 15:41:49,2026-03-07 10:21:33.533163,,,,,Elizabeth Cartier Esham,https://lda.senate.gov/api/v1/filings/e2a8d307-148b-4cb6-94ae-68b8479fe449/,888,2541
2623,f5e8d84c-4419-4b18-9760-7e0a8b1fc8d6,RA,Registration - Amendment,2025,first_quarter,1st Quarter (Jan 1 - Mar 31),,2025-03-11 15:46:30,2026-03-07 10:21:33.537865,,,,,Soyoung Min,https://lda.senate.gov/api/v1/filings/f5e8d84c-4419-4b18-9760-7e0a8b1fc8d6/,66,2542
2624,163cf5e2-5086-4c74-939d-b3ee8ae5a848,1T,1st Quarter - Termination,2025,first_quarter,1st Quarter (Jan 1 - Mar 31),,2025-03-11 15:59:17,2026-03-07 10:21:33.542378,40000.0,,,,Zachary Williams,https://lda.senate.gov/api/v1/filings/163cf5e2-5086-4c74-939d-b3ee8ae5a848/,357,2543
2625,dec9f744-0126-4463-ad83-ce56f52f7ead,RR,Registration,2025,first_quarter,1st Quarter (Jan 1 - Mar 31),,2025-03-11 16:07:29,2026-03-07 10:21:33.547487,,,,,Zachary Williams,https://lda.senate.gov/api/v1/filings/dec9f744-0126-4463-ad83-ce56f52f7ead/,357,979
2626,223dc0c0-7bd7-457a-b149-fd3df40a4da4,RR,Registration,2025,first_quarter,1st Quarter (Jan 1 - Mar 31),,2025-03-11 16:19:16,2026-03-07 10:21:34.790114,,,,,"William Moschella, Attorney at Law",https://lda.senate.gov/api/v1/filings/223dc0c0-7bd7-457a-b149-fd3df40a4da4/,16,2544
2627,8ec8a614-72bd-4b00-8f74-6c9db074a5f3,RR,Registration,2025,first_quarter,1st Quarter (Jan 1 - Mar 31),,2025-03-11 16:24:51,2026-03-07 10:21:34.795838,,,,,Zachary Williams,https://lda.senate.gov/api/v1/filings/8ec8a614-72bd-4b00-8f74-6c9db074a5f3/,357,2545
2628,2615acde-b06a-4c4d-a10e-0ae8a4439fdb,RR,Registration,2025,first_quarter,1st Quarter (Jan 1 - Mar 31),,2025-03-11 16:39:01,2026-03-07 10:21:34.801814,,,,,Zachary Williams,https://lda.senate.gov/api/v1/filings/2615acde-b06a-4c4d-a10e-0ae8a4439fdb/,357,2546
2629,f14eb404-2278-4bd6-a534-50014ce3137b,RR,Registration,2025,first_quarter,1st Quarter (Jan 1 - Mar 31),,2025-03-11 16:42:52,2026-03-07 10:21:34.806625,,,,,Mary Anne Dunlap,https://lda.senate.gov/api/v1/filings/f14eb404-2278-4bd6-a534-50014ce3137b/,889,2547
2630,60e3ebd5-eb87-4712-a5ff-4feb519078c9,RR,Registration,2025,first_quarter,1st Quarter (Jan 1 - Mar 31),,2025-03-11 16:43:22,2026-03-07 10:21:34.812852,,,,,Allegra M. Han,https://lda.senate.gov/api/v1/filings/60e3ebd5-eb87-4712-a5ff-4feb519078c9/,383,2548
2631,68d7ec3e-3ad0-4a33-b73b-210944a1ebf5,RR,Registration,2025,first_quarter,1st Quarter (Jan 1 - Mar 31),,2025-03-11 16:44:59,2026-03-07 10:21:34.818336,,,,,"William Moschella, Attorney at Law",https://lda.senate.gov/api/v1/filings/68d7ec3e-3ad0-4a33-b73b-210944a1ebf5/,16,2549
2632,c59ffd1d-2cb9-4813-ac14-38654d2dbf5e,RR,Registration,2025,first_quarter,1st Quarter (Jan 1 - Mar 31),,2025-03-11 16:48:03,2026-03-07 10:21:34.823144,,,,,Zachary Williams,https://lda.senate.gov/api/v1/filings/c59ffd1d-2cb9-4813-ac14-38654d2dbf5e/,357,2550
2633,55957d9e-cc97-45bf-9889-d6c0412bdcd9,RR,Registration,2025,first_quarter,1st Quarter (Jan 1 - Mar 31),,2025-03-11 17:30:18,2026-03-07 10:21:34.828677,,,,,John McMickle,https://lda.senate.gov/api/v1/filings/55957d9e-cc97-45bf-9889-d6c0412bdcd9/,890,2551
2634,803b2be5-7a7c-4efb-832a-182362f9fb5a,RR,Registration,2025,first_quarter,1st Quarter (Jan 1 - Mar 31),,2025-03-11 17:37:17,2026-03-07 10:21:34.833605,,,,,David Cohen,https://lda.senate.gov/api/v1/filings/803b2be5-7a7c-4efb-832a-182362f9fb5a/,321,2552
2636,7e80d5d3-95ec-41ae-b55e-cfa19334b328,RR,Registration,2025,first_quarter,1st Quarter (Jan 1 - Mar 31),,2025-03-11 21:08:54,2026-03-07 10:21:34.843999,,,,,Mario Henderson,https://lda.senate.gov/api/v1/filings/7e80d5d3-95ec-41ae-b55e-cfa19334b328/,891,2554
2937,0c94485f-161f-4257-9126-1bae1cb22b3f,RR,Registration,2025,first_quarter,1st Quarter (Jan 1 - Mar 31),,2025-03-20 12:06:43,2026-03-07 10:21:53.990933,,,,,Brian Pomper,https://lda.senate.gov/api/v1/filings/0c94485f-161f-4257-9126-1bae1cb22b3f/,337,2844
2637,ade1fdaf-3fba-491c-abc7-508e12c68bfd,RR,Registration,2025,first_quarter,1st Quarter (Jan 1 - Mar 31),,2025-03-11 21:20:33,2026-03-07 10:21:34.850707,,,,,Mario Henderson,https://lda.senate.gov/api/v1/filings/ade1fdaf-3fba-491c-abc7-508e12c68bfd/,891,2555
2938,f699b026-a9a5-4484-a582-dd6f9baaf98a,Q1,1st Quarter - Report,2025,first_quarter,1st Quarter (Jan 1 - Mar 31),,2025-03-20 12:16:43,2026-03-07 10:21:53.995716,,30000.0,A,A,John Fritz,https://lda.senate.gov/api/v1/filings/f699b026-a9a5-4484-a582-dd6f9baaf98a/,463,945
2638,9a8aaa8a-3c9d-4309-885c-77f421128bbb,RR,Registration,2025,first_quarter,1st Quarter (Jan 1 - Mar 31),,2025-03-12 07:57:41,2026-03-07 10:21:34.858272,,,,,Sara Nuvy,https://lda.senate.gov/api/v1/filings/9a8aaa8a-3c9d-4309-885c-77f421128bbb/,48,2556
2639,f81ab01f-4e50-4165-9774-708c578a93f9,RR,Registration,2025,first_quarter,1st Quarter (Jan 1 - Mar 31),,2025-03-12 08:15:11,2026-03-07 10:21:34.864058,,,,,Sara Nuvy,https://lda.senate.gov/api/v1/filings/f81ab01f-4e50-4165-9774-708c578a93f9/,48,2557
2939,474457d1-b2f3-426a-a500-854ded91a64c,RR,Registration,2025,first_quarter,1st Quarter (Jan 1 - Mar 31),,2025-03-20 12:17:05,2026-03-07 10:21:54.000432,,,,,Paul Lee,https://lda.senate.gov/api/v1/filings/474457d1-b2f3-426a-a500-854ded91a64c/,656,2845
2640,f231f3be-f154-4e2d-b606-6388c9de666e,1T,1st Quarter - Termination,2025,first_quarter,1st Quarter (Jan 1 - Mar 31),,2025-03-12 08:53:25,2026-03-07 10:21:34.869510,20000.0,,,,Melissa Mueller,https://lda.senate.gov/api/v1/filings/f231f3be-f154-4e2d-b606-6388c9de666e/,892,2558
2940,f88ca04f-8a59-4876-a677-db2006c2c3f6,RR,Registration,2025,first_quarter,1st Quarter (Jan 1 - Mar 31),,2025-03-20 12:31:04,2026-03-07 10:21:54.005248,,,,,John Thomas Graves Jr.,https://lda.senate.gov/api/v1/filings/f88ca04f-8a59-4876-a677-db2006c2c3f6/,923,2846
2641,01d9bfe3-a4e7-4e78-bfa0-967214789e1a,RR,Registration,2025,first_quarter,1st Quarter (Jan 1 - Mar 31),,2025-03-12 10:25:30,2026-03-07 10:21:34.874907,,,,,Mitchell Vakerics,https://lda.senate.gov/api/v1/filings/01d9bfe3-a4e7-4e78-bfa0-967214789e1a/,844,2559
2642,bd510d5f-d47d-406f-951f-97dc864bc36b,RR,Registration,2025,first_quarter,1st Quarter (Jan 1 - Mar 31),,2025-03-12 10:36:43,2026-03-07 10:21:34.886696,,,,,Mitchell Vakerics,https://lda.senate.gov/api/v1/filings/bd510d5f-d47d-406f-951f-97dc864bc36b/,844,2560
2643,73dae82a-d901-4a1b-98fd-7595bc7c9a1c,RR,Registration,2025,first_quarter,1st Quarter (Jan 1 - Mar 31),,2025-03-12 11:22:54,2026-03-07 10:21:34.896513,,,,,Jennifer B. Young,https://lda.senate.gov/api/v1/filings/73dae82a-d901-4a1b-98fd-7595bc7c9a1c/,893,2561
2644,cac54328-8401-401b-91eb-3da8f5be8f58,RR,Registration,2025,first_quarter,1st Quarter (Jan 1 - Mar 31),,2025-03-12 11:32:16,2026-03-07 10:21:34.903006,,,,,John Roberti,https://lda.senate.gov/api/v1/filings/cac54328-8401-401b-91eb-3da8f5be8f58/,247,2562
2645,36f7b980-84e6-4013-86c2-bcf267c4ce6e,RR,Registration,2025,first_quarter,1st Quarter (Jan 1 - Mar 31),,2025-03-12 13:25:55,2026-03-07 10:21:34.908767,,,,,Charlotte Ivancic,https://lda.senate.gov/api/v1/filings/36f7b980-84e6-4013-86c2-bcf267c4ce6e/,893,2563
2646,166885c1-ea31-4e52-9c43-109636fd20d0,RR,Registration,2025,first_quarter,1st Quarter (Jan 1 - Mar 31),,2025-03-12 14:10:07,2026-03-07 10:21:34.914869,,,,,Chadwick Carlough,https://lda.senate.gov/api/v1/filings/166885c1-ea31-4e52-9c43-109636fd20d0/,532,2564
2647,52f1b828-b1c7-4bfd-96a4-5080199c9b0a,RR,Registration,2025,first_quarter,1st Quarter (Jan 1 - Mar 31),,2025-03-12 16:14:39,2026-03-07 10:21:34.920318,,,,,Alexander Epstein,https://lda.senate.gov/api/v1/filings/52f1b828-b1c7-4bfd-96a4-5080199c9b0a/,894,2565
2648,4de6d3b2-ffa5-41d5-b3f3-53dc13794372,1T,1st Quarter - Termination,2025,first_quarter,1st Quarter (Jan 1 - Mar 31),,2025-03-12 16:31:47,2026-03-07 10:21:34.925266,,,,,Michelle Altman,https://lda.senate.gov/api/v1/filings/4de6d3b2-ffa5-41d5-b3f3-53dc13794372/,895,2566
2649,89a75f8b-e6cb-426d-918e-d82a69139a02,RR,Registration,2025,first_quarter,1st Quarter (Jan 1 - Mar 31),,2025-03-12 16:34:55,2026-03-07 10:21:34.931654,,,,,Stephanie Anne Gadbois,https://lda.senate.gov/api/v1/filings/89a75f8b-e6cb-426d-918e-d82a69139a02/,418,2567
2650,1b4ec3d6-e919-445f-98be-1e06cbb23e61,Q1,1st Quarter - Report,2025,first_quarter,1st Quarter (Jan 1 - Mar 31),,2025-03-12 16:56:04,2026-03-07 10:21:34.938440,30000.0,,,,Michelle Altman,https://lda.senate.gov/api/v1/filings/1b4ec3d6-e919-445f-98be-1e06cbb23e61/,895,2568
2651,fe5a2718-15d8-4ee3-82a6-34081e968b97,Q1,1st Quarter - Report,2025,first_quarter,1st Quarter (Jan 1 - Mar 31),,2025-03-12 17:04:05,2026-03-07 10:21:36.453157,20000.0,,,,George Kelemen,https://lda.senate.gov/api/v1/filings/fe5a2718-15d8-4ee3-82a6-34081e968b97/,896,2569
2652,a6818ff5-b9fc-444a-b03a-e7ec11010342,RA,Registration - Amendment,2025,first_quarter,1st Quarter (Jan 1 - Mar 31),,2025-03-12 17:10:24,2026-03-07 10:21:36.459261,,,,,"H. Stewart Van Scoyoc, Chairman, Founder & CEO",https://lda.senate.gov/api/v1/filings/a6818ff5-b9fc-444a-b03a-e7ec11010342/,427,2570
2653,790f17d1-3a2d-4eed-b0bb-f605b7ed0a44,1TY,1st Quarter - Termination (No Activity),2025,first_quarter,1st Quarter (Jan 1 - Mar 31),,2025-03-12 17:22:56,2026-03-07 10:21:36.464404,,,,,Michelle Altman,https://lda.senate.gov/api/v1/filings/790f17d1-3a2d-4eed-b0bb-f605b7ed0a44/,895,2568
2654,44063a52-6575-4760-b5b6-5367a610ccca,RR,Registration,2025,first_quarter,1st Quarter (Jan 1 - Mar 31),,2025-03-12 17:45:17,2026-03-07 10:21:36.467919,,,,,Michelle Altman,https://lda.senate.gov/api/v1/filings/44063a52-6575-4760-b5b6-5367a610ccca/,895,2571
2655,1e7263a8-baba-47eb-8a81-9dbd01889108,RR,Registration,2025,first_quarter,1st Quarter (Jan 1 - Mar 31),,2025-03-12 17:56:52,2026-03-07 10:21:36.473184,,,,,Brian Pomper,https://lda.senate.gov/api/v1/filings/1e7263a8-baba-47eb-8a81-9dbd01889108/,337,2572
2656,b339b8c3-9c5b-4b28-bbc6-07ddbb64b48b,RR,Registration,2025,first_quarter,1st Quarter (Jan 1 - Mar 31),,2025-03-13 07:56:39,2026-03-07 10:21:36.477920,,,,,Clayton Bryan,https://lda.senate.gov/api/v1/filings/b339b8c3-9c5b-4b28-bbc6-07ddbb64b48b/,259,2573
2657,fe8a8684-5a2f-41b6-8b32-5fb677c7135b,RR,Registration,2025,first_quarter,1st Quarter (Jan 1 - Mar 31),,2025-03-13 09:26:19,2026-03-07 10:21:36.483199,,,,,Sara Nuvy,https://lda.senate.gov/api/v1/filings/fe8a8684-5a2f-41b6-8b32-5fb677c7135b/,48,2574
2658,0726d590-a7f3-48fa-a668-5f3bc3a76c6f,RR,Registration,2025,first_quarter,1st Quarter (Jan 1 - Mar 31),,2025-03-13 09:35:23,2026-03-07 10:21:36.488239,,,,,Sara Nuvy,https://lda.senate.gov/api/v1/filings/0726d590-a7f3-48fa-a668-5f3bc3a76c6f/,48,2575
2659,56558898-8b8a-4b5a-b630-9329f72c9fb0,RR,Registration,2025,first_quarter,1st Quarter (Jan 1 - Mar 31),,2025-03-13 09:51:23,2026-03-07 10:21:36.492870,,,,,Stacey Scholl,https://lda.senate.gov/api/v1/filings/56558898-8b8a-4b5a-b630-9329f72c9fb0/,254,2576
2941,a40c9ee3-0a1d-4149-bbdf-a1df930cb8e7,RR,Registration,2025,first_quarter,1st Quarter (Jan 1 - Mar 31),,2025-03-20 12:39:00,2026-03-07 10:21:54.009804,,,,,Matthew Morgan,https://lda.senate.gov/api/v1/filings/a40c9ee3-0a1d-4149-bbdf-a1df930cb8e7/,953,2847
2660,b6446f38-54a1-4d9f-816a-8bf1398ffc5f,1TY,1st Quarter - Termination (No Activity),2025,first_quarter,1st Quarter (Jan 1 - Mar 31),,2025-03-13 10:09:38,2026-03-07 10:21:36.498411,,,,,"Glenn Willard, Of Counsel",https://lda.senate.gov/api/v1/filings/b6446f38-54a1-4d9f-816a-8bf1398ffc5f/,288,2577
2661,68ce71e9-da27-454d-b92b-01d22712866c,RR,Registration,2025,first_quarter,1st Quarter (Jan 1 - Mar 31),,2025-03-13 10:16:26,2026-03-07 10:21:36.502935,,,,,Ryan D Israel,https://lda.senate.gov/api/v1/filings/68ce71e9-da27-454d-b92b-01d22712866c/,897,2578
2942,7a469e8c-5a31-4188-8b3e-49d961cc81ae,RR,Registration,2025,first_quarter,1st Quarter (Jan 1 - Mar 31),,2025-03-20 13:04:46,2026-03-07 10:21:54.014421,,,,,Darrin Lim,https://lda.senate.gov/api/v1/filings/7a469e8c-5a31-4188-8b3e-49d961cc81ae/,958,2848
2662,10871ddb-7d75-4410-b22e-e94fd1eb032f,Q1,1st Quarter - Report,2025,first_quarter,1st Quarter (Jan 1 - Mar 31),,2025-03-13 10:21:12,2026-03-07 10:21:36.507758,,40000.0,A,A,Pat Murray,https://lda.senate.gov/api/v1/filings/10871ddb-7d75-4410-b22e-e94fd1eb032f/,898,2579
2943,64277c59-7765-4929-8901-883b70c61c07,RR,Registration,2025,first_quarter,1st Quarter (Jan 1 - Mar 31),,2025-03-20 13:19:18,2026-03-07 10:21:54.019642,,,,,Matthew Morgan,https://lda.senate.gov/api/v1/filings/64277c59-7765-4929-8901-883b70c61c07/,953,2849
2663,a624d8e1-8100-49be-9a34-87df91f94815,1T,1st Quarter - Termination,2025,first_quarter,1st Quarter (Jan 1 - Mar 31),,2025-03-13 10:31:09,2026-03-07 10:21:36.513019,,,,,Christopher Caron,https://lda.senate.gov/api/v1/filings/a624d8e1-8100-49be-9a34-87df91f94815/,874,2580
2664,889022e2-0dc9-403a-80e1-30c168dd24bb,1T,1st Quarter - Termination,2025,first_quarter,1st Quarter (Jan 1 - Mar 31),,2025-03-13 10:45:33,2026-03-07 10:21:36.517952,10000.0,,,,Jeffrey Haymaker,https://lda.senate.gov/api/v1/filings/889022e2-0dc9-403a-80e1-30c168dd24bb/,899,2581
2665,dea4897e-0670-4c23-a977-baa0d9aaa276,RR,Registration,2025,first_quarter,1st Quarter (Jan 1 - Mar 31),,2025-03-13 11:03:31,2026-03-07 10:21:36.523288,,,,,Brandon Speight,https://lda.senate.gov/api/v1/filings/dea4897e-0670-4c23-a977-baa0d9aaa276/,793,2582
2666,14fdde82-b387-4c40-9271-60618d9b3785,RA,Registration - Amendment,2025,first_quarter,1st Quarter (Jan 1 - Mar 31),,2025-03-13 11:12:24,2026-03-07 10:21:36.529069,,,,,Christine Schaut,https://lda.senate.gov/api/v1/filings/14fdde82-b387-4c40-9271-60618d9b3785/,268,2583
2667,56e32462-e710-471e-80db-a25d2e4b1871,RR,Registration,2025,first_quarter,1st Quarter (Jan 1 - Mar 31),,2025-03-13 11:35:52,2026-03-07 10:21:36.534399,,,,,Aidan Adams,https://lda.senate.gov/api/v1/filings/56e32462-e710-471e-80db-a25d2e4b1871/,900,2584
2668,cbde96a6-4b16-48d6-a0bd-d27715e4b752,RR,Registration,2025,first_quarter,1st Quarter (Jan 1 - Mar 31),,2025-03-13 11:45:37,2026-03-07 10:21:36.539106,,,,,William Davis,https://lda.senate.gov/api/v1/filings/cbde96a6-4b16-48d6-a0bd-d27715e4b752/,892,2585
2669,0a0f8330-aa7f-4278-8d8b-9ebfb82a8a90,RR,Registration,2025,first_quarter,1st Quarter (Jan 1 - Mar 31),,2025-03-13 11:53:43,2026-03-07 10:21:36.543633,,,,,Robert Jackson,https://lda.senate.gov/api/v1/filings/0a0f8330-aa7f-4278-8d8b-9ebfb82a8a90/,901,2586
2670,c974ebfc-aba2-4857-89a5-c338dfa7b635,Q1Y,1st Quarter - Report (No Activity),2025,first_quarter,1st Quarter (Jan 1 - Mar 31),,2025-03-13 12:11:22,2026-03-07 10:21:36.549010,15000.0,,,,Thomas Hickey,https://lda.senate.gov/api/v1/filings/c974ebfc-aba2-4857-89a5-c338dfa7b635/,902,2587
2671,24aedab0-20c4-4fde-a296-102931ee742f,RR,Registration,2025,first_quarter,1st Quarter (Jan 1 - Mar 31),,2025-03-13 12:20:28,2026-03-07 10:21:36.553388,,,,,Jennifer Holmes,https://lda.senate.gov/api/v1/filings/24aedab0-20c4-4fde-a296-102931ee742f/,264,2588
2672,af54da91-84c6-423b-bc94-96b5c4c2ae98,RR,Registration,2025,first_quarter,1st Quarter (Jan 1 - Mar 31),,2025-03-13 12:58:58,2026-03-07 10:21:36.557938,,,,,Beth Anne Cole,https://lda.senate.gov/api/v1/filings/af54da91-84c6-423b-bc94-96b5c4c2ae98/,69,2589
2673,6aa2089f-9f92-4d03-8eaa-73f140bec430,RR,Registration,2025,first_quarter,1st Quarter (Jan 1 - Mar 31),,2025-03-13 13:20:14,2026-03-07 10:21:36.562560,,,,,C. Scott Barnhart,https://lda.senate.gov/api/v1/filings/6aa2089f-9f92-4d03-8eaa-73f140bec430/,903,2590
2674,9e441649-adc8-4550-a78d-e7795ee4efbe,RR,Registration,2025,first_quarter,1st Quarter (Jan 1 - Mar 31),,2025-03-13 13:33:42,2026-03-07 10:21:36.567338,,,,,Adina Mincher,https://lda.senate.gov/api/v1/filings/9e441649-adc8-4550-a78d-e7795ee4efbe/,52,2591
2675,7b1576d0-75c9-4f8e-9ea1-304ed8d44cae,1T,1st Quarter - Termination,2025,first_quarter,1st Quarter (Jan 1 - Mar 31),,2025-03-13 13:39:46,2026-03-07 10:21:36.572685,30000.0,,,,Beth Anne Cole,https://lda.senate.gov/api/v1/filings/7b1576d0-75c9-4f8e-9ea1-304ed8d44cae/,69,2592
2676,9614f5e1-e4c1-4a94-878e-160dc7281a5d,RR,Registration,2025,first_quarter,1st Quarter (Jan 1 - Mar 31),,2025-03-13 15:08:23,2026-03-07 10:21:38.062289,,,,,Benjamin A Novak,https://lda.senate.gov/api/v1/filings/9614f5e1-e4c1-4a94-878e-160dc7281a5d/,904,2593
2677,64459439-53f9-42ab-9a66-15e002dbe5c6,RR,Registration,2025,first_quarter,1st Quarter (Jan 1 - Mar 31),,2025-03-13 15:54:08,2026-03-07 10:21:38.068755,,,,,Beth Anne Cole,https://lda.senate.gov/api/v1/filings/64459439-53f9-42ab-9a66-15e002dbe5c6/,69,2594
2678,4fa9a73e-db4e-40b7-875d-d09f02daecbb,RR,Registration,2025,first_quarter,1st Quarter (Jan 1 - Mar 31),,2025-03-13 15:57:47,2026-03-07 10:21:38.073858,,,,,Chadwick Carlough,https://lda.senate.gov/api/v1/filings/4fa9a73e-db4e-40b7-875d-d09f02daecbb/,532,2595
2679,ba0a5c4e-778b-4c18-8c3a-f02145d962a9,RR,Registration,2025,first_quarter,1st Quarter (Jan 1 - Mar 31),,2025-03-13 16:01:16,2026-03-07 10:21:38.078907,,,,,Beth Anne Cole,https://lda.senate.gov/api/v1/filings/ba0a5c4e-778b-4c18-8c3a-f02145d962a9/,69,2596
2680,2a9c4f9a-8ded-458c-ad48-1e654f9a3c24,RR,Registration,2025,first_quarter,1st Quarter (Jan 1 - Mar 31),,2025-03-13 16:21:42,2026-03-07 10:21:38.084464,,,,,Manning Feraci,https://lda.senate.gov/api/v1/filings/2a9c4f9a-8ded-458c-ad48-1e654f9a3c24/,905,2597
2681,d448ff3e-332a-49c8-8590-c1c86fb578e4,RA,Registration - Amendment,2025,first_quarter,1st Quarter (Jan 1 - Mar 31),,2025-03-13 16:27:53,2026-03-07 10:21:38.090246,,,,,Presley Abney,https://lda.senate.gov/api/v1/filings/d448ff3e-332a-49c8-8590-c1c86fb578e4/,906,2598
2682,de1059b6-9a3c-4f44-aca3-acb0f597d451,RA,Registration - Amendment,2025,first_quarter,1st Quarter (Jan 1 - Mar 31),,2025-03-13 16:44:11,2026-03-07 10:21:38.095733,,,,,Beth Anne Cole,https://lda.senate.gov/api/v1/filings/de1059b6-9a3c-4f44-aca3-acb0f597d451/,69,2599
2690,a289570e-f49b-45d8-ad52-cd702bd109f0,RR,Registration,2025,first_quarter,1st Quarter (Jan 1 - Mar 31),,2025-03-14 08:07:08,2026-03-07 10:21:38.138444,,,,,Jennifer Holmes,https://lda.senate.gov/api/v1/filings/a289570e-f49b-45d8-ad52-cd702bd109f0/,264,2607
2944,57db03e5-4b51-4b30-9e95-6822c54d7705,RR,Registration,2025,first_quarter,1st Quarter (Jan 1 - Mar 31),,2025-03-20 13:27:51,2026-03-07 10:21:54.024407,,,,,Matthew Morgan,https://lda.senate.gov/api/v1/filings/57db03e5-4b51-4b30-9e95-6822c54d7705/,953,2850
2691,adfd00a9-c0e3-451d-bbde-f48173e2f7a8,RR,Registration,2025,first_quarter,1st Quarter (Jan 1 - Mar 31),,2025-03-14 09:54:46,2026-03-07 10:21:38.143687,,,,,R. Christian Johnsen,https://lda.senate.gov/api/v1/filings/adfd00a9-c0e3-451d-bbde-f48173e2f7a8/,422,2608
2692,551cb098-e8b9-4e86-bc01-020c8be98fc8,RR,Registration,2025,first_quarter,1st Quarter (Jan 1 - Mar 31),,2025-03-14 10:00:27,2026-03-07 10:21:38.148678,,,,,Lauren Henderson,https://lda.senate.gov/api/v1/filings/551cb098-e8b9-4e86-bc01-020c8be98fc8/,346,2609
2945,fc83a595-e4e5-4eac-a771-2b2a7a877792,RR,Registration,2025,first_quarter,1st Quarter (Jan 1 - Mar 31),,2025-03-20 13:32:43,2026-03-07 10:21:54.028897,,,,,Andrew Barbour,https://lda.senate.gov/api/v1/filings/fc83a595-e4e5-4eac-a771-2b2a7a877792/,957,2851
2693,1b8514c6-511e-43aa-8560-8c2b1be221b3,RR,Registration,2025,first_quarter,1st Quarter (Jan 1 - Mar 31),,2025-03-14 10:00:47,2026-03-07 10:21:38.153635,,,,,Sara Love Rawlings,https://lda.senate.gov/api/v1/filings/1b8514c6-511e-43aa-8560-8c2b1be221b3/,911,2610
2946,86c7faae-03fc-4aaa-8715-4f1b1a6add68,RR,Registration,2025,first_quarter,1st Quarter (Jan 1 - Mar 31),,2025-03-20 13:47:30,2026-03-07 10:21:54.033295,,,,,Andrew Barbour,https://lda.senate.gov/api/v1/filings/86c7faae-03fc-4aaa-8715-4f1b1a6add68/,957,2852
2694,110bbfeb-39a1-4907-a45f-c531f51b5270,RR,Registration,2025,first_quarter,1st Quarter (Jan 1 - Mar 31),,2025-03-14 10:09:22,2026-03-07 10:21:38.158788,,,,,R. Christian Johnsen,https://lda.senate.gov/api/v1/filings/110bbfeb-39a1-4907-a45f-c531f51b5270/,422,2611
2695,f05e3c01-c510-48d7-bc67-c136c96ea276,RR,Registration,2025,first_quarter,1st Quarter (Jan 1 - Mar 31),,2025-03-14 10:30:20,2026-03-07 10:21:38.163757,,,,,Andrew Bremberg,https://lda.senate.gov/api/v1/filings/f05e3c01-c510-48d7-bc67-c136c96ea276/,912,2612
2947,3bc2abb3-0048-456d-bcd3-6fc05f25d23a,RR,Registration,2025,first_quarter,1st Quarter (Jan 1 - Mar 31),,2025-03-20 13:52:47,2026-03-07 10:21:54.037812,,,,,Andrew Barbour,https://lda.senate.gov/api/v1/filings/3bc2abb3-0048-456d-bcd3-6fc05f25d23a/,957,2853
2696,48af6411-a28d-4ef1-85cc-343cd85d7164,RR,Registration,2025,first_quarter,1st Quarter (Jan 1 - Mar 31),,2025-03-14 10:47:36,2026-03-07 10:21:38.168321,,,,,Lauren Henderson,https://lda.senate.gov/api/v1/filings/48af6411-a28d-4ef1-85cc-343cd85d7164/,346,2613
2697,7686334d-c4d5-4e53-9839-5dba17fb66ba,RR,Registration,2025,first_quarter,1st Quarter (Jan 1 - Mar 31),,2025-03-14 10:54:29,2026-03-07 10:21:38.172671,,,,,Lauren Henderson,https://lda.senate.gov/api/v1/filings/7686334d-c4d5-4e53-9839-5dba17fb66ba/,346,2614
2698,fbb94088-1eb6-416b-9b95-fad36f1814e0,RR,Registration,2025,first_quarter,1st Quarter (Jan 1 - Mar 31),,2025-03-14 11:04:46,2026-03-07 10:21:38.177319,,,,,Alexis Searfoss,https://lda.senate.gov/api/v1/filings/fbb94088-1eb6-416b-9b95-fad36f1814e0/,305,2615
2699,cb361a29-c534-449d-be85-a213f086b072,RR,Registration,2025,first_quarter,1st Quarter (Jan 1 - Mar 31),,2025-03-14 11:06:41,2026-03-07 10:21:38.183598,,,,,Thomas Culligan,https://lda.senate.gov/api/v1/filings/cb361a29-c534-449d-be85-a213f086b072/,913,2616
2700,2a318389-2e63-44a6-a0de-a22502c8fa51,RR,Registration,2025,first_quarter,1st Quarter (Jan 1 - Mar 31),,2025-03-14 11:10:56,2026-03-07 10:21:38.188598,,,,,Thomas Culligan,https://lda.senate.gov/api/v1/filings/2a318389-2e63-44a6-a0de-a22502c8fa51/,913,2617
2701,8e6f39a5-467e-42bb-80e2-da0b3365d734,RR,Registration,2025,first_quarter,1st Quarter (Jan 1 - Mar 31),,2025-03-14 11:53:21,2026-03-07 10:21:39.701330,,,,,Alexis Searfoss,https://lda.senate.gov/api/v1/filings/8e6f39a5-467e-42bb-80e2-da0b3365d734/,305,2618
2702,667a6007-4b66-47e6-a9d2-a9487c50f825,RR,Registration,2025,first_quarter,1st Quarter (Jan 1 - Mar 31),,2025-03-14 12:43:33,2026-03-07 10:21:39.707196,,,,,John Green,https://lda.senate.gov/api/v1/filings/667a6007-4b66-47e6-a9d2-a9487c50f825/,436,2619
2703,e2f0a9bd-d3c7-47ac-9737-d92779189832,RR,Registration,2025,first_quarter,1st Quarter (Jan 1 - Mar 31),,2025-03-14 12:53:45,2026-03-07 10:21:39.712637,,,,,Lauren Henderson,https://lda.senate.gov/api/v1/filings/e2f0a9bd-d3c7-47ac-9737-d92779189832/,346,2620
2704,9b936480-cb30-46be-a03f-5276eb4d8e96,RR,Registration,2025,first_quarter,1st Quarter (Jan 1 - Mar 31),,2025-03-14 13:00:52,2026-03-07 10:21:39.718610,,,,,Filemon Vela,https://lda.senate.gov/api/v1/filings/9b936480-cb30-46be-a03f-5276eb4d8e96/,773,2621
2705,0e80b9c4-c323-4c2b-95d9-0648b24ad1ec,RR,Registration,2025,first_quarter,1st Quarter (Jan 1 - Mar 31),,2025-03-14 13:08:42,2026-03-07 10:21:39.724338,,,,,Lauren Henderson,https://lda.senate.gov/api/v1/filings/0e80b9c4-c323-4c2b-95d9-0648b24ad1ec/,346,2622
2706,0ba9dbdc-96ea-470f-9c00-42e5a6fe82e7,RR,Registration,2025,first_quarter,1st Quarter (Jan 1 - Mar 31),,2025-03-14 13:28:38,2026-03-07 10:21:39.729458,,,,,Beth Anne Cole,https://lda.senate.gov/api/v1/filings/0ba9dbdc-96ea-470f-9c00-42e5a6fe82e7/,69,2623
2707,9971b748-f6d5-4085-8ebd-247163d4e8b3,RR,Registration,2025,first_quarter,1st Quarter (Jan 1 - Mar 31),,2025-03-14 13:32:55,2026-03-07 10:21:39.733905,,,,,Beth Anne Cole,https://lda.senate.gov/api/v1/filings/9971b748-f6d5-4085-8ebd-247163d4e8b3/,69,2624
2708,35357309-41fb-4dc8-bcb8-8d485968e134,RR,Registration,2025,first_quarter,1st Quarter (Jan 1 - Mar 31),,2025-03-14 13:33:27,2026-03-07 10:21:39.738980,,,,,Mike Nielsen,https://lda.senate.gov/api/v1/filings/35357309-41fb-4dc8-bcb8-8d485968e134/,699,2625
2709,b59520d7-0fcf-40ee-9983-f45756bf2ee3,RR,Registration,2025,first_quarter,1st Quarter (Jan 1 - Mar 31),,2025-03-14 13:50:09,2026-03-07 10:21:39.744688,,,,,"Andrew Herzfeld, Chief Financial Officer",https://lda.senate.gov/api/v1/filings/b59520d7-0fcf-40ee-9983-f45756bf2ee3/,728,2626
2710,d9a629cb-f3e5-42f7-96ed-762b7f818047,Q1,1st Quarter - Report,2025,first_quarter,1st Quarter (Jan 1 - Mar 31),,2025-03-14 13:52:13,2026-03-07 10:21:39.749969,15000.0,,,,Erin Donovan-Boyle,https://lda.senate.gov/api/v1/filings/d9a629cb-f3e5-42f7-96ed-762b7f818047/,914,2627
2711,479cb83f-8fad-4cdf-8e9f-9c965ff849b3,RR,Registration,2025,first_quarter,1st Quarter (Jan 1 - Mar 31),,2025-03-14 13:52:56,2026-03-07 10:21:39.755583,,,,,Ryann Hill,https://lda.senate.gov/api/v1/filings/479cb83f-8fad-4cdf-8e9f-9c965ff849b3/,689,2628
2715,c3dba439-afcb-4cf1-9a73-09df036beaf9,RR,Registration,2025,first_quarter,1st Quarter (Jan 1 - Mar 31),,2025-03-14 15:13:57,2026-03-07 10:21:39.775510,,,,,Jeffrey Miller,https://lda.senate.gov/api/v1/filings/c3dba439-afcb-4cf1-9a73-09df036beaf9/,503,2632
2948,aaec7900-1e4f-4070-91eb-3ce643875db8,RR,Registration,2025,first_quarter,1st Quarter (Jan 1 - Mar 31),,2025-03-20 13:55:15,2026-03-07 10:21:54.043017,,,,,Andrew Barbour,https://lda.senate.gov/api/v1/filings/aaec7900-1e4f-4070-91eb-3ce643875db8/,957,2854
2716,5bfdc3d8-1050-4c60-a4d5-bbb97aac493f,RR,Registration,2025,first_quarter,1st Quarter (Jan 1 - Mar 31),,2025-03-14 15:21:36,2026-03-07 10:21:39.780777,,,,,Jeffrey Miller,https://lda.senate.gov/api/v1/filings/5bfdc3d8-1050-4c60-a4d5-bbb97aac493f/,503,2633
2949,ad6025d4-0636-4ce0-8482-3174db7722e0,Q1Y,1st Quarter - Report (No Activity),2025,first_quarter,1st Quarter (Jan 1 - Mar 31),,2025-03-20 14:05:08,2026-03-07 10:21:54.047723,,,,,Andrew Barbour,https://lda.senate.gov/api/v1/filings/ad6025d4-0636-4ce0-8482-3174db7722e0/,957,2855
2717,16fa3c18-e000-4ebf-8fee-92a7f5e6ca31,RR,Registration,2025,first_quarter,1st Quarter (Jan 1 - Mar 31),,2025-03-14 15:27:30,2026-03-07 10:21:39.785738,,,,,Jeffrey Miller,https://lda.senate.gov/api/v1/filings/16fa3c18-e000-4ebf-8fee-92a7f5e6ca31/,503,2634
2718,c650fd6e-c2a6-4b91-84f0-25a72060bf3f,1TY,1st Quarter - Termination (No Activity),2025,first_quarter,1st Quarter (Jan 1 - Mar 31),,2025-03-14 15:30:54,2026-03-07 10:21:39.790272,20000.0,,,,Paul Miller,https://lda.senate.gov/api/v1/filings/c650fd6e-c2a6-4b91-84f0-25a72060bf3f/,341,2635
2950,118ef25f-48c1-445a-ac6c-d2bde3a1cf0b,RR,Registration,2025,first_quarter,1st Quarter (Jan 1 - Mar 31),,2025-03-20 14:05:11,2026-03-07 10:21:54.051430,,,,,Chelsea J. Mincheff,https://lda.senate.gov/api/v1/filings/118ef25f-48c1-445a-ac6c-d2bde3a1cf0b/,39,2856
2719,1ea92e4a-05cb-4b8a-a75e-852a4eb4700f,RR,Registration,2025,first_quarter,1st Quarter (Jan 1 - Mar 31),,2025-03-14 15:33:50,2026-03-07 10:21:39.794477,,,,,Jeffrey Miller,https://lda.senate.gov/api/v1/filings/1ea92e4a-05cb-4b8a-a75e-852a4eb4700f/,503,2636
2951,a8614274-578a-4257-a43d-9d75324caa95,1TY,1st Quarter - Termination (No Activity),2025,first_quarter,1st Quarter (Jan 1 - Mar 31),,2025-03-20 14:05:47,2026-03-07 10:21:55.455451,60000.0,,,,Andrew Barbour,https://lda.senate.gov/api/v1/filings/a8614274-578a-4257-a43d-9d75324caa95/,957,2857
2720,2d7d9189-000d-4070-940e-a3a54d55d01f,RR,Registration,2025,first_quarter,1st Quarter (Jan 1 - Mar 31),,2025-03-14 15:38:23,2026-03-07 10:21:39.799494,,,,,Sonya Besteiro,https://lda.senate.gov/api/v1/filings/2d7d9189-000d-4070-940e-a3a54d55d01f/,32,2637
2721,0deb83ab-115a-4dbc-a321-3e36ba9a416a,RR,Registration,2025,first_quarter,1st Quarter (Jan 1 - Mar 31),,2025-03-14 15:41:53,2026-03-07 10:21:39.804042,,,,,Jeffrey Miller,https://lda.senate.gov/api/v1/filings/0deb83ab-115a-4dbc-a321-3e36ba9a416a/,503,2638
2952,3e7116e6-5980-4dc4-9139-dfdb836e8d4a,Q1,1st Quarter - Report,2025,first_quarter,1st Quarter (Jan 1 - Mar 31),,2025-03-20 14:09:25,2026-03-07 10:21:55.459909,15000.0,,,,Carol Graves Holladay,https://lda.senate.gov/api/v1/filings/3e7116e6-5980-4dc4-9139-dfdb836e8d4a/,959,2858
2722,85f93774-15af-4252-8545-f3aa8d9de866,RR,Registration,2025,first_quarter,1st Quarter (Jan 1 - Mar 31),,2025-03-14 15:46:04,2026-03-07 10:21:39.808624,,,,,Jeffrey Miller,https://lda.senate.gov/api/v1/filings/85f93774-15af-4252-8545-f3aa8d9de866/,503,2639
2723,64e5b10d-9ead-4967-8250-0e421f565e0d,RR,Registration,2025,first_quarter,1st Quarter (Jan 1 - Mar 31),,2025-03-14 15:50:50,2026-03-07 10:21:39.813661,,,,,Sonya Besteiro,https://lda.senate.gov/api/v1/filings/64e5b10d-9ead-4967-8250-0e421f565e0d/,32,2640
2724,b3d4e082-a394-4461-be8e-86546788d0c4,RR,Registration,2025,first_quarter,1st Quarter (Jan 1 - Mar 31),,2025-03-14 15:51:25,2026-03-07 10:21:39.818743,,,,,Jeffrey Miller,https://lda.senate.gov/api/v1/filings/b3d4e082-a394-4461-be8e-86546788d0c4/,503,2641
2725,ad1a59b9-4446-43bd-9435-2477b24ec160,Q1,1st Quarter - Report,2025,first_quarter,1st Quarter (Jan 1 - Mar 31),,2025-03-14 16:00:32,2026-03-07 10:21:39.823416,26000.0,,,,James Forrest Miller,https://lda.senate.gov/api/v1/filings/ad1a59b9-4446-43bd-9435-2477b24ec160/,915,2629
2726,18aef2a3-a77a-480b-980f-ac54357985a3,RR,Registration,2025,first_quarter,1st Quarter (Jan 1 - Mar 31),,2025-03-14 16:01:09,2026-03-07 10:21:41.399042,,,,,Sonya Besteiro,https://lda.senate.gov/api/v1/filings/18aef2a3-a77a-480b-980f-ac54357985a3/,32,2642
2727,6a00de09-b0e2-43c5-a3dd-87f73ffb7230,RR,Registration,2025,first_quarter,1st Quarter (Jan 1 - Mar 31),,2025-03-14 16:05:39,2026-03-07 10:21:41.404877,,,,,Jeffrey Miller,https://lda.senate.gov/api/v1/filings/6a00de09-b0e2-43c5-a3dd-87f73ffb7230/,503,2643
2728,e8e31ea1-db4a-4571-b483-df070e915a32,RR,Registration,2025,first_quarter,1st Quarter (Jan 1 - Mar 31),,2025-03-14 16:06:39,2026-03-07 10:21:41.409792,,,,,Brian Pomper,https://lda.senate.gov/api/v1/filings/e8e31ea1-db4a-4571-b483-df070e915a32/,337,2644
2729,1e43b566-1ddc-4eef-89e3-3816bf43a22a,RA,Registration - Amendment,2025,first_quarter,1st Quarter (Jan 1 - Mar 31),,2025-03-14 16:16:02,2026-03-07 10:21:41.414905,,,,,Jeffrey Miller,https://lda.senate.gov/api/v1/filings/1e43b566-1ddc-4eef-89e3-3816bf43a22a/,503,2645
2730,4f0e1847-59b2-42f7-aa06-0a59bcb1aff5,Q1,1st Quarter - Report,2025,first_quarter,1st Quarter (Jan 1 - Mar 31),,2025-03-14 16:18:15,2026-03-07 10:21:41.419743,26000.0,,,,James Miller,https://lda.senate.gov/api/v1/filings/4f0e1847-59b2-42f7-aa06-0a59bcb1aff5/,915,2629
2731,1a78cb5c-7732-4c58-bd79-44ceeec7b9ac,RR,Registration,2025,first_quarter,1st Quarter (Jan 1 - Mar 31),,2025-03-14 16:21:40,2026-03-07 10:21:41.423923,,,,,Jeffrey Miller,https://lda.senate.gov/api/v1/filings/1a78cb5c-7732-4c58-bd79-44ceeec7b9ac/,503,2646
2732,ddc6145d-cb2c-4059-80bf-907dc36b1101,RR,Registration,2025,first_quarter,1st Quarter (Jan 1 - Mar 31),,2025-03-14 16:26:11,2026-03-07 10:21:41.428667,,,,,Jeffrey Miller,https://lda.senate.gov/api/v1/filings/ddc6145d-cb2c-4059-80bf-907dc36b1101/,503,2647
2733,2b622773-95f2-4902-b184-61047bf15f40,RR,Registration,2025,first_quarter,1st Quarter (Jan 1 - Mar 31),,2025-03-14 16:30:37,2026-03-07 10:21:41.433559,,,,,Jeffrey Miller,https://lda.senate.gov/api/v1/filings/2b622773-95f2-4902-b184-61047bf15f40/,503,2648
2734,56c8e1b0-bb1b-4119-9fc2-fb1f5372ddc5,RR,Registration,2025,first_quarter,1st Quarter (Jan 1 - Mar 31),,2025-03-14 16:41:53,2026-03-07 10:21:41.438044,,,,,Brian Pomper,https://lda.senate.gov/api/v1/filings/56c8e1b0-bb1b-4119-9fc2-fb1f5372ddc5/,337,2649
2735,75e4ed28-fa85-4935-85a6-d9ad01df35e4,RR,Registration,2025,first_quarter,1st Quarter (Jan 1 - Mar 31),,2025-03-14 16:45:16,2026-03-07 10:21:41.442618,,,,,Jeffrey Miller,https://lda.senate.gov/api/v1/filings/75e4ed28-fa85-4935-85a6-d9ad01df35e4/,503,2650
2736,2d0cf6b4-6ee6-4ca5-93e4-0f6cf209eab2,RR,Registration,2025,first_quarter,1st Quarter (Jan 1 - Mar 31),,2025-03-14 16:52:28,2026-03-07 10:21:41.447081,,,,,Randall A. Brater,https://lda.senate.gov/api/v1/filings/2d0cf6b4-6ee6-4ca5-93e4-0f6cf209eab2/,647,2651
2953,6fce7871-c1ff-42b3-b7a7-09e9d0c1f4dd,RA,Registration - Amendment,2025,first_quarter,1st Quarter (Jan 1 - Mar 31),,2025-03-20 14:09:57,2026-03-07 10:21:55.465068,,,,,Isabella Quinn,https://lda.senate.gov/api/v1/filings/6fce7871-c1ff-42b3-b7a7-09e9d0c1f4dd/,365,2746
2954,32b6f3a6-3691-4420-a557-efcc94e5d3a9,RR,Registration,2025,first_quarter,1st Quarter (Jan 1 - Mar 31),,2025-03-20 14:10:59,2026-03-07 10:21:55.469884,,,,,Chelsea J. Mincheff,https://lda.senate.gov/api/v1/filings/32b6f3a6-3691-4420-a557-efcc94e5d3a9/,39,939
2955,8c489dc2-c24d-412b-b755-6893062e4a97,RR,Registration,2025,first_quarter,1st Quarter (Jan 1 - Mar 31),,2025-03-20 14:18:20,2026-03-07 10:21:55.474319,,,,,Chelsea J. Mincheff,https://lda.senate.gov/api/v1/filings/8c489dc2-c24d-412b-b755-6893062e4a97/,39,2859
2956,6ba952b0-7140-4416-a327-7738ece1a7d7,RR,Registration,2025,first_quarter,1st Quarter (Jan 1 - Mar 31),,2025-03-20 14:24:13,2026-03-07 10:21:55.478646,,,,,Chelsea J. Mincheff,https://lda.senate.gov/api/v1/filings/6ba952b0-7140-4416-a327-7738ece1a7d7/,39,2860
2957,f9ae7c66-5384-445e-b7ce-96fbc1dd9d49,RR,Registration,2025,first_quarter,1st Quarter (Jan 1 - Mar 31),,2025-03-20 14:26:42,2026-03-07 10:21:55.483209,,,,,"Richard M. Gold, Partner",https://lda.senate.gov/api/v1/filings/f9ae7c66-5384-445e-b7ce-96fbc1dd9d49/,360,2861
2958,61f7bcbd-8b22-4754-a5c9-3e0e8cc1f5c1,RR,Registration,2025,first_quarter,1st Quarter (Jan 1 - Mar 31),,2025-03-20 14:39:15,2026-03-07 10:21:55.487749,,,,,Chelsea Mincheff,https://lda.senate.gov/api/v1/filings/61f7bcbd-8b22-4754-a5c9-3e0e8cc1f5c1/,39,2862
2959,5e50f591-66d1-4461-bf2e-6c7ae0ddc62f,RR,Registration,2025,first_quarter,1st Quarter (Jan 1 - Mar 31),,2025-03-20 14:43:34,2026-03-07 10:21:55.492320,,,,,Chelsea J. Mincheff,https://lda.senate.gov/api/v1/filings/5e50f591-66d1-4461-bf2e-6c7ae0ddc62f/,39,2863
2960,75576c33-25ed-44f0-97e3-8ac6e36efdd0,RR,Registration,2025,first_quarter,1st Quarter (Jan 1 - Mar 31),,2025-03-20 14:49:38,2026-03-07 10:21:55.496999,,,,,Mike Nielsen,https://lda.senate.gov/api/v1/filings/75576c33-25ed-44f0-97e3-8ac6e36efdd0/,699,2864
2961,2913ab0a-9479-4748-9dab-52212644462f,RR,Registration,2025,first_quarter,1st Quarter (Jan 1 - Mar 31),,2025-03-20 14:50:26,2026-03-07 10:21:55.501441,,,,,Chelsea Mincheff,https://lda.senate.gov/api/v1/filings/2913ab0a-9479-4748-9dab-52212644462f/,39,2865
2962,7bd16464-4b75-4cf9-840a-b04582ff813a,RR,Registration,2025,first_quarter,1st Quarter (Jan 1 - Mar 31),,2025-03-20 14:55:34,2026-03-07 10:21:55.505926,,,,,Matthew Morgan,https://lda.senate.gov/api/v1/filings/7bd16464-4b75-4cf9-840a-b04582ff813a/,953,2866
2963,e9d05fb7-7613-4a10-8df4-f1e7632f8c7e,RR,Registration,2025,first_quarter,1st Quarter (Jan 1 - Mar 31),,2025-03-20 14:57:57,2026-03-07 10:21:55.510250,,,,,Chelsea J. Mincheff,https://lda.senate.gov/api/v1/filings/e9d05fb7-7613-4a10-8df4-f1e7632f8c7e/,39,2867
2964,15b127b1-54a7-49da-9f78-f7318a052fd1,RR,Registration,2025,first_quarter,1st Quarter (Jan 1 - Mar 31),,2025-03-20 15:04:50,2026-03-07 10:21:55.515134,,,,,Chelsea Mincheff,https://lda.senate.gov/api/v1/filings/15b127b1-54a7-49da-9f78-f7318a052fd1/,39,2868
2965,a0aadd9f-8ae9-482b-a303-a560167dfe41,RR,Registration,2025,first_quarter,1st Quarter (Jan 1 - Mar 31),,2025-03-20 15:14:05,2026-03-07 10:21:55.519531,,,,,Jason Zanetti,https://lda.senate.gov/api/v1/filings/a0aadd9f-8ae9-482b-a303-a560167dfe41/,608,2869
2966,e21f5764-ac13-4059-9e84-396239aeaa0b,RA,Registration - Amendment,2025,first_quarter,1st Quarter (Jan 1 - Mar 31),,2025-03-20 15:25:08,2026-03-07 10:21:55.523956,,,,,Brian Pomper,https://lda.senate.gov/api/v1/filings/e21f5764-ac13-4059-9e84-396239aeaa0b/,337,2870
2967,f8149fc9-fed1-497d-bc5d-4ea20824db83,RR,Registration,2025,first_quarter,1st Quarter (Jan 1 - Mar 31),,2025-03-20 15:30:07,2026-03-07 10:21:55.528517,,,,,Chelsea J. Mincheff,https://lda.senate.gov/api/v1/filings/f8149fc9-fed1-497d-bc5d-4ea20824db83/,39,2871
2968,c7014607-4237-4374-9def-45e082335974,RR,Registration,2025,first_quarter,1st Quarter (Jan 1 - Mar 31),,2025-03-20 15:34:05,2026-03-07 10:21:55.533651,,,,,"Richard M. Gold, Partner",https://lda.senate.gov/api/v1/filings/c7014607-4237-4374-9def-45e082335974/,360,2872
2969,9ea94396-a051-4b56-923d-1f8902af6670,RR,Registration,2025,first_quarter,1st Quarter (Jan 1 - Mar 31),,2025-03-20 15:35:45,2026-03-07 10:21:55.537929,,,,,Chelsea J. Mincheff,https://lda.senate.gov/api/v1/filings/9ea94396-a051-4b56-923d-1f8902af6670/,39,2873
2970,e2f8ae34-f44c-4ac6-a84c-891fda995d3d,RR,Registration,2025,first_quarter,1st Quarter (Jan 1 - Mar 31),,2025-03-20 15:45:55,2026-03-07 10:21:55.542378,,,,,Chelsea Mincheff,https://lda.senate.gov/api/v1/filings/e2f8ae34-f44c-4ac6-a84c-891fda995d3d/,39,2874
2971,b6661d0a-9516-40a3-9b30-2d5745e3797c,RR,Registration,2025,first_quarter,1st Quarter (Jan 1 - Mar 31),,2025-03-20 15:54:17,2026-03-07 10:21:55.547083,,,,,Chelsea J. Mincheff,https://lda.senate.gov/api/v1/filings/b6661d0a-9516-40a3-9b30-2d5745e3797c/,39,2875
2972,04db40b3-6ed1-4cfd-a33a-f986176d0a7a,RR,Registration,2025,first_quarter,1st Quarter (Jan 1 - Mar 31),,2025-03-20 16:02:48,2026-03-07 10:21:55.552274,,,,,Chelsea J. Mincheff,https://lda.senate.gov/api/v1/filings/04db40b3-6ed1-4cfd-a33a-f986176d0a7a/,39,2876
2973,532bd5d7-333f-4be9-af27-9e2cf2ac6034,1T,1st Quarter - Termination,2025,first_quarter,1st Quarter (Jan 1 - Mar 31),,2025-03-20 16:03:56,2026-03-07 10:21:55.557121,20000.0,,,,Lisa D. Rulli,https://lda.senate.gov/api/v1/filings/532bd5d7-333f-4be9-af27-9e2cf2ac6034/,552,2877
2974,53cda96c-fc5c-451c-9ad9-040473d1a443,RR,Registration,2025,first_quarter,1st Quarter (Jan 1 - Mar 31),,2025-03-20 16:05:42,2026-03-07 10:21:55.561773,,,,,Sarah Meek,https://lda.senate.gov/api/v1/filings/53cda96c-fc5c-451c-9ad9-040473d1a443/,814,2878
2975,d6992e2a-37ff-4561-974c-f31511ef232b,RR,Registration,2025,first_quarter,1st Quarter (Jan 1 - Mar 31),,2025-03-20 16:17:29,2026-03-07 10:21:55.566822,,,,,Chelsea J. Mincheff,https://lda.senate.gov/api/v1/filings/d6992e2a-37ff-4561-974c-f31511ef232b/,39,2879
2976,68358059-9f5d-44aa-a605-edccbdbd9f95,1T,1st Quarter - Termination,2025,first_quarter,1st Quarter (Jan 1 - Mar 31),,2025-03-20 16:17:45,2026-03-07 10:21:57.065678,30000.0,,,,Jessica Tocco,https://lda.senate.gov/api/v1/filings/68358059-9f5d-44aa-a605-edccbdbd9f95/,736,2880
2977,8545d741-86d1-4c55-ba8f-461ce68bfd94,RR,Registration,2025,first_quarter,1st Quarter (Jan 1 - Mar 31),,2025-03-20 16:23:28,2026-03-07 10:21:57.071188,,,,,Chelsea J. Mincheff,https://lda.senate.gov/api/v1/filings/8545d741-86d1-4c55-ba8f-461ce68bfd94/,39,70
2978,af523c14-ad40-4f8a-a702-e15bd703a423,1TY,1st Quarter - Termination (No Activity),2025,first_quarter,1st Quarter (Jan 1 - Mar 31),,2025-03-20 16:24:43,2026-03-07 10:21:57.075427,,,,,Chelsea J. Mincheff,https://lda.senate.gov/api/v1/filings/af523c14-ad40-4f8a-a702-e15bd703a423/,39,2881
2979,511995c9-9e65-446d-b791-83f84181a827,1TY,1st Quarter - Termination (No Activity),2025,first_quarter,1st Quarter (Jan 1 - Mar 31),,2025-03-20 16:25:22,2026-03-07 10:21:57.079229,,,,,Chelsea J. Mincheff,https://lda.senate.gov/api/v1/filings/511995c9-9e65-446d-b791-83f84181a827/,39,2882
2980,cf564d36-0d34-4398-a515-d6df01b0148d,RR,Registration,2025,first_quarter,1st Quarter (Jan 1 - Mar 31),,2025-03-20 16:26:26,2026-03-07 10:21:57.083250,,,,,Anthony Campau,https://lda.senate.gov/api/v1/filings/cf564d36-0d34-4398-a515-d6df01b0148d/,821,2883
2981,3d6d5674-4ade-4a64-a549-f1e0bf75269a,1TY,1st Quarter - Termination (No Activity),2025,first_quarter,1st Quarter (Jan 1 - Mar 31),,2025-03-20 16:26:40,2026-03-07 10:21:57.088005,,,,,Chelsea J. Mincheff,https://lda.senate.gov/api/v1/filings/3d6d5674-4ade-4a64-a549-f1e0bf75269a/,39,2884
2982,f811751f-91bc-4cd3-a7d6-b4aa4699af9c,1TY,1st Quarter - Termination (No Activity),2025,first_quarter,1st Quarter (Jan 1 - Mar 31),,2025-03-20 16:28:12,2026-03-07 10:21:57.091946,,,,,Chelsea J. Mincheff,https://lda.senate.gov/api/v1/filings/f811751f-91bc-4cd3-a7d6-b4aa4699af9c/,39,2885
2983,be0f278d-2240-4aff-bf1a-03bddb7a2a09,1TY,1st Quarter - Termination (No Activity),2025,first_quarter,1st Quarter (Jan 1 - Mar 31),,2025-03-20 16:29:48,2026-03-07 10:21:57.096005,,,,,Chelsea Mincheff,https://lda.senate.gov/api/v1/filings/be0f278d-2240-4aff-bf1a-03bddb7a2a09/,39,2886
2984,55984660-eb2d-4d31-8ff4-28f443e1de99,RR,Registration,2025,first_quarter,1st Quarter (Jan 1 - Mar 31),,2025-03-20 16:41:26,2026-03-07 10:21:57.100366,,,,,Chelsea Mincheff,https://lda.senate.gov/api/v1/filings/55984660-eb2d-4d31-8ff4-28f443e1de99/,39,2887
2985,92316e3c-db92-4d55-831e-c05fb44acf28,RR,Registration,2025,first_quarter,1st Quarter (Jan 1 - Mar 31),,2025-03-20 16:52:21,2026-03-07 10:21:57.105726,,,,,Liliana Coronado,https://lda.senate.gov/api/v1/filings/92316e3c-db92-4d55-831e-c05fb44acf28/,806,2888
2986,66371527-324e-4ac3-b7a4-7f1819d880d1,RR,Registration,2025,first_quarter,1st Quarter (Jan 1 - Mar 31),,2025-03-20 17:01:45,2026-03-07 10:21:57.111062,,,,,"Richard M. Gold, Partner",https://lda.senate.gov/api/v1/filings/66371527-324e-4ac3-b7a4-7f1819d880d1/,360,2889
2987,5a227887-cbc5-499c-9e8e-3d93d775f509,RR,Registration,2025,first_quarter,1st Quarter (Jan 1 - Mar 31),,2025-03-20 17:19:31,2026-03-07 10:21:57.115967,,,,,"Richard M. Gold, Partner",https://lda.senate.gov/api/v1/filings/5a227887-cbc5-499c-9e8e-3d93d775f509/,360,2890
2988,c1753cf8-53fe-4605-a2bc-f91cfb77f9ae,RA,Registration - Amendment,2025,first_quarter,1st Quarter (Jan 1 - Mar 31),,2025-03-20 17:43:59,2026-03-07 10:21:57.120645,,,,,Rachel Gorsky Bombach,https://lda.senate.gov/api/v1/filings/c1753cf8-53fe-4605-a2bc-f91cfb77f9ae/,368,2891
2989,9a9ce328-f53b-49b2-980c-cd0ed8f2dc96,RR,Registration,2025,first_quarter,1st Quarter (Jan 1 - Mar 31),,2025-03-20 20:31:25,2026-03-07 10:21:57.125512,,,,,Mike Nielsen,https://lda.senate.gov/api/v1/filings/9a9ce328-f53b-49b2-980c-cd0ed8f2dc96/,699,2892
2993,a2c12888-d154-4c32-acbc-099aa57c4c6b,1TY,1st Quarter - Termination (No Activity),2025,first_quarter,1st Quarter (Jan 1 - Mar 31),,2025-03-21 09:19:17,2026-03-07 10:21:57.144943,15000.0,,,,"John ""Jack"" Czerwinski",https://lda.senate.gov/api/v1/filings/a2c12888-d154-4c32-acbc-099aa57c4c6b/,960,2896
2994,8abbfaaa-4352-407b-b83d-b22f2f1a7adc,RR,Registration,2025,first_quarter,1st Quarter (Jan 1 - Mar 31),,2025-03-21 09:30:06,2026-03-07 10:21:57.149640,,,,,David DiStefano,https://lda.senate.gov/api/v1/filings/8abbfaaa-4352-407b-b83d-b22f2f1a7adc/,737,2897
2995,7493cf13-ffd6-4f0e-8249-5bbddc145d6e,RR,Registration,2025,first_quarter,1st Quarter (Jan 1 - Mar 31),,2025-03-21 09:34:22,2026-03-07 10:21:57.153954,,,,,David DiStefano,https://lda.senate.gov/api/v1/filings/7493cf13-ffd6-4f0e-8249-5bbddc145d6e/,737,2898
2996,96febc15-0c75-4171-a576-632c98cb3308,RR,Registration,2025,first_quarter,1st Quarter (Jan 1 - Mar 31),,2025-03-21 09:56:45,2026-03-07 10:21:57.158421,,,,,Husein Cumber,https://lda.senate.gov/api/v1/filings/96febc15-0c75-4171-a576-632c98cb3308/,961,2899
2997,e88b0021-debf-468c-8b3d-0337ee9936c9,RR,Registration,2025,first_quarter,1st Quarter (Jan 1 - Mar 31),,2025-03-21 10:12:49,2026-03-07 10:21:57.163734,,,,,Stephen Replogle,https://lda.senate.gov/api/v1/filings/e88b0021-debf-468c-8b3d-0337ee9936c9/,922,2900
2998,e6d71d11-4dd2-49ab-8075-223e2b15ca0a,RR,Registration,2025,first_quarter,1st Quarter (Jan 1 - Mar 31),,2025-03-21 10:47:53,2026-03-07 10:21:57.168109,,,,,Jennifer Baird,https://lda.senate.gov/api/v1/filings/e6d71d11-4dd2-49ab-8075-223e2b15ca0a/,940,2901
2999,14e59ad4-c173-4431-8e26-1bef63e995ad,RR,Registration,2025,first_quarter,1st Quarter (Jan 1 - Mar 31),,2025-03-21 11:07:17,2026-03-07 10:21:57.172560,,,,,Michael W. McKinney,https://lda.senate.gov/api/v1/filings/14e59ad4-c173-4431-8e26-1bef63e995ad/,659,2902
3000,8c50e3ea-766c-49d8-94b9-88e6aec414ec,RR,Registration,2025,first_quarter,1st Quarter (Jan 1 - Mar 31),,2025-03-21 11:29:24,2026-03-07 10:21:57.177495,,,,,Leah Conley,https://lda.senate.gov/api/v1/filings/8c50e3ea-766c-49d8-94b9-88e6aec414ec/,349,2903
3001,7bef26be-795d-4baa-bc9e-e75793762949,RR,Registration,2025,first_quarter,1st Quarter (Jan 1 - Mar 31),,2025-03-21 11:33:11,2026-03-07 10:21:58.630715,,,,,Leah Conley,https://lda.senate.gov/api/v1/filings/7bef26be-795d-4baa-bc9e-e75793762949/,349,2904
3002,4096e38a-8f5d-4652-83b4-a2b7c9f1c470,RR,Registration,2025,first_quarter,1st Quarter (Jan 1 - Mar 31),,2025-03-21 11:41:41,2026-03-07 10:21:58.636268,,,,,Brian Diffell,https://lda.senate.gov/api/v1/filings/4096e38a-8f5d-4652-83b4-a2b7c9f1c470/,359,2905
3003,f36493dd-4737-479f-92a4-4f3e908d89b3,RR,Registration,2025,first_quarter,1st Quarter (Jan 1 - Mar 31),,2025-03-21 11:55:37,2026-03-07 10:21:58.640908,,,,,Caryl Auslander,https://lda.senate.gov/api/v1/filings/f36493dd-4737-479f-92a4-4f3e908d89b3/,962,2906
3004,a0e5497c-8609-4f52-baad-1e3b8fa4c969,Q1,1st Quarter - Report,2025,first_quarter,1st Quarter (Jan 1 - Mar 31),,2025-03-21 12:49:21,2026-03-07 10:21:58.646335,,,,,Jared J Brown,https://lda.senate.gov/api/v1/filings/a0e5497c-8609-4f52-baad-1e3b8fa4c969/,963,2907
3005,309d65e2-95c0-4bcf-8899-b11f3eef1034,Q1,1st Quarter - Report,2025,first_quarter,1st Quarter (Jan 1 - Mar 31),,2025-03-21 12:50:44,2026-03-07 10:21:58.651394,,,,,Jared J Brown,https://lda.senate.gov/api/v1/filings/309d65e2-95c0-4bcf-8899-b11f3eef1034/,963,2908
3006,d6c123c8-1870-4c93-99e2-cc6710b1808b,Q1,1st Quarter - Report,2025,first_quarter,1st Quarter (Jan 1 - Mar 31),,2025-03-21 12:52:31,2026-03-07 10:21:58.655786,9000.0,,,,Jared J Brown,https://lda.senate.gov/api/v1/filings/d6c123c8-1870-4c93-99e2-cc6710b1808b/,963,2909
3007,c07bfeca-0d07-40e4-b49c-14f5eedca580,1T,1st Quarter - Termination,2025,first_quarter,1st Quarter (Jan 1 - Mar 31),,2025-03-21 13:05:40,2026-03-07 10:21:58.660815,,,,,Sylvester Giustino,https://lda.senate.gov/api/v1/filings/c07bfeca-0d07-40e4-b49c-14f5eedca580/,964,2910
3008,caa317de-002e-485d-9bfc-2f586d140c1e,RR,Registration,2025,first_quarter,1st Quarter (Jan 1 - Mar 31),,2025-03-21 14:27:45,2026-03-07 10:21:58.665516,,,,,"Stephen Roberts, Attorney & Agent for Filer",https://lda.senate.gov/api/v1/filings/caa317de-002e-485d-9bfc-2f586d140c1e/,965,2911
3009,23d04c9b-efc9-4bda-adef-131333dac910,RR,Registration,2025,first_quarter,1st Quarter (Jan 1 - Mar 31),,2025-03-21 14:29:56,2026-03-07 10:21:58.670553,,,,,Adam J. Biegel,https://lda.senate.gov/api/v1/filings/23d04c9b-efc9-4bda-adef-131333dac910/,299,2912
3010,236988e2-85f4-4ae5-9361-ab9ed66789ad,RR,Registration,2025,first_quarter,1st Quarter (Jan 1 - Mar 31),,2025-03-21 14:35:40,2026-03-07 10:21:58.674944,,,,,David Cohen,https://lda.senate.gov/api/v1/filings/236988e2-85f4-4ae5-9361-ab9ed66789ad/,321,2913
3011,ab104106-7550-4438-b01a-4753858210cd,RR,Registration,2025,first_quarter,1st Quarter (Jan 1 - Mar 31),,2025-03-21 14:44:21,2026-03-07 10:21:58.679054,,,,,"Stephen Roberts, Attorney & Agent for Filer",https://lda.senate.gov/api/v1/filings/ab104106-7550-4438-b01a-4753858210cd/,965,2914
3012,9447bf56-aefd-4570-b574-d0d42a81b032,RR,Registration,2025,first_quarter,1st Quarter (Jan 1 - Mar 31),,2025-03-21 14:53:53,2026-03-07 10:21:58.683316,,,,,Anusha Kumari,https://lda.senate.gov/api/v1/filings/9447bf56-aefd-4570-b574-d0d42a81b032/,300,2915
3013,8c5f9442-e208-4882-98a3-7a3ef5d3aaa2,RR,Registration,2025,first_quarter,1st Quarter (Jan 1 - Mar 31),,2025-03-21 14:54:43,2026-03-07 10:21:58.688611,,,,,Clay White,https://lda.senate.gov/api/v1/filings/8c5f9442-e208-4882-98a3-7a3ef5d3aaa2/,62,2916
3014,be35d430-9799-402e-a9a7-625f34abae99,RR,Registration,2025,first_quarter,1st Quarter (Jan 1 - Mar 31),,2025-03-21 14:58:16,2026-03-07 10:21:58.693766,,,,,Anusha Kumari,https://lda.senate.gov/api/v1/filings/be35d430-9799-402e-a9a7-625f34abae99/,300,2917
3015,b80c45d1-ea1a-470b-9092-47115bf3fed2,RR,Registration,2025,first_quarter,1st Quarter (Jan 1 - Mar 31),,2025-03-21 15:01:55,2026-03-07 10:21:58.698782,,,,,"Stephen Roberts, Attorney & Agent for Filer",https://lda.senate.gov/api/v1/filings/b80c45d1-ea1a-470b-9092-47115bf3fed2/,965,2918
3016,d03981da-4d9f-4844-a6e8-ee62616b8aeb,RR,Registration,2025,first_quarter,1st Quarter (Jan 1 - Mar 31),,2025-03-21 15:03:27,2026-03-07 10:21:58.703947,,,,,Anusha Kumari,https://lda.senate.gov/api/v1/filings/d03981da-4d9f-4844-a6e8-ee62616b8aeb/,300,2919
3017,77e08a2f-122c-40ed-89af-9c45a097c339,RR,Registration,2025,first_quarter,1st Quarter (Jan 1 - Mar 31),,2025-03-21 15:06:26,2026-03-07 10:21:58.709049,,,,,Anusha Kumari,https://lda.senate.gov/api/v1/filings/77e08a2f-122c-40ed-89af-9c45a097c339/,300,2920
3018,e3c951b5-591b-45b4-b441-fdf28d4003d4,RR,Registration,2025,first_quarter,1st Quarter (Jan 1 - Mar 31),,2025-03-21 15:07:24,2026-03-07 10:21:58.713690,,,,,"Stephen Roberts, Attorney & Agent for Filer",https://lda.senate.gov/api/v1/filings/e3c951b5-591b-45b4-b441-fdf28d4003d4/,965,2921
3019,e671e57b-1b8f-4a3c-a161-1005c3cd80ce,RR,Registration,2025,first_quarter,1st Quarter (Jan 1 - Mar 31),,2025-03-21 15:11:23,2026-03-07 10:21:58.718762,,,,,Brian J. Glackin,https://lda.senate.gov/api/v1/filings/e671e57b-1b8f-4a3c-a161-1005c3cd80ce/,309,2922
3020,0f1b326f-007e-45a7-931c-5825c9f34174,RR,Registration,2025,first_quarter,1st Quarter (Jan 1 - Mar 31),,2025-03-21 15:13:45,2026-03-07 10:21:58.723638,,,,,Anusha Kumari,https://lda.senate.gov/api/v1/filings/0f1b326f-007e-45a7-931c-5825c9f34174/,300,2923
3021,fdf0b4ff-b164-44b3-875a-62f6ee86fc34,RR,Registration,2025,first_quarter,1st Quarter (Jan 1 - Mar 31),,2025-03-21 15:15:12,2026-03-07 10:21:58.728162,,,,,"Richard M. Gold, Partner",https://lda.senate.gov/api/v1/filings/fdf0b4ff-b164-44b3-875a-62f6ee86fc34/,360,2924
3022,eab8b355-46a0-497e-946a-27f14b0ebac3,RR,Registration,2025,first_quarter,1st Quarter (Jan 1 - Mar 31),,2025-03-21 15:15:57,2026-03-07 10:21:58.732963,,,,,Anusha Kumari,https://lda.senate.gov/api/v1/filings/eab8b355-46a0-497e-946a-27f14b0ebac3/,300,2925
3023,1f3b3535-fcf0-44f4-8755-54c245b99499,1T,1st Quarter - Termination,2025,first_quarter,1st Quarter (Jan 1 - Mar 31),,2025-03-21 15:16:58,2026-03-07 10:21:58.737158,,10000.0,A,A,Kirk M Sander,https://lda.senate.gov/api/v1/filings/1f3b3535-fcf0-44f4-8755-54c245b99499/,966,2926
3024,4465baca-69fb-467c-ba7b-0b8f6eb931aa,RR,Registration,2025,first_quarter,1st Quarter (Jan 1 - Mar 31),,2025-03-21 15:29:43,2026-03-07 10:21:58.742628,,,,,James P. Moran,https://lda.senate.gov/api/v1/filings/4465baca-69fb-467c-ba7b-0b8f6eb931aa/,381,2927
3025,c4a664ef-4ebe-466f-805b-e22734f64cf9,RA,Registration - Amendment,2025,first_quarter,1st Quarter (Jan 1 - Mar 31),,2025-03-21 16:03:54,2026-03-07 10:21:58.747493,,,,,"Richard M. Gold, Partner",https://lda.senate.gov/api/v1/filings/c4a664ef-4ebe-466f-805b-e22734f64cf9/,360,2928
3026,59eea2ea-7ce7-4951-a52c-0fea940558e0,RR,Registration,2025,first_quarter,1st Quarter (Jan 1 - Mar 31),,2025-03-21 16:13:57,2026-03-07 10:22:00.136510,,,,,"Richard M. Gold, Partner",https://lda.senate.gov/api/v1/filings/59eea2ea-7ce7-4951-a52c-0fea940558e0/,360,2929
3027,6b053da7-aa5b-439a-81e7-d09149db81ce,RA,Registration - Amendment,2025,first_quarter,1st Quarter (Jan 1 - Mar 31),,2025-03-21 16:16:39,2026-03-07 10:22:00.142923,,,,,"William Moschella, Attorney at Law",https://lda.senate.gov/api/v1/filings/6b053da7-aa5b-439a-81e7-d09149db81ce/,16,2930
3028,449542e1-48c4-41a5-ad8e-c4dfc62dcf25,RR,Registration,2025,first_quarter,1st Quarter (Jan 1 - Mar 31),,2025-03-21 16:40:31,2026-03-07 10:22:00.148356,,,,,"William Moschella, Attorney at Law",https://lda.senate.gov/api/v1/filings/449542e1-48c4-41a5-ad8e-c4dfc62dcf25/,16,2931
3029,529a010c-f8bd-44c7-ba1f-222eaae2a255,RR,Registration,2025,first_quarter,1st Quarter (Jan 1 - Mar 31),,2025-03-21 16:57:57,2026-03-07 10:22:00.153596,,,,,Chris Andresen,https://lda.senate.gov/api/v1/filings/529a010c-f8bd-44c7-ba1f-222eaae2a255/,713,2932
3030,a16a33d7-a26e-4a13-a41f-c00835859b43,RR,Registration,2025,first_quarter,1st Quarter (Jan 1 - Mar 31),,2025-03-21 17:36:22,2026-03-07 10:22:00.158859,,,,,"Richard M. Gold, Partner",https://lda.senate.gov/api/v1/filings/a16a33d7-a26e-4a13-a41f-c00835859b43/,360,2933
3031,940574a9-7b90-47d9-be55-1e952678aa99,RR,Registration,2025,first_quarter,1st Quarter (Jan 1 - Mar 31),,2025-03-21 17:41:38,2026-03-07 10:22:00.164450,,,,,Cristina Cantens,https://lda.senate.gov/api/v1/filings/940574a9-7b90-47d9-be55-1e952678aa99/,32,2934
3032,bcdb3d8e-5aba-4616-bcaf-a10d5f9f1e24,Q1Y,1st Quarter - Report (No Activity),2025,first_quarter,1st Quarter (Jan 1 - Mar 31),,2025-03-22 09:20:14,2026-03-07 10:22:00.169792,,,,,Kevin Hollinger,https://lda.senate.gov/api/v1/filings/bcdb3d8e-5aba-4616-bcaf-a10d5f9f1e24/,930,2804
3033,1b2798e9-9ddd-4986-ae34-b5673bd01e2f,RR,Registration,2025,first_quarter,1st Quarter (Jan 1 - Mar 31),,2025-03-22 09:37:27,2026-03-07 10:22:00.174201,,,,,Kevin Hollinger,https://lda.senate.gov/api/v1/filings/1b2798e9-9ddd-4986-ae34-b5673bd01e2f/,930,2935
3034,05c5c912-5171-4240-8aee-9f83f04b61b6,Q1Y,1st Quarter - Report (No Activity),2025,first_quarter,1st Quarter (Jan 1 - Mar 31),,2025-03-22 14:32:46,2026-03-07 10:22:00.179471,,,,,Thomas Hebert,https://lda.senate.gov/api/v1/filings/05c5c912-5171-4240-8aee-9f83f04b61b6/,419,810
3035,4271ddea-8d97-4d44-add6-f97fa5361a91,RR,Registration,2025,first_quarter,1st Quarter (Jan 1 - Mar 31),,2025-03-23 09:55:02,2026-03-07 10:22:00.183881,,,,,Paul A. Lobo Jr.,https://lda.senate.gov/api/v1/filings/4271ddea-8d97-4d44-add6-f97fa5361a91/,967,2936
3036,3d3285db-5d82-43c8-9e6f-cb5362f510f9,RR,Registration,2025,first_quarter,1st Quarter (Jan 1 - Mar 31),,2025-03-23 11:36:43,2026-03-07 10:22:00.190855,,,,,Raymond Bucheger,https://lda.senate.gov/api/v1/filings/3d3285db-5d82-43c8-9e6f-cb5362f510f9/,623,2937
3037,80ecf012-ac36-437b-86db-a9d2c0a1eb90,RR,Registration,2025,first_quarter,1st Quarter (Jan 1 - Mar 31),,2025-03-23 11:43:50,2026-03-07 10:22:00.197491,,,,,Raymond Bucheger,https://lda.senate.gov/api/v1/filings/80ecf012-ac36-437b-86db-a9d2c0a1eb90/,623,2938
3038,27e4a633-6df3-4412-a00c-a5a22117ddb9,Q1Y,1st Quarter - Report (No Activity),2025,first_quarter,1st Quarter (Jan 1 - Mar 31),,2025-03-23 12:27:30,2026-03-07 10:22:00.203749,22000.0,,,,Edward Eynon,https://lda.senate.gov/api/v1/filings/27e4a633-6df3-4412-a00c-a5a22117ddb9/,968,2939
3039,3e96de26-21dc-423f-b390-1d27c6e192a7,Q1Y,1st Quarter - Report (No Activity),2025,first_quarter,1st Quarter (Jan 1 - Mar 31),,2025-03-23 12:27:59,2026-03-07 10:22:00.209283,,,,,Edward Eynon,https://lda.senate.gov/api/v1/filings/3e96de26-21dc-423f-b390-1d27c6e192a7/,968,2940
3040,72e6cf68-1036-4eef-b43d-2dcd8291e62a,Q1Y,1st Quarter - Report (No Activity),2025,first_quarter,1st Quarter (Jan 1 - Mar 31),,2025-03-23 12:28:24,2026-03-07 10:22:00.214343,,,,,Edward Eynon,https://lda.senate.gov/api/v1/filings/72e6cf68-1036-4eef-b43d-2dcd8291e62a/,968,2941
3041,1b02c406-846e-4465-9e56-e6e16ed9c4c6,Q1Y,1st Quarter - Report (No Activity),2025,first_quarter,1st Quarter (Jan 1 - Mar 31),,2025-03-23 12:28:49,2026-03-07 10:22:00.219597,,,,,Edward Eynon,https://lda.senate.gov/api/v1/filings/1b02c406-846e-4465-9e56-e6e16ed9c4c6/,968,2942
3042,bd7cf66d-089a-4289-a2ba-23d6f209ae7e,Q1Y,1st Quarter - Report (No Activity),2025,first_quarter,1st Quarter (Jan 1 - Mar 31),,2025-03-23 12:29:53,2026-03-07 10:22:00.224635,30000.0,,,,Edward Eynon,https://lda.senate.gov/api/v1/filings/bd7cf66d-089a-4289-a2ba-23d6f209ae7e/,968,2943
3043,b20a6683-5fe3-40c5-90a8-a0689a43545e,1TY,1st Quarter - Termination (No Activity),2025,first_quarter,1st Quarter (Jan 1 - Mar 31),,2025-03-23 12:34:35,2026-03-07 10:22:00.229838,22000.0,,,,Edward Eynon,https://lda.senate.gov/api/v1/filings/b20a6683-5fe3-40c5-90a8-a0689a43545e/,968,2939
3044,0a7226c7-4e45-4088-995e-765baaf37200,1TY,1st Quarter - Termination (No Activity),2025,first_quarter,1st Quarter (Jan 1 - Mar 31),,2025-03-23 12:35:10,2026-03-07 10:22:00.235153,,,,,Edward Eynon,https://lda.senate.gov/api/v1/filings/0a7226c7-4e45-4088-995e-765baaf37200/,968,2940
3045,b6174d79-c8a6-4546-b2cb-c3f232a96ce5,1TY,1st Quarter - Termination (No Activity),2025,first_quarter,1st Quarter (Jan 1 - Mar 31),,2025-03-23 12:35:42,2026-03-07 10:22:00.239841,,,,,Edward Eynon,https://lda.senate.gov/api/v1/filings/b6174d79-c8a6-4546-b2cb-c3f232a96ce5/,968,2941
3046,357d4de9-330e-4611-8cd0-87586c6cb2a1,1TY,1st Quarter - Termination (No Activity),2025,first_quarter,1st Quarter (Jan 1 - Mar 31),,2025-03-23 12:36:14,2026-03-07 10:22:00.244129,,,,,Edward Eynon,https://lda.senate.gov/api/v1/filings/357d4de9-330e-4611-8cd0-87586c6cb2a1/,968,2942
3047,839d0a84-6ca8-4323-9ef2-8f095b3bdd1d,1TY,1st Quarter - Termination (No Activity),2025,first_quarter,1st Quarter (Jan 1 - Mar 31),,2025-03-23 12:36:48,2026-03-07 10:22:00.248286,30000.0,,,,Edward Eynon,https://lda.senate.gov/api/v1/filings/839d0a84-6ca8-4323-9ef2-8f095b3bdd1d/,968,2943
3048,6c3ce724-db5f-4a6e-9052-cdf13e63cffd,RR,Registration,2025,first_quarter,1st Quarter (Jan 1 - Mar 31),,2025-03-23 13:45:47,2026-03-07 10:22:00.252436,,,,,William C. Fischer,https://lda.senate.gov/api/v1/filings/6c3ce724-db5f-4a6e-9052-cdf13e63cffd/,969,2944
3049,c09c3b28-4f12-4ff3-aa5a-7635c19a344d,RR,Registration,2025,first_quarter,1st Quarter (Jan 1 - Mar 31),,2025-03-24 07:25:20,2026-03-07 10:22:00.259000,,,,,Chris Jones,https://lda.senate.gov/api/v1/filings/c09c3b28-4f12-4ff3-aa5a-7635c19a344d/,336,2945
3050,a4b37762-3192-4485-9df5-b18dcfc94e5a,RR,Registration,2025,first_quarter,1st Quarter (Jan 1 - Mar 31),,2025-03-24 07:34:26,2026-03-07 10:22:00.264157,,,,,Chris Jones,https://lda.senate.gov/api/v1/filings/a4b37762-3192-4485-9df5-b18dcfc94e5a/,336,2946
3051,eeefefa8-59f0-423a-ae07-bc8755442aae,RR,Registration,2025,first_quarter,1st Quarter (Jan 1 - Mar 31),,2025-03-24 09:04:19,2026-03-07 10:22:01.891389,,,,,Randall A. Brater,https://lda.senate.gov/api/v1/filings/eeefefa8-59f0-423a-ae07-bc8755442aae/,647,2947
3052,ae6090a1-0bc2-4ba7-acbc-72f04dc0a493,RR,Registration,2025,first_quarter,1st Quarter (Jan 1 - Mar 31),,2025-03-24 09:08:15,2026-03-07 10:22:01.896766,,,,,Beth Anne Cole,https://lda.senate.gov/api/v1/filings/ae6090a1-0bc2-4ba7-acbc-72f04dc0a493/,508,2948
3053,0332aeb5-041a-46b3-8d9c-01fe63081a84,RR,Registration,2025,first_quarter,1st Quarter (Jan 1 - Mar 31),,2025-03-24 09:12:51,2026-03-07 10:22:01.902069,,,,,Beth Anne Cole,https://lda.senate.gov/api/v1/filings/0332aeb5-041a-46b3-8d9c-01fe63081a84/,508,2949
3054,86d2f607-bc11-4de0-b3ca-4bcfa90a7d71,RR,Registration,2025,first_quarter,1st Quarter (Jan 1 - Mar 31),,2025-03-24 09:19:34,2026-03-07 10:22:01.907468,,,,,Beth Anne Cole,https://lda.senate.gov/api/v1/filings/86d2f607-bc11-4de0-b3ca-4bcfa90a7d71/,508,2950
3055,f13ade22-cdae-42c3-8100-4e529c827de5,RR,Registration,2025,first_quarter,1st Quarter (Jan 1 - Mar 31),,2025-03-24 09:24:22,2026-03-07 10:22:01.912617,,,,,Beth Anne Cole,https://lda.senate.gov/api/v1/filings/f13ade22-cdae-42c3-8100-4e529c827de5/,508,2951
3056,83baa6a8-e994-4436-a7a7-31921e309ad6,RA,Registration - Amendment,2025,first_quarter,1st Quarter (Jan 1 - Mar 31),,2025-03-24 09:25:59,2026-03-07 10:22:01.917724,,,,,Randall A. Brater,https://lda.senate.gov/api/v1/filings/83baa6a8-e994-4436-a7a7-31921e309ad6/,647,2952
3057,c2d6877d-259a-4299-b8b2-ce376afd49f9,RR,Registration,2025,first_quarter,1st Quarter (Jan 1 - Mar 31),,2025-03-24 09:29:58,2026-03-07 10:22:01.922005,,,,,Beth Anne Cole,https://lda.senate.gov/api/v1/filings/c2d6877d-259a-4299-b8b2-ce376afd49f9/,508,2953
3058,ea244013-db8c-43a4-86c1-480d713104c5,RR,Registration,2025,first_quarter,1st Quarter (Jan 1 - Mar 31),,2025-03-24 09:39:02,2026-03-07 10:22:01.927266,,,,,Stacey Scholl,https://lda.senate.gov/api/v1/filings/ea244013-db8c-43a4-86c1-480d713104c5/,254,2954
3059,2e4fcd27-bb41-448f-9b9b-71ec29694cf4,RR,Registration,2025,first_quarter,1st Quarter (Jan 1 - Mar 31),,2025-03-24 10:31:58,2026-03-07 10:22:01.931673,,,,,Stacey Scholl,https://lda.senate.gov/api/v1/filings/2e4fcd27-bb41-448f-9b9b-71ec29694cf4/,254,2955
3060,460c21a2-0f51-4598-9a9e-487b6b3cafde,Q1,1st Quarter - Report,2025,first_quarter,1st Quarter (Jan 1 - Mar 31),,2025-03-24 11:05:14,2026-03-07 10:22:01.936482,9000.0,,,,David Garten,https://lda.senate.gov/api/v1/filings/460c21a2-0f51-4598-9a9e-487b6b3cafde/,970,2956
3061,9c66abfc-238f-4e4b-b87a-fbc2b783de76,RR,Registration,2025,first_quarter,1st Quarter (Jan 1 - Mar 31),,2025-03-24 12:08:29,2026-03-07 10:22:01.941040,,,,,Meg Thompson,https://lda.senate.gov/api/v1/filings/9c66abfc-238f-4e4b-b87a-fbc2b783de76/,684,2957
3062,71aedb0f-98ac-424b-94da-6e496be4fd2d,RR,Registration,2025,second_quarter,2nd Quarter (Apr 1 - June 30),,2025-03-24 12:14:49,2026-03-07 10:22:01.945235,,,,,John Roberti,https://lda.senate.gov/api/v1/filings/71aedb0f-98ac-424b-94da-6e496be4fd2d/,247,2958
3063,6aee5e62-c36e-4ed8-a0ae-1c74cf5b96ba,RR,Registration,2025,first_quarter,1st Quarter (Jan 1 - Mar 31),,2025-03-24 12:33:02,2026-03-07 10:22:01.950107,,,,,Sara Nuvy,https://lda.senate.gov/api/v1/filings/6aee5e62-c36e-4ed8-a0ae-1c74cf5b96ba/,48,2959
3064,3452184f-606b-4beb-b02a-b766c2f61216,RR,Registration,2025,first_quarter,1st Quarter (Jan 1 - Mar 31),,2025-03-24 12:49:47,2026-03-07 10:22:01.954841,,,,,Sara Nuvy,https://lda.senate.gov/api/v1/filings/3452184f-606b-4beb-b02a-b766c2f61216/,48,2960
3065,79b5f8a3-ea2e-4d9c-a733-a941591fa0b0,RA,Registration - Amendment,2025,first_quarter,1st Quarter (Jan 1 - Mar 31),,2025-03-24 12:54:34,2026-03-07 10:22:01.959297,,,,,Adina Mincher,https://lda.senate.gov/api/v1/filings/79b5f8a3-ea2e-4d9c-a733-a941591fa0b0/,52,2591
3066,3af071bf-a4a7-4eb6-ba60-87b0398f70c4,Q1,1st Quarter - Report,2025,first_quarter,1st Quarter (Jan 1 - Mar 31),,2025-03-24 13:31:25,2026-03-07 10:22:01.964645,,65000.0,A,A,David Sanders,https://lda.senate.gov/api/v1/filings/3af071bf-a4a7-4eb6-ba60-87b0398f70c4/,971,2961
3067,22e103b9-d992-423c-9400-d72a363e625b,Q1,1st Quarter - Report,2025,first_quarter,1st Quarter (Jan 1 - Mar 31),,2025-03-24 14:00:22,2026-03-07 10:22:01.969943,10000.0,,,,Ted McCann,https://lda.senate.gov/api/v1/filings/22e103b9-d992-423c-9400-d72a363e625b/,972,2962
3068,bd7f7d8b-d126-4383-a3d1-14905cd11f67,RR,Registration,2025,first_quarter,1st Quarter (Jan 1 - Mar 31),,2025-03-24 14:28:27,2026-03-07 10:22:01.974570,,,,,Ted McCann,https://lda.senate.gov/api/v1/filings/bd7f7d8b-d126-4383-a3d1-14905cd11f67/,972,2963
3069,1af1c253-b265-4efb-9d85-eb2faef42b1d,RR,Registration,2025,first_quarter,1st Quarter (Jan 1 - Mar 31),,2025-03-24 14:31:12,2026-03-07 10:22:01.978706,,,,,Eric S. Brown,https://lda.senate.gov/api/v1/filings/1af1c253-b265-4efb-9d85-eb2faef42b1d/,232,2964
3070,e93a5719-108b-4d0e-a723-c7da079f65e6,RR,Registration,2025,first_quarter,1st Quarter (Jan 1 - Mar 31),,2025-03-24 14:40:09,2026-03-07 10:22:01.983463,,,,,Eric S. Brown,https://lda.senate.gov/api/v1/filings/e93a5719-108b-4d0e-a723-c7da079f65e6/,232,2965
3071,76323a14-93d0-46cf-9376-25b31d293ec3,RR,Registration,2025,first_quarter,1st Quarter (Jan 1 - Mar 31),,2025-03-24 14:46:45,2026-03-07 10:22:01.987990,,,,,Eric S. Brown,https://lda.senate.gov/api/v1/filings/76323a14-93d0-46cf-9376-25b31d293ec3/,232,2966
3072,bfc9b4c4-4d6e-41f1-a1a1-e5a9c90a3c64,RR,Registration,2025,first_quarter,1st Quarter (Jan 1 - Mar 31),,2025-03-24 14:53:16,2026-03-07 10:22:01.992988,,,,,Anthony Bedell,https://lda.senate.gov/api/v1/filings/bfc9b4c4-4d6e-41f1-a1a1-e5a9c90a3c64/,248,2967
3073,e739b6be-a47f-46c0-8c30-c52508ba41f9,RR,Registration,2025,first_quarter,1st Quarter (Jan 1 - Mar 31),,2025-03-24 14:53:41,2026-03-07 10:22:01.997556,,,,,Eric S. Brown,https://lda.senate.gov/api/v1/filings/e739b6be-a47f-46c0-8c30-c52508ba41f9/,232,2968
3074,ec76a06b-4434-4b18-adce-85c8a0610cec,RR,Registration,2025,first_quarter,1st Quarter (Jan 1 - Mar 31),,2025-03-24 14:57:00,2026-03-07 10:22:02.002746,,,,,Omar Franco,https://lda.senate.gov/api/v1/filings/ec76a06b-4434-4b18-adce-85c8a0610cec/,248,2969
3075,a5d7a370-53aa-435f-bade-61b22234e59e,RR,Registration,2025,first_quarter,1st Quarter (Jan 1 - Mar 31),,2025-03-24 14:59:38,2026-03-07 10:22:02.006876,,,,,C.J. Zane,https://lda.senate.gov/api/v1/filings/a5d7a370-53aa-435f-bade-61b22234e59e/,363,2970
3077,88c3adf9-b021-4bfc-9b5e-96c7e7d5aea9,RR,Registration,2025,first_quarter,1st Quarter (Jan 1 - Mar 31),,2025-03-24 15:22:27,2026-03-07 10:22:03.566199,,,,,Isabella Quinn,https://lda.senate.gov/api/v1/filings/88c3adf9-b021-4bfc-9b5e-96c7e7d5aea9/,365,2972
3078,e6e392ff-e18c-466c-a170-c4be6351a227,RR,Registration,2025,first_quarter,1st Quarter (Jan 1 - Mar 31),,2025-03-24 15:22:42,2026-03-07 10:22:03.571003,,,,,Omar Franco,https://lda.senate.gov/api/v1/filings/e6e392ff-e18c-466c-a170-c4be6351a227/,248,2973
3079,47900534-e157-4776-a155-50fba2fba1eb,RR,Registration,2025,first_quarter,1st Quarter (Jan 1 - Mar 31),,2025-03-24 15:30:22,2026-03-07 10:22:03.575441,,,,,Stephen Empedocles,https://lda.senate.gov/api/v1/filings/47900534-e157-4776-a155-50fba2fba1eb/,973,2974
3080,afc680bd-2455-458f-944d-56fa67b23692,RR,Registration,2025,first_quarter,1st Quarter (Jan 1 - Mar 31),,2025-03-24 15:41:34,2026-03-07 10:22:03.580587,,,,,Chris Berardini,https://lda.senate.gov/api/v1/filings/afc680bd-2455-458f-944d-56fa67b23692/,248,2975
3081,3382241b-b9d8-4ecc-9075-240cb55748c6,RR,Registration,2025,first_quarter,1st Quarter (Jan 1 - Mar 31),,2025-03-24 15:51:27,2026-03-07 10:22:03.584973,,,,,Alexis Searfoss,https://lda.senate.gov/api/v1/filings/3382241b-b9d8-4ecc-9075-240cb55748c6/,305,2976
3082,4f873dfe-3c48-4f4d-b0e7-00aa4dc8f280,RR,Registration,2025,first_quarter,1st Quarter (Jan 1 - Mar 31),,2025-03-24 15:52:15,2026-03-07 10:22:03.590440,,,,,Anthony Bedell,https://lda.senate.gov/api/v1/filings/4f873dfe-3c48-4f4d-b0e7-00aa4dc8f280/,248,2977
3083,4e0057b3-d1c4-400a-a779-f96f3c64e2bf,RR,Registration,2025,first_quarter,1st Quarter (Jan 1 - Mar 31),,2025-03-24 15:58:02,2026-03-07 10:22:03.594797,,,,,Brandon LIpps,https://lda.senate.gov/api/v1/filings/4e0057b3-d1c4-400a-a779-f96f3c64e2bf/,974,2978
3084,740327df-0252-4646-8d9a-3dc429fefa2a,RR,Registration,2025,first_quarter,1st Quarter (Jan 1 - Mar 31),,2025-03-24 15:58:37,2026-03-07 10:22:03.599890,,,,,Chris Berardini,https://lda.senate.gov/api/v1/filings/740327df-0252-4646-8d9a-3dc429fefa2a/,248,2979
3085,97da4173-bb02-48df-8d51-856c9d87b26f,RR,Registration,2025,first_quarter,1st Quarter (Jan 1 - Mar 31),,2025-03-24 16:06:02,2026-03-07 10:22:03.604777,,,,,Omar Franco,https://lda.senate.gov/api/v1/filings/97da4173-bb02-48df-8d51-856c9d87b26f/,248,2980
3086,a1425409-4f5b-4737-b8c5-3f3f314f9908,RR,Registration,2025,first_quarter,1st Quarter (Jan 1 - Mar 31),,2025-03-24 16:32:22,2026-03-07 10:22:03.609470,,,,,Anthony Bedell,https://lda.senate.gov/api/v1/filings/a1425409-4f5b-4737-b8c5-3f3f314f9908/,248,2981
3087,c5194599-c6a5-4b28-8773-65e34b1fe783,RA,Registration - Amendment,2025,first_quarter,1st Quarter (Jan 1 - Mar 31),,2025-03-24 16:39:22,2026-03-07 10:22:03.616860,,,,,Adina Mincher,https://lda.senate.gov/api/v1/filings/c5194599-c6a5-4b28-8773-65e34b1fe783/,52,2982
3088,e2690ff1-540b-46bc-b5cb-3f7b54e62c0a,RR,Registration,2025,first_quarter,1st Quarter (Jan 1 - Mar 31),,2025-03-24 16:53:04,2026-03-07 10:22:03.622703,,,,,"Charles R. Nuckolls, Senior Counsel",https://lda.senate.gov/api/v1/filings/e2690ff1-540b-46bc-b5cb-3f7b54e62c0a/,414,2983
3089,1fdeb98d-73f2-4bee-80e6-f830c6eeadaa,RA,Registration - Amendment,2025,first_quarter,1st Quarter (Jan 1 - Mar 31),,2025-03-24 17:27:02,2026-03-07 10:22:03.627677,,,,,Adina Mincher,https://lda.senate.gov/api/v1/filings/1fdeb98d-73f2-4bee-80e6-f830c6eeadaa/,52,2984
3090,7aae46b2-a0b9-43aa-b131-91b623af8351,RR,Registration,2025,first_quarter,1st Quarter (Jan 1 - Mar 31),,2025-03-24 17:45:53,2026-03-07 10:22:03.632546,,,,,Richard Grafmeyer,https://lda.senate.gov/api/v1/filings/7aae46b2-a0b9-43aa-b131-91b623af8351/,892,2985
3091,b73b83b6-6a77-40d8-9864-96ab9eb21f2e,RR,Registration,2025,first_quarter,1st Quarter (Jan 1 - Mar 31),,2025-03-24 21:38:19,2026-03-07 10:22:03.637157,,,,,J. Chris Porter Jr.,https://lda.senate.gov/api/v1/filings/b73b83b6-6a77-40d8-9864-96ab9eb21f2e/,23,2986
3092,412365ce-eb23-4fe1-a615-931776489f7d,RR,Registration,2025,first_quarter,1st Quarter (Jan 1 - Mar 31),,2025-03-24 21:45:58,2026-03-07 10:22:03.641717,,,,,J. Chris Porter Jr.,https://lda.senate.gov/api/v1/filings/412365ce-eb23-4fe1-a615-931776489f7d/,23,2987
3093,1ff88a17-33ad-470b-ae12-939a03de414e,RR,Registration,2025,first_quarter,1st Quarter (Jan 1 - Mar 31),,2025-03-24 21:51:17,2026-03-07 10:22:03.646261,,,,,J. Chris Porter Jr.,https://lda.senate.gov/api/v1/filings/1ff88a17-33ad-470b-ae12-939a03de414e/,23,2988
3094,90be9334-54a4-4e34-8eb6-f4948952eb43,RR,Registration,2025,first_quarter,1st Quarter (Jan 1 - Mar 31),,2025-03-25 06:32:26,2026-03-07 10:22:03.650595,,,,,Sara Nuvy,https://lda.senate.gov/api/v1/filings/90be9334-54a4-4e34-8eb6-f4948952eb43/,48,2989
3099,4133fa02-73d7-4fb0-95e7-91d973f9ae32,RR,Registration,2025,first_quarter,1st Quarter (Jan 1 - Mar 31),,2025-03-25 09:23:00,2026-03-07 10:22:03.673615,,,,,Stacey Scholl,https://lda.senate.gov/api/v1/filings/4133fa02-73d7-4fb0-95e7-91d973f9ae32/,254,2993
3100,16faf45b-94cb-4383-917d-87e02d009e8b,RR,Registration,2025,first_quarter,1st Quarter (Jan 1 - Mar 31),,2025-03-25 09:28:07,2026-03-07 10:22:03.679053,,,,,Robert Odawi Porter,https://lda.senate.gov/api/v1/filings/16faf45b-94cb-4383-917d-87e02d009e8b/,423,2994
3101,bd91d2ac-a200-4066-8049-def22b3c991b,1T,1st Quarter - Termination,2025,first_quarter,1st Quarter (Jan 1 - Mar 31),,2025-03-25 10:03:48,2026-03-07 10:22:05.095477,,,C,C,Tori Bateman,https://lda.senate.gov/api/v1/filings/bd91d2ac-a200-4066-8049-def22b3c991b/,976,2995
3102,9f3af8c3-dcf7-4863-bdc6-9d0b03b28334,1TY,1st Quarter - Termination (No Activity),2025,first_quarter,1st Quarter (Jan 1 - Mar 31),,2025-03-25 10:18:53,2026-03-07 10:22:05.100815,30000.0,,,,Jason S. Knapp,https://lda.senate.gov/api/v1/filings/9f3af8c3-dcf7-4863-bdc6-9d0b03b28334/,977,2996
3103,18ce32ba-5006-401b-bac5-9e7e76040917,Q1Y,1st Quarter - Report (No Activity),2025,first_quarter,1st Quarter (Jan 1 - Mar 31),,2025-03-25 10:19:30,2026-03-07 10:22:05.105593,33000.0,,,,Jason S. Knapp,https://lda.senate.gov/api/v1/filings/18ce32ba-5006-401b-bac5-9e7e76040917/,977,2997
3104,bcdfc5d3-81ff-48ba-bcaf-df872e14c3fd,Q1,1st Quarter - Report,2025,first_quarter,1st Quarter (Jan 1 - Mar 31),,2025-03-25 10:21:10,2026-03-07 10:22:05.109751,45000.0,,,,Jason Knapp,https://lda.senate.gov/api/v1/filings/bcdfc5d3-81ff-48ba-bcaf-df872e14c3fd/,977,2998
3105,bb2d7530-9894-4dae-b813-200b307f6efa,RR,Registration,2025,first_quarter,1st Quarter (Jan 1 - Mar 31),,2025-03-25 11:02:56,2026-03-07 10:22:05.115193,,,,,Cole Rojewski,https://lda.senate.gov/api/v1/filings/bb2d7530-9894-4dae-b813-200b307f6efa/,978,2999
3106,df6093df-6d61-4ae0-ab11-47018b9aa9f0,RR,Registration,2025,first_quarter,1st Quarter (Jan 1 - Mar 31),,2025-03-25 11:15:11,2026-03-07 10:22:05.120254,,,,,Cole Rojewski,https://lda.senate.gov/api/v1/filings/df6093df-6d61-4ae0-ab11-47018b9aa9f0/,978,3000
3107,c76b8343-a96a-4898-8314-c685550d4df8,RR,Registration,2025,first_quarter,1st Quarter (Jan 1 - Mar 31),,2025-03-25 11:18:14,2026-03-07 10:22:05.124822,,,,,Robert Hobart,https://lda.senate.gov/api/v1/filings/c76b8343-a96a-4898-8314-c685550d4df8/,364,3001
3108,bbd52436-cb46-42da-a4a5-43b85daa1082,RR,Registration,2025,first_quarter,1st Quarter (Jan 1 - Mar 31),,2025-03-25 11:20:52,2026-03-07 10:22:05.129732,,,,,Cole Rojewski,https://lda.senate.gov/api/v1/filings/bbd52436-cb46-42da-a4a5-43b85daa1082/,978,3002
3109,ea7ae28c-45e0-4bae-bf92-f40ba9e59544,RR,Registration,2025,first_quarter,1st Quarter (Jan 1 - Mar 31),,2025-03-25 11:28:11,2026-03-07 10:22:05.134849,,,,,Robert Hobart,https://lda.senate.gov/api/v1/filings/ea7ae28c-45e0-4bae-bf92-f40ba9e59544/,364,3003
3110,34bbdc7d-8d77-4954-895f-92d870e89dd8,RR,Registration,2025,first_quarter,1st Quarter (Jan 1 - Mar 31),,2025-03-25 11:34:08,2026-03-07 10:22:05.139718,,,,,Adina Mincher,https://lda.senate.gov/api/v1/filings/34bbdc7d-8d77-4954-895f-92d870e89dd8/,52,3004
3111,f802b551-00a0-4bd3-af4f-64adb220f9e0,RR,Registration,2025,first_quarter,1st Quarter (Jan 1 - Mar 31),,2025-03-25 11:34:21,2026-03-07 10:22:05.144040,,,,,Robert Hobart,https://lda.senate.gov/api/v1/filings/f802b551-00a0-4bd3-af4f-64adb220f9e0/,364,3005
3112,725657b9-b36c-475c-afea-49c77016eebc,RR,Registration,2025,first_quarter,1st Quarter (Jan 1 - Mar 31),,2025-03-25 11:36:49,2026-03-07 10:22:05.148289,,,,,Andrea Updegrove,https://lda.senate.gov/api/v1/filings/725657b9-b36c-475c-afea-49c77016eebc/,979,3006
3113,80ddd67b-a320-45ac-bb14-d89d2bbf79a4,RR,Registration,2025,first_quarter,1st Quarter (Jan 1 - Mar 31),,2025-03-25 11:40:10,2026-03-07 10:22:05.152462,,,,,Robert Hobart,https://lda.senate.gov/api/v1/filings/80ddd67b-a320-45ac-bb14-d89d2bbf79a4/,364,3007
3114,e758b547-0b67-40ef-92d1-0fa285ed5766,RR,Registration,2025,first_quarter,1st Quarter (Jan 1 - Mar 31),,2025-03-25 11:45:01,2026-03-07 10:22:05.157218,,,,,Sonya Besteiro,https://lda.senate.gov/api/v1/filings/e758b547-0b67-40ef-92d1-0fa285ed5766/,32,3008
3115,6f5f32a7-af39-4375-8ea7-f0d31a0a35e9,1AY,1st Quarter - Amendment (No Activity),2025,first_quarter,1st Quarter (Jan 1 - Mar 31),,2025-03-25 12:03:43,2026-03-07 10:22:05.161934,,,,,Ronald Campbell,https://lda.senate.gov/api/v1/filings/6f5f32a7-af39-4375-8ea7-f0d31a0a35e9/,980,3009
3116,f4b8c35f-26c0-4b34-bc21-2a48f1db8aad,RR,Registration,2025,first_quarter,1st Quarter (Jan 1 - Mar 31),,2025-03-25 12:18:02,2026-03-07 10:22:05.166050,,,,,Sonya Besteiro,https://lda.senate.gov/api/v1/filings/f4b8c35f-26c0-4b34-bc21-2a48f1db8aad/,32,3010
3118,7e14a048-9713-4fc4-b80f-bf1fe9641580,RR,Registration,2025,first_quarter,1st Quarter (Jan 1 - Mar 31),,2025-03-25 13:10:48,2026-03-07 10:22:05.174926,,,,,Adam Howard,https://lda.senate.gov/api/v1/filings/7e14a048-9713-4fc4-b80f-bf1fe9641580/,975,3012
3119,a89398a5-46a8-4de4-95b4-0261eb2bb228,RR,Registration,2025,first_quarter,1st Quarter (Jan 1 - Mar 31),,2025-03-25 13:34:58,2026-03-07 10:22:05.179962,,,,,David Lasseter,https://lda.senate.gov/api/v1/filings/a89398a5-46a8-4de4-95b4-0261eb2bb228/,981,3013
3120,6a8db0ab-b324-45e5-b754-b6d3156cc53c,RR,Registration,2025,first_quarter,1st Quarter (Jan 1 - Mar 31),,2025-03-25 13:52:27,2026-03-07 10:22:05.185674,,,,,Stacey Scholl,https://lda.senate.gov/api/v1/filings/6a8db0ab-b324-45e5-b754-b6d3156cc53c/,254,3014
3121,d5fcfa7c-ece1-4a37-9a1d-7ff4bda63e1a,RR,Registration,2025,first_quarter,1st Quarter (Jan 1 - Mar 31),,2025-03-25 14:10:08,2026-03-07 10:22:05.191682,,,,,Adam Howard,https://lda.senate.gov/api/v1/filings/d5fcfa7c-ece1-4a37-9a1d-7ff4bda63e1a/,975,3015
3122,30b065e5-1223-4dca-bd48-eb8c96803f19,RR,Registration,2025,first_quarter,1st Quarter (Jan 1 - Mar 31),,2025-03-25 14:23:28,2026-03-07 10:22:05.196418,,,,,Joshua Narrow,https://lda.senate.gov/api/v1/filings/30b065e5-1223-4dca-bd48-eb8c96803f19/,529,3016
3123,a5c25bc3-2242-43a0-b016-6e61a19b3827,RR,Registration,2025,first_quarter,1st Quarter (Jan 1 - Mar 31),,2025-03-25 14:34:48,2026-03-07 10:22:05.202318,,,,,Chad Grant,https://lda.senate.gov/api/v1/filings/a5c25bc3-2242-43a0-b016-6e61a19b3827/,982,3017
3124,800c2b86-5da2-4d22-8188-829504da6b1c,RR,Registration,2025,first_quarter,1st Quarter (Jan 1 - Mar 31),,2025-03-25 14:57:12,2026-03-07 10:22:05.207709,,,,,Allison Hughes,https://lda.senate.gov/api/v1/filings/800c2b86-5da2-4d22-8188-829504da6b1c/,983,3018
3125,20836e4f-eea7-4dd2-85a3-0e37a293eb62,RR,Registration,2025,first_quarter,1st Quarter (Jan 1 - Mar 31),,2025-03-25 15:15:19,2026-03-07 10:22:05.212779,,,,,Allison Hughes,https://lda.senate.gov/api/v1/filings/20836e4f-eea7-4dd2-85a3-0e37a293eb62/,983,3019
3126,f8f67b74-e6a3-48ab-b894-67baa17efff5,RR,Registration,2025,first_quarter,1st Quarter (Jan 1 - Mar 31),,2025-03-25 15:20:52,2026-03-07 10:22:06.895495,,,,,Scott Owens,https://lda.senate.gov/api/v1/filings/f8f67b74-e6a3-48ab-b894-67baa17efff5/,45,3020
3127,061a00bc-712e-405e-9c12-982d24fd5088,RR,Registration,2025,first_quarter,1st Quarter (Jan 1 - Mar 31),,2025-03-25 15:23:34,2026-03-07 10:22:06.901320,,,,,Scott Owens,https://lda.senate.gov/api/v1/filings/061a00bc-712e-405e-9c12-982d24fd5088/,45,3021
3128,d39ee40f-dcae-4e25-bdcd-f4b918025441,RR,Registration,2025,first_quarter,1st Quarter (Jan 1 - Mar 31),,2025-03-25 15:26:19,2026-03-07 10:22:06.907024,,,,,Scott Owens,https://lda.senate.gov/api/v1/filings/d39ee40f-dcae-4e25-bdcd-f4b918025441/,45,3022
3129,468820c5-aca8-405a-a51d-b09d9e2e1351,RR,Registration,2025,first_quarter,1st Quarter (Jan 1 - Mar 31),,2025-03-25 15:26:34,2026-03-07 10:22:06.912402,,,,,Allison Hughes,https://lda.senate.gov/api/v1/filings/468820c5-aca8-405a-a51d-b09d9e2e1351/,983,3023
3130,17e19c2c-2131-4165-84d7-b52842d3f952,RR,Registration,2025,first_quarter,1st Quarter (Jan 1 - Mar 31),,2025-03-25 15:36:33,2026-03-07 10:22:06.917882,,,,,Allison Hughes,https://lda.senate.gov/api/v1/filings/17e19c2c-2131-4165-84d7-b52842d3f952/,983,3024
3131,5ae3c53a-4e0f-48cd-af3b-649ef39c8d94,Q1,1st Quarter - Report,2025,first_quarter,1st Quarter (Jan 1 - Mar 31),,2025-03-25 15:38:01,2026-03-07 10:22:06.922955,15000.0,,,,Paul Miller,https://lda.senate.gov/api/v1/filings/5ae3c53a-4e0f-48cd-af3b-649ef39c8d94/,576,3025
3132,8963e702-821c-4ba5-bf12-749d31b1277b,Q1Y,1st Quarter - Report (No Activity),2025,first_quarter,1st Quarter (Jan 1 - Mar 31),,2025-03-25 15:38:54,2026-03-07 10:22:06.928145,,,,,Paul Miller,https://lda.senate.gov/api/v1/filings/8963e702-821c-4ba5-bf12-749d31b1277b/,576,3026
3133,0c0883a8-3684-42e6-af9e-1c308565d27d,Q1,1st Quarter - Report,2025,first_quarter,1st Quarter (Jan 1 - Mar 31),,2025-03-25 15:40:51,2026-03-07 10:22:06.932580,18000.0,,,,Paul Miller,https://lda.senate.gov/api/v1/filings/0c0883a8-3684-42e6-af9e-1c308565d27d/,576,3027
3134,9af905c1-d114-4a69-864c-f70c002c6bbe,Q1,1st Quarter - Report,2025,first_quarter,1st Quarter (Jan 1 - Mar 31),,2025-03-25 15:44:43,2026-03-07 10:22:06.937812,25000.0,,,,Paul Miller,https://lda.senate.gov/api/v1/filings/9af905c1-d114-4a69-864c-f70c002c6bbe/,576,3028
3135,f830b0dd-694c-4e30-b404-25fdd267b6cd,RR,Registration,2025,first_quarter,1st Quarter (Jan 1 - Mar 31),,2025-03-25 15:44:58,2026-03-07 10:22:06.942878,,,,,Allison Hughes,https://lda.senate.gov/api/v1/filings/f830b0dd-694c-4e30-b404-25fdd267b6cd/,983,3029
3136,6f80d704-2b5d-4c3d-8138-89190061ac9f,RR,Registration,2025,first_quarter,1st Quarter (Jan 1 - Mar 31),,2025-03-25 15:57:09,2026-03-07 10:22:06.947840,,,,,Allison Hughes,https://lda.senate.gov/api/v1/filings/6f80d704-2b5d-4c3d-8138-89190061ac9f/,983,3030
3137,34935d86-73bb-4f95-9eec-fbb6eabe86ba,Q1,1st Quarter - Report,2025,first_quarter,1st Quarter (Jan 1 - Mar 31),,2025-03-25 15:58:36,2026-03-07 10:22:06.953690,15000.0,,,,Paul Miller,https://lda.senate.gov/api/v1/filings/34935d86-73bb-4f95-9eec-fbb6eabe86ba/,576,3031
3183,23b7828b-b9ea-495d-a94d-24a93dc27df3,RR,Registration,2025,first_quarter,1st Quarter (Jan 1 - Mar 31),,2025-03-26 18:08:09,2026-03-07 10:22:09.943053,,,,,Paul Lowell,https://lda.senate.gov/api/v1/filings/23b7828b-b9ea-495d-a94d-24a93dc27df3/,13,3071
3184,b189f0cd-eb19-4138-8cf9-00cc9629094a,RR,Registration,2025,first_quarter,1st Quarter (Jan 1 - Mar 31),,2025-03-26 18:18:10,2026-03-07 10:22:09.948850,,,,,Paul Lowell,https://lda.senate.gov/api/v1/filings/b189f0cd-eb19-4138-8cf9-00cc9629094a/,13,3072
3185,f2d7c92c-ee24-4b68-bfba-606b2686fd35,RR,Registration,2025,first_quarter,1st Quarter (Jan 1 - Mar 31),,2025-03-26 18:20:31,2026-03-07 10:22:09.954767,,,,,"Stephen P. Roberts, Attorney & Agent for Filer",https://lda.senate.gov/api/v1/filings/f2d7c92c-ee24-4b68-bfba-606b2686fd35/,990,3073
3186,21b6f49d-25cd-4171-9fcc-88ae162414a3,RR,Registration,2025,first_quarter,1st Quarter (Jan 1 - Mar 31),,2025-03-26 18:41:49,2026-03-07 10:22:09.961654,,,,,"Stephen P. Roberts, Attorney & Agent for Filer",https://lda.senate.gov/api/v1/filings/21b6f49d-25cd-4171-9fcc-88ae162414a3/,990,3074
3187,7968f586-a53b-4512-95f7-9d3c9fbbee99,RR,Registration,2025,first_quarter,1st Quarter (Jan 1 - Mar 31),,2025-03-26 19:23:18,2026-03-07 10:22:09.969790,,,,,"William Moschella, Attorney at Law",https://lda.senate.gov/api/v1/filings/7968f586-a53b-4512-95f7-9d3c9fbbee99/,16,3075
3188,f1f7e431-196b-4ff6-ad59-2bdc0f7be73c,RR,Registration,2025,first_quarter,1st Quarter (Jan 1 - Mar 31),,2025-03-26 19:32:47,2026-03-07 10:22:09.975637,,,,,Lacey Hofmeyer,https://lda.senate.gov/api/v1/filings/f1f7e431-196b-4ff6-ad59-2bdc0f7be73c/,544,3076
3138,89286038-4494-4ef2-8660-8cdae2a9eabf,1TY,1st Quarter - Termination (No Activity),2025,first_quarter,1st Quarter (Jan 1 - Mar 31),,2025-03-25 16:00:06,2026-03-07 10:22:06.959349,,,,,Paul Miller,https://lda.senate.gov/api/v1/filings/89286038-4494-4ef2-8660-8cdae2a9eabf/,576,3032
3139,ad799de4-f370-4cc4-89cd-2f3c33abc083,RR,Registration,2025,first_quarter,1st Quarter (Jan 1 - Mar 31),,2025-03-25 16:05:30,2026-03-07 10:22:06.963769,,,,,Adam Howard,https://lda.senate.gov/api/v1/filings/ad799de4-f370-4cc4-89cd-2f3c33abc083/,975,3033
3140,9bae4479-54e6-4245-9434-56db35ac8592,RR,Registration,2025,first_quarter,1st Quarter (Jan 1 - Mar 31),,2025-03-25 16:06:55,2026-03-07 10:22:06.968680,,,,,Allison Hughes,https://lda.senate.gov/api/v1/filings/9bae4479-54e6-4245-9434-56db35ac8592/,983,3034
3141,b98e15e3-74ec-4cae-8e2a-a6bde42bdba8,RR,Registration,2025,first_quarter,1st Quarter (Jan 1 - Mar 31),,2025-03-25 16:08:39,2026-03-07 10:22:06.973258,,,,,Adina Mincher,https://lda.senate.gov/api/v1/filings/b98e15e3-74ec-4cae-8e2a-a6bde42bdba8/,52,3035
3142,aa25e484-324b-413d-89be-80d4239182f3,RR,Registration,2025,first_quarter,1st Quarter (Jan 1 - Mar 31),,2025-03-25 16:13:59,2026-03-07 10:22:06.977843,,,,,Allison Hughes,https://lda.senate.gov/api/v1/filings/aa25e484-324b-413d-89be-80d4239182f3/,983,3036
3143,2e5a389c-b427-407f-9756-a3ff6233da1b,RR,Registration,2025,first_quarter,1st Quarter (Jan 1 - Mar 31),,2025-03-25 16:33:30,2026-03-07 10:22:06.982652,,,,,Allison Hughes,https://lda.senate.gov/api/v1/filings/2e5a389c-b427-407f-9756-a3ff6233da1b/,983,3037
3144,cf547cfd-ddcc-4ab0-b2f0-f27734e0323e,RR,Registration,2025,first_quarter,1st Quarter (Jan 1 - Mar 31),,2025-03-25 16:35:41,2026-03-07 10:22:06.987821,,,,,Sonya Besteiro,https://lda.senate.gov/api/v1/filings/cf547cfd-ddcc-4ab0-b2f0-f27734e0323e/,32,3038
3145,630386c9-1b30-4ced-9474-ab7069fce607,RR,Registration,2025,first_quarter,1st Quarter (Jan 1 - Mar 31),,2025-03-25 16:42:58,2026-03-07 10:22:06.992542,,,,,Allison Hughes,https://lda.senate.gov/api/v1/filings/630386c9-1b30-4ced-9474-ab7069fce607/,983,3039
3146,65594da2-670c-433f-9a72-3fe6ab720d2c,RR,Registration,2025,second_quarter,2nd Quarter (Apr 1 - June 30),,2025-03-25 16:53:14,2026-03-07 10:22:06.997993,,,,,Allison Hughes,https://lda.senate.gov/api/v1/filings/65594da2-670c-433f-9a72-3fe6ab720d2c/,983,3040
3147,e5cbeb7c-d314-4a8e-a8b2-48bec8c3aa2d,RR,Registration,2025,first_quarter,1st Quarter (Jan 1 - Mar 31),,2025-03-25 17:06:14,2026-03-07 10:22:07.002939,,,,,Allison Hughes,https://lda.senate.gov/api/v1/filings/e5cbeb7c-d314-4a8e-a8b2-48bec8c3aa2d/,983,3041
3148,3110f8e7-2721-4fc2-8ed3-aad97161e860,RR,Registration,2025,first_quarter,1st Quarter (Jan 1 - Mar 31),,2025-03-25 18:24:36,2026-03-07 10:22:07.008220,,,,,Thomas Tauzin,https://lda.senate.gov/api/v1/filings/3110f8e7-2721-4fc2-8ed3-aad97161e860/,984,3042
3149,aaeca507-39e1-4e3f-b1c3-ab02eff4b4de,RR,Registration,2025,first_quarter,1st Quarter (Jan 1 - Mar 31),,2025-03-25 18:50:10,2026-03-07 10:22:07.013466,,,,,Jodi Bock Davidson,https://lda.senate.gov/api/v1/filings/aaeca507-39e1-4e3f-b1c3-ab02eff4b4de/,54,3043
3150,05a59310-bc47-4ead-986c-e79c3b6a4466,RR,Registration,2025,first_quarter,1st Quarter (Jan 1 - Mar 31),,2025-03-25 18:53:58,2026-03-07 10:22:07.018245,,,,,"H. Stewart Van Scoyoc, Chairman, Founder & CEO",https://lda.senate.gov/api/v1/filings/05a59310-bc47-4ead-986c-e79c3b6a4466/,427,3044
3151,b5333e00-528a-4225-9135-abf08c9db281,RR,Registration,2025,first_quarter,1st Quarter (Jan 1 - Mar 31),,2025-03-25 18:55:05,2026-03-07 10:22:08.395387,,,,,Jodi Bock Davidson,https://lda.senate.gov/api/v1/filings/b5333e00-528a-4225-9135-abf08c9db281/,54,3045
3152,0f3e2f1c-e45e-4c60-b21a-6f75005e1c46,RR,Registration,2025,first_quarter,1st Quarter (Jan 1 - Mar 31),,2025-03-25 18:56:33,2026-03-07 10:22:08.401057,,,,,dave moss,https://lda.senate.gov/api/v1/filings/0f3e2f1c-e45e-4c60-b21a-6f75005e1c46/,311,3046
3153,eeeb3c3e-30f1-49ac-a21d-2ae8bd7489f6,RR,Registration,2025,first_quarter,1st Quarter (Jan 1 - Mar 31),,2025-03-25 19:03:49,2026-03-07 10:22:08.405785,,,,,Jodi Bock Davidson,https://lda.senate.gov/api/v1/filings/eeeb3c3e-30f1-49ac-a21d-2ae8bd7489f6/,54,3047
3154,f0cbd699-be04-4c6d-a4f1-ea40d1534e45,RR,Registration,2025,first_quarter,1st Quarter (Jan 1 - Mar 31),,2025-03-25 19:09:06,2026-03-07 10:22:08.410467,,,,,Jodi Bock Davidson,https://lda.senate.gov/api/v1/filings/f0cbd699-be04-4c6d-a4f1-ea40d1534e45/,54,3048
3155,4d5b1cb0-0971-43b8-958b-d260e2be8af1,1A,1st Quarter - Amendment,2025,first_quarter,1st Quarter (Jan 1 - Mar 31),,2025-03-25 21:20:07,2026-03-07 10:22:08.415422,20000000.0,,,,REV DR CHRISTINA L CLEMENT,https://lda.senate.gov/api/v1/filings/4d5b1cb0-0971-43b8-958b-d260e2be8af1/,919,2662
3156,45ccf827-953f-4387-acf2-201c8d44d370,RR,Registration,2025,first_quarter,1st Quarter (Jan 1 - Mar 31),,2025-03-26 07:08:18,2026-03-07 10:22:08.419846,,,,,Jennifer Holmes,https://lda.senate.gov/api/v1/filings/45ccf827-953f-4387-acf2-201c8d44d370/,264,3049
3157,b2eca8ca-a168-4d8b-aa65-e0753e70bd80,RR,Registration,2025,first_quarter,1st Quarter (Jan 1 - Mar 31),,2025-03-26 07:13:41,2026-03-07 10:22:08.424599,,,,,Jennifer Holmes,https://lda.senate.gov/api/v1/filings/b2eca8ca-a168-4d8b-aa65-e0753e70bd80/,264,3050
3158,39c5e2aa-49db-4b97-b378-ce51417a7910,RR,Registration,2025,first_quarter,1st Quarter (Jan 1 - Mar 31),,2025-03-26 08:42:18,2026-03-07 10:22:08.429326,,,,,Sara Nuvy,https://lda.senate.gov/api/v1/filings/39c5e2aa-49db-4b97-b378-ce51417a7910/,48,3051
3159,d7350b2f-cabc-419e-81a0-07d403a4492a,RR,Registration,2025,first_quarter,1st Quarter (Jan 1 - Mar 31),,2025-03-26 09:09:36,2026-03-07 10:22:08.434238,,,,,Pete Kirkham,https://lda.senate.gov/api/v1/filings/d7350b2f-cabc-419e-81a0-07d403a4492a/,14,3052
3189,18e2ff75-4e4b-4476-af6c-9568015cca9e,RR,Registration,2025,first_quarter,1st Quarter (Jan 1 - Mar 31),,2025-03-26 20:01:25,2026-03-07 10:22:09.982257,,,,,Kirk Blalock,https://lda.senate.gov/api/v1/filings/18e2ff75-4e4b-4476-af6c-9568015cca9e/,985,3077
3190,d024a254-5572-4bd2-b4e9-bad77e589b56,RR,Registration,2025,first_quarter,1st Quarter (Jan 1 - Mar 31),,2025-03-26 20:16:04,2026-03-07 10:22:09.988121,,,,,"John ""Jack"" Czerwinski",https://lda.senate.gov/api/v1/filings/d024a254-5572-4bd2-b4e9-bad77e589b56/,960,3078
3191,8d33382b-2c44-4835-977b-04fdf7c63b6d,RR,Registration,2025,first_quarter,1st Quarter (Jan 1 - Mar 31),,2025-03-26 23:44:08,2026-03-07 10:22:09.994289,,,,,Mike Nielsen,https://lda.senate.gov/api/v1/filings/8d33382b-2c44-4835-977b-04fdf7c63b6d/,699,3079
3192,c45ef844-b3ab-4d55-a934-130ec07cee97,RR,Registration,2025,first_quarter,1st Quarter (Jan 1 - Mar 31),,2025-03-27 00:02:28,2026-03-07 10:22:10.001003,,,,,Mike Nielsen,https://lda.senate.gov/api/v1/filings/c45ef844-b3ab-4d55-a934-130ec07cee97/,699,3080
3160,ee426f61-b1cd-40e6-8c12-4800941a8017,RR,Registration,2025,first_quarter,1st Quarter (Jan 1 - Mar 31),,2025-03-26 09:55:13,2026-03-07 10:22:08.438410,,,,,Stacey Scholl,https://lda.senate.gov/api/v1/filings/ee426f61-b1cd-40e6-8c12-4800941a8017/,254,3053
3161,843d814f-f70c-4028-a165-87cbb5a0bf8b,RA,Registration - Amendment,2025,first_quarter,1st Quarter (Jan 1 - Mar 31),,2025-03-26 10:10:39,2026-03-07 10:22:08.443426,,,,,Brian Diffell,https://lda.senate.gov/api/v1/filings/843d814f-f70c-4028-a165-87cbb5a0bf8b/,359,2905
3162,c12e4223-11ab-4a90-a0bc-2f2041d3b898,RA,Registration - Amendment,2025,first_quarter,1st Quarter (Jan 1 - Mar 31),,2025-03-26 10:17:00,2026-03-07 10:22:08.447829,,,,,Adina Mincher,https://lda.senate.gov/api/v1/filings/c12e4223-11ab-4a90-a0bc-2f2041d3b898/,52,2591
3163,bad19dee-02c9-45cd-8632-1ebe48ff607d,RA,Registration - Amendment,2025,first_quarter,1st Quarter (Jan 1 - Mar 31),,2025-03-26 10:18:19,2026-03-07 10:22:08.453340,,,,,Adina Mincher,https://lda.senate.gov/api/v1/filings/bad19dee-02c9-45cd-8632-1ebe48ff607d/,52,2982
3164,5dbf6a0d-6c4a-46e4-9d4d-1217c744c642,Q1,1st Quarter - Report,2025,first_quarter,1st Quarter (Jan 1 - Mar 31),,2025-03-26 10:29:54,2026-03-07 10:22:08.458595,18000.0,,,,Paul Miller,https://lda.senate.gov/api/v1/filings/5dbf6a0d-6c4a-46e4-9d4d-1217c744c642/,576,3054
3165,8d3c809e-b340-470f-a40d-3d72721bd469,Q1,1st Quarter - Report,2025,first_quarter,1st Quarter (Jan 1 - Mar 31),,2025-03-26 10:32:12,2026-03-07 10:22:08.464047,,,,,Paul Miller,https://lda.senate.gov/api/v1/filings/8d3c809e-b340-470f-a40d-3d72721bd469/,576,3055
3166,49368d2a-972f-4e23-8ca4-3fa5e44ede08,RR,Registration,2025,first_quarter,1st Quarter (Jan 1 - Mar 31),,2025-03-26 10:41:07,2026-03-07 10:22:08.469209,,,,,Kirk Blalock,https://lda.senate.gov/api/v1/filings/49368d2a-972f-4e23-8ca4-3fa5e44ede08/,985,3056
3167,8f41c043-5e4e-4b63-b281-f6745826cd7c,1TY,1st Quarter - Termination (No Activity),2025,first_quarter,1st Quarter (Jan 1 - Mar 31),,2025-03-26 11:20:06,2026-03-07 10:22:08.474925,,,,,"Scott Gelbman, Government Affairs Advisor",https://lda.senate.gov/api/v1/filings/8f41c043-5e4e-4b63-b281-f6745826cd7c/,316,3057
3168,84cba5cf-c55c-4b28-af25-839b42ed7d80,RR,Registration,2025,first_quarter,1st Quarter (Jan 1 - Mar 31),,2025-03-26 12:40:12,2026-03-07 10:22:08.479004,,,,,Leah Conley,https://lda.senate.gov/api/v1/filings/84cba5cf-c55c-4b28-af25-839b42ed7d80/,349,3058
3169,3f255412-463f-4c4b-a30f-e326d9f09b01,RA,Registration - Amendment,2025,first_quarter,1st Quarter (Jan 1 - Mar 31),,2025-03-26 12:42:31,2026-03-07 10:22:08.484688,,,,,Isabella Quinn,https://lda.senate.gov/api/v1/filings/3f255412-463f-4c4b-a30f-e326d9f09b01/,365,1708
3170,32450824-5cf9-4d39-9638-055fb9abe470,Q1,1st Quarter - Report,2025,first_quarter,1st Quarter (Jan 1 - Mar 31),,2025-03-26 12:49:16,2026-03-07 10:22:08.489572,,8000.0,A,A,Andrea Gordon,https://lda.senate.gov/api/v1/filings/32450824-5cf9-4d39-9638-055fb9abe470/,986,3059
3171,3c960086-b6ba-46c1-8ac1-60daef2d1e97,1TY,1st Quarter - Termination (No Activity),2025,first_quarter,1st Quarter (Jan 1 - Mar 31),,2025-03-26 13:09:12,2026-03-07 10:22:08.495796,,,A,A,William Ting,https://lda.senate.gov/api/v1/filings/3c960086-b6ba-46c1-8ac1-60daef2d1e97/,987,3060
3172,b7dac147-e800-40e6-86ca-f2c98705fc08,1@Y,1st Quarter - Termination Amendment (No Activity),2025,first_quarter,1st Quarter (Jan 1 - Mar 31),,2025-03-26 13:15:39,2026-03-07 10:22:08.500325,,,A,A,William Ting,https://lda.senate.gov/api/v1/filings/b7dac147-e800-40e6-86ca-f2c98705fc08/,987,3060
3173,f73cea5a-1a47-4a69-be75-73de58de16a9,RR,Registration,2025,first_quarter,1st Quarter (Jan 1 - Mar 31),,2025-03-26 13:20:53,2026-03-07 10:22:08.503916,,,,,Sam LaHood,https://lda.senate.gov/api/v1/filings/f73cea5a-1a47-4a69-be75-73de58de16a9/,988,3061
3174,866d2c8a-bead-4707-ae1c-381b2864151e,RR,Registration,2025,first_quarter,1st Quarter (Jan 1 - Mar 31),,2025-03-26 13:25:48,2026-03-07 10:22:08.508797,,,,,"Nicole Kelly, Attorney & Agent for Filer",https://lda.senate.gov/api/v1/filings/866d2c8a-bead-4707-ae1c-381b2864151e/,837,3062
3175,07c72414-1b19-4b9a-8061-9a23d457fb1c,RR,Registration,2025,first_quarter,1st Quarter (Jan 1 - Mar 31),,2025-03-26 14:28:56,2026-03-07 10:22:08.513841,,,,,Kenneth Lee,https://lda.senate.gov/api/v1/filings/07c72414-1b19-4b9a-8061-9a23d457fb1c/,989,3063
3176,2ce398c3-7a9c-44de-bfbc-2bdd1065574d,RR,Registration,2025,first_quarter,1st Quarter (Jan 1 - Mar 31),,2025-03-26 14:30:26,2026-03-07 10:22:09.899466,,,,,Sara Nuvy,https://lda.senate.gov/api/v1/filings/2ce398c3-7a9c-44de-bfbc-2bdd1065574d/,48,3064
3177,f637099d-1a09-4432-a66d-c2b34c7e6c3c,RR,Registration,2025,first_quarter,1st Quarter (Jan 1 - Mar 31),,2025-03-26 14:56:21,2026-03-07 10:22:09.905815,,,,,Kenneth Lee,https://lda.senate.gov/api/v1/filings/f637099d-1a09-4432-a66d-c2b34c7e6c3c/,989,3065
3178,48e7571b-de8d-4743-a9d3-d556d022daa0,RR,Registration,2025,first_quarter,1st Quarter (Jan 1 - Mar 31),,2025-03-26 15:38:51,2026-03-07 10:22:09.912031,,,,,Deborah Burrell,https://lda.senate.gov/api/v1/filings/48e7571b-de8d-4743-a9d3-d556d022daa0/,401,3066
3179,55a85a33-5079-4c77-8da0-e16034a48485,RR,Registration,2025,first_quarter,1st Quarter (Jan 1 - Mar 31),,2025-03-26 15:42:14,2026-03-07 10:22:09.918118,,,,,"Danica L. Petroshius, Principal",https://lda.senate.gov/api/v1/filings/55a85a33-5079-4c77-8da0-e16034a48485/,416,3067
3180,3f067af6-6be1-4bcd-9d1e-47f781e5be27,RR,Registration,2025,first_quarter,1st Quarter (Jan 1 - Mar 31),,2025-03-26 16:16:24,2026-03-07 10:22:09.924797,,,,,"Paul J. Reagan, Sr. Vice President & Director",https://lda.senate.gov/api/v1/filings/3f067af6-6be1-4bcd-9d1e-47f781e5be27/,520,3068
3181,9459d8ed-bf3b-49ef-997b-c4448a9e2dd6,RR,Registration,2025,first_quarter,1st Quarter (Jan 1 - Mar 31),,2025-03-26 16:57:32,2026-03-07 10:22:09.931010,,,,,Chris Andresen,https://lda.senate.gov/api/v1/filings/9459d8ed-bf3b-49ef-997b-c4448a9e2dd6/,713,3069
3182,fc416b0b-fd21-452a-af64-f8dc63542f24,RR,Registration,2025,first_quarter,1st Quarter (Jan 1 - Mar 31),,2025-03-26 17:01:59,2026-03-07 10:22:09.937243,,,,,Chris Andresen,https://lda.senate.gov/api/v1/filings/fc416b0b-fd21-452a-af64-f8dc63542f24/,713,3070
3276,f770671b-883f-46e3-afbb-6f8a4cf12039,RR,Registration,2025,first_quarter,1st Quarter (Jan 1 - Mar 31),,2025-03-30 16:58:04,2026-03-07 10:22:16.348922,,,,,Maureen Griffin,https://lda.senate.gov/api/v1/filings/f770671b-883f-46e3-afbb-6f8a4cf12039/,1008,3160
3277,afe8cf9f-c0ce-40c7-aafd-1f12448de7fc,Q1,1st Quarter - Report,2025,first_quarter,1st Quarter (Jan 1 - Mar 31),,2025-03-30 17:13:38,2026-03-07 10:22:16.354383,,,,,Abner Cooper,https://lda.senate.gov/api/v1/filings/afe8cf9f-c0ce-40c7-aafd-1f12448de7fc/,1009,3161
3278,74900b12-cb91-460b-a037-aeabbf4cb1bc,RR,Registration,2025,second_quarter,2nd Quarter (Apr 1 - June 30),,2025-03-31 06:12:57,2026-03-07 10:22:16.359703,,,,,Bianca Thrasher-Starobin,https://lda.senate.gov/api/v1/filings/74900b12-cb91-460b-a037-aeabbf4cb1bc/,1010,3162
3193,acbf94b2-021e-4349-9224-ce1f6f4aa903,RR,Registration,2025,first_quarter,1st Quarter (Jan 1 - Mar 31),,2025-03-27 07:00:23,2026-03-07 10:22:10.007455,,,,,Sara Nuvy,https://lda.senate.gov/api/v1/filings/acbf94b2-021e-4349-9224-ce1f6f4aa903/,48,3081
3194,be98d5bd-2ede-465b-bc69-73865b12b1b0,RR,Registration,2025,first_quarter,1st Quarter (Jan 1 - Mar 31),,2025-03-27 09:15:30,2026-03-07 10:22:10.013094,,,,,Christine Schaut,https://lda.senate.gov/api/v1/filings/be98d5bd-2ede-465b-bc69-73865b12b1b0/,268,3082
3195,223957eb-5e41-4bc9-86be-d89445ed4d59,Q1,1st Quarter - Report,2025,first_quarter,1st Quarter (Jan 1 - Mar 31),,2025-03-27 09:29:29,2026-03-07 10:22:10.018875,20000.0,,,,Andrew Fedynsky,https://lda.senate.gov/api/v1/filings/223957eb-5e41-4bc9-86be-d89445ed4d59/,991,3083
3196,13546839-3766-4859-9749-7bdac6acc017,RR,Registration,2025,first_quarter,1st Quarter (Jan 1 - Mar 31),,2025-03-27 09:30:51,2026-03-07 10:22:10.036478,,,,,"Richard M. Gold, Partner",https://lda.senate.gov/api/v1/filings/13546839-3766-4859-9749-7bdac6acc017/,360,3084
3197,3903ba3f-1444-4fca-85b6-37ba4498a8f6,RR,Registration,2025,first_quarter,1st Quarter (Jan 1 - Mar 31),,2025-03-27 09:38:52,2026-03-07 10:22:10.043653,,,,,"Richard M. Gold, Partner",https://lda.senate.gov/api/v1/filings/3903ba3f-1444-4fca-85b6-37ba4498a8f6/,360,3085
3198,5e1228f0-ecf7-4c73-b191-802e69f5ea79,Q1,1st Quarter - Report,2025,first_quarter,1st Quarter (Jan 1 - Mar 31),,2025-03-27 09:44:08,2026-03-07 10:22:10.049831,,25000.0,A,A,Michelle Rutter,https://lda.senate.gov/api/v1/filings/5e1228f0-ecf7-4c73-b191-802e69f5ea79/,343,660
3199,c396ead4-7c11-4ceb-8d13-33416c5d1bd5,RR,Registration,2025,first_quarter,1st Quarter (Jan 1 - Mar 31),,2025-03-27 09:45:35,2026-03-07 10:22:10.056283,,,,,"Richard M. Gold, Partner",https://lda.senate.gov/api/v1/filings/c396ead4-7c11-4ceb-8d13-33416c5d1bd5/,360,3086
3200,f02fff33-ca88-43d8-b09e-1366a41fcbac,Q1,1st Quarter - Report,2025,first_quarter,1st Quarter (Jan 1 - Mar 31),,2025-03-27 10:26:20,2026-03-07 10:22:10.061729,10000.0,,,,Samantha Stone,https://lda.senate.gov/api/v1/filings/f02fff33-ca88-43d8-b09e-1366a41fcbac/,992,3087
3201,52499ee4-b562-41c7-8236-a9660260ce0e,RR,Registration,2025,first_quarter,1st Quarter (Jan 1 - Mar 31),,2025-03-27 10:37:38,2026-03-07 10:22:11.548990,,,,,Paula M Short,https://lda.senate.gov/api/v1/filings/52499ee4-b562-41c7-8236-a9660260ce0e/,685,3088
3202,d22797db-b966-449f-84c6-7586d66c9008,RR,Registration,2025,first_quarter,1st Quarter (Jan 1 - Mar 31),,2025-03-27 11:00:38,2026-03-07 10:22:11.553842,,,,,"Richard M. Gold, Partner",https://lda.senate.gov/api/v1/filings/d22797db-b966-449f-84c6-7586d66c9008/,360,3089
3203,cf73d415-d582-48bb-ac81-a7e821a53ef1,RR,Registration,2025,first_quarter,1st Quarter (Jan 1 - Mar 31),,2025-03-27 11:15:26,2026-03-07 10:22:11.558375,,,,,"Richard M. Gold, Partner",https://lda.senate.gov/api/v1/filings/cf73d415-d582-48bb-ac81-a7e821a53ef1/,360,3090
3204,034822c7-7117-4dce-b9e4-b038b8f20d63,RR,Registration,2025,first_quarter,1st Quarter (Jan 1 - Mar 31),,2025-03-27 12:21:34,2026-03-07 10:22:11.562962,,,,,Manuel Ortiz,https://lda.senate.gov/api/v1/filings/034822c7-7117-4dce-b9e4-b038b8f20d63/,639,3091
3205,786da48a-1fe2-4876-874b-c1128d44962c,RA,Registration - Amendment,2025,first_quarter,1st Quarter (Jan 1 - Mar 31),,2025-03-27 12:22:20,2026-03-07 10:22:11.567956,,,,,Laura Joshua,https://lda.senate.gov/api/v1/filings/786da48a-1fe2-4876-874b-c1128d44962c/,432,2008
3206,b6209ad4-ce49-41cd-bc48-ef79f8258921,1TY,1st Quarter - Termination (No Activity),2025,first_quarter,1st Quarter (Jan 1 - Mar 31),,2025-03-27 12:48:40,2026-03-07 10:22:11.572238,,,,,Lindsey Queen,https://lda.senate.gov/api/v1/filings/b6209ad4-ce49-41cd-bc48-ef79f8258921/,993,3092
3207,b971204f-658d-4045-9456-600c81251f38,Q1Y,1st Quarter - Report (No Activity),2025,first_quarter,1st Quarter (Jan 1 - Mar 31),,2025-03-27 13:16:39,2026-03-07 10:22:11.576424,,,A,A,Frank Copsidas,https://lda.senate.gov/api/v1/filings/b971204f-658d-4045-9456-600c81251f38/,994,3093
3208,9339ce79-e8a1-4a54-91c0-cf3a92f51135,RR,Registration,2025,first_quarter,1st Quarter (Jan 1 - Mar 31),,2025-03-27 13:18:59,2026-03-07 10:22:11.580599,,,,,Adina Mincher,https://lda.senate.gov/api/v1/filings/9339ce79-e8a1-4a54-91c0-cf3a92f51135/,52,3094
3209,c40fc647-508a-401c-9801-98f5e789c561,RR,Registration,2025,first_quarter,1st Quarter (Jan 1 - Mar 31),,2025-03-27 13:26:06,2026-03-07 10:22:11.585123,,,,,Kenneth Lee,https://lda.senate.gov/api/v1/filings/c40fc647-508a-401c-9801-98f5e789c561/,989,3095
3210,2f114d63-9fed-48c7-aab4-4b5356805943,RR,Registration,2025,first_quarter,1st Quarter (Jan 1 - Mar 31),,2025-03-27 13:37:43,2026-03-07 10:22:11.590244,,,,,Alisa Jane Hess,https://lda.senate.gov/api/v1/filings/2f114d63-9fed-48c7-aab4-4b5356805943/,3,3096
3211,de80e2cf-9ccc-468e-b01d-45e22ff18f2c,RA,Registration - Amendment,2025,first_quarter,1st Quarter (Jan 1 - Mar 31),,2025-03-27 14:02:36,2026-03-07 10:22:11.595283,,,,,"Paul J. Reagan, Sr. Vice President & Director",https://lda.senate.gov/api/v1/filings/de80e2cf-9ccc-468e-b01d-45e22ff18f2c/,520,3097
3212,3b1e65ba-a3f9-4803-85c1-1e49169ecc08,RA,Registration - Amendment,2025,first_quarter,1st Quarter (Jan 1 - Mar 31),,2025-03-27 14:15:49,2026-03-07 10:22:11.600457,,,,,Gail Greenman,https://lda.senate.gov/api/v1/filings/3b1e65ba-a3f9-4803-85c1-1e49169ecc08/,995,3098
3213,3c503a78-6462-4084-9b45-065168e42039,RR,Registration,2025,first_quarter,1st Quarter (Jan 1 - Mar 31),,2025-03-27 14:37:17,2026-03-07 10:22:11.605921,,,,,Zach Price,https://lda.senate.gov/api/v1/filings/3c503a78-6462-4084-9b45-065168e42039/,712,3099
3214,26adda78-575f-4add-948a-af185d16dd30,RR,Registration,2025,first_quarter,1st Quarter (Jan 1 - Mar 31),,2025-03-27 14:44:52,2026-03-07 10:22:11.610697,,,,,Zach Price,https://lda.senate.gov/api/v1/filings/26adda78-575f-4add-948a-af185d16dd30/,712,3100
3215,c6d5b022-a773-49b7-8abb-64c26e13ed09,Q1,1st Quarter - Report,2025,first_quarter,1st Quarter (Jan 1 - Mar 31),,2025-03-27 15:28:20,2026-03-07 10:22:11.615646,20000.0,,,,"Charles R. Nuckolls, Senior Counsel",https://lda.senate.gov/api/v1/filings/c6d5b022-a773-49b7-8abb-64c26e13ed09/,414,3101
3216,faee6083-1436-414a-9f23-69b735d44bde,RR,Registration,2025,first_quarter,1st Quarter (Jan 1 - Mar 31),,2025-03-27 15:40:06,2026-03-07 10:22:11.620983,,,,,Cristel Zoebisch,https://lda.senate.gov/api/v1/filings/faee6083-1436-414a-9f23-69b735d44bde/,996,3102
3217,19ecb8e5-e617-407d-a327-987418e9d8c6,RR,Registration,2025,first_quarter,1st Quarter (Jan 1 - Mar 31),,2025-03-27 15:48:16,2026-03-07 10:22:11.625733,,,,,Lawren Mills,https://lda.senate.gov/api/v1/filings/19ecb8e5-e617-407d-a327-987418e9d8c6/,279,3103
3218,012974d1-12a7-4802-b78c-f2921aaabda4,RR,Registration,2025,first_quarter,1st Quarter (Jan 1 - Mar 31),,2025-03-27 15:50:59,2026-03-07 10:22:11.630277,,,,,John Greene,https://lda.senate.gov/api/v1/filings/012974d1-12a7-4802-b78c-f2921aaabda4/,997,3104
3219,533c4b83-19af-4eb8-81b4-db3dd9d4d783,RR,Registration,2025,first_quarter,1st Quarter (Jan 1 - Mar 31),,2025-03-27 16:03:50,2026-03-07 10:22:11.635302,,,,,Albert R. Wynn,https://lda.senate.gov/api/v1/filings/533c4b83-19af-4eb8-81b4-db3dd9d4d783/,998,3105
3220,86465423-5d5e-4c0c-b358-38852bbe0856,RR,Registration,2025,first_quarter,1st Quarter (Jan 1 - Mar 31),,2025-03-27 16:04:13,2026-03-07 10:22:11.639894,,,,,Thomas L. Mills,https://lda.senate.gov/api/v1/filings/86465423-5d5e-4c0c-b358-38852bbe0856/,999,3106
3221,69c0f8fb-4702-4cae-b682-34f84f0336db,RR,Registration,2025,first_quarter,1st Quarter (Jan 1 - Mar 31),,2025-03-27 16:10:38,2026-03-07 10:22:11.645442,,,,,Albert R. Wynn,https://lda.senate.gov/api/v1/filings/69c0f8fb-4702-4cae-b682-34f84f0336db/,998,3107
3222,5ea129e2-6cc3-40f8-b988-bf93aa1cfe5d,RR,Registration,2025,first_quarter,1st Quarter (Jan 1 - Mar 31),,2025-03-27 16:17:50,2026-03-07 10:22:11.650266,,,,,Brad Stewart,https://lda.senate.gov/api/v1/filings/5ea129e2-6cc3-40f8-b988-bf93aa1cfe5d/,1000,3108
3223,2b03e803-9ce4-441e-991c-f3ff04446669,RR,Registration,2025,first_quarter,1st Quarter (Jan 1 - Mar 31),,2025-03-27 16:45:35,2026-03-07 10:22:11.655806,,,,,Brian Pomper,https://lda.senate.gov/api/v1/filings/2b03e803-9ce4-441e-991c-f3ff04446669/,337,3109
3224,61ada12d-d934-48ac-847b-2ec443c47117,RR,Registration,2025,first_quarter,1st Quarter (Jan 1 - Mar 31),,2025-03-27 16:49:04,2026-03-07 10:22:11.660910,,,,,Jeff Miller,https://lda.senate.gov/api/v1/filings/61ada12d-d934-48ac-847b-2ec443c47117/,503,3110
3225,07f61cc0-575d-4c1a-8701-12b5a4e1ce42,RR,Registration,2025,first_quarter,1st Quarter (Jan 1 - Mar 31),,2025-03-27 17:06:43,2026-03-07 10:22:11.665940,,,,,Noe Garcia III,https://lda.senate.gov/api/v1/filings/07f61cc0-575d-4c1a-8701-12b5a4e1ce42/,30,3111
3226,00cc4fb5-d832-44ad-9f67-8cf83e3ed565,RR,Registration,2025,first_quarter,1st Quarter (Jan 1 - Mar 31),,2025-03-27 17:16:03,2026-03-07 10:22:13.019425,,,,,Robert Odawi Porter,https://lda.senate.gov/api/v1/filings/00cc4fb5-d832-44ad-9f67-8cf83e3ed565/,1001,3112
3227,ce803fcc-adc9-4e1b-bcd3-068e06ef4d51,RA,Registration - Amendment,2025,first_quarter,1st Quarter (Jan 1 - Mar 31),,2025-03-27 17:47:54,2026-03-07 10:22:13.024918,,,,,Gene Moran,https://lda.senate.gov/api/v1/filings/ce803fcc-adc9-4e1b-bcd3-068e06ef4d51/,340,3113
3228,9f2f823f-faf4-4ade-8b9c-5bcf5e706417,RR,Registration,2025,first_quarter,1st Quarter (Jan 1 - Mar 31),,2025-03-27 18:04:05,2026-03-07 10:22:13.029313,,,,,Lauren Henderson,https://lda.senate.gov/api/v1/filings/9f2f823f-faf4-4ade-8b9c-5bcf5e706417/,346,3114
3229,edf27d5f-2e0c-4ee1-a567-c6b4ece36b34,RR,Registration,2025,first_quarter,1st Quarter (Jan 1 - Mar 31),,2025-03-27 18:10:59,2026-03-07 10:22:13.033490,,,,,Lauren Henderson,https://lda.senate.gov/api/v1/filings/edf27d5f-2e0c-4ee1-a567-c6b4ece36b34/,346,3115
3230,01837dde-e5dd-4f77-8f9d-6d81869c883b,RR,Registration,2025,first_quarter,1st Quarter (Jan 1 - Mar 31),,2025-03-27 18:15:54,2026-03-07 10:22:13.038033,,,,,Laura Joshua,https://lda.senate.gov/api/v1/filings/01837dde-e5dd-4f77-8f9d-6d81869c883b/,432,3116
3231,5fef3d54-7d66-40ae-8b32-992920a1e291,RR,Registration,2025,first_quarter,1st Quarter (Jan 1 - Mar 31),,2025-03-27 18:48:25,2026-03-07 10:22:13.042804,,,,,Lauren Henderson,https://lda.senate.gov/api/v1/filings/5fef3d54-7d66-40ae-8b32-992920a1e291/,346,3117
3232,c5c2ba25-48af-4a33-ad45-52e7b17ae193,RR,Registration,2025,first_quarter,1st Quarter (Jan 1 - Mar 31),,2025-03-27 19:13:58,2026-03-07 10:22:13.047322,,,,,Emma Doyle,https://lda.senate.gov/api/v1/filings/c5c2ba25-48af-4a33-ad45-52e7b17ae193/,498,3118
3233,532913be-920c-4d67-9544-b286b2126cf9,RR,Registration,2025,first_quarter,1st Quarter (Jan 1 - Mar 31),,2025-03-28 01:20:01,2026-03-07 10:22:13.051782,,,,,Jill Warren,https://lda.senate.gov/api/v1/filings/532913be-920c-4d67-9544-b286b2126cf9/,596,3119
3234,3457e1c2-d211-473e-b835-9ec3e5314b6d,RR,Registration,2025,first_quarter,1st Quarter (Jan 1 - Mar 31),,2025-03-28 01:27:15,2026-03-07 10:22:13.056634,,,,,Jill Warren,https://lda.senate.gov/api/v1/filings/3457e1c2-d211-473e-b835-9ec3e5314b6d/,596,3120
3315,7bb75ab6-526f-4d46-8c4e-a50dcb3867d9,Q1,1st Quarter - Report,2025,first_quarter,1st Quarter (Jan 1 - Mar 31),,2025-03-31 11:41:18,2026-03-07 10:22:17.896272,62500.0,,,,Jim Mullen,https://lda.senate.gov/api/v1/filings/7bb75ab6-526f-4d46-8c4e-a50dcb3867d9/,824,3196
3316,6b79e023-9862-4461-bf4f-d98f6a7658f6,Q1,1st Quarter - Report,2025,first_quarter,1st Quarter (Jan 1 - Mar 31),,2025-03-31 11:41:47,2026-03-07 10:22:17.901140,,80000.0,A,A,Rebecca Weber,https://lda.senate.gov/api/v1/filings/6b79e023-9862-4461-bf4f-d98f6a7658f6/,1018,3197
3317,e80c1b86-4c75-41ae-a16f-c93519790468,Q1,1st Quarter - Report,2025,first_quarter,1st Quarter (Jan 1 - Mar 31),,2025-03-31 11:48:56,2026-03-07 10:22:17.906637,10000.0,,,,Jim Mullen,https://lda.senate.gov/api/v1/filings/e80c1b86-4c75-41ae-a16f-c93519790468/,824,2244
3318,9eba5cf5-d795-431c-bd42-e7434ca40b14,1T,1st Quarter - Termination,2025,first_quarter,1st Quarter (Jan 1 - Mar 31),,2025-03-31 11:55:34,2026-03-07 10:22:17.910699,90000.0,,,,Deborah M. Hohlt,https://lda.senate.gov/api/v1/filings/9eba5cf5-d795-431c-bd42-e7434ca40b14/,1019,3198
3235,92b62400-9ace-494b-aa3c-f08d886d69d6,1T,1st Quarter - Termination,2025,first_quarter,1st Quarter (Jan 1 - Mar 31),,2025-03-28 06:36:16,2026-03-07 10:22:13.061221,10000.0,,,,Todd D Willens,https://lda.senate.gov/api/v1/filings/92b62400-9ace-494b-aa3c-f08d886d69d6/,1002,3121
3236,0e4908a0-a570-4682-8d62-1cc831516592,RR,Registration,2025,first_quarter,1st Quarter (Jan 1 - Mar 31),,2025-03-28 06:41:52,2026-03-07 10:22:13.066324,,,,,"Richard M. Gold, Partner",https://lda.senate.gov/api/v1/filings/0e4908a0-a570-4682-8d62-1cc831516592/,360,3122
3237,3784c4cb-73ed-4667-be91-b9040cc31e8a,RR,Registration,2025,first_quarter,1st Quarter (Jan 1 - Mar 31),,2025-03-28 07:37:11,2026-03-07 10:22:13.070968,,,,,Cole Rojewski,https://lda.senate.gov/api/v1/filings/3784c4cb-73ed-4667-be91-b9040cc31e8a/,978,3123
3238,182c3400-4457-4123-9f1a-f0a9181fc1a4,RR,Registration,2025,first_quarter,1st Quarter (Jan 1 - Mar 31),,2025-03-28 08:46:26,2026-03-07 10:22:13.076279,,,,,Sara Nuvy,https://lda.senate.gov/api/v1/filings/182c3400-4457-4123-9f1a-f0a9181fc1a4/,48,3124
3239,75b7c7ae-6715-4fa0-91d0-d909e7436fda,RR,Registration,2025,first_quarter,1st Quarter (Jan 1 - Mar 31),,2025-03-28 08:52:06,2026-03-07 10:22:13.081386,,,,,Sara Nuvy,https://lda.senate.gov/api/v1/filings/75b7c7ae-6715-4fa0-91d0-d909e7436fda/,48,3125
3240,cca13e20-b073-4b48-b4d3-9488134a450e,RR,Registration,2025,first_quarter,1st Quarter (Jan 1 - Mar 31),,2025-03-28 09:36:00,2026-03-07 10:22:13.086459,,,,,Cole Rojewski,https://lda.senate.gov/api/v1/filings/cca13e20-b073-4b48-b4d3-9488134a450e/,978,3126
3241,118d2f5e-325d-4596-a2d6-cda2846e4b3e,RR,Registration,2025,first_quarter,1st Quarter (Jan 1 - Mar 31),,2025-03-28 09:43:25,2026-03-07 10:22:13.091867,,,,,Mike Nielsen,https://lda.senate.gov/api/v1/filings/118d2f5e-325d-4596-a2d6-cda2846e4b3e/,699,3127
3242,f6ef762e-2dfd-414d-98b3-5d903a38fd44,RR,Registration,2025,first_quarter,1st Quarter (Jan 1 - Mar 31),,2025-03-28 09:46:09,2026-03-07 10:22:13.097007,,,,,Cole Rojewski,https://lda.senate.gov/api/v1/filings/f6ef762e-2dfd-414d-98b3-5d903a38fd44/,978,3128
3243,d2993c51-1cc6-4417-bd5d-08a5a662cc97,Q1Y,1st Quarter - Report (No Activity),2025,first_quarter,1st Quarter (Jan 1 - Mar 31),,2025-03-28 10:32:43,2026-03-07 10:22:13.101580,,,,,Murray Liebman,https://lda.senate.gov/api/v1/filings/d2993c51-1cc6-4417-bd5d-08a5a662cc97/,681,3129
3244,6d2e81ce-7f20-4af9-a816-86914d967c56,Q1Y,1st Quarter - Report (No Activity),2025,first_quarter,1st Quarter (Jan 1 - Mar 31),,2025-03-28 10:37:10,2026-03-07 10:22:13.105549,,,,,Murray Liebman,https://lda.senate.gov/api/v1/filings/6d2e81ce-7f20-4af9-a816-86914d967c56/,681,3130
3245,ead4268c-a96d-430c-ae99-5700a02543d7,RR,Registration,2025,first_quarter,1st Quarter (Jan 1 - Mar 31),,2025-03-28 10:55:00,2026-03-07 10:22:13.109594,,,,,James O'Keeffe,https://lda.senate.gov/api/v1/filings/ead4268c-a96d-430c-ae99-5700a02543d7/,830,3131
3246,c2c4b837-5f23-4f9f-bca4-d4fecac2ad52,RR,Registration,2025,first_quarter,1st Quarter (Jan 1 - Mar 31),,2025-03-28 11:05:53,2026-03-07 10:22:13.114460,,,,,Jessica Tocco,https://lda.senate.gov/api/v1/filings/c2c4b837-5f23-4f9f-bca4-d4fecac2ad52/,736,3132
3247,8a20be35-59f2-42c0-b013-27976e69b744,1T,1st Quarter - Termination,2025,first_quarter,1st Quarter (Jan 1 - Mar 31),,2025-03-28 12:39:28,2026-03-07 10:22:13.119715,20000.0,,,,Kenneth J. Kies,https://lda.senate.gov/api/v1/filings/8a20be35-59f2-42c0-b013-27976e69b744/,1003,3133
3248,37495bd0-cf1a-4833-9677-5625f3c8704d,1T,1st Quarter - Termination,2025,first_quarter,1st Quarter (Jan 1 - Mar 31),,2025-03-28 12:40:49,2026-03-07 10:22:13.124740,40000.0,,,,Kenneth J. Kies,https://lda.senate.gov/api/v1/filings/37495bd0-cf1a-4833-9677-5625f3c8704d/,1003,3134
3249,70e0540f-a4b0-4d07-b889-c86120de97c2,1T,1st Quarter - Termination,2025,first_quarter,1st Quarter (Jan 1 - Mar 31),,2025-03-28 12:41:59,2026-03-07 10:22:13.129239,40000.0,,,,Kenneth J. Kies,https://lda.senate.gov/api/v1/filings/70e0540f-a4b0-4d07-b889-c86120de97c2/,1003,3135
3250,8a187e01-07bc-4382-86e8-be87a4932fc6,1T,1st Quarter - Termination,2025,first_quarter,1st Quarter (Jan 1 - Mar 31),,2025-03-28 12:43:07,2026-03-07 10:22:13.133892,30000.0,,,,Kenneth J. Kies,https://lda.senate.gov/api/v1/filings/8a187e01-07bc-4382-86e8-be87a4932fc6/,1003,3136
3251,23427fb0-c587-499b-abb4-db6526591603,1T,1st Quarter - Termination,2025,first_quarter,1st Quarter (Jan 1 - Mar 31),,2025-03-28 12:44:18,2026-03-07 10:22:14.386056,30000.0,,,,Kenneth J. Kies,https://lda.senate.gov/api/v1/filings/23427fb0-c587-499b-abb4-db6526591603/,1003,3137
3252,17289b81-e685-4c62-b442-66a3698c7073,1TY,1st Quarter - Termination (No Activity),2025,first_quarter,1st Quarter (Jan 1 - Mar 31),,2025-03-28 12:45:56,2026-03-07 10:22:14.391308,,,,,Kenneth J. Kies,https://lda.senate.gov/api/v1/filings/17289b81-e685-4c62-b442-66a3698c7073/,1003,3138
3253,98de17a4-4240-4477-9b60-93b773099863,1T,1st Quarter - Termination,2025,first_quarter,1st Quarter (Jan 1 - Mar 31),,2025-03-28 12:47:24,2026-03-07 10:22:14.395209,60000.0,,,,Kenneth J. Kies,https://lda.senate.gov/api/v1/filings/98de17a4-4240-4477-9b60-93b773099863/,1003,3139
3254,f6da44dd-0d77-4de6-b32b-8cc00acbada7,1T,1st Quarter - Termination,2025,first_quarter,1st Quarter (Jan 1 - Mar 31),,2025-03-28 12:49:37,2026-03-07 10:22:14.399802,,,,,Kenneth J. Kies,https://lda.senate.gov/api/v1/filings/f6da44dd-0d77-4de6-b32b-8cc00acbada7/,1003,3140
3255,2d20cbe2-cf1e-4e76-9b40-b63d86a378bb,1T,1st Quarter - Termination,2025,first_quarter,1st Quarter (Jan 1 - Mar 31),,2025-03-28 12:50:36,2026-03-07 10:22:14.404262,40000.0,,,,Kenneth J. Kies,https://lda.senate.gov/api/v1/filings/2d20cbe2-cf1e-4e76-9b40-b63d86a378bb/,1003,3141
3256,9ff89b8f-702e-44b0-b6cb-906659a07af1,1T,1st Quarter - Termination,2025,first_quarter,1st Quarter (Jan 1 - Mar 31),,2025-03-28 12:51:37,2026-03-07 10:22:14.408800,60000.0,,,,Kenneth J. Kies,https://lda.senate.gov/api/v1/filings/9ff89b8f-702e-44b0-b6cb-906659a07af1/,1003,3142
3257,9a7effd9-8680-4a13-bb3b-e6cf91e555f8,1T,1st Quarter - Termination,2025,first_quarter,1st Quarter (Jan 1 - Mar 31),,2025-03-28 12:52:54,2026-03-07 10:22:14.414108,50000.0,,,,Kenneth J. Kies,https://lda.senate.gov/api/v1/filings/9a7effd9-8680-4a13-bb3b-e6cf91e555f8/,1003,3143
3360,c51100eb-a9d1-4f51-bccc-77ef766bd01e,RR,Registration,2025,first_quarter,1st Quarter (Jan 1 - Mar 31),,2025-03-31 15:47:58,2026-03-07 10:22:21.013841,,,,,Allegra M. Han,https://lda.senate.gov/api/v1/filings/c51100eb-a9d1-4f51-bccc-77ef766bd01e/,383,3238
3361,76b93804-ca21-4cfc-9c3d-f5dff8432983,RR,Registration,2025,first_quarter,1st Quarter (Jan 1 - Mar 31),,2025-03-31 15:56:12,2026-03-07 10:22:21.018637,,,,,Emma Rowland,https://lda.senate.gov/api/v1/filings/76b93804-ca21-4cfc-9c3d-f5dff8432983/,545,3239
3362,a23de40c-dbbb-47c0-93da-c57e1b0c06b4,RA,Registration - Amendment,2025,first_quarter,1st Quarter (Jan 1 - Mar 31),,2025-03-31 16:00:02,2026-03-07 10:22:21.023795,,,,,Matt Gall,https://lda.senate.gov/api/v1/filings/a23de40c-dbbb-47c0-93da-c57e1b0c06b4/,437,3240
3258,8035440c-00e0-4f04-b0ab-d00c1d44e819,1T,1st Quarter - Termination,2025,first_quarter,1st Quarter (Jan 1 - Mar 31),,2025-03-28 12:53:53,2026-03-07 10:22:14.418877,30000.0,,,,Kenneth J. Kies,https://lda.senate.gov/api/v1/filings/8035440c-00e0-4f04-b0ab-d00c1d44e819/,1003,3144
3259,5abef956-07de-4292-99bd-bf4567bd8a46,RR,Registration,2025,first_quarter,1st Quarter (Jan 1 - Mar 31),,2025-03-28 13:03:22,2026-03-07 10:22:14.423445,,,,,Stuart Pratt,https://lda.senate.gov/api/v1/filings/5abef956-07de-4292-99bd-bf4567bd8a46/,1004,3145
3260,59361e7c-30e3-42d1-975e-066ceb0dc95e,RR,Registration,2025,first_quarter,1st Quarter (Jan 1 - Mar 31),,2025-03-28 14:01:34,2026-03-07 10:22:14.429273,,,,,Jonathan McCollum,https://lda.senate.gov/api/v1/filings/59361e7c-30e3-42d1-975e-066ceb0dc95e/,415,3146
3261,39852f6d-f41d-48a3-8d1e-85ed2c23ccf2,RR,Registration,2025,first_quarter,1st Quarter (Jan 1 - Mar 31),,2025-03-28 14:14:42,2026-03-07 10:22:14.433695,,,,,Chadwick Carlough,https://lda.senate.gov/api/v1/filings/39852f6d-f41d-48a3-8d1e-85ed2c23ccf2/,532,3147
3262,0571fd7a-b582-4359-baa7-bd2e29d76dc4,Q1,1st Quarter - Report,2025,first_quarter,1st Quarter (Jan 1 - Mar 31),,2025-03-28 14:30:35,2026-03-07 10:22:14.438247,,10000.0,A,A,Benjamin A Novak,https://lda.senate.gov/api/v1/filings/0571fd7a-b582-4359-baa7-bd2e29d76dc4/,904,2593
3263,bea60f6d-b372-4c85-9c00-81a87bc1b76d,RA,Registration - Amendment,2025,first_quarter,1st Quarter (Jan 1 - Mar 31),,2025-03-28 15:38:19,2026-03-07 10:22:14.442345,,,,,"Richard M. Gold, Partner",https://lda.senate.gov/api/v1/filings/bea60f6d-b372-4c85-9c00-81a87bc1b76d/,360,2890
3264,6e54f0ae-4211-43a9-92a7-fc6a8caaa5ab,RR,Registration,2025,first_quarter,1st Quarter (Jan 1 - Mar 31),,2025-03-28 15:45:13,2026-03-07 10:22:14.446633,,,,,Brian Pomper,https://lda.senate.gov/api/v1/filings/6e54f0ae-4211-43a9-92a7-fc6a8caaa5ab/,337,3148
3265,56836ef3-45f1-4f95-8b68-82d28b93c2d3,RR,Registration,2025,first_quarter,1st Quarter (Jan 1 - Mar 31),,2025-03-28 15:52:51,2026-03-07 10:22:14.451252,,,,,Scott Owens,https://lda.senate.gov/api/v1/filings/56836ef3-45f1-4f95-8b68-82d28b93c2d3/,45,3149
3266,979a508a-6555-4fd1-b7e1-1b1962b5b6ed,RR,Registration,2025,first_quarter,1st Quarter (Jan 1 - Mar 31),,2025-03-28 16:25:03,2026-03-07 10:22:14.455997,,,,,Mike McKay,https://lda.senate.gov/api/v1/filings/979a508a-6555-4fd1-b7e1-1b1962b5b6ed/,465,3150
3267,53484760-1acd-4f8a-ba8e-7b80116fd17f,1T,1st Quarter - Termination,2025,first_quarter,1st Quarter (Jan 1 - Mar 31),,2025-03-28 21:00:13,2026-03-07 10:22:14.461468,,,,,Leif Fonnesbeck,https://lda.senate.gov/api/v1/filings/53484760-1acd-4f8a-ba8e-7b80116fd17f/,1005,3151
3268,6034f06c-31b0-42b1-8784-54ea67315400,RR,Registration,2025,first_quarter,1st Quarter (Jan 1 - Mar 31),,2025-03-29 09:00:23,2026-03-07 10:22:14.466447,,,,,Michael A Clauser,https://lda.senate.gov/api/v1/filings/6034f06c-31b0-42b1-8784-54ea67315400/,24,3152
3269,06dba7cc-ca2d-444d-9cb5-127db6484c46,RR,Registration,2025,first_quarter,1st Quarter (Jan 1 - Mar 31),,2025-03-29 09:13:03,2026-03-07 10:22:14.471434,,,,,Michael A Clauser,https://lda.senate.gov/api/v1/filings/06dba7cc-ca2d-444d-9cb5-127db6484c46/,24,3153
3270,efcc62b1-1d5e-41fb-bd44-93f303416384,RR,Registration,2025,first_quarter,1st Quarter (Jan 1 - Mar 31),,2025-03-29 09:35:12,2026-03-07 10:22:14.476111,,,,,Michael A Clauser,https://lda.senate.gov/api/v1/filings/efcc62b1-1d5e-41fb-bd44-93f303416384/,24,3154
3271,11bc5cfc-0930-4192-94bd-0fe2301d2b4d,1T,1st Quarter - Termination,2025,first_quarter,1st Quarter (Jan 1 - Mar 31),,2025-03-29 11:43:49,2026-03-07 10:22:14.481325,10201.0,,,,Jessica L. Carroll,https://lda.senate.gov/api/v1/filings/11bc5cfc-0930-4192-94bd-0fe2301d2b4d/,1006,3155
3272,f00022d6-c4d6-4c01-8220-02a38f9e0f0e,RR,Registration,2025,first_quarter,1st Quarter (Jan 1 - Mar 31),,2025-03-29 16:14:28,2026-03-07 10:22:14.486948,,,,,Matt McGinley,https://lda.senate.gov/api/v1/filings/f00022d6-c4d6-4c01-8220-02a38f9e0f0e/,664,3156
3273,cdafd198-578d-47bf-a13b-c2780869251b,RR,Registration,2025,first_quarter,1st Quarter (Jan 1 - Mar 31),,2025-03-30 15:55:50,2026-03-07 10:22:14.491798,,,,,Beth Anne Cole,https://lda.senate.gov/api/v1/filings/cdafd198-578d-47bf-a13b-c2780869251b/,1007,3157
3274,db8e8cc4-51bb-49b1-9d19-00ace935908e,RR,Registration,2025,first_quarter,1st Quarter (Jan 1 - Mar 31),,2025-03-30 15:59:19,2026-03-07 10:22:14.497242,,,,,Beth Anne Cole,https://lda.senate.gov/api/v1/filings/db8e8cc4-51bb-49b1-9d19-00ace935908e/,1007,3158
3275,4e88dfdd-b512-4258-a38b-58ea768604a1,RR,Registration,2025,first_quarter,1st Quarter (Jan 1 - Mar 31),,2025-03-30 16:03:57,2026-03-07 10:22:14.502252,,,,,Beth Anne Cole,https://lda.senate.gov/api/v1/filings/4e88dfdd-b512-4258-a38b-58ea768604a1/,1007,3159
3279,4d1beb72-8271-4e74-92ad-00361455ca9a,RR,Registration,2025,first_quarter,1st Quarter (Jan 1 - Mar 31),,2025-03-31 07:20:11,2026-03-07 10:22:16.364993,,,,,Maria Laura Barrera,https://lda.senate.gov/api/v1/filings/4d1beb72-8271-4e74-92ad-00361455ca9a/,1011,3163
3280,dd4a5d45-fe0b-48cf-acab-a17cb24ed1f2,RR,Registration,2025,first_quarter,1st Quarter (Jan 1 - Mar 31),,2025-03-31 09:26:31,2026-03-07 10:22:16.370018,,,,,Sara Nuvy,https://lda.senate.gov/api/v1/filings/dd4a5d45-fe0b-48cf-acab-a17cb24ed1f2/,48,3164
3281,f0f8cd95-ffd5-4099-9bff-c9930746937b,RR,Registration,2025,first_quarter,1st Quarter (Jan 1 - Mar 31),,2025-03-31 09:34:58,2026-03-07 10:22:16.374463,,,,,Sara Nuvy,https://lda.senate.gov/api/v1/filings/f0f8cd95-ffd5-4099-9bff-c9930746937b/,48,3165
3282,9f9143c2-a026-4544-937d-c9ed0ad7eacf,Q1,1st Quarter - Report,2025,first_quarter,1st Quarter (Jan 1 - Mar 31),,2025-03-31 09:43:45,2026-03-07 10:22:16.378845,,420000.0,A,A,Paul Blanchfield,https://lda.senate.gov/api/v1/filings/9f9143c2-a026-4544-937d-c9ed0ad7eacf/,334,642
3283,35a759b7-4e1f-45ff-81b6-e4bc878a2019,Q1,1st Quarter - Report,2025,first_quarter,1st Quarter (Jan 1 - Mar 31),,2025-03-31 10:03:03,2026-03-07 10:22:16.383111,60000.0,,,,Robert C Moss,https://lda.senate.gov/api/v1/filings/35a759b7-4e1f-45ff-81b6-e4bc878a2019/,1012,3166
3284,795a58a5-247d-4ca2-88da-4fb305889945,Q1,1st Quarter - Report,2025,first_quarter,1st Quarter (Jan 1 - Mar 31),,2025-03-31 10:04:12,2026-03-07 10:22:16.387843,30000.0,,,,Robert C Moss,https://lda.senate.gov/api/v1/filings/795a58a5-247d-4ca2-88da-4fb305889945/,1012,3167
3285,aebf960d-4a25-47ae-b181-d0b2fc95c5fe,Q1,1st Quarter - Report,2025,first_quarter,1st Quarter (Jan 1 - Mar 31),,2025-03-31 10:04:46,2026-03-07 10:22:16.392270,30000.0,,,,Robert C Moss,https://lda.senate.gov/api/v1/filings/aebf960d-4a25-47ae-b181-d0b2fc95c5fe/,1012,3168
3286,9eedfc59-8f65-4d45-8d69-fd67e89d94fc,Q1,1st Quarter - Report,2025,first_quarter,1st Quarter (Jan 1 - Mar 31),,2025-03-31 10:05:31,2026-03-07 10:22:16.396648,30000.0,,,,Robert C Moss,https://lda.senate.gov/api/v1/filings/9eedfc59-8f65-4d45-8d69-fd67e89d94fc/,1012,3169
3287,6c15be78-7281-487a-b06a-aef7300424d2,Q1,1st Quarter - Report,2025,first_quarter,1st Quarter (Jan 1 - Mar 31),,2025-03-31 10:05:59,2026-03-07 10:22:16.401202,30000.0,,,,Robert C Moss,https://lda.senate.gov/api/v1/filings/6c15be78-7281-487a-b06a-aef7300424d2/,1012,3170
3288,37a0a9f5-867f-4b24-8104-7134bd3ea904,Q1,1st Quarter - Report,2025,first_quarter,1st Quarter (Jan 1 - Mar 31),,2025-03-31 10:06:34,2026-03-07 10:22:16.405409,20000.0,,,,Robert C Moss,https://lda.senate.gov/api/v1/filings/37a0a9f5-867f-4b24-8104-7134bd3ea904/,1012,3171
3289,4849a42f-2a44-431b-81f9-d00f83f62bca,Q1,1st Quarter - Report,2025,first_quarter,1st Quarter (Jan 1 - Mar 31),,2025-03-31 10:08:01,2026-03-07 10:22:16.409996,30000.0,,,,Robert C Moss,https://lda.senate.gov/api/v1/filings/4849a42f-2a44-431b-81f9-d00f83f62bca/,1012,3172
3290,ee08917a-b2e9-48d5-b366-493dddeaf4d1,Q1,1st Quarter - Report,2025,first_quarter,1st Quarter (Jan 1 - Mar 31),,2025-03-31 10:08:32,2026-03-07 10:22:16.414817,50000.0,,,,Robert C Moss,https://lda.senate.gov/api/v1/filings/ee08917a-b2e9-48d5-b366-493dddeaf4d1/,1012,3173
3291,607052f7-0a88-4e31-9815-1b1189e47e15,Q1,1st Quarter - Report,2025,first_quarter,1st Quarter (Jan 1 - Mar 31),,2025-03-31 10:09:01,2026-03-07 10:22:16.419252,10000.0,,,,Robert C Moss,https://lda.senate.gov/api/v1/filings/607052f7-0a88-4e31-9815-1b1189e47e15/,1012,3174
3292,d37fe65c-2d61-4213-a28f-4416699a1845,Q1,1st Quarter - Report,2025,first_quarter,1st Quarter (Jan 1 - Mar 31),,2025-03-31 10:09:31,2026-03-07 10:22:16.423541,7500.0,,,,Robert C Moss,https://lda.senate.gov/api/v1/filings/d37fe65c-2d61-4213-a28f-4416699a1845/,1012,3175
3293,9c37b47d-cc39-4485-a9cf-ca5e141d6071,1T,1st Quarter - Termination,2025,first_quarter,1st Quarter (Jan 1 - Mar 31),,2025-03-31 10:12:12,2026-03-07 10:22:16.428061,20000.0,,,,Robert C Moss,https://lda.senate.gov/api/v1/filings/9c37b47d-cc39-4485-a9cf-ca5e141d6071/,1012,3176
3294,8ed762d7-ff3a-4e04-9b95-1237768da2de,Q1,1st Quarter - Report,2025,first_quarter,1st Quarter (Jan 1 - Mar 31),,2025-03-31 10:12:46,2026-03-07 10:22:16.432601,20000.0,,,,Robert C Moss,https://lda.senate.gov/api/v1/filings/8ed762d7-ff3a-4e04-9b95-1237768da2de/,1012,3177
3295,26c39cb5-9d49-48af-b6a6-3e8897e93556,Q1,1st Quarter - Report,2025,first_quarter,1st Quarter (Jan 1 - Mar 31),,2025-03-31 10:14:13,2026-03-07 10:22:16.436921,10000.0,,,,Robert C Moss,https://lda.senate.gov/api/v1/filings/26c39cb5-9d49-48af-b6a6-3e8897e93556/,1012,3178
3385,73d59275-c7f0-4794-98e3-b7ad599b03a9,RR,Registration,2025,first_quarter,1st Quarter (Jan 1 - Mar 31),,2025-03-31 17:50:52,2026-03-07 10:22:22.721843,,,,,Brian Pomper,https://lda.senate.gov/api/v1/filings/73d59275-c7f0-4794-98e3-b7ad599b03a9/,337,3260
3386,bf3b4189-44d2-4d0e-9f83-8e5b44597fc7,Q1,1st Quarter - Report,2025,first_quarter,1st Quarter (Jan 1 - Mar 31),,2025-03-31 17:55:15,2026-03-07 10:22:22.727116,40000.0,,,,"Charles R. Nuckolls, Senior Counsel",https://lda.senate.gov/api/v1/filings/bf3b4189-44d2-4d0e-9f83-8e5b44597fc7/,414,3261
3387,ee2059d9-a2a0-450b-aacc-91c9f3361ee1,Q1,1st Quarter - Report,2025,first_quarter,1st Quarter (Jan 1 - Mar 31),,2025-03-31 17:59:30,2026-03-07 10:22:22.731856,60000.0,,,,"Charles R. Nuckolls, Senior Counsel",https://lda.senate.gov/api/v1/filings/ee2059d9-a2a0-450b-aacc-91c9f3361ee1/,414,3262
3388,3abe0503-764f-499e-9d2d-4911318320d1,1TY,1st Quarter - Termination (No Activity),2025,first_quarter,1st Quarter (Jan 1 - Mar 31),,2025-03-31 18:11:44,2026-03-07 10:22:22.736981,50000.0,,,,Tracy Spicer,https://lda.senate.gov/api/v1/filings/3abe0503-764f-499e-9d2d-4911318320d1/,252,3263
3389,5019f3c6-be80-4722-b8f4-22209462e2fd,RR,Registration,2025,first_quarter,1st Quarter (Jan 1 - Mar 31),,2025-03-31 18:13:43,2026-03-07 10:22:22.740750,,,,,Brian Pomper,https://lda.senate.gov/api/v1/filings/5019f3c6-be80-4722-b8f4-22209462e2fd/,337,3264
3390,729a848d-c5af-430e-8c7f-aa75e8d73e37,RR,Registration,2025,first_quarter,1st Quarter (Jan 1 - Mar 31),,2025-03-31 18:15:33,2026-03-07 10:22:22.745290,,,,,Tracy Spicer,https://lda.senate.gov/api/v1/filings/729a848d-c5af-430e-8c7f-aa75e8d73e37/,252,3265
3391,54f554b8-5f29-4db1-a658-257066825265,Q1,1st Quarter - Report,2025,first_quarter,1st Quarter (Jan 1 - Mar 31),,2025-03-31 18:16:08,2026-03-07 10:22:22.749564,50000.0,,,,"Charles R. Nuckolls, Senior Counsel",https://lda.senate.gov/api/v1/filings/54f554b8-5f29-4db1-a658-257066825265/,414,3266
3296,c6ea355e-4704-486f-b864-cf665a041ca3,Q1,1st Quarter - Report,2025,first_quarter,1st Quarter (Jan 1 - Mar 31),,2025-03-31 10:14:49,2026-03-07 10:22:16.441815,20000.0,,,,Robert C Moss,https://lda.senate.gov/api/v1/filings/c6ea355e-4704-486f-b864-cf665a041ca3/,1012,3179
3297,dac9bed3-0a92-4c09-b2fa-a52f88ce2115,1A,1st Quarter - Amendment,2025,first_quarter,1st Quarter (Jan 1 - Mar 31),,2025-03-31 10:15:43,2026-03-07 10:22:16.446907,10000.0,,,,Robert C Moss,https://lda.senate.gov/api/v1/filings/dac9bed3-0a92-4c09-b2fa-a52f88ce2115/,1012,3179
3298,fe73c239-f4e3-4862-a55d-bcf645cb36c0,1T,1st Quarter - Termination,2025,first_quarter,1st Quarter (Jan 1 - Mar 31),,2025-03-31 10:17:08,2026-03-07 10:22:16.451006,30000.0,,,,Robert C Moss,https://lda.senate.gov/api/v1/filings/fe73c239-f4e3-4862-a55d-bcf645cb36c0/,1012,3180
3299,af24d2bc-c0ea-4f51-9c78-7844150277f9,Q1,1st Quarter - Report,2025,first_quarter,1st Quarter (Jan 1 - Mar 31),,2025-03-31 10:17:39,2026-03-07 10:22:16.455528,7500.0,,,,Robert C Moss,https://lda.senate.gov/api/v1/filings/af24d2bc-c0ea-4f51-9c78-7844150277f9/,1012,3181
3300,42c79fbd-3a6f-4d73-8de7-2ee939ceca93,Q1,1st Quarter - Report,2025,first_quarter,1st Quarter (Jan 1 - Mar 31),,2025-03-31 10:44:19,2026-03-07 10:22:16.460001,6000.0,,,,Stephen Burch,https://lda.senate.gov/api/v1/filings/42c79fbd-3a6f-4d73-8de7-2ee939ceca93/,927,2701
3301,26e65811-dcab-4bb4-94df-d98e3197423d,RR,Registration,2025,first_quarter,1st Quarter (Jan 1 - Mar 31),,2025-03-31 10:47:48,2026-03-07 10:22:17.830002,,,,,Sara Nuvy,https://lda.senate.gov/api/v1/filings/26e65811-dcab-4bb4-94df-d98e3197423d/,48,3182
3302,a5868b2b-1a91-4dd7-89a0-f5f4f3f64186,Q1,1st Quarter - Report,2025,first_quarter,1st Quarter (Jan 1 - Mar 31),,2025-03-31 10:49:42,2026-03-07 10:22:17.835135,,40000.0,A,A,Corey Ershow,https://lda.senate.gov/api/v1/filings/a5868b2b-1a91-4dd7-89a0-f5f4f3f64186/,1013,3183
3303,9fbc341d-b164-4970-b3b7-d4946ffaf518,Q1,1st Quarter - Report,2025,first_quarter,1st Quarter (Jan 1 - Mar 31),,2025-03-31 11:03:11,2026-03-07 10:22:17.840490,,10000.0,A,A,Wendy Darwell,https://lda.senate.gov/api/v1/filings/9fbc341d-b164-4970-b3b7-d4946ffaf518/,1014,3184
3304,5a2bfde8-0a41-4b61-9ecb-6833fb18d982,RR,Registration,2025,first_quarter,1st Quarter (Jan 1 - Mar 31),,2025-03-31 11:12:54,2026-03-07 10:22:17.845161,,,,,Mike Brody,https://lda.senate.gov/api/v1/filings/5a2bfde8-0a41-4b61-9ecb-6833fb18d982/,29,3185
3305,4bfe9543-35d9-4a5c-ba4e-f4dada18ca3e,Q1,1st Quarter - Report,2025,first_quarter,1st Quarter (Jan 1 - Mar 31),,2025-03-31 11:17:49,2026-03-07 10:22:17.849418,,73084.0,A,A,Holden Haley,https://lda.senate.gov/api/v1/filings/4bfe9543-35d9-4a5c-ba4e-f4dada18ca3e/,1015,3186
3306,11092dc2-bf54-4d3f-a51b-3a34d4574b12,RR,Registration,2025,first_quarter,1st Quarter (Jan 1 - Mar 31),,2025-03-31 11:20:52,2026-03-07 10:22:17.854930,,,,,Laurie Bendall,https://lda.senate.gov/api/v1/filings/11092dc2-bf54-4d3f-a51b-3a34d4574b12/,1016,3187
3307,2411f9b3-0ac1-4420-bad8-12f82774661a,Q1,1st Quarter - Report,2025,first_quarter,1st Quarter (Jan 1 - Mar 31),,2025-03-31 11:34:24,2026-03-07 10:22:17.859410,45000.0,,,,Britton Clarke,https://lda.senate.gov/api/v1/filings/2411f9b3-0ac1-4420-bad8-12f82774661a/,1017,3188
3308,dce6ed47-5b9e-4ccc-b8ff-739b7863f7f9,Q1,1st Quarter - Report,2025,first_quarter,1st Quarter (Jan 1 - Mar 31),,2025-03-31 11:34:55,2026-03-07 10:22:17.864327,45000.0,,,,Britton Clarke,https://lda.senate.gov/api/v1/filings/dce6ed47-5b9e-4ccc-b8ff-739b7863f7f9/,1017,3189
3309,53443ff5-543c-4a49-8ba4-7780f925dc87,Q1,1st Quarter - Report,2025,first_quarter,1st Quarter (Jan 1 - Mar 31),,2025-03-31 11:35:29,2026-03-07 10:22:17.868693,30000.0,,,,Britton Clarke,https://lda.senate.gov/api/v1/filings/53443ff5-543c-4a49-8ba4-7780f925dc87/,1017,3190
3310,0c0c6ecf-a82b-4871-bd46-35ad3f9ddea0,Q1,1st Quarter - Report,2025,first_quarter,1st Quarter (Jan 1 - Mar 31),,2025-03-31 11:36:04,2026-03-07 10:22:17.873312,15000.0,,,,Britton Clarke,https://lda.senate.gov/api/v1/filings/0c0c6ecf-a82b-4871-bd46-35ad3f9ddea0/,1017,3191
3311,8e011fd1-bbdf-43ba-a6b0-b57268bdf9af,Q1,1st Quarter - Report,2025,first_quarter,1st Quarter (Jan 1 - Mar 31),,2025-03-31 11:37:56,2026-03-07 10:22:17.877971,60000.0,,,,Britton Clarke,https://lda.senate.gov/api/v1/filings/8e011fd1-bbdf-43ba-a6b0-b57268bdf9af/,1017,3192
3312,aa61a5d9-be64-4fee-b135-a97b4f55ab15,Q1,1st Quarter - Report,2025,first_quarter,1st Quarter (Jan 1 - Mar 31),,2025-03-31 11:38:44,2026-03-07 10:22:17.882789,7500.0,,,,Britton Clarke,https://lda.senate.gov/api/v1/filings/aa61a5d9-be64-4fee-b135-a97b4f55ab15/,1017,3193
3313,966a1574-bfce-4543-a775-c297ffd06021,Q1,1st Quarter - Report,2025,first_quarter,1st Quarter (Jan 1 - Mar 31),,2025-03-31 11:39:22,2026-03-07 10:22:17.887373,30000.0,,,,Britton Clarke,https://lda.senate.gov/api/v1/filings/966a1574-bfce-4543-a775-c297ffd06021/,1017,3194
3314,60bd2d04-ce74-45ba-92b3-27180dd6343e,Q1,1st Quarter - Report,2025,first_quarter,1st Quarter (Jan 1 - Mar 31),,2025-03-31 11:39:57,2026-03-07 10:22:17.891575,22500.0,,,,Britton Clarke,https://lda.senate.gov/api/v1/filings/60bd2d04-ce74-45ba-92b3-27180dd6343e/,1017,3195
3319,b6cb0ba7-b484-4cbe-ac38-6e90efff45f0,1TY,1st Quarter - Termination (No Activity),2025,first_quarter,1st Quarter (Jan 1 - Mar 31),,2025-03-31 11:57:20,2026-03-07 10:22:17.916282,70000.0,,,,Deborah M. Hohlt,https://lda.senate.gov/api/v1/filings/b6cb0ba7-b484-4cbe-ac38-6e90efff45f0/,1019,3199
3320,a23959a3-5a3d-4371-9d2f-07243ab5d28e,Q1Y,1st Quarter - Report (No Activity),2025,first_quarter,1st Quarter (Jan 1 - Mar 31),,2025-03-31 12:02:42,2026-03-07 10:22:17.920483,,,A,A,Alexander W. Engelke,https://lda.senate.gov/api/v1/filings/a23959a3-5a3d-4371-9d2f-07243ab5d28e/,1020,3200
3321,cc12d5b0-7447-4a28-a9a6-6b1c4881c9f0,RR,Registration,2025,first_quarter,1st Quarter (Jan 1 - Mar 31),,2025-03-31 12:12:49,2026-03-07 10:22:17.924825,,,,,Kendall Hussey,https://lda.senate.gov/api/v1/filings/cc12d5b0-7447-4a28-a9a6-6b1c4881c9f0/,294,3201
3322,be9114a0-a568-48a2-94d5-a55cfc358dd8,RR,Registration,2025,first_quarter,1st Quarter (Jan 1 - Mar 31),,2025-03-31 12:14:43,2026-03-07 10:22:17.929814,,,,,"H. Stewart Van Scoyoc, Chairman, Founder & CEO",https://lda.senate.gov/api/v1/filings/be9114a0-a568-48a2-94d5-a55cfc358dd8/,427,3202
3323,d2ecae1d-16ef-4db3-a7f4-bac30cb20610,Q1,1st Quarter - Report,2025,first_quarter,1st Quarter (Jan 1 - Mar 31),,2025-03-31 12:31:15,2026-03-07 10:22:17.935164,,30000.0,A,A,Christopher Consalvo,https://lda.senate.gov/api/v1/filings/d2ecae1d-16ef-4db3-a7f4-bac30cb20610/,1021,3203
3324,7426fd31-740c-452e-a4cc-60d7564bd44f,Q1,1st Quarter - Report,2025,first_quarter,1st Quarter (Jan 1 - Mar 31),,2025-03-31 12:40:21,2026-03-07 10:22:17.940620,,,A,A,Karl Van Deusen,https://lda.senate.gov/api/v1/filings/7426fd31-740c-452e-a4cc-60d7564bd44f/,1022,3204
3325,a4a578bb-4b5d-4159-914c-2666f107e378,Q1,1st Quarter - Report,2025,first_quarter,1st Quarter (Jan 1 - Mar 31),,2025-03-31 12:42:56,2026-03-07 10:22:17.945650,,,,,Karl J. Van Deusen,https://lda.senate.gov/api/v1/filings/a4a578bb-4b5d-4159-914c-2666f107e378/,1023,3205
3326,72ab7584-eb53-4c57-b1f4-3342e47deb63,RR,Registration,2025,first_quarter,1st Quarter (Jan 1 - Mar 31),,2025-03-31 13:09:41,2026-03-07 10:22:19.593840,,,,,Beth Anne Cole,https://lda.senate.gov/api/v1/filings/72ab7584-eb53-4c57-b1f4-3342e47deb63/,330,3206
3327,ecb08d46-181f-49e0-9917-509ea2077b37,Q1,1st Quarter - Report,2025,first_quarter,1st Quarter (Jan 1 - Mar 31),,2025-03-31 13:13:41,2026-03-07 10:22:19.599256,20000.0,,,,Susan Unger,https://lda.senate.gov/api/v1/filings/ecb08d46-181f-49e0-9917-509ea2077b37/,1024,3207
3328,adba33a7-8b22-4ccb-b1a2-5e80d20996af,RR,Registration,2025,first_quarter,1st Quarter (Jan 1 - Mar 31),,2025-03-31 13:23:41,2026-03-07 10:22:19.604403,,,,,David Bockorny,https://lda.senate.gov/api/v1/filings/adba33a7-8b22-4ccb-b1a2-5e80d20996af/,524,3208
3329,a6994849-fd61-4462-9fff-6f6de8a14d3d,RR,Registration,2025,first_quarter,1st Quarter (Jan 1 - Mar 31),,2025-03-31 13:35:45,2026-03-07 10:22:19.608767,,,,,Michele Nellenbach,https://lda.senate.gov/api/v1/filings/a6994849-fd61-4462-9fff-6f6de8a14d3d/,379,3209
3330,098abfe3-f5b9-4594-8d27-66440332ff03,Q1,1st Quarter - Report,2025,first_quarter,1st Quarter (Jan 1 - Mar 31),,2025-03-31 13:38:50,2026-03-07 10:22:19.614354,,,,,Robin Stombler,https://lda.senate.gov/api/v1/filings/098abfe3-f5b9-4594-8d27-66440332ff03/,677,3210
3331,4e29bd7c-4dd0-4a63-90f2-1401030c3bde,Q1,1st Quarter - Report,2025,first_quarter,1st Quarter (Jan 1 - Mar 31),,2025-03-31 13:39:45,2026-03-07 10:22:19.619384,30000.0,,,,Kristen O'Brien,https://lda.senate.gov/api/v1/filings/4e29bd7c-4dd0-4a63-90f2-1401030c3bde/,446,3211
3332,a3acc4e2-9bd6-4b31-a92a-0c0989feb6d4,Q1,1st Quarter - Report,2025,first_quarter,1st Quarter (Jan 1 - Mar 31),,2025-03-31 13:43:04,2026-03-07 10:22:19.624597,30000.0,,,,Kristen O'Brien,https://lda.senate.gov/api/v1/filings/a3acc4e2-9bd6-4b31-a92a-0c0989feb6d4/,446,3212
3333,bfae0cc9-1b7c-42f5-9a3f-58f6fe570e39,RA,Registration - Amendment,2025,first_quarter,1st Quarter (Jan 1 - Mar 31),,2025-03-31 13:43:46,2026-03-07 10:22:19.630041,,,,,Lacey Diggs Hofmeyer,https://lda.senate.gov/api/v1/filings/bfae0cc9-1b7c-42f5-9a3f-58f6fe570e39/,544,3076
3334,21cbf74d-1057-4d09-99d7-aaf24da37e03,RR,Registration,2025,first_quarter,1st Quarter (Jan 1 - Mar 31),,2025-03-31 13:44:12,2026-03-07 10:22:19.635615,,,,,"Paul J. Reagan, Sr. Vice President & Director",https://lda.senate.gov/api/v1/filings/21cbf74d-1057-4d09-99d7-aaf24da37e03/,520,3213
3335,df75aba1-480a-4cf2-ba07-43124ea0abcf,Q1,1st Quarter - Report,2025,first_quarter,1st Quarter (Jan 1 - Mar 31),,2025-03-31 13:44:52,2026-03-07 10:22:19.640223,20000.0,,,,Kristen O'Brien,https://lda.senate.gov/api/v1/filings/df75aba1-480a-4cf2-ba07-43124ea0abcf/,446,3214
3336,af022108-5761-43b8-86a4-f42114cb9400,Q1,1st Quarter - Report,2025,first_quarter,1st Quarter (Jan 1 - Mar 31),,2025-03-31 13:46:56,2026-03-07 10:22:19.644546,30000.0,,,,Kristen O'Brien,https://lda.senate.gov/api/v1/filings/af022108-5761-43b8-86a4-f42114cb9400/,446,3215
3337,9e14d781-e890-4d56-a6cf-a342360dae45,Q1Y,1st Quarter - Report (No Activity),2025,first_quarter,1st Quarter (Jan 1 - Mar 31),,2025-03-31 13:48:34,2026-03-07 10:22:19.649589,,,,,Kristen O'Brien,https://lda.senate.gov/api/v1/filings/9e14d781-e890-4d56-a6cf-a342360dae45/,446,3216
3392,53ae622c-97bf-4119-8568-2b60ac8b7737,1TY,1st Quarter - Termination (No Activity),2025,first_quarter,1st Quarter (Jan 1 - Mar 31),,2025-03-31 18:21:20,2026-03-07 10:22:22.753791,,,,,Menda Fife,https://lda.senate.gov/api/v1/filings/53ae622c-97bf-4119-8568-2b60ac8b7737/,620,3267
3393,aac60c2d-56c7-453b-9485-79cfc9b1201c,RR,Registration,2025,first_quarter,1st Quarter (Jan 1 - Mar 31),,2025-03-31 18:24:30,2026-03-07 10:22:22.757846,,,,,Tracy Spicer,https://lda.senate.gov/api/v1/filings/aac60c2d-56c7-453b-9485-79cfc9b1201c/,252,3268
3394,ce4b82fe-4360-447b-a597-110a0f07d292,RR,Registration,2025,first_quarter,1st Quarter (Jan 1 - Mar 31),,2025-03-31 18:27:57,2026-03-07 10:22:22.762087,,,,,Brian Pomper,https://lda.senate.gov/api/v1/filings/ce4b82fe-4360-447b-a597-110a0f07d292/,337,3269
3395,ee101279-ce7c-4345-b1b7-4e7b845aafc4,Q1,1st Quarter - Report,2025,first_quarter,1st Quarter (Jan 1 - Mar 31),,2025-03-31 18:34:41,2026-03-07 10:22:22.766547,10000.0,,,,"Charles R. Nuckolls, Senior Counsel",https://lda.senate.gov/api/v1/filings/ee101279-ce7c-4345-b1b7-4e7b845aafc4/,414,3270
3396,7f55c5ec-2b58-4024-ab5a-2a6a7be7a2f8,RR,Registration,2025,first_quarter,1st Quarter (Jan 1 - Mar 31),,2025-03-31 18:45:49,2026-03-07 10:22:22.771079,,,,,Jessica Tocco,https://lda.senate.gov/api/v1/filings/7f55c5ec-2b58-4024-ab5a-2a6a7be7a2f8/,736,3271
3338,d153ef24-1034-4436-9dd1-36779d23aaba,RA,Registration - Amendment,2025,first_quarter,1st Quarter (Jan 1 - Mar 31),,2025-03-31 13:50:29,2026-03-07 10:22:19.653420,,,,,Alia Cardwell,https://lda.senate.gov/api/v1/filings/d153ef24-1034-4436-9dd1-36779d23aaba/,348,1835
3339,da953de4-eabf-41bb-87bf-22291a2affd2,RR,Registration,2025,first_quarter,1st Quarter (Jan 1 - Mar 31),,2025-03-31 13:50:32,2026-03-07 10:22:19.657856,,,,,"Paul J. Reagan, Sr. Vice President & Director",https://lda.senate.gov/api/v1/filings/da953de4-eabf-41bb-87bf-22291a2affd2/,520,3217
3340,f0ab4f42-a891-4b09-8490-88d765d29628,Q1,1st Quarter - Report,2025,first_quarter,1st Quarter (Jan 1 - Mar 31),,2025-03-31 13:50:53,2026-03-07 10:22:19.662538,30000.0,,,,Kristen O'Brien,https://lda.senate.gov/api/v1/filings/f0ab4f42-a891-4b09-8490-88d765d29628/,446,3218
3341,47a4174d-9c4f-4967-95ba-9271a2bfd980,RR,Registration,2025,first_quarter,1st Quarter (Jan 1 - Mar 31),,2025-03-31 13:53:33,2026-03-07 10:22:19.667768,,,,,Adam Howard,https://lda.senate.gov/api/v1/filings/47a4174d-9c4f-4967-95ba-9271a2bfd980/,975,3219
3342,267d93e1-6f13-478e-864b-cb6b9ffb90ac,1T,1st Quarter - Termination,2025,first_quarter,1st Quarter (Jan 1 - Mar 31),,2025-03-31 13:58:58,2026-03-07 10:22:19.671979,,50000.0,A,A,"Thomas Dower, Vice President, Public Policy",https://lda.senate.gov/api/v1/filings/267d93e1-6f13-478e-864b-cb6b9ffb90ac/,1025,3220
3343,ab9372bb-b7b6-4c2b-a692-2e6992b3671a,Q1,1st Quarter - Report,2025,first_quarter,1st Quarter (Jan 1 - Mar 31),,2025-03-31 14:06:19,2026-03-07 10:22:19.677397,20000.0,,,,Edward Edens,https://lda.senate.gov/api/v1/filings/ab9372bb-b7b6-4c2b-a692-2e6992b3671a/,1026,3221
3344,1f3d143a-b897-41ad-b0c2-8f763c6593d4,Q1,1st Quarter - Report,2025,first_quarter,1st Quarter (Jan 1 - Mar 31),,2025-03-31 14:19:38,2026-03-07 10:22:19.682677,10000.0,,,,Kris Polly,https://lda.senate.gov/api/v1/filings/1f3d143a-b897-41ad-b0c2-8f763c6593d4/,1027,3222
3345,27f15455-ce2e-4f6f-bd61-f63c30de52d5,RR,Registration,2025,first_quarter,1st Quarter (Jan 1 - Mar 31),,2025-03-31 14:31:53,2026-03-07 10:22:19.688703,,,,,William R Dolbow,https://lda.senate.gov/api/v1/filings/27f15455-ce2e-4f6f-bd61-f63c30de52d5/,1028,3223
3346,d0507ae6-3d90-4b79-ab35-334ef9a851b2,Q1,1st Quarter - Report,2025,first_quarter,1st Quarter (Jan 1 - Mar 31),,2025-03-31 14:34:31,2026-03-07 10:22:19.693714,10000.0,,,,Kris Polly,https://lda.senate.gov/api/v1/filings/d0507ae6-3d90-4b79-ab35-334ef9a851b2/,1027,3224
3347,9b765167-1858-4d37-b99c-eb079a442faf,RR,Registration,2025,first_quarter,1st Quarter (Jan 1 - Mar 31),,2025-03-31 14:38:16,2026-03-07 10:22:19.698996,,,,,Adina Mincher,https://lda.senate.gov/api/v1/filings/9b765167-1858-4d37-b99c-eb079a442faf/,52,3225
3348,6ad69bb2-19d6-4e58-a7da-92e3f9552384,Q1,1st Quarter - Report,2025,first_quarter,1st Quarter (Jan 1 - Mar 31),,2025-03-31 14:52:24,2026-03-07 10:22:19.703597,40000.0,,,,Kris Polly,https://lda.senate.gov/api/v1/filings/6ad69bb2-19d6-4e58-a7da-92e3f9552384/,1027,3226
3349,56c3183d-815d-4bc6-b7d2-3bc1378d888b,RR,Registration,2025,first_quarter,1st Quarter (Jan 1 - Mar 31),,2025-03-31 15:12:18,2026-03-07 10:22:19.708790,,,,,John Puskar,https://lda.senate.gov/api/v1/filings/56c3183d-815d-4bc6-b7d2-3bc1378d888b/,1029,3227
3350,a16d5dc4-bf5c-4c30-9a3b-ccfbb8b67de0,Q1Y,1st Quarter - Report (No Activity),2025,first_quarter,1st Quarter (Jan 1 - Mar 31),,2025-03-31 15:13:02,2026-03-07 10:22:19.714127,10000.0,,,,"Charles R. Nuckolls, Senior Counsel",https://lda.senate.gov/api/v1/filings/a16d5dc4-bf5c-4c30-9a3b-ccfbb8b67de0/,414,3228
3351,56420b2f-eda9-4267-ad30-20ea06134045,RR,Registration,2025,first_quarter,1st Quarter (Jan 1 - Mar 31),,2025-03-31 15:14:17,2026-03-07 10:22:20.970555,,,,,William R Dolbow,https://lda.senate.gov/api/v1/filings/56420b2f-eda9-4267-ad30-20ea06134045/,1028,3229
3352,08b68f0e-eccc-4839-92aa-93532f2ea22e,Q1Y,1st Quarter - Report (No Activity),2025,first_quarter,1st Quarter (Jan 1 - Mar 31),,2025-03-31 15:14:52,2026-03-07 10:22:20.975919,10000.0,,,,Charles R. Nuckolls,https://lda.senate.gov/api/v1/filings/08b68f0e-eccc-4839-92aa-93532f2ea22e/,414,3230
3353,cb5729c3-62b9-4b14-9224-fd787e2bbf69,RR,Registration,2025,first_quarter,1st Quarter (Jan 1 - Mar 31),,2025-03-31 15:16:01,2026-03-07 10:22:20.980069,,,,,Michael Rossetti,https://lda.senate.gov/api/v1/filings/cb5729c3-62b9-4b14-9224-fd787e2bbf69/,1030,3231
3354,a87bf692-c438-4db2-84d3-fb9de3b553f0,Q1Y,1st Quarter - Report (No Activity),2025,first_quarter,1st Quarter (Jan 1 - Mar 31),,2025-03-31 15:16:28,2026-03-07 10:22:20.984818,,,,,"Charles R. Nuckolls, Senior Counsel",https://lda.senate.gov/api/v1/filings/a87bf692-c438-4db2-84d3-fb9de3b553f0/,414,3232
3355,6de06e06-9eab-488f-90e3-f27e3a1e86dc,RR,Registration,2025,first_quarter,1st Quarter (Jan 1 - Mar 31),,2025-03-31 15:16:49,2026-03-07 10:22:20.988808,,,,,John Puskar,https://lda.senate.gov/api/v1/filings/6de06e06-9eab-488f-90e3-f27e3a1e86dc/,1029,3233
3356,76b4da02-8908-47b1-a525-cb89700dabdd,Q1Y,1st Quarter - Report (No Activity),2025,first_quarter,1st Quarter (Jan 1 - Mar 31),,2025-03-31 15:19:10,2026-03-07 10:22:20.994033,,,,,Charles R. Nuckolls,https://lda.senate.gov/api/v1/filings/76b4da02-8908-47b1-a525-cb89700dabdd/,414,3234
3357,129e8fc4-f6fd-49e3-9dfd-3cb2460587d4,RA,Registration - Amendment,2025,first_quarter,1st Quarter (Jan 1 - Mar 31),,2025-03-31 15:33:21,2026-03-07 10:22:20.998058,,,,,Brett Hartl,https://lda.senate.gov/api/v1/filings/129e8fc4-f6fd-49e3-9dfd-3cb2460587d4/,1031,3235
3358,8baa1c0c-b36a-4eb8-a3ef-880abe246f0b,1TY,1st Quarter - Termination (No Activity),2025,first_quarter,1st Quarter (Jan 1 - Mar 31),,2025-03-31 15:44:08,2026-03-07 10:22:21.003925,,,,,"Charles R. Nuckolls, Senior Counsel",https://lda.senate.gov/api/v1/filings/8baa1c0c-b36a-4eb8-a3ef-880abe246f0b/,414,3236
3359,2b6e5879-7395-4279-9bc0-186abbfdb234,Q1,1st Quarter - Report,2025,first_quarter,1st Quarter (Jan 1 - Mar 31),,2025-03-31 15:47:02,2026-03-07 10:22:21.008638,30000.0,,,,"Charles R. Nuckolls, Senior Counsel",https://lda.senate.gov/api/v1/filings/2b6e5879-7395-4279-9bc0-186abbfdb234/,414,3237
3363,38cfa116-5b91-460f-8e09-66bfd734a330,RR,Registration,2025,first_quarter,1st Quarter (Jan 1 - Mar 31),,2025-03-31 16:06:18,2026-03-07 10:22:21.028337,,,,,Eric S. Brown,https://lda.senate.gov/api/v1/filings/38cfa116-5b91-460f-8e09-66bfd734a330/,232,3241
3364,52acdfff-1e18-4347-91f7-72d7a978825e,Q1,1st Quarter - Report,2025,first_quarter,1st Quarter (Jan 1 - Mar 31),,2025-03-31 16:10:42,2026-03-07 10:22:21.033453,10000.0,,,,Matthew LaRocco,https://lda.senate.gov/api/v1/filings/52acdfff-1e18-4347-91f7-72d7a978825e/,1032,3242
3365,380722d2-8b49-4209-9c1c-ddbac639e35e,Q1,1st Quarter - Report,2025,first_quarter,1st Quarter (Jan 1 - Mar 31),,2025-03-31 16:11:25,2026-03-07 10:22:21.038908,10000.0,,,,Matthew LaRocco,https://lda.senate.gov/api/v1/filings/380722d2-8b49-4209-9c1c-ddbac639e35e/,1032,3243
3366,072b6d16-825d-49e4-9ead-3deb625a5dca,RR,Registration,2025,first_quarter,1st Quarter (Jan 1 - Mar 31),,2025-03-31 16:19:25,2026-03-07 10:22:21.044923,,,,,Bonnie Shindelman,https://lda.senate.gov/api/v1/filings/072b6d16-825d-49e4-9ead-3deb625a5dca/,457,3244
3367,3335276e-3c12-4258-b4c5-50f1a52d1274,RR,Registration,2025,first_quarter,1st Quarter (Jan 1 - Mar 31),,2025-03-31 16:19:50,2026-03-07 10:22:21.049788,,,,,Ned Finkle,https://lda.senate.gov/api/v1/filings/3335276e-3c12-4258-b4c5-50f1a52d1274/,1033,3245
3368,d2c5575d-2da2-41e1-959f-b594a49b7f95,RR,Registration,2025,first_quarter,1st Quarter (Jan 1 - Mar 31),,2025-03-31 16:28:50,2026-03-07 10:22:21.055685,,,,,Eric S. Brown,https://lda.senate.gov/api/v1/filings/d2c5575d-2da2-41e1-959f-b594a49b7f95/,232,3246
3369,8879a496-3aa0-42f7-a2fb-944ca1754640,RR,Registration,2025,first_quarter,1st Quarter (Jan 1 - Mar 31),,2025-03-31 16:29:05,2026-03-07 10:22:21.060889,,,,,Bonnie Shindelman,https://lda.senate.gov/api/v1/filings/8879a496-3aa0-42f7-a2fb-944ca1754640/,457,3247
3370,fe6eec50-9b8d-4945-af86-d5bd939ff4b5,Q1,1st Quarter - Report,2025,first_quarter,1st Quarter (Jan 1 - Mar 31),,2025-03-31 16:30:10,2026-03-07 10:22:21.065597,,60000.0,A,A,"Sean Elliott, Vice President, Advocacy & Safety",https://lda.senate.gov/api/v1/filings/fe6eec50-9b8d-4945-af86-d5bd939ff4b5/,1034,3248
3371,45314d6c-6e0f-4a36-b1af-d7035ca672f3,Q1,1st Quarter - Report,2025,first_quarter,1st Quarter (Jan 1 - Mar 31),,2025-03-31 16:31:09,2026-03-07 10:22:21.071056,50000.0,,,,James Connick,https://lda.senate.gov/api/v1/filings/45314d6c-6e0f-4a36-b1af-d7035ca672f3/,605,1394
3372,2c5f6dd9-0341-47b0-b49c-fc282ea7c5f0,Q1,1st Quarter - Report,2025,first_quarter,1st Quarter (Jan 1 - Mar 31),,2025-03-31 16:33:56,2026-03-07 10:22:21.075457,30000.0,,,,James Connick,https://lda.senate.gov/api/v1/filings/2c5f6dd9-0341-47b0-b49c-fc282ea7c5f0/,605,1395
3373,dcee16e3-4d68-4c81-ba9c-c67fbf23ba14,Q1,1st Quarter - Report,2025,first_quarter,1st Quarter (Jan 1 - Mar 31),,2025-03-31 16:36:14,2026-03-07 10:22:21.079612,50000.0,,,,James Connick,https://lda.senate.gov/api/v1/filings/dcee16e3-4d68-4c81-ba9c-c67fbf23ba14/,605,1396
3374,6ef6f93c-decd-4685-8201-fa1d8b75221a,Q1Y,1st Quarter - Report (No Activity),2025,first_quarter,1st Quarter (Jan 1 - Mar 31),,2025-03-31 16:48:15,2026-03-07 10:22:21.084035,,,A,A,Natalie Photiadis,https://lda.senate.gov/api/v1/filings/6ef6f93c-decd-4685-8201-fa1d8b75221a/,1035,3249
3375,1170d5ae-c1df-4e8a-8b15-ce02f6aaa179,RA,Registration - Amendment,2025,first_quarter,1st Quarter (Jan 1 - Mar 31),,2025-03-31 16:56:00,2026-03-07 10:22:21.088241,,,,,Bonnie Shindelman,https://lda.senate.gov/api/v1/filings/1170d5ae-c1df-4e8a-8b15-ce02f6aaa179/,457,3250
3376,4e845b16-c599-44c9-9426-cead73b60f5b,RR,Registration,2025,first_quarter,1st Quarter (Jan 1 - Mar 31),,2025-03-31 16:58:23,2026-03-07 10:22:22.679784,,,,,Brian Pomper,https://lda.senate.gov/api/v1/filings/4e845b16-c599-44c9-9426-cead73b60f5b/,337,3251
3377,34ed9151-592b-4360-b07a-f70cb48af673,Q1,1st Quarter - Report,2025,first_quarter,1st Quarter (Jan 1 - Mar 31),,2025-03-31 17:21:43,2026-03-07 10:22:22.685207,,60000.0,A,A,"Charles R. Nuckolls, Washington Counsel",https://lda.senate.gov/api/v1/filings/34ed9151-592b-4360-b07a-f70cb48af673/,1036,3252
3378,ad4da65f-cc48-4068-bf19-9c9e5f28352e,Q1,1st Quarter - Report,2025,first_quarter,1st Quarter (Jan 1 - Mar 31),,2025-03-31 17:27:46,2026-03-07 10:22:22.689992,40000.0,,,,"Charles R. Nuckolls, Senior Counsel",https://lda.senate.gov/api/v1/filings/ad4da65f-cc48-4068-bf19-9c9e5f28352e/,414,3253
3379,34d4a496-382e-41e6-9b17-b4bfa2f3384f,RR,Registration,2025,first_quarter,1st Quarter (Jan 1 - Mar 31),,2025-03-31 17:30:01,2026-03-07 10:22:22.694545,,,,,Jeffrey Hunter,https://lda.senate.gov/api/v1/filings/34d4a496-382e-41e6-9b17-b4bfa2f3384f/,560,3254
3380,4d988412-4ad2-4e53-9053-f2fa1cf551c6,1TY,1st Quarter - Termination (No Activity),2025,first_quarter,1st Quarter (Jan 1 - Mar 31),,2025-03-31 17:31:18,2026-03-07 10:22:22.699265,,,,,Scott Christman,https://lda.senate.gov/api/v1/filings/4d988412-4ad2-4e53-9053-f2fa1cf551c6/,418,3255
3381,722b6e37-cc86-4989-aa62-d0946e3214a8,Q1,1st Quarter - Report,2025,first_quarter,1st Quarter (Jan 1 - Mar 31),,2025-03-31 17:32:17,2026-03-07 10:22:22.703487,50000.0,,,,"Charles R. Nuckolls, Senior Counsel",https://lda.senate.gov/api/v1/filings/722b6e37-cc86-4989-aa62-d0946e3214a8/,414,3256
3382,f951234a-022c-4deb-8d1d-bf46a110ce09,Q1Y,1st Quarter - Report (No Activity),2025,first_quarter,1st Quarter (Jan 1 - Mar 31),,2025-03-31 17:33:44,2026-03-07 10:22:22.708469,,,,,James J Albertine,https://lda.senate.gov/api/v1/filings/f951234a-022c-4deb-8d1d-bf46a110ce09/,1037,3257
3383,19e77bd6-a514-436a-95d3-c94d5c883874,RR,Registration,2025,first_quarter,1st Quarter (Jan 1 - Mar 31),,2025-03-31 17:43:38,2026-03-07 10:22:22.712782,,,,,James Albertine,https://lda.senate.gov/api/v1/filings/19e77bd6-a514-436a-95d3-c94d5c883874/,1037,3258
3384,7a76a7f4-4e69-4064-819c-2c1b7fe91bb0,Q1,1st Quarter - Report,2025,first_quarter,1st Quarter (Jan 1 - Mar 31),,2025-03-31 17:49:25,2026-03-07 10:22:22.717118,60000.0,,,,"Charles R. Nuckolls, Senior Counsel",https://lda.senate.gov/api/v1/filings/7a76a7f4-4e69-4064-819c-2c1b7fe91bb0/,414,3259
3397,98db8e21-5b35-4776-84d4-74dd3e2f170d,Q1,1st Quarter - Report,2025,first_quarter,1st Quarter (Jan 1 - Mar 31),,2025-03-31 18:47:45,2026-03-07 10:22:22.775979,20000.0,,,,"Charles R. Nuckolls, Senior Counsel",https://lda.senate.gov/api/v1/filings/98db8e21-5b35-4776-84d4-74dd3e2f170d/,414,3272
3398,48776725-0d39-43d3-993d-dca77fc6a4e8,RR,Registration,2025,first_quarter,1st Quarter (Jan 1 - Mar 31),,2025-03-31 19:01:44,2026-03-07 10:22:22.781205,,,,,Charissa Lott,https://lda.senate.gov/api/v1/filings/48776725-0d39-43d3-993d-dca77fc6a4e8/,1038,3273
3399,9d465767-6039-4652-af57-ff549bbf6d1a,RR,Registration,2025,first_quarter,1st Quarter (Jan 1 - Mar 31),,2025-03-31 19:41:38,2026-03-07 10:22:22.786139,,,,,Michael Kesti,https://lda.senate.gov/api/v1/filings/9d465767-6039-4652-af57-ff549bbf6d1a/,339,3274
3400,5201f3e4-7dc4-4164-b353-439594056e63,Q1,1st Quarter - Report,2025,first_quarter,1st Quarter (Jan 1 - Mar 31),,2025-03-31 20:22:36,2026-03-07 10:22:22.791460,9000.0,,,,Rob Gabbert,https://lda.senate.gov/api/v1/filings/5201f3e4-7dc4-4164-b353-439594056e63/,1039,3275
3401,28ef7b77-3baa-4adb-82ce-1507f587705e,Q1Y,1st Quarter - Report (No Activity),2025,first_quarter,1st Quarter (Jan 1 - Mar 31),,2025-03-31 20:43:03,2026-03-07 10:22:24.146727,,,A,A,Angela McCarter,https://lda.senate.gov/api/v1/filings/28ef7b77-3baa-4adb-82ce-1507f587705e/,1040,3276
3402,015404b0-5007-4be6-ae26-f2d52907498f,Q1,1st Quarter - Report,2025,first_quarter,1st Quarter (Jan 1 - Mar 31),,2025-03-31 20:44:44,2026-03-07 10:22:24.151521,22500.0,,,,Angela McCarter,https://lda.senate.gov/api/v1/filings/015404b0-5007-4be6-ae26-f2d52907498f/,1040,3277
3403,922abefc-69cb-4409-844a-4b53f96c5487,1AY,1st Quarter - Amendment (No Activity),2025,first_quarter,1st Quarter (Jan 1 - Mar 31),,2025-03-31 20:45:30,2026-03-07 10:22:24.155932,,,A,A,Angela McCarter,https://lda.senate.gov/api/v1/filings/922abefc-69cb-4409-844a-4b53f96c5487/,1040,3276
3404,ca5af1fa-931a-4476-9021-5e98abba7cfa,Q1,1st Quarter - Report,2025,first_quarter,1st Quarter (Jan 1 - Mar 31),,2025-03-31 20:46:46,2026-03-07 10:22:24.159598,22500.0,,,,Angela McCarter,https://lda.senate.gov/api/v1/filings/ca5af1fa-931a-4476-9021-5e98abba7cfa/,1040,3278
3405,2f262809-982e-4a93-b16c-1a5a14332344,Q1,1st Quarter - Report,2025,first_quarter,1st Quarter (Jan 1 - Mar 31),,2025-03-31 20:48:06,2026-03-07 10:22:24.164030,22500.0,,,,Angela McCarter,https://lda.senate.gov/api/v1/filings/2f262809-982e-4a93-b16c-1a5a14332344/,1040,3279
3406,c4986154-d5cc-46f0-8173-d1ac4c9c8ee5,Q1,1st Quarter - Report,2025,first_quarter,1st Quarter (Jan 1 - Mar 31),,2025-03-31 20:49:31,2026-03-07 10:22:24.168009,22500.0,,,,Angela McCarter,https://lda.senate.gov/api/v1/filings/c4986154-d5cc-46f0-8173-d1ac4c9c8ee5/,1040,3280
3407,0f096592-85b5-4de0-ba24-9e8f082edf65,Q1,1st Quarter - Report,2025,first_quarter,1st Quarter (Jan 1 - Mar 31),,2025-03-31 20:50:38,2026-03-07 10:22:24.172108,12750.0,,,,Angela McCarter,https://lda.senate.gov/api/v1/filings/0f096592-85b5-4de0-ba24-9e8f082edf65/,1040,3281
3408,7029f6f0-801a-4d78-9bac-c17eeafe27af,Q1,1st Quarter - Report,2025,first_quarter,1st Quarter (Jan 1 - Mar 31),,2025-03-31 20:51:43,2026-03-07 10:22:24.176317,22500.0,,,,Angela McCarter,https://lda.senate.gov/api/v1/filings/7029f6f0-801a-4d78-9bac-c17eeafe27af/,1040,3282
3409,49b15182-0993-4ecb-9080-97bce9be33d6,Q1,1st Quarter - Report,2025,first_quarter,1st Quarter (Jan 1 - Mar 31),,2025-03-31 20:52:46,2026-03-07 10:22:24.180593,22500.0,,,,Angela McCarter,https://lda.senate.gov/api/v1/filings/49b15182-0993-4ecb-9080-97bce9be33d6/,1040,3283
3410,851f0492-89a0-4bb9-b0e7-8553c1c48a7a,RR,Registration,2025,first_quarter,1st Quarter (Jan 1 - Mar 31),,2025-03-31 23:32:49,2026-03-07 10:22:24.184997,,,,,Brian Pomper,https://lda.senate.gov/api/v1/filings/851f0492-89a0-4bb9-b0e7-8553c1c48a7a/,337,3284
3411,7cc79a0c-7e1b-42a4-a0ac-8f733bda6adf,1TY,1st Quarter - Termination (No Activity),2025,first_quarter,1st Quarter (Jan 1 - Mar 31),,2025-04-01 00:39:53,2026-03-07 10:22:24.190191,,,,,Philip Klein,https://lda.senate.gov/api/v1/filings/7cc79a0c-7e1b-42a4-a0ac-8f733bda6adf/,587,3285
3412,d0eefc5c-ba50-4426-a056-6697b449d9b2,RR,Registration,2025,first_quarter,1st Quarter (Jan 1 - Mar 31),,2025-04-01 01:10:17,2026-03-07 10:22:24.193896,,,,,Todd White,https://lda.senate.gov/api/v1/filings/d0eefc5c-ba50-4426-a056-6697b449d9b2/,779,3286
3413,bba17a18-708c-4c1d-b7f6-bed56693d4c8,RR,Registration,2025,first_quarter,1st Quarter (Jan 1 - Mar 31),,2025-04-01 01:13:03,2026-03-07 10:22:24.198018,,,,,Robert Tyler Powell,https://lda.senate.gov/api/v1/filings/bba17a18-708c-4c1d-b7f6-bed56693d4c8/,583,3287
3414,f8edfcd9-d5b0-481b-bfde-29ae9424af1a,Q1,1st Quarter - Report,2025,first_quarter,1st Quarter (Jan 1 - Mar 31),,2025-04-01 07:52:01,2026-03-07 10:22:24.202151,,90000.0,A,A,Krister Holladay,https://lda.senate.gov/api/v1/filings/f8edfcd9-d5b0-481b-bfde-29ae9424af1a/,1041,3288
3459,1c39190c-848a-4ec7-a665-39d7179d5309,Q1,1st Quarter - Report,2025,first_quarter,1st Quarter (Jan 1 - Mar 31),,2025-04-01 10:26:02,2026-03-07 10:22:27.124785,40000.0,,,,"Paul J. Reagan, Sr. Vice President & Director",https://lda.senate.gov/api/v1/filings/1c39190c-848a-4ec7-a665-39d7179d5309/,520,3329
3460,691af706-ec98-47ab-a047-eeb46d846d53,RR,Registration,2025,second_quarter,2nd Quarter (Apr 1 - June 30),,2025-04-01 10:27:56,2026-03-07 10:22:27.129013,,,,,Stephen W Miller,https://lda.senate.gov/api/v1/filings/691af706-ec98-47ab-a047-eeb46d846d53/,542,3330
3461,e4b9355b-1ade-47e1-b4b3-fb39352ea10b,Q1,1st Quarter - Report,2025,first_quarter,1st Quarter (Jan 1 - Mar 31),,2025-04-01 10:28:41,2026-03-07 10:22:27.133247,20000.0,,,,"Paul J. Reagan, Sr. Vice President & Director",https://lda.senate.gov/api/v1/filings/e4b9355b-1ade-47e1-b4b3-fb39352ea10b/,520,3331
3462,1c82b52a-b0b7-4c74-9331-da857c1e713c,Q1,1st Quarter - Report,2025,first_quarter,1st Quarter (Jan 1 - Mar 31),,2025-04-01 10:30:35,2026-03-07 10:22:27.137446,30000.0,,,,"Paul J. Reagan, Sr. Vice President & Director",https://lda.senate.gov/api/v1/filings/1c82b52a-b0b7-4c74-9331-da857c1e713c/,520,3332
3463,0f23adc8-1e39-4917-addc-2b59059d1db1,Q1,1st Quarter - Report,2025,first_quarter,1st Quarter (Jan 1 - Mar 31),,2025-04-01 10:32:41,2026-03-07 10:22:27.141592,,,,,"Paul J. Reagan, Sr. Vice President & Director",https://lda.senate.gov/api/v1/filings/0f23adc8-1e39-4917-addc-2b59059d1db1/,520,3333
3464,22cccbc0-ce81-44ce-9703-cb11aaf8a035,Q1,1st Quarter - Report,2025,first_quarter,1st Quarter (Jan 1 - Mar 31),,2025-04-01 10:32:50,2026-03-07 10:22:27.145788,24000.0,,,,Gerald Weller,https://lda.senate.gov/api/v1/filings/22cccbc0-ce81-44ce-9703-cb11aaf8a035/,1046,3334
3415,0011c95d-563c-4148-9636-d60b1e4936a1,Q1,1st Quarter - Report,2025,first_quarter,1st Quarter (Jan 1 - Mar 31),,2025-04-01 08:25:47,2026-03-07 10:22:24.207468,30000.0,,,,Alexander Silbey,https://lda.senate.gov/api/v1/filings/0011c95d-563c-4148-9636-d60b1e4936a1/,19,3289
3416,c8224d51-0224-4dd7-bf3e-31f8f1ef5b50,Q1,1st Quarter - Report,2025,first_quarter,1st Quarter (Jan 1 - Mar 31),,2025-04-01 08:26:28,2026-03-07 10:22:24.212023,20000.0,,,,Alexander Silbey,https://lda.senate.gov/api/v1/filings/c8224d51-0224-4dd7-bf3e-31f8f1ef5b50/,19,3290
3417,2ab6fe09-df73-418d-ba3b-91a281559f94,Q1,1st Quarter - Report,2025,first_quarter,1st Quarter (Jan 1 - Mar 31),,2025-04-01 08:27:00,2026-03-07 10:22:24.216455,,,,,Alexander Silbey,https://lda.senate.gov/api/v1/filings/2ab6fe09-df73-418d-ba3b-91a281559f94/,19,3291
3418,4c954799-f8c5-440e-9fd4-4c6dd6e25278,Q1,1st Quarter - Report,2025,first_quarter,1st Quarter (Jan 1 - Mar 31),,2025-04-01 08:27:30,2026-03-07 10:22:24.220768,10000.0,,,,Alexander Silbey,https://lda.senate.gov/api/v1/filings/4c954799-f8c5-440e-9fd4-4c6dd6e25278/,19,3292
3419,e544703f-46c5-4bc7-855c-752b5cf03cc1,Q1,1st Quarter - Report,2025,first_quarter,1st Quarter (Jan 1 - Mar 31),,2025-04-01 08:27:58,2026-03-07 10:22:24.225891,70000.0,,,,Alexander Silbey,https://lda.senate.gov/api/v1/filings/e544703f-46c5-4bc7-855c-752b5cf03cc1/,19,3293
3420,0d3eb00c-f178-4195-a31f-0e461fec7fa1,Q1,1st Quarter - Report,2025,first_quarter,1st Quarter (Jan 1 - Mar 31),,2025-04-01 08:28:26,2026-03-07 10:22:24.230874,20000.0,,,,Alexander Silbey,https://lda.senate.gov/api/v1/filings/0d3eb00c-f178-4195-a31f-0e461fec7fa1/,19,3294
3421,3d5a2ec6-94b7-4c29-a5ee-ee60c04460f6,Q1,1st Quarter - Report,2025,first_quarter,1st Quarter (Jan 1 - Mar 31),,2025-04-01 08:28:52,2026-03-07 10:22:24.236285,15000.0,,,,Alexander Silbey,https://lda.senate.gov/api/v1/filings/3d5a2ec6-94b7-4c29-a5ee-ee60c04460f6/,19,3295
3422,3e61dff1-937a-4cbc-86a4-6fb1c04707c2,Q1,1st Quarter - Report,2025,first_quarter,1st Quarter (Jan 1 - Mar 31),,2025-04-01 08:29:27,2026-03-07 10:22:24.241022,30000.0,,,,Alexander Silbey,https://lda.senate.gov/api/v1/filings/3e61dff1-937a-4cbc-86a4-6fb1c04707c2/,19,3296
3423,0202316f-48d6-4017-9eef-59ce59bf4917,Q1,1st Quarter - Report,2025,first_quarter,1st Quarter (Jan 1 - Mar 31),,2025-04-01 08:29:52,2026-03-07 10:22:24.245619,25000.0,,,,Alexander Silbey,https://lda.senate.gov/api/v1/filings/0202316f-48d6-4017-9eef-59ce59bf4917/,19,3297
3424,fc779037-b8a1-41d1-bf9e-bdd889762a25,Q1,1st Quarter - Report,2025,first_quarter,1st Quarter (Jan 1 - Mar 31),,2025-04-01 08:30:17,2026-03-07 10:22:24.249724,20000.0,,,,Alexander Silbey,https://lda.senate.gov/api/v1/filings/fc779037-b8a1-41d1-bf9e-bdd889762a25/,19,3298
3425,3eb78e8a-c1c8-47f1-9db5-84f95face545,Q1,1st Quarter - Report,2025,first_quarter,1st Quarter (Jan 1 - Mar 31),,2025-04-01 08:30:46,2026-03-07 10:22:24.254048,30000.0,,,,Alexander Silbey,https://lda.senate.gov/api/v1/filings/3eb78e8a-c1c8-47f1-9db5-84f95face545/,19,3299
3426,ed00b251-f3df-4e9e-972c-abe14f07dcb5,Q1,1st Quarter - Report,2025,first_quarter,1st Quarter (Jan 1 - Mar 31),,2025-04-01 08:31:16,2026-03-07 10:22:25.629520,30000.0,,,,Alexander Silbey,https://lda.senate.gov/api/v1/filings/ed00b251-f3df-4e9e-972c-abe14f07dcb5/,19,3300
3427,4f37a8a5-0425-4f2f-a5c9-def3dcdb3a5b,Q1,1st Quarter - Report,2025,first_quarter,1st Quarter (Jan 1 - Mar 31),,2025-04-01 08:31:43,2026-03-07 10:22:25.634380,30000.0,,,,Alexander Silbey,https://lda.senate.gov/api/v1/filings/4f37a8a5-0425-4f2f-a5c9-def3dcdb3a5b/,19,3301
3428,98d411b8-2b56-47fd-8f2b-020bd2c61f74,Q1,1st Quarter - Report,2025,first_quarter,1st Quarter (Jan 1 - Mar 31),,2025-04-01 08:32:11,2026-03-07 10:22:25.638672,30000.0,,,,Alexander Silbey,https://lda.senate.gov/api/v1/filings/98d411b8-2b56-47fd-8f2b-020bd2c61f74/,19,3302
3429,4334a02e-a0f9-4427-98cc-b0723513da58,Q1,1st Quarter - Report,2025,first_quarter,1st Quarter (Jan 1 - Mar 31),,2025-04-01 08:32:38,2026-03-07 10:22:25.642984,30000.0,,,,Alexander Silbey,https://lda.senate.gov/api/v1/filings/4334a02e-a0f9-4427-98cc-b0723513da58/,19,3303
3430,45028b05-d061-4f7f-bcbb-3e76736e9d8a,Q1,1st Quarter - Report,2025,first_quarter,1st Quarter (Jan 1 - Mar 31),,2025-04-01 08:33:07,2026-03-07 10:22:25.647409,30000.0,,,,Alexander Silbey,https://lda.senate.gov/api/v1/filings/45028b05-d061-4f7f-bcbb-3e76736e9d8a/,19,3304
3431,e1a0e35c-7360-46f8-a298-cc47a8fa200b,Q1,1st Quarter - Report,2025,first_quarter,1st Quarter (Jan 1 - Mar 31),,2025-04-01 08:33:36,2026-03-07 10:22:25.651823,30000.0,,,,Alexander Silbey,https://lda.senate.gov/api/v1/filings/e1a0e35c-7360-46f8-a298-cc47a8fa200b/,19,3305
3432,7cdcd3a0-3927-4f2f-8c7b-979c095aceb3,1A,1st Quarter - Amendment,2025,first_quarter,1st Quarter (Jan 1 - Mar 31),,2025-04-01 08:34:28,2026-03-07 10:22:25.656390,30000.0,,,,Alexander Silbey,https://lda.senate.gov/api/v1/filings/7cdcd3a0-3927-4f2f-8c7b-979c095aceb3/,19,3289
3433,a14d8fb4-7a06-4c65-8c41-da5a3a596f28,Q1,1st Quarter - Report,2025,first_quarter,1st Quarter (Jan 1 - Mar 31),,2025-04-01 08:36:45,2026-03-07 10:22:25.660303,,,,,THOMAS MAPES,https://lda.senate.gov/api/v1/filings/a14d8fb4-7a06-4c65-8c41-da5a3a596f28/,424,825
3434,6a4523c4-e9ee-4db4-8034-c29008326876,RR,Registration,2025,first_quarter,1st Quarter (Jan 1 - Mar 31),,2025-04-01 08:36:59,2026-03-07 10:22:25.664496,,,,,Alexander Silbey,https://lda.senate.gov/api/v1/filings/6a4523c4-e9ee-4db4-8034-c29008326876/,19,3306
3435,d6e056c5-279d-4316-bcb7-c7425d0ab106,RR,Registration,2025,first_quarter,1st Quarter (Jan 1 - Mar 31),,2025-04-01 08:57:40,2026-03-07 10:22:25.668812,,,,,Brian Pomper,https://lda.senate.gov/api/v1/filings/d6e056c5-279d-4316-bcb7-c7425d0ab106/,337,3307
3436,e1f45808-4125-40b9-b2f8-3522fe9ce0a7,RR,Registration,2025,second_quarter,2nd Quarter (Apr 1 - June 30),,2025-04-01 09:06:12,2026-03-07 10:22:25.672842,,,,,Joseph Robert Murray,https://lda.senate.gov/api/v1/filings/e1f45808-4125-40b9-b2f8-3522fe9ce0a7/,1042,3308
3437,ae56deb4-6742-4bec-8f0c-1448c832389e,Q1,1st Quarter - Report,2025,first_quarter,1st Quarter (Jan 1 - Mar 31),,2025-04-01 09:13:47,2026-03-07 10:22:25.678701,45000.0,,,,Kendall Hussey,https://lda.senate.gov/api/v1/filings/ae56deb4-6742-4bec-8f0c-1448c832389e/,294,3201
3438,45d5f95e-d52e-40b6-9d27-ba06bfd3917d,RR,Registration,2025,second_quarter,2nd Quarter (Apr 1 - June 30),,2025-04-01 09:14:50,2026-03-07 10:22:25.683024,,,,,Joseph Robert Murray,https://lda.senate.gov/api/v1/filings/45d5f95e-d52e-40b6-9d27-ba06bfd3917d/,1042,3309
3439,47f16bd9-4d15-4a99-9621-b09afafcdb48,Q1,1st Quarter - Report,2025,first_quarter,1st Quarter (Jan 1 - Mar 31),,2025-04-01 09:17:53,2026-03-07 10:22:25.687601,25740.0,,,,John Schilling,https://lda.senate.gov/api/v1/filings/47f16bd9-4d15-4a99-9621-b09afafcdb48/,572,1307
3440,173dd6f7-1bbb-46f5-bd3c-6f3981be662b,Q1,1st Quarter - Report,2025,first_quarter,1st Quarter (Jan 1 - Mar 31),,2025-04-01 09:18:02,2026-03-07 10:22:25.691743,,,,,Edward Waters,https://lda.senate.gov/api/v1/filings/173dd6f7-1bbb-46f5-bd3c-6f3981be662b/,294,3310
3441,15aed518-db7c-4645-a517-823c8246529b,Q1,1st Quarter - Report,2025,first_quarter,1st Quarter (Jan 1 - Mar 31),,2025-04-01 09:18:46,2026-03-07 10:22:25.696299,,,,,Edward Waters,https://lda.senate.gov/api/v1/filings/15aed518-db7c-4645-a517-823c8246529b/,294,3311
3442,9b7b8d43-3ea4-4fe4-bcb2-bc6a1588a60a,Q1,1st Quarter - Report,2025,first_quarter,1st Quarter (Jan 1 - Mar 31),,2025-04-01 09:19:33,2026-03-07 10:22:25.700841,,,,,Edward Waters,https://lda.senate.gov/api/v1/filings/9b7b8d43-3ea4-4fe4-bcb2-bc6a1588a60a/,294,3312
3443,7811d0d0-d48c-4aa6-bd04-e0d100969a60,Q1,1st Quarter - Report,2025,first_quarter,1st Quarter (Jan 1 - Mar 31),,2025-04-01 09:20:14,2026-03-07 10:22:25.705605,,,,,Edward Waters,https://lda.senate.gov/api/v1/filings/7811d0d0-d48c-4aa6-bd04-e0d100969a60/,294,3313
3444,d8a6815a-6c5d-4ef8-944a-60695afbf8ad,Q1,1st Quarter - Report,2025,first_quarter,1st Quarter (Jan 1 - Mar 31),,2025-04-01 09:21:15,2026-03-07 10:22:25.710211,7425.0,,,,John Schilling,https://lda.senate.gov/api/v1/filings/d8a6815a-6c5d-4ef8-944a-60695afbf8ad/,572,3314
3445,43cf69ef-dc99-4b7f-8fd0-5ca2289c6619,RR,Registration,2025,first_quarter,1st Quarter (Jan 1 - Mar 31),,2025-04-01 09:25:53,2026-03-07 10:22:25.714942,,,,,Sara Nuvy,https://lda.senate.gov/api/v1/filings/43cf69ef-dc99-4b7f-8fd0-5ca2289c6619/,48,3315
3446,6c66392b-7a31-49c3-8e93-293d5a6031d3,Q1,1st Quarter - Report,2025,first_quarter,1st Quarter (Jan 1 - Mar 31),,2025-04-01 09:32:13,2026-03-07 10:22:25.719656,30000.0,,,,Michael R Higdon,https://lda.senate.gov/api/v1/filings/6c66392b-7a31-49c3-8e93-293d5a6031d3/,28,3316
3447,2f17152d-a0e9-4f06-9f05-a4b00bd78dfe,1T,1st Quarter - Termination,2025,first_quarter,1st Quarter (Jan 1 - Mar 31),,2025-04-01 09:32:35,2026-03-07 10:22:25.724364,,,,,"Paul J. Reagan, Sr. Vice President & Director",https://lda.senate.gov/api/v1/filings/2f17152d-a0e9-4f06-9f05-a4b00bd78dfe/,520,3317
3448,7e5f1496-d6c8-4dc2-9f1e-4d1bb6dc128d,Q1,1st Quarter - Report,2025,first_quarter,1st Quarter (Jan 1 - Mar 31),,2025-04-01 09:35:50,2026-03-07 10:22:25.729562,30000.0,,,,Michael R. Higdon,https://lda.senate.gov/api/v1/filings/7e5f1496-d6c8-4dc2-9f1e-4d1bb6dc128d/,28,3318
3449,1546ba8b-7683-4167-9069-b69ab2583879,Q1,1st Quarter - Report,2025,first_quarter,1st Quarter (Jan 1 - Mar 31),,2025-04-01 09:38:40,2026-03-07 10:22:25.734016,18000.0,,,,Alan Reuther,https://lda.senate.gov/api/v1/filings/1546ba8b-7683-4167-9069-b69ab2583879/,1043,3319
3450,fbd61492-6eae-4fe8-b2d4-bfdff24d9dee,Q1,1st Quarter - Report,2025,first_quarter,1st Quarter (Jan 1 - Mar 31),,2025-04-01 09:38:58,2026-03-07 10:22:25.738772,60000.0,,,,Michael Higdon,https://lda.senate.gov/api/v1/filings/fbd61492-6eae-4fe8-b2d4-bfdff24d9dee/,28,3320
3451,0e56839d-2390-48a2-a23b-0e60ba114682,Q1,1st Quarter - Report,2025,first_quarter,1st Quarter (Jan 1 - Mar 31),,2025-04-01 09:44:50,2026-03-07 10:22:27.084613,30000.0,,,,Michael R Higdon,https://lda.senate.gov/api/v1/filings/0e56839d-2390-48a2-a23b-0e60ba114682/,28,3321
3452,12e7f14e-8452-417e-b612-bfebb39a78a4,Q1,1st Quarter - Report,2025,first_quarter,1st Quarter (Jan 1 - Mar 31),,2025-04-01 09:46:32,2026-03-07 10:22:27.091347,50000.0,,,,Michael R Higdon,https://lda.senate.gov/api/v1/filings/12e7f14e-8452-417e-b612-bfebb39a78a4/,28,3322
3453,e3a0a790-6eb6-4ef4-b8fa-050464eab098,Q1,1st Quarter - Report,2025,first_quarter,1st Quarter (Jan 1 - Mar 31),,2025-04-01 09:48:33,2026-03-07 10:22:27.096187,,,,,Michael R Higdon,https://lda.senate.gov/api/v1/filings/e3a0a790-6eb6-4ef4-b8fa-050464eab098/,28,3323
3454,8e7696ba-2764-4001-8b65-895bc2217881,Q1,1st Quarter - Report,2025,first_quarter,1st Quarter (Jan 1 - Mar 31),,2025-04-01 09:52:09,2026-03-07 10:22:27.100911,20000.0,,,,Michael R Higdon,https://lda.senate.gov/api/v1/filings/8e7696ba-2764-4001-8b65-895bc2217881/,28,3324
3455,2c1ae415-2174-4f20-a9ff-558434e3739c,RR,Registration,2025,first_quarter,1st Quarter (Jan 1 - Mar 31),,2025-04-01 09:57:21,2026-03-07 10:22:27.105458,,,,,Andrew Therrien,https://lda.senate.gov/api/v1/filings/2c1ae415-2174-4f20-a9ff-558434e3739c/,1044,3325
3456,c4566704-12ab-4478-8d0e-6c4d77c59ddc,RR,Registration,2025,first_quarter,1st Quarter (Jan 1 - Mar 31),,2025-04-01 09:57:47,2026-03-07 10:22:27.110160,,,,,Sara Nuvy,https://lda.senate.gov/api/v1/filings/c4566704-12ab-4478-8d0e-6c4d77c59ddc/,48,3326
3457,f77beb86-6d38-44ac-909f-1b67f3ee3ec5,RR,Registration,2025,first_quarter,1st Quarter (Jan 1 - Mar 31),,2025-04-01 10:04:46,2026-03-07 10:22:27.114742,,,,,Sara Nuvy,https://lda.senate.gov/api/v1/filings/f77beb86-6d38-44ac-909f-1b67f3ee3ec5/,48,3327
3458,8742a6cb-ab25-4f3e-9772-86d263b44d84,Q1,1st Quarter - Report,2025,first_quarter,1st Quarter (Jan 1 - Mar 31),,2025-04-01 10:18:20,2026-03-07 10:22:27.119237,,27500.0,A,A,Luke Lorenz,https://lda.senate.gov/api/v1/filings/8742a6cb-ab25-4f3e-9772-86d263b44d84/,1045,3328
3465,eb6d4ec5-fbdc-45c4-ba66-edf7e07da73d,Q1,1st Quarter - Report,2025,first_quarter,1st Quarter (Jan 1 - Mar 31),,2025-04-01 10:33:11,2026-03-07 10:22:27.151064,30000.0,,,,Michael R Higdon,https://lda.senate.gov/api/v1/filings/eb6d4ec5-fbdc-45c4-ba66-edf7e07da73d/,28,3335
3466,642f3ef4-ea32-446e-923a-19ebded85ce9,Q1,1st Quarter - Report,2025,first_quarter,1st Quarter (Jan 1 - Mar 31),,2025-04-01 10:34:24,2026-03-07 10:22:27.155618,10000.0,,,,"Paul J. Reagan, Sr. Vice President & Director",https://lda.senate.gov/api/v1/filings/642f3ef4-ea32-446e-923a-19ebded85ce9/,520,3336
3467,ba0632ae-3646-4631-bb24-e82d4751361e,RA,Registration - Amendment,2025,second_quarter,2nd Quarter (Apr 1 - June 30),,2025-04-01 10:36:19,2026-03-07 10:22:27.160624,,,,,Stephen W Miller,https://lda.senate.gov/api/v1/filings/ba0632ae-3646-4631-bb24-e82d4751361e/,542,3337
3468,f38cf746-5405-44ed-85fd-d16366c888a1,Q1,1st Quarter - Report,2025,first_quarter,1st Quarter (Jan 1 - Mar 31),,2025-04-01 10:36:24,2026-03-07 10:22:27.165062,22500.0,,,,Gerald C Weller,https://lda.senate.gov/api/v1/filings/f38cf746-5405-44ed-85fd-d16366c888a1/,1046,3338
3469,3710d630-7470-4cd7-8834-a84cc9298751,Q1,1st Quarter - Report,2025,first_quarter,1st Quarter (Jan 1 - Mar 31),,2025-04-01 10:36:41,2026-03-07 10:22:27.169532,20000.0,,,,"Paul J. Reagan, Sr. Vice President & Director",https://lda.senate.gov/api/v1/filings/3710d630-7470-4cd7-8834-a84cc9298751/,520,3339
3470,d47876ff-30ba-4b36-9a67-553b874d6975,RA,Registration - Amendment,2025,second_quarter,2nd Quarter (Apr 1 - June 30),,2025-04-01 10:39:32,2026-03-07 10:22:27.174030,,,,,Stephen W Miller,https://lda.senate.gov/api/v1/filings/d47876ff-30ba-4b36-9a67-553b874d6975/,542,3340
3471,7542a247-396b-45dd-a7be-9b78e7526635,Q1,1st Quarter - Report,2025,first_quarter,1st Quarter (Jan 1 - Mar 31),,2025-04-01 10:39:55,2026-03-07 10:22:27.178376,16750.0,,,,Gerald C Weller,https://lda.senate.gov/api/v1/filings/7542a247-396b-45dd-a7be-9b78e7526635/,1046,3341
3472,809b4ecd-25bf-49d7-a0f8-56256214ec59,1A,1st Quarter - Amendment,2025,first_quarter,1st Quarter (Jan 1 - Mar 31),,2025-04-01 10:40:23,2026-03-07 10:22:27.183081,20000.0,,,,"Paul J. Reagan, Sr. Vice President & Director",https://lda.senate.gov/api/v1/filings/809b4ecd-25bf-49d7-a0f8-56256214ec59/,520,3339
3473,494815a5-2f52-4b9d-8ae9-314c12ae7a11,Q1,1st Quarter - Report,2025,first_quarter,1st Quarter (Jan 1 - Mar 31),,2025-04-01 10:40:59,2026-03-07 10:22:27.188120,28863.0,,,,Andrew Hasek,https://lda.senate.gov/api/v1/filings/494815a5-2f52-4b9d-8ae9-314c12ae7a11/,1047,3342
3474,7f115f6b-d379-4eb1-a1d6-7ef3f355db79,Q1,1st Quarter - Report,2025,first_quarter,1st Quarter (Jan 1 - Mar 31),,2025-04-01 10:42:18,2026-03-07 10:22:27.193450,30000.0,,,,Michael R Higdon,https://lda.senate.gov/api/v1/filings/7f115f6b-d379-4eb1-a1d6-7ef3f355db79/,28,3343
3475,ea0c54ea-7cc1-4864-a7ad-6d70fc945286,Q1,1st Quarter - Report,2025,first_quarter,1st Quarter (Jan 1 - Mar 31),,2025-04-01 10:43:18,2026-03-07 10:22:27.197957,9000.0,,,,Gerald Weller,https://lda.senate.gov/api/v1/filings/ea0c54ea-7cc1-4864-a7ad-6d70fc945286/,1046,3344
3476,2c44cafe-b853-4480-af1e-c9138dd15521,RA,Registration - Amendment,2025,second_quarter,2nd Quarter (Apr 1 - June 30),,2025-04-01 10:44:36,2026-03-07 10:22:28.668987,,,,,Stephen W Miller,https://lda.senate.gov/api/v1/filings/2c44cafe-b853-4480-af1e-c9138dd15521/,542,1492
3477,c3ffeedf-b58f-4d63-98ef-a89f5bf63036,Q1,1st Quarter - Report,2025,first_quarter,1st Quarter (Jan 1 - Mar 31),,2025-04-01 10:45:35,2026-03-07 10:22:28.673956,10000.0,,,,Michael R Higdon,https://lda.senate.gov/api/v1/filings/c3ffeedf-b58f-4d63-98ef-a89f5bf63036/,28,3345
3478,98f5983f-69c5-472f-b8e6-5c3b05448717,Q1Y,1st Quarter - Report (No Activity),2025,first_quarter,1st Quarter (Jan 1 - Mar 31),,2025-04-01 10:46:32,2026-03-07 10:22:28.678648,,,A,A,Faisal Hasan,https://lda.senate.gov/api/v1/filings/98f5983f-69c5-472f-b8e6-5c3b05448717/,1048,3346
3479,a2415e78-da1b-495e-a2bb-2cb2a870e88d,Q1,1st Quarter - Report,2025,first_quarter,1st Quarter (Jan 1 - Mar 31),,2025-04-01 10:47:25,2026-03-07 10:22:28.683219,20000.0,,,,Michael R Higdon,https://lda.senate.gov/api/v1/filings/a2415e78-da1b-495e-a2bb-2cb2a870e88d/,28,3347
3480,2d2dd4a8-1e94-47fd-81ca-53bc9985029e,RA,Registration - Amendment,2025,second_quarter,2nd Quarter (Apr 1 - June 30),,2025-04-01 10:47:50,2026-03-07 10:22:28.688162,,,,,Stephen W Miller,https://lda.senate.gov/api/v1/filings/2d2dd4a8-1e94-47fd-81ca-53bc9985029e/,542,1853
3481,2b96cd4c-c0f5-4f52-ab7a-0c84e7a766f3,Q1,1st Quarter - Report,2025,first_quarter,1st Quarter (Jan 1 - Mar 31),,2025-04-01 10:55:04,2026-03-07 10:22:28.692724,50000.0,,,,Michael R Higdon,https://lda.senate.gov/api/v1/filings/2b96cd4c-c0f5-4f52-ab7a-0c84e7a766f3/,28,3348
3482,b966ba4a-155c-46bc-9dfc-0ae6a6268fd6,RA,Registration - Amendment,2025,first_quarter,1st Quarter (Jan 1 - Mar 31),,2025-04-01 10:55:17,2026-03-07 10:22:28.698113,,,,,Kathleen Beale,https://lda.senate.gov/api/v1/filings/b966ba4a-155c-46bc-9dfc-0ae6a6268fd6/,1049,3349
3483,cebb1c16-38b0-4fa3-b090-08d6bf086f3e,RR,Registration,2025,first_quarter,1st Quarter (Jan 1 - Mar 31),,2025-04-01 10:58:33,2026-03-07 10:22:28.703086,,,,,"William Moschella, Attorney at Law",https://lda.senate.gov/api/v1/filings/cebb1c16-38b0-4fa3-b090-08d6bf086f3e/,16,3350
3484,833d2d6d-3299-47a6-b601-c253a33d7d45,1T,1st Quarter - Termination,2025,first_quarter,1st Quarter (Jan 1 - Mar 31),,2025-04-01 10:59:56,2026-03-07 10:22:28.708110,10000.0,,,,"Paul J. Reagan, Sr. Vice President & Director",https://lda.senate.gov/api/v1/filings/833d2d6d-3299-47a6-b601-c253a33d7d45/,520,3351
3485,9519624e-231a-4769-aad4-ffcde77a440f,Q1,1st Quarter - Report,2025,first_quarter,1st Quarter (Jan 1 - Mar 31),,2025-04-01 11:01:13,2026-03-07 10:22:28.712972,20000.0,,,,Seth Bloom,https://lda.senate.gov/api/v1/filings/9519624e-231a-4769-aad4-ffcde77a440f/,372,3352
3486,3dd6b89b-dd16-4678-a09b-02bd4e5e3654,1T,1st Quarter - Termination,2025,first_quarter,1st Quarter (Jan 1 - Mar 31),,2025-04-01 11:01:56,2026-03-07 10:22:28.717877,10000.0,,,,"Paul J. Reagan, Sr. Vice President & Director",https://lda.senate.gov/api/v1/filings/3dd6b89b-dd16-4678-a09b-02bd4e5e3654/,520,3353
3487,d5ec9179-f34e-4ab5-8ba2-9432186d2f9e,Q1Y,1st Quarter - Report (No Activity),2025,first_quarter,1st Quarter (Jan 1 - Mar 31),,2025-04-01 11:02:59,2026-03-07 10:22:28.722789,,,,,Seth Bloom,https://lda.senate.gov/api/v1/filings/d5ec9179-f34e-4ab5-8ba2-9432186d2f9e/,372,3354
3488,752716c1-6233-4837-a6c4-84cf606df0d5,Q1,1st Quarter - Report,2025,first_quarter,1st Quarter (Jan 1 - Mar 31),,2025-04-01 11:03:00,2026-03-07 10:22:28.726800,40000.0,,,,Michael R Higdon,https://lda.senate.gov/api/v1/filings/752716c1-6233-4837-a6c4-84cf606df0d5/,28,3355
3489,26b971f8-6dee-4231-8c46-d5e9acf8731a,Q1Y,1st Quarter - Report (No Activity),2025,first_quarter,1st Quarter (Jan 1 - Mar 31),,2025-04-01 11:03:38,2026-03-07 10:22:28.731792,,,,,Michael R. Higdon,https://lda.senate.gov/api/v1/filings/26b971f8-6dee-4231-8c46-d5e9acf8731a/,28,3356
3490,af9ae407-e2da-4980-93f9-2f6fa0fb7c69,1TY,1st Quarter - Termination (No Activity),2025,first_quarter,1st Quarter (Jan 1 - Mar 31),,2025-04-01 11:03:49,2026-03-07 10:22:28.735720,,,,,Marjorie Strayer Prindle,https://lda.senate.gov/api/v1/filings/af9ae407-e2da-4980-93f9-2f6fa0fb7c69/,1050,3357
3491,5c16712f-db8d-4f3d-858f-1dc954b51a1e,1T,1st Quarter - Termination,2025,first_quarter,1st Quarter (Jan 1 - Mar 31),,2025-04-01 11:03:54,2026-03-07 10:22:28.739945,20000.0,,,,"Paul J. Reagan, Sr. Vice President & Director",https://lda.senate.gov/api/v1/filings/5c16712f-db8d-4f3d-858f-1dc954b51a1e/,520,3358
3492,2215d109-b379-4f94-a8d2-9758875b808c,1T,1st Quarter - Termination,2025,first_quarter,1st Quarter (Jan 1 - Mar 31),,2025-04-01 11:05:53,2026-03-07 10:22:28.744491,,,,,"Paul J. Reagan, Sr. Vice President & Director",https://lda.senate.gov/api/v1/filings/2215d109-b379-4f94-a8d2-9758875b808c/,520,3359
3493,d0e4e84d-f1b1-428f-ab0f-a4b881952040,RR,Registration,2025,first_quarter,1st Quarter (Jan 1 - Mar 31),,2025-04-01 11:06:32,2026-03-07 10:22:28.748864,,,,,David Skillman,https://lda.senate.gov/api/v1/filings/d0e4e84d-f1b1-428f-ab0f-a4b881952040/,808,3360
3494,f51fa11f-3073-4ffa-add8-d577558f03c2,Q1,1st Quarter - Report,2025,first_quarter,1st Quarter (Jan 1 - Mar 31),,2025-04-01 11:06:55,2026-03-07 10:22:28.753892,20000.0,,,,Michael R Higdon,https://lda.senate.gov/api/v1/filings/f51fa11f-3073-4ffa-add8-d577558f03c2/,28,3361
3495,0678980b-26a6-4c24-a304-090f6bc42c26,1T,1st Quarter - Termination,2025,first_quarter,1st Quarter (Jan 1 - Mar 31),,2025-04-01 11:08:27,2026-03-07 10:22:28.758810,10000.0,,,,"Paul J. Reagan, Sr. Vice President & Director",https://lda.senate.gov/api/v1/filings/0678980b-26a6-4c24-a304-090f6bc42c26/,520,3362
3496,88760ff8-a26c-4574-a19b-922d4fe9c4e3,Q1,1st Quarter - Report,2025,first_quarter,1st Quarter (Jan 1 - Mar 31),,2025-04-01 11:08:27,2026-03-07 10:22:28.763217,10000.0,,,,MARJORIE STRAYER PRINDLE,https://lda.senate.gov/api/v1/filings/88760ff8-a26c-4574-a19b-922d4fe9c4e3/,1050,3363
3497,227e3220-b521-4b6d-beb3-e93d2da657cb,Q1,1st Quarter - Report,2025,first_quarter,1st Quarter (Jan 1 - Mar 31),,2025-04-01 11:09:23,2026-03-07 10:22:28.767685,30000.0,,,,Michael R. Higdon,https://lda.senate.gov/api/v1/filings/227e3220-b521-4b6d-beb3-e93d2da657cb/,28,3364
3498,8001289e-b443-4823-ac93-f8ee2cf60843,1T,1st Quarter - Termination,2025,first_quarter,1st Quarter (Jan 1 - Mar 31),,2025-04-01 11:11:11,2026-03-07 10:22:28.771990,10000.0,,,,"Paul J. Reagan, Sr. Vice President & Director",https://lda.senate.gov/api/v1/filings/8001289e-b443-4823-ac93-f8ee2cf60843/,520,3365
3499,759c3b25-131a-44be-85bc-a9ceffe73ce7,1TY,1st Quarter - Termination (No Activity),2025,first_quarter,1st Quarter (Jan 1 - Mar 31),,2025-04-01 11:11:57,2026-03-07 10:22:28.776927,,,,,Stephen Timothy Hofmann,https://lda.senate.gov/api/v1/filings/759c3b25-131a-44be-85bc-a9ceffe73ce7/,1051,3366
3500,95b7bd7d-9580-4209-ade9-322fa17d86ca,1T,1st Quarter - Termination,2025,first_quarter,1st Quarter (Jan 1 - Mar 31),,2025-04-01 11:13:20,2026-03-07 10:22:28.781302,10000.0,,,,"Paul J. Reagan, Sr. Vice President & Director",https://lda.senate.gov/api/v1/filings/95b7bd7d-9580-4209-ade9-322fa17d86ca/,520,3367
3501,d39ee703-8871-46a4-8fc5-62fa5d33e5af,Q1,1st Quarter - Report,2025,first_quarter,1st Quarter (Jan 1 - Mar 31),,2025-04-01 11:14:25,2026-03-07 10:22:30.208388,,50000.0,A,A,Chris Beatty,https://lda.senate.gov/api/v1/filings/d39ee703-8871-46a4-8fc5-62fa5d33e5af/,522,1130
3502,e2244f08-f78e-426e-91ec-269439e73ebe,Q1,1st Quarter - Report,2025,first_quarter,1st Quarter (Jan 1 - Mar 31),,2025-04-01 11:14:25,2026-03-07 10:22:30.213281,40000.0,,,,Michael R. Higdon,https://lda.senate.gov/api/v1/filings/e2244f08-f78e-426e-91ec-269439e73ebe/,28,3368
3503,c7401898-764f-4eb8-a205-337bf716dab5,1T,1st Quarter - Termination,2025,first_quarter,1st Quarter (Jan 1 - Mar 31),,2025-04-01 11:15:25,2026-03-07 10:22:30.218464,5000.0,,,,Stephen Timothy Hofmann,https://lda.senate.gov/api/v1/filings/c7401898-764f-4eb8-a205-337bf716dab5/,1051,3369
3504,796f3220-d5a9-410a-b76c-ef0e89a136be,1T,1st Quarter - Termination,2025,first_quarter,1st Quarter (Jan 1 - Mar 31),,2025-04-01 11:15:38,2026-03-07 10:22:30.223010,10000.0,,,,"Paul J. Reagan, Sr. Vice President & Director",https://lda.senate.gov/api/v1/filings/796f3220-d5a9-410a-b76c-ef0e89a136be/,520,3370
3505,2738aefa-4704-4da6-916c-06c74d96faae,Q1,1st Quarter - Report,2025,first_quarter,1st Quarter (Jan 1 - Mar 31),,2025-04-01 11:17:46,2026-03-07 10:22:30.227402,15000.0,,,,Stephen Timothy Hofmann,https://lda.senate.gov/api/v1/filings/2738aefa-4704-4da6-916c-06c74d96faae/,1051,3371
3506,6597bb6a-c903-4dcb-82f5-18023eabf0ff,Q1,1st Quarter - Report,2025,first_quarter,1st Quarter (Jan 1 - Mar 31),,2025-04-01 11:18:49,2026-03-07 10:22:30.231749,,,A,A,Martin Hettel,https://lda.senate.gov/api/v1/filings/6597bb6a-c903-4dcb-82f5-18023eabf0ff/,1052,3372
3507,fce05617-bba0-4eea-ae3a-917b52805500,Q1,1st Quarter - Report,2025,first_quarter,1st Quarter (Jan 1 - Mar 31),,2025-04-01 11:19:12,2026-03-07 10:22:30.236670,10000.0,,,,Stephen Timothy Hofmann,https://lda.senate.gov/api/v1/filings/fce05617-bba0-4eea-ae3a-917b52805500/,1051,3373
3508,cb29b75e-14b8-4ae4-bb92-2814db5a6d40,Q1,1st Quarter - Report,2025,first_quarter,1st Quarter (Jan 1 - Mar 31),,2025-04-01 11:19:30,2026-03-07 10:22:30.241129,40000.0,,,,Michael R. Higdon,https://lda.senate.gov/api/v1/filings/cb29b75e-14b8-4ae4-bb92-2814db5a6d40/,28,3374
3509,f868fb57-b6a2-4388-b4bd-7b090e467965,Q1,1st Quarter - Report,2025,first_quarter,1st Quarter (Jan 1 - Mar 31),,2025-04-01 11:22:58,2026-03-07 10:22:30.246625,10000.0,,,,Stephen Timothy Hofmann,https://lda.senate.gov/api/v1/filings/f868fb57-b6a2-4388-b4bd-7b090e467965/,1051,3375
3510,caa17f62-5372-4a7f-9112-78e1154ecd44,Q1,1st Quarter - Report,2025,first_quarter,1st Quarter (Jan 1 - Mar 31),,2025-04-01 11:23:56,2026-03-07 10:22:30.251124,20000.0,,,,Stephen Timothy Hofmann,https://lda.senate.gov/api/v1/filings/caa17f62-5372-4a7f-9112-78e1154ecd44/,1051,3376
3511,747b89d6-dd9d-420f-9916-84194c5c6c89,Q1,1st Quarter - Report,2025,first_quarter,1st Quarter (Jan 1 - Mar 31),,2025-04-01 11:24:40,2026-03-07 10:22:30.255666,12000.0,,,,Stephen Timothy Hofmann,https://lda.senate.gov/api/v1/filings/747b89d6-dd9d-420f-9916-84194c5c6c89/,1051,3377
3512,fd806177-13fb-4b1c-98f0-f0d25889ac8a,Q1,1st Quarter - Report,2025,first_quarter,1st Quarter (Jan 1 - Mar 31),,2025-04-01 11:25:21,2026-03-07 10:22:30.260317,12000.0,,,,Stephen Timothy Hofmann,https://lda.senate.gov/api/v1/filings/fd806177-13fb-4b1c-98f0-f0d25889ac8a/,1051,3378
3513,3df7ade6-a2e1-40b9-b4ba-b4e0b9e39037,Q1,1st Quarter - Report,2025,first_quarter,1st Quarter (Jan 1 - Mar 31),,2025-04-01 11:25:58,2026-03-07 10:22:30.264952,12000.0,,,,Stephen Timothy Hofmann,https://lda.senate.gov/api/v1/filings/3df7ade6-a2e1-40b9-b4ba-b4e0b9e39037/,1051,3379
3514,8df7d53a-bd9a-455a-b061-8b01b018731b,Q1,1st Quarter - Report,2025,first_quarter,1st Quarter (Jan 1 - Mar 31),,2025-04-01 11:26:56,2026-03-07 10:22:30.269032,40000.0,,,,Michael R. Higdon,https://lda.senate.gov/api/v1/filings/8df7d53a-bd9a-455a-b061-8b01b018731b/,28,3380
3515,d57d64a2-ff78-4c77-aa44-7b6af6ae2731,Q1,1st Quarter - Report,2025,first_quarter,1st Quarter (Jan 1 - Mar 31),,2025-04-01 11:28:20,2026-03-07 10:22:30.274205,12000.0,,,,Stephen Timothy Hofmann,https://lda.senate.gov/api/v1/filings/d57d64a2-ff78-4c77-aa44-7b6af6ae2731/,1051,3381
3516,07d87441-1075-4aac-bbe5-a7b1ae89f23e,Q1,1st Quarter - Report,2025,first_quarter,1st Quarter (Jan 1 - Mar 31),,2025-04-01 11:28:55,2026-03-07 10:22:30.278954,12000.0,,,,Stephen Timothy Hofmann,https://lda.senate.gov/api/v1/filings/07d87441-1075-4aac-bbe5-a7b1ae89f23e/,1051,3382
3517,075d539f-1eff-41f0-85e8-ccfddc13d016,Q1,1st Quarter - Report,2025,first_quarter,1st Quarter (Jan 1 - Mar 31),,2025-04-01 11:29:51,2026-03-07 10:22:30.283455,30000.0,,,,Michael R. Higdon,https://lda.senate.gov/api/v1/filings/075d539f-1eff-41f0-85e8-ccfddc13d016/,28,3383
3518,754a7e9a-5170-455a-8395-1684e3156b32,Q1,1st Quarter - Report,2025,first_quarter,1st Quarter (Jan 1 - Mar 31),,2025-04-01 11:35:15,2026-03-07 10:22:30.288037,50000.0,,,,Michael R. Higdon,https://lda.senate.gov/api/v1/filings/754a7e9a-5170-455a-8395-1684e3156b32/,28,3384
3519,4f0927ac-cf52-411b-8a6b-dc761116995b,Q1,1st Quarter - Report,2025,first_quarter,1st Quarter (Jan 1 - Mar 31),,2025-04-01 11:37:12,2026-03-07 10:22:30.292816,,,,,Helen Love Cliff,https://lda.senate.gov/api/v1/filings/4f0927ac-cf52-411b-8a6b-dc761116995b/,1053,3385
3520,8183c991-1735-40ad-b8d2-4572c9642a2b,Q1Y,1st Quarter - Report (No Activity),2025,first_quarter,1st Quarter (Jan 1 - Mar 31),,2025-04-01 11:39:29,2026-03-07 10:22:30.297763,,,A,A,Dennis Simmons,https://lda.senate.gov/api/v1/filings/8183c991-1735-40ad-b8d2-4572c9642a2b/,1054,3386
3521,bb835152-1ca1-4ae4-afdb-59c9cffbb047,Q1,1st Quarter - Report,2025,first_quarter,1st Quarter (Jan 1 - Mar 31),,2025-04-01 11:43:44,2026-03-07 10:22:30.302409,20000.0,,,,John Magill,https://lda.senate.gov/api/v1/filings/bb835152-1ca1-4ae4-afdb-59c9cffbb047/,1055,3387
3522,81f1e470-603d-43d7-b1da-bf6fe07ec2db,Q1,1st Quarter - Report,2025,first_quarter,1st Quarter (Jan 1 - Mar 31),,2025-04-01 11:48:37,2026-03-07 10:22:30.308110,,20000.0,A,A,Chris Stromberg,https://lda.senate.gov/api/v1/filings/81f1e470-603d-43d7-b1da-bf6fe07ec2db/,1056,3388
3523,6d4b3395-2b71-43e5-af27-624b7b2cd10c,1A,1st Quarter - Amendment,2025,first_quarter,1st Quarter (Jan 1 - Mar 31),,2025-04-01 11:52:49,2026-03-07 10:22:30.313097,,,A,A,Andrew Therrien,https://lda.senate.gov/api/v1/filings/6d4b3395-2b71-43e5-af27-624b7b2cd10c/,1044,3325
3524,c82e190d-3ffc-49dc-a884-dda2936a6d88,RR,Registration,2025,first_quarter,1st Quarter (Jan 1 - Mar 31),,2025-04-01 11:58:39,2026-03-07 10:22:30.317132,,,,,Randall A. Brater,https://lda.senate.gov/api/v1/filings/c82e190d-3ffc-49dc-a884-dda2936a6d88/,647,3389
3525,94251bee-1d38-4176-b0dc-cace35059683,Q1,1st Quarter - Report,2025,first_quarter,1st Quarter (Jan 1 - Mar 31),,2025-04-01 12:04:21,2026-03-07 10:22:30.321615,,10000.0,A,A,Sherman Joyce,https://lda.senate.gov/api/v1/filings/94251bee-1d38-4176-b0dc-cace35059683/,1057,3390
3526,de4f034c-b5a2-4928-9ee2-9ea4c5ab9161,Q1Y,1st Quarter - Report (No Activity),2025,first_quarter,1st Quarter (Jan 1 - Mar 31),,2025-04-01 12:05:17,2026-03-07 10:22:31.817143,,,,,melanie foster,https://lda.senate.gov/api/v1/filings/de4f034c-b5a2-4928-9ee2-9ea4c5ab9161/,1058,3391
3527,287518ed-d506-4d58-9ab2-cba65eb6623d,Q1,1st Quarter - Report,2025,first_quarter,1st Quarter (Jan 1 - Mar 31),,2025-04-01 12:14:40,2026-03-07 10:22:31.822061,,,,,Celeste D Boykin,https://lda.senate.gov/api/v1/filings/287518ed-d506-4d58-9ab2-cba65eb6623d/,1059,3392
3528,301a642a-fa32-4eac-82c7-e39ba3c13bed,Q1,1st Quarter - Report,2025,first_quarter,1st Quarter (Jan 1 - Mar 31),,2025-04-01 12:23:09,2026-03-07 10:22:31.827524,12000.0,,,,Celeste D Boykin,https://lda.senate.gov/api/v1/filings/301a642a-fa32-4eac-82c7-e39ba3c13bed/,1059,3393
3529,38b64567-05b6-413d-8780-a6f0c9c38dbb,1TY,1st Quarter - Termination (No Activity),2025,first_quarter,1st Quarter (Jan 1 - Mar 31),,2025-04-01 12:25:09,2026-03-07 10:22:31.832296,,20000.0,A,A,Raffaella Borzi,https://lda.senate.gov/api/v1/filings/38b64567-05b6-413d-8780-a6f0c9c38dbb/,1060,3394
3530,868ed7a8-cfe3-4b5f-8e3f-3bc930a6f32f,RR,Registration,2025,first_quarter,1st Quarter (Jan 1 - Mar 31),,2025-04-01 12:28:51,2026-03-07 10:22:31.836473,,,,,Craig Saperstein,https://lda.senate.gov/api/v1/filings/868ed7a8-cfe3-4b5f-8e3f-3bc930a6f32f/,567,3395
3531,76051d55-34bb-4467-9266-9f5106e39443,Q1,1st Quarter - Report,2025,first_quarter,1st Quarter (Jan 1 - Mar 31),,2025-04-01 12:33:41,2026-03-07 10:22:31.841457,,30000.0,A,A,David Molina,https://lda.senate.gov/api/v1/filings/76051d55-34bb-4467-9266-9f5106e39443/,1061,3396
3532,ed7b5f4b-8ab2-40bc-9e63-3767a5906018,RR,Registration,2025,second_quarter,2nd Quarter (Apr 1 - June 30),,2025-04-01 12:36:08,2026-03-07 10:22:31.846854,,,,,Joseph Wayne King II,https://lda.senate.gov/api/v1/filings/ed7b5f4b-8ab2-40bc-9e63-3767a5906018/,338,3397
3533,cbb8698c-f4b4-49ed-8981-9bce075f92ab,RA,Registration - Amendment,2025,first_quarter,1st Quarter (Jan 1 - Mar 31),,2025-04-01 12:36:45,2026-03-07 10:22:31.850996,,,,,"William Moschella, Attorney at Law",https://lda.senate.gov/api/v1/filings/cbb8698c-f4b4-49ed-8981-9bce075f92ab/,16,3398
3534,368a92d5-84b9-4db5-acdf-8afb2e13f9ff,RR,Registration,2025,first_quarter,1st Quarter (Jan 1 - Mar 31),,2025-04-01 12:40:13,2026-03-07 10:22:31.855097,,,,,Ainsley Rowlison,https://lda.senate.gov/api/v1/filings/368a92d5-84b9-4db5-acdf-8afb2e13f9ff/,1062,3399
3535,7b0b489d-ebe0-4e83-9ebb-0d437214c3a3,RR,Registration,2025,first_quarter,1st Quarter (Jan 1 - Mar 31),,2025-04-01 12:41:54,2026-03-07 10:22:31.859996,,,,,"William Moschella, Attorney at Law",https://lda.senate.gov/api/v1/filings/7b0b489d-ebe0-4e83-9ebb-0d437214c3a3/,16,3400
3536,f55e86f0-7109-4f84-94d0-14644b3d142e,RR,Registration,2025,first_quarter,1st Quarter (Jan 1 - Mar 31),,2025-04-01 12:45:18,2026-03-07 10:22:31.864424,,,,,Ainsley Rowlison,https://lda.senate.gov/api/v1/filings/f55e86f0-7109-4f84-94d0-14644b3d142e/,1062,3401
3537,382124fa-e0d6-44f0-b1bb-c91b19a0614c,Q1,1st Quarter - Report,2025,first_quarter,1st Quarter (Jan 1 - Mar 31),,2025-04-01 12:46:34,2026-03-07 10:22:31.868750,,10000.0,C,C,Dena Horton,https://lda.senate.gov/api/v1/filings/382124fa-e0d6-44f0-b1bb-c91b19a0614c/,1063,3402
3538,47da221e-b62a-4a69-90b0-e83ca4e7014c,RR,Registration,2025,first_quarter,1st Quarter (Jan 1 - Mar 31),,2025-04-01 12:51:13,2026-03-07 10:22:31.873743,,,,,Ainsley Rowlison,https://lda.senate.gov/api/v1/filings/47da221e-b62a-4a69-90b0-e83ca4e7014c/,1062,3403
3539,99ae45f7-344f-4373-940d-3fda324674b1,RR,Registration,2025,second_quarter,2nd Quarter (Apr 1 - June 30),,2025-04-01 12:54:04,2026-03-07 10:22:31.879510,,,,,Andrew Winer,https://lda.senate.gov/api/v1/filings/99ae45f7-344f-4373-940d-3fda324674b1/,694,3404
3540,03674727-76af-4d2e-9b42-c80f1b7a1264,RR,Registration,2025,first_quarter,1st Quarter (Jan 1 - Mar 31),,2025-04-01 12:55:18,2026-03-07 10:22:31.883845,,,,,Ainsley Rowlison,https://lda.senate.gov/api/v1/filings/03674727-76af-4d2e-9b42-c80f1b7a1264/,1062,3405
3541,8fe46643-111a-4101-86c4-4d189cf49c5d,Q1Y,1st Quarter - Report (No Activity),2025,first_quarter,1st Quarter (Jan 1 - Mar 31),,2025-04-01 12:55:43,2026-03-07 10:22:31.889081,,,,,CAROL N. LAMBOS,https://lda.senate.gov/api/v1/filings/8fe46643-111a-4101-86c4-4d189cf49c5d/,1064,3406
3542,be5887a3-f3d2-4b80-8807-519e6abbaea4,Q1,1st Quarter - Report,2025,first_quarter,1st Quarter (Jan 1 - Mar 31),,2025-04-01 13:13:40,2026-03-07 10:22:31.893566,,120000.0,A,A,Chris Burroughs,https://lda.senate.gov/api/v1/filings/be5887a3-f3d2-4b80-8807-519e6abbaea4/,1065,3407
3543,bd9aec06-d168-4bb7-bdba-d2e71ed7c29e,Q1,1st Quarter - Report,2025,first_quarter,1st Quarter (Jan 1 - Mar 31),,2025-04-01 13:16:18,2026-03-07 10:22:31.898697,30000.0,,,,Maureen ONeill,https://lda.senate.gov/api/v1/filings/bd9aec06-d168-4bb7-bdba-d2e71ed7c29e/,1066,3408
3544,d1361cb0-95b6-45f1-a5de-56d4c92ac5a1,Q1,1st Quarter - Report,2025,first_quarter,1st Quarter (Jan 1 - Mar 31),,2025-04-01 13:17:36,2026-03-07 10:22:31.903472,,,,,Maureen ONeill,https://lda.senate.gov/api/v1/filings/d1361cb0-95b6-45f1-a5de-56d4c92ac5a1/,1066,3409
3545,7a960e74-8983-41c2-bc92-2b6537b13ad0,1TY,1st Quarter - Termination (No Activity),2025,first_quarter,1st Quarter (Jan 1 - Mar 31),,2025-04-01 13:23:27,2026-03-07 10:22:31.908208,,,,,Mathew Lapinski,https://lda.senate.gov/api/v1/filings/7a960e74-8983-41c2-bc92-2b6537b13ad0/,436,3410
3546,f3b16220-65a9-407f-822d-b55be64ac0d4,Q1Y,1st Quarter - Report (No Activity),2025,first_quarter,1st Quarter (Jan 1 - Mar 31),,2025-04-01 13:25:37,2026-03-07 10:22:31.912253,,,B,B,Vinita Vaskov,https://lda.senate.gov/api/v1/filings/f3b16220-65a9-407f-822d-b55be64ac0d4/,1067,3411
3547,b60cb24e-380b-490d-919b-5540aa5022b9,Q1Y,1st Quarter - Report (No Activity),2025,first_quarter,1st Quarter (Jan 1 - Mar 31),,2025-04-01 13:41:10,2026-03-07 10:22:31.916714,,,,,Mark A Kopec,https://lda.senate.gov/api/v1/filings/b60cb24e-380b-490d-919b-5540aa5022b9/,1068,3412
3548,4f6c2ddb-027e-46b2-bb83-11395c5bd4bc,Q1Y,1st Quarter - Report (No Activity),2025,first_quarter,1st Quarter (Jan 1 - Mar 31),,2025-04-01 13:42:30,2026-03-07 10:22:31.920796,,,,,Mark A Kopec,https://lda.senate.gov/api/v1/filings/4f6c2ddb-027e-46b2-bb83-11395c5bd4bc/,1068,3413
3549,73081b0f-99b2-4a91-b894-12fc05ce644e,RR,Registration,2025,first_quarter,1st Quarter (Jan 1 - Mar 31),,2025-04-01 13:44:02,2026-03-07 10:22:31.924709,,,,,RYAN CRUMPLER,https://lda.senate.gov/api/v1/filings/73081b0f-99b2-4a91-b894-12fc05ce644e/,1069,3414
3550,bd8dea95-a6c8-4041-880d-42df3e3ac089,Q1,1st Quarter - Report,2025,first_quarter,1st Quarter (Jan 1 - Mar 31),,2025-04-01 13:45:06,2026-03-07 10:22:31.930121,,,,,Mark A Kopec,https://lda.senate.gov/api/v1/filings/bd8dea95-a6c8-4041-880d-42df3e3ac089/,1068,3415
3551,19244581-a6ba-475e-8140-13cd25501fe2,Q1,1st Quarter - Report,2025,first_quarter,1st Quarter (Jan 1 - Mar 31),,2025-04-01 13:48:04,2026-03-07 10:22:33.688132,,,,,Mark A Kopec,https://lda.senate.gov/api/v1/filings/19244581-a6ba-475e-8140-13cd25501fe2/,1068,3416
3552,b39e2e72-71b6-4767-8b2f-2257df98253e,RR,Registration,2025,first_quarter,1st Quarter (Jan 1 - Mar 31),,2025-04-01 13:49:18,2026-03-07 10:22:33.693713,,,,,RYAN CRUMPLER,https://lda.senate.gov/api/v1/filings/b39e2e72-71b6-4767-8b2f-2257df98253e/,1069,3417
3553,a687119f-11d7-4dc9-889b-0d0e7e7cd2f7,RR,Registration,2025,first_quarter,1st Quarter (Jan 1 - Mar 31),,2025-04-01 13:49:40,2026-03-07 10:22:33.698300,,,,,Daniel R Simmons,https://lda.senate.gov/api/v1/filings/a687119f-11d7-4dc9-889b-0d0e7e7cd2f7/,1070,3418
3554,1889f76c-bf00-4546-aecb-d66bb3ccc997,RR,Registration,2025,first_quarter,1st Quarter (Jan 1 - Mar 31),,2025-04-01 13:53:33,2026-03-07 10:22:33.703647,,,,,RYAN CRUMPLER,https://lda.senate.gov/api/v1/filings/1889f76c-bf00-4546-aecb-d66bb3ccc997/,1069,3419
3555,49f8c542-d227-4701-9fc1-4885d19dada5,RR,Registration,2025,first_quarter,1st Quarter (Jan 1 - Mar 31),,2025-04-01 13:57:13,2026-03-07 10:22:33.709184,,,,,RYAN CRUMPLER,https://lda.senate.gov/api/v1/filings/49f8c542-d227-4701-9fc1-4885d19dada5/,1069,3420
3556,7d6555a0-122a-4a6f-a97b-0044b2d01f5f,Q1,1st Quarter - Report,2025,first_quarter,1st Quarter (Jan 1 - Mar 31),,2025-04-01 13:58:32,2026-03-07 10:22:33.713764,20000.0,,,,"Paul J. Reagan, Sr. Vice President & Director",https://lda.senate.gov/api/v1/filings/7d6555a0-122a-4a6f-a97b-0044b2d01f5f/,520,3421
3557,d2d1064e-c1a9-4e48-ba97-b1fdab485297,Q1,1st Quarter - Report,2025,first_quarter,1st Quarter (Jan 1 - Mar 31),,2025-04-01 14:00:58,2026-03-07 10:22:33.718451,10000.0,,,,"Paul J. Reagan, Sr. Vice President & Director",https://lda.senate.gov/api/v1/filings/d2d1064e-c1a9-4e48-ba97-b1fdab485297/,520,3422
3558,8f81c502-3461-4064-91d2-e8cc69bc4950,RR,Registration,2025,first_quarter,1st Quarter (Jan 1 - Mar 31),,2025-04-01 14:02:32,2026-03-07 10:22:33.722931,,,,,Robert Redding,https://lda.senate.gov/api/v1/filings/8f81c502-3461-4064-91d2-e8cc69bc4950/,1071,3423
3559,fc2b425e-9ac0-4b16-adc5-0cba063b9bb3,Q1,1st Quarter - Report,2025,first_quarter,1st Quarter (Jan 1 - Mar 31),,2025-04-01 14:03:17,2026-03-07 10:22:33.728067,10000.0,,,,"Paul J. Reagan, Sr. Vice President & Director",https://lda.senate.gov/api/v1/filings/fc2b425e-9ac0-4b16-adc5-0cba063b9bb3/,520,3424
3560,21bf03b5-4c48-4428-b401-46d15d09f0a3,Q1,1st Quarter - Report,2025,first_quarter,1st Quarter (Jan 1 - Mar 31),,2025-04-01 14:04:53,2026-03-07 10:22:33.732891,20000.0,,,,"Paul J. Reagan, Sr. Vice President and Director",https://lda.senate.gov/api/v1/filings/21bf03b5-4c48-4428-b401-46d15d09f0a3/,520,3425
3561,7f9f5427-ef04-4166-a4cd-45955a50646a,1T,1st Quarter - Termination,2025,first_quarter,1st Quarter (Jan 1 - Mar 31),,2025-04-01 14:06:46,2026-03-07 10:22:33.737533,30000.0,,,,Jarrod Loadholt,https://lda.senate.gov/api/v1/filings/7f9f5427-ef04-4166-a4cd-45955a50646a/,279,3426
3562,c375df82-bfd5-42e3-81bd-00a4024523ae,Q1,1st Quarter - Report,2025,first_quarter,1st Quarter (Jan 1 - Mar 31),,2025-04-01 14:06:53,2026-03-07 10:22:33.742865,30000.0,,,,"Paul J. Reagan, Sr. Vice President & Director",https://lda.senate.gov/api/v1/filings/c375df82-bfd5-42e3-81bd-00a4024523ae/,520,3427
3563,746ec4b7-531b-4397-81a4-d066451bde4c,Q1,1st Quarter - Report,2025,first_quarter,1st Quarter (Jan 1 - Mar 31),,2025-04-01 14:08:24,2026-03-07 10:22:33.747798,20000.0,,,,"Paul J. Reagan, Sr. Vice President & Director",https://lda.senate.gov/api/v1/filings/746ec4b7-531b-4397-81a4-d066451bde4c/,520,3428
3564,5205e8b3-2b79-40b0-9789-800d7cce6029,RR,Registration,2025,first_quarter,1st Quarter (Jan 1 - Mar 31),,2025-04-01 14:09:17,2026-03-07 10:22:33.752546,,,,,RYAN CRUMPLER,https://lda.senate.gov/api/v1/filings/5205e8b3-2b79-40b0-9789-800d7cce6029/,1069,3429
3565,bfb7144d-f91c-45e3-a50e-94ba1c36a365,Q1,1st Quarter - Report,2025,first_quarter,1st Quarter (Jan 1 - Mar 31),,2025-04-01 14:09:50,2026-03-07 10:22:33.757160,10000.0,,,,"Paul J. Reagan, Sr. Vice President & Director",https://lda.senate.gov/api/v1/filings/bfb7144d-f91c-45e3-a50e-94ba1c36a365/,520,3430
3566,62f328dd-583f-4f21-b529-16c00a389f9d,Q1,1st Quarter - Report,2025,first_quarter,1st Quarter (Jan 1 - Mar 31),,2025-04-01 14:11:11,2026-03-07 10:22:33.761976,20000.0,,,,Nell Dillard,https://lda.senate.gov/api/v1/filings/62f328dd-583f-4f21-b529-16c00a389f9d/,515,3431
3567,6bdb950e-f346-4b31-bb20-51c2943c4bbb,Q1,1st Quarter - Report,2025,first_quarter,1st Quarter (Jan 1 - Mar 31),,2025-04-01 14:11:49,2026-03-07 10:22:33.767760,10000.0,,,,"Paul J. Reagan, Sr. Vice President & Director",https://lda.senate.gov/api/v1/filings/6bdb950e-f346-4b31-bb20-51c2943c4bbb/,520,3068
3568,d97d8ed1-93d4-4f20-b6aa-2be21c4b9fc6,RR,Registration,2025,first_quarter,1st Quarter (Jan 1 - Mar 31),,2025-04-01 14:11:53,2026-03-07 10:22:33.772650,,,,,RYAN CRUMPLER,https://lda.senate.gov/api/v1/filings/d97d8ed1-93d4-4f20-b6aa-2be21c4b9fc6/,1069,3432
3569,154ad096-2c7d-4258-a884-c6b341d3bd27,Q1,1st Quarter - Report,2025,first_quarter,1st Quarter (Jan 1 - Mar 31),,2025-04-01 14:12:59,2026-03-07 10:22:33.776916,20000.0,,,,Nell Dillard,https://lda.senate.gov/api/v1/filings/154ad096-2c7d-4258-a884-c6b341d3bd27/,515,3433
3570,57a5f526-d6e0-402e-9f23-d2d4bd696ce8,Q1,1st Quarter - Report,2025,first_quarter,1st Quarter (Jan 1 - Mar 31),,2025-04-01 14:14:04,2026-03-07 10:22:33.781735,30000.0,,,,Nell Dillard,https://lda.senate.gov/api/v1/filings/57a5f526-d6e0-402e-9f23-d2d4bd696ce8/,515,3434
3571,81af1bcf-f608-4738-ab0d-49162306f7e8,RR,Registration,2025,first_quarter,1st Quarter (Jan 1 - Mar 31),,2025-04-01 14:15:10,2026-03-07 10:22:33.786653,,,,,"William Minor, Partner",https://lda.senate.gov/api/v1/filings/81af1bcf-f608-4738-ab0d-49162306f7e8/,64,3435
3572,3198e641-3ce0-46e2-bd1c-f329491805f8,1T,1st Quarter - Termination,2025,first_quarter,1st Quarter (Jan 1 - Mar 31),,2025-04-01 14:16:47,2026-03-07 10:22:33.791451,,,,,Dane R Christiansen,https://lda.senate.gov/api/v1/filings/3198e641-3ce0-46e2-bd1c-f329491805f8/,1072,3436
3573,a734b9e7-8082-489f-99f4-71bed73625fb,1T,1st Quarter - Termination,2025,first_quarter,1st Quarter (Jan 1 - Mar 31),,2025-04-01 14:18:31,2026-03-07 10:22:33.797020,,,,,Dane R Christiansen,https://lda.senate.gov/api/v1/filings/a734b9e7-8082-489f-99f4-71bed73625fb/,1072,3437
3574,bb18c107-ed5f-4a02-8514-f6bf850cee02,Q1,1st Quarter - Report,2025,first_quarter,1st Quarter (Jan 1 - Mar 31),,2025-04-01 14:21:33,2026-03-07 10:22:33.801554,10000.0,,,,Dane R Christiansen,https://lda.senate.gov/api/v1/filings/bb18c107-ed5f-4a02-8514-f6bf850cee02/,1072,3438
3575,6ac52b3a-12f7-492a-b419-9b665674ab26,RA,Registration - Amendment,2025,first_quarter,1st Quarter (Jan 1 - Mar 31),,2025-04-01 14:22:50,2026-03-07 10:22:33.807281,,,,,Jeffrey William Plummer,https://lda.senate.gov/api/v1/filings/6ac52b3a-12f7-492a-b419-9b665674ab26/,1073,3439
