id,senate_id,name,description,address,country,state
1,61414,"NEXXUS CONSULTING, LLC",consulting firm,,US,VA
2,314738,GORDON THOMAS HONEYWELL GOVERNMENTAL AFFAIRS,lobbying firm,,US,DC
3,1171,"ALPINE GROUP PARTNERS, LLC.",Public relations consulting firm,,US,DC
4,401110198,SIERRA PACIFIC STRATEGIES,,,US,OR
5,401110179,ADAPTIVE GOVERNMENT RELATIONS,,,US,VA
6,67193,MORRISON PUBLIC AFFAIRS GROUP,Public affairs consulting firm,,US,MD
7,401109659,RJL SOLUTIONS,,,US,IN
8,401110209,"WGC USA, INC.",,,US,NY
9,401110211,"GLOBAL CONNECTION GROUP, LLC",,,US,VA
10,401109999,LOBBYING FOR IMPROVEMENTS,,,US,IL
11,401107311,"STRATEGIC CAPITOL GROUP, LLC",,,US,VA
12,401106013,"OSCAR POLICY GROUP, LLC",Lobbying firm.,,US,DC
13,401109383,CONVERGE PUBLIC STRATEGIES,,,US,FL
14,400382761,"RED MAPLE CONSULTING, LLC",Government affairs consulting,,US,VA
15,401107308,LODESTONE DC,,,US,VA
16,7257,"BROWNSTEIN HYATT FARBER SCHRECK, LLP",Law firm,,US,DC
17,401108330,CHM LLC DBA ATLAS COMMUNITY STUDIOS,,,US,DC
18,401110219,AVISON STRATEGIES LLC,,,US,DC
19,400400892,"ATS COMMUNICATIONS, INC. (DBA SILBEY STRATEGIES)",Government Services,,US,DC
20,401103935,"SARAH BLACKWOOD GOVERNMENT RELATIONS, LLC",government relations consulting firm,,US,VA
21,401099066,PETRA STRATEGIES LLC,Consulting and Lobbying Firm,,US,VA
22,401106073,REVERE FEDERAL STRATEGIES,Strategic advisory and government relations firm for high-growth small businesses.,,US,MD
23,400745228,"PORTER GROUP, LLC",Government affairs and business consulting,,US,DC
24,401108659,ARK STRATEGY,,,US,MD
25,401104906,ATLAS CROSSING LLC,Consulting firm.,,US,DC
26,75570,J M BURKMAN & ASSOCIATES,Lobbying,,US,VA
27,401109900,CONFIDENT STRATEGY GROUP LLC,,,US,NY
28,401104281,A1.9 STRATEGIES LLC,lobbying and consulting services,,US,VA
29,323318,BRODY GROUP L.L.C. PUBLIC AFFAIRS,Public Affairs,,US,DC
30,401105597,FORWARD GLOBAL,Government Affairs and Consulting,,US,DC
31,401110180,VIRFIN SOLUTIONS LLC,,,US,ID
32,401106285,"CONTINENTAL STRATEGY, LLC",Governmental and Business Consulting,,US,DC
33,88575,SSA MARINE,,,US,WA
34,401105559,BRYANT SONGY SNELL LLC,consulting and lobbying,,US,MS
35,401110048,"TOWER STRATEGY, LLC",,,US,DC
36,401105212,PARK&K PUBLIC AFFAIRS LLC,government relations and public affairs,,US,NY
37,35230,SIDLEY AUSTIN LLP,law firm,,US,DC
38,400954758,SCHOENING STRATEGIES,Lobbying Firm,,US,DC
39,5357,BGR GOVERNMENT AFFAIRS,Lobbying firm,,US,DC
40,401110071,"EDWARD C. OLIVARES, LLC",,,US,VA
41,400383768,"JOHNSTON GROUP, LLC",Public affairs consulting company,,US,WA
42,401108855,"QUICKEL CONSULTING SERVICES, LLC",,,US,OH
43,39941,VENABLE LLP,Law firm,,US,DC
44,293335,"THE NICKLES GROUP, LLC",Consulting firm.,,US,DC
45,308811,LNE GROUP,Government affairs consulting,,US,OH
46,401110232,PARALLEL SYSTEMS,,,US,CA
47,401110225,DARLING INGREDIENTS INC.,,,US,TX
48,401104288,BALLARD PARTNERS,Government relations and advocacy services,,US,DC
49,401110191,"SPRING CARE, INC.",,,US,NY
50,401108563,HARO SOLUTIONS LLC,,,US,VA
51,401106778,"NEW FRONT STRATEGIES GROUP, LLC",,,US,VA
52,70175,"MERCURY PUBLIC AFFAIRS, LLC",lobbying,,US,DC
53,314911,POLSINELLI PC,Law Firm,,US,DC
54,401106132,"RUBIN, TURNBULL & ASSOCIATES",Public affairs consulting firm.,,US,FL
55,401104982,"AQUIA GROUP, LLC",Legislative Consulting Firm,,US,VA
56,19731,INTERNATIONAL ASSOCIATION OF CHIEFS OF POLICE,,,US,VA
57,290811,MS. ELIZABETH LAVACH,consulting,,US,VA
58,74135,"HEALTH POLICY SOURCE, INC.","Healthcare lobbying, policy, and strategy services for Federal programs",,US,VA
59,57475,ERNST & YOUNG LLP (WASHINGTON COUNCIL ERNST & YOUNG),Professional services firm,,US,DC
60,40012089,SUMMIT HEALTH CARE CONSULTING,health policy consulting,,US,CO
61,401110230,"ROSS TAYLOR & ASSOCIATES, LLC",,,US,AL
62,401108050,SKYLINE CAPITOL LLC,,,US,DC
63,401110199,SINGISER SOLUTIONS LLC,,,US,DC
64,76855,DLA PIPER LLP (US),Law firm.,,US,DC
65,400903639,MABRY PUBLIC AFFAIRS LLC,Governmental Consulting,,US,TX
66,296271,"MINDSET ADVOCACY, LLC",lobbying and consulting,,US,DC
67,401110240,CAPITOL VIEW PARTNERS,,,US,DC
68,401110241,CITY OF SANTA CLARA,,,US,UT
69,400534596,THORN RUN PARTNERS,Government Affairs Firm,,US,DC
70,400275297,CHANGENT (FKA NURSE-FAMILY PARTNERSHIP COLORADO),Supports communities in implementing evidence-based nurse home visitation program,,US,CO
232,401107432,AXADVOCACY GOVERNMENT RELATIONS,,,US,DC
233,401104408,KELLER PARTNERS & COMPANY,Government Affairs Firm,,US,DC
234,46038,"JEFFREY J. KIMBELL & ASSOCIATES, INC.",Consulting Firm,,US,DC
235,401103367,"LEAVITT PARTNERS, LLC",Consulting.,,US,DC
236,86196,FGS GLOBAL (US) LLC (FKA FGH HOLDINGS LLC),Legislative and public affairs firm.,,US,DC
237,401109332,RAGNAR GROUP LLC,,,US,VA
238,401106268,KILEY & ASSOCIATES,Government Affairs,,US,DC
239,10478,CFM STRATEGIC COMMUNICATIONS (CONKLING FISKUM & MCCORMICK),Joint Municipal Water District,,US,DC
240,401109535,GLOBAL SHIELD,,,US,DC
241,401109933,162 STRATEGIES,,,US,MO
242,401110160,FAN DUEL INC.,,,US,NY
243,401109604,RS GROUP CONSULTING LLC,,,US,MT
244,401105150,"MASON STREET CONSULTING, LLC",Lobbying and consulting.,,US,VA
245,401105021,VECTIS DC,federal government relations,,US,DC
246,401104475,"NEALE CREEK, LLC",Legislative and Public Affairs firm,,US,MD
247,401109030,"COVENANT GOVERNMENT AFFAIRS, LLC",,,US,FL
248,283696,"BECKER & POLIAKOFF, P.A.",Law firm,,US,DC
249,401109450,"THE ABECEDARIAN GROUP, LLC",,,US,TX
250,401110100,NEW ADVOCATE INC,,,US,MA
251,401107915,LE ROI CAPITAL - STERLIN & SHARMA LLC,,,US,NY
252,72111,AVENUE SOLUTIONS,Government representation,,US,DC
253,401107574,"ICEBREAKER STRATEGIES, LLC",,,US,VA
254,75557,"CORNERSTONE GOVERNMENT AFFAIRS, INC.",Government relations and consulting.,,US,DC
358,48827,OGR,lobbying firm,,US,DC
255,401104646,"FEDERAL HALL POLICY ADVISORS, LLC",Consulting and advocacy.,,US,DC
256,400275281,"LIBERTY PARTNERS GROUP, LLC",Government Relations Consulting Firm.,,US,DC
257,401108114,ROSALIND FRANKLIN UNIVERSITY OF MEDICINE AND SCIENCE,,,US,IL
258,297033,"TORREY ADVISORY GROUP (FORMERLY MICHAEL TORREY ASSOCIATES, LLC)",Government Relations Firm.,,US,DC
259,35640,"CARPI & CLAY, INC",lobbying firm,,US,DC
260,400703107,"THE GIBSON GROUP, LLC",&#226;€‹Government Affairs Consulting Firm.,,US,DC
261,61174,"DCI GROUP, L.L.C.",Public affairs,,US,DC
262,401108939,CONNECTOR INC.,,,US,TX
263,401109462,LANDMARK CONSULTING SOLUTIONS,,,US,TX
264,400774330,S-3 GROUP,Government consulting firm,,US,DC
265,401104322,"MERCHANT MCINTYRE & ASSOCIATES, LLC",MM is a government relations firm serving nonprofits.,,US,DC
266,20414,"JAMISON AND SULLIVAN, INC.",Govvernment affairs consulting,,US,DC
267,401106373,WHEAT SHROYER GOVERNMENT RELATIONS LLC,lobbying firm,,US,DC
268,16896,"GREENBERG TRAURIG, LLP",Law firm,,US,DC
269,401108299,"DB3, LLC (FKA THE DASCHLE GROUP)",,,US,DC
270,34887,SERVICE EMPLOYEES INTERNATIONAL UNION CTW-CLC,Labor Union,,US,DC
271,401110201,BLUEFORS INC. (FORMERLY KNOWN AS BLUEFORS),,,US,NY
272,400389810,PITTMAN LAW GROUP,,,US,FL
273,401110205,ENGAGE ADVOCACY LLC,,,US,VA
274,401105726,DCM GROUP LLC,Consulting Firm,,US,DC
275,32486,"PUBLIC STRATEGIES WASHINGTON, INC.",Lobbying firm,,US,DC
276,401104716,KLEIN/JOHNSON GROUP,Lobbying firm,,US,DC
277,299913,CARDINAL INFRASTRUCTURE LLC,Transportation and infrastructure lobbying and consulting.,,US,DC
278,400507495,SPIRIT ROCK CONSULTING,Government Affairs.,,US,VA
279,67854,ICE MILLER LLP,law firm,,US,IN
280,401109235,"BACKSTOP STRATEGIES, LLC",,,US,VA
281,401107353,CLASSIFIED POLITICAL CONSULTANTS LLC.,,,US,TN
282,401110248,MAVERICK HILL PARTNERS,,,US,VA
283,401110145,ANCHOR & ARROW LLC,,,US,DC
284,35707,SMITH GARSON FKA SMITH DAWSON & ANDREWS,Government affairs,,US,DC
285,401110076,JUSTIN FRANK,,,US,DC
286,72053,CAPITOL HILL CONSULTING GROUP,Government Relations Firm,,US,DC
287,401107217,ORIGIN ADVOCACY LLC,,,US,VA
288,30906,SQUIRE PATTON BOGGS,Law Firm,,US,DC
289,401110044,ETHAN DURSTELER,,,US,VA
290,401105461,"1607 STRATEGIES, LLC",Private consulting firm.,,US,DC
291,50796,WINNING STRATEGIES WASHINGTON,Government relations firm,,US,DC
292,401106020,LARKIN HOFFMAN,non profit,,US,MN
293,54734,"TOWNSEND PUBLIC AFFAIRS, INC",government affairs,,US,CA
294,23645,"MANATT, PHELPS, AND PHILLIPS",Law firm,,US,DC
295,401108817,THE BISHOP CONSULTING GROUP,,,US,UT
296,2057,ACG ADVOCACY,Government Affairs.,,US,DC
297,401110255,INTERNATIONAL REFUGEE ASSISTANCE PROJECT (IRAP),,,US,NY
298,401108974,"THE ARTEMIS GROUP, LLC (OKLAHOMA)",,,US,OK
299,1182,ALSTON & BIRD LLP,Law Firm,,US,DC
300,401104734,THE VOGEL GROUP,Global lobbying and business advisory firm,,US,DC
301,401106172,"T CAP SOLUTIONS, LLC",Government Affairs Firm,,US,DC
302,401109537,NEXUSONE CONSULTING,,,US,DC
303,305932,"THE PETRIZZO GROUP, INC.",Government Relations and Strategic Communications Firm,,US,DC
304,21632,KING & SPALDING LLP,Law firm,,US,DC
305,401109009,"CORCORAN & ASSOCIATES, INC. DBA CORCORAN PARTNERS",,,US,FL
306,71917,HARTWELL CAPITOL CONSULTING,"Marketing, business development and lobbying.",,US,VA
307,8987,CHESAPEAKE ENTERPRISES,Endless Frontier Act,,US,TX
308,401110286,J BRABANT CAPITOL STRATEGIES,,,US,VA
309,401105227,BRIAN GLACKIN & ASSOCIATES LLC,Government Relations consulting,,US,VA
310,401107294,VALCOUR LLC,,,US,DC
311,401104651,"NORTH STAR STRATEGIES, LLC",Government Relations Firm,,US,KY
312,400421012,BUTLER SNOW LLP,Law firm,,US,MS
313,401108770,CAPITOL PATH CONSULTING LLC FKA CULTON CONSULTING LLC,,,US,WA
314,401109820,CONWAY CAPITOL CONSULTING LLC,,,US,DC
315,40006051,"JBS COMMUNICATIONS, LLC",Government Relations,,US,KY
316,32098,"K&L GATES, LLP",Law firm,,US,DC
317,401110282,MONTICELLO ADVISORY GROUP,,,US,MD
318,401105809,"NEW LANTERN, LLC","Public affairs, corporate social responsibility, and philanthropy consulting firm.",,US,VA
319,401107086,CAPITOL SOLUTIONS LLC (MD),,,US,MD
320,400535604,THE FRIEDLANDER GROUP,consultant,,US,NY
321,34295,"SANDLER, TRAVIS & ROSENBERG, P.A.",Law firm,,US,DC
322,401110292,CAPITOL PRECISION STRATEGIES,,,US,VA
323,313794,THE DLM GROUP,Government Relations,,US,VA
324,401109281,RYAN STRATEGIC LLC,,,US,PA
325,38643,DAVID TURCH & ASSOC.,Government Relations Consulting,,US,DC
326,313271,"AVOQ, LLC",Lobbying firm,,US,DC
327,401106585,LGL ADVISORS LLC,,,US,FL
328,401108441,"GIPPER COMMUNICATIONS, LLC",,,US,NY
329,292458,"FEDERATED HERMES, INC.(FORMERLY KNOWN AS FEDERATED INVESTORS, INC.)",Investment management services,,US,PA
330,401109379,"RAAB GOVERNMENT STRATEGIES, LLC",,,US,VA
331,400886595,THE ROOSEVELT GROUP,Lobbying Firm,,US,DC
332,40013107,THE UNIVERSITY OF TEXAS AT AUSTIN,Director of Federal Affairs for the University of Texas at Austin,,US,TX
333,401109394,"CLARIOS, LLC",,,US,WI
334,401105198,"LANTHEUS HOLDINGS, INC.","Manufacture, marketing, sales and distribution of diagnostic medical imaging agents",,US,MA
335,401105918,"BROWN & WEINRAUB ADVISORS, LLC",Law Firm/Government Relations,,US,NY
336,5131,BAKER & HOSTETLER LLP,Law firm,,US,DC
337,682,AKIN GUMP STRAUSS HAUER & FELD,Law firm,,US,DC
338,401106174,"OLD NORTH STRATEGIES, LLC",government affairs,,US,NC
339,401104340,"GOVERNMENT RELATIONS GROUP, LLC",Government Relations,,US,FL
340,401103144,CAPITOL INTEGRATION,Government Relations Advisory,,US,FL
341,401103834,"THEGROUP DC, LLC",&#226;€‹Consulting and lobbying services.,,US,DC
342,40024191,MR. BRIAN KELLY,Consultant,,US,VA
343,400750245,NATIONAL CANNABIS INDUSTRY ASSOCIATION,Trade Association,,US,DC
344,401107402,"LAKE SHORE STRATEGIES, LLC",,,US,SC
345,401109853,DAUGHERTY STRATEGIES LLC,,,US,WY
346,401109039,CHECKMATE GOVERNMENT RELATIONS,,,US,NC
347,66773,"THE CORMAC GROUP, LLC",Lobbying and consulting,,US,DC
348,292538,"BARKER LEAVITT, PLLC (SKA MR. JAMES C. BARKER)",Law Firm,,US,DC
349,401104750,CHARTWELL STRATEGY GROUP LLC,&#226;€‹&#226;€‹&#226;€‹Public/Government Affairs,,US,DC
350,401029902,JAKE PERRY + PARTNERS,Government Affairs,,US,DC
351,307730,"POLARIS GOVERNMENT RELATIONS, LLC",Government Affairs Firm,,US,VA
352,8670,CENTER ON BUDGET AND POLICY PRIORITIES,,,US,DC
353,292892,"WHITMER & WORRALL, LLC",A government relations and consulting firm.,,US,DC
354,400670003,"LEBLANC GOVERNMENT RELATIONS, LLC",Federal Government Relations,,US,NC
355,401105651,GROUNDSWELL STRATEGY LLC,Consulting firm,,US,VA
356,401103565,MICHAEL BEST STRATEGIES LLC,Government Relations Firm,,US,DC
357,400976792,FORBES-TATE,Government Relations Firm.,,US,DC
2537,401103736,"MOONEY, GREEN, SAINDON, MURPHY & WELCH, P.C.",law firm,,US,DC
2538,55165,"CAPITOL DECISIONS, INC.",Government Relations Consultant,,US,DC
2539,87131,AMERICAN COLLEGE OF RADIOLOGY ASSOCIATION,"Government Relations, advocacy",,US,DC
2540,28435,REAL ESTATE ROUNDTABLE,,,US,DC
2541,287394,PUTALASTRATEGIES,Public Policy Consulting Services,,US,DC
2542,48816,FMR LLC,,,US,MA
2543,74795,"MADISON SERVICES GROUP, INC",lobbying firm,,US,DC
2544,401104607,SENIOR CARE PHARMACY COALITION,&#226;€‹Advocacy organization representing the interests of independent long-term care pharmacies,,US,DC
2545,401108021,THE GENERATION FOUNDATION,,,GB,
2546,401108881,VERANO HOLDINGS LLC,,,US,IL
2547,401108551,OMEGA STRATEGIES LLC (DC),,,US,DC
2548,400764307,FRAGRANCE CREATORS ASSOCIATION,Trade association representing the fragrance industry.,,US,VA
2549,401105766,"DELAWARE NORTH COMPANIES, INC.",Global hospitality company working with national parks and airport concessions.,,US,NY
2550,299992,NORTHWESTERN UNIV,,,US,IL
2551,401108681,SOLVE ADVOCACY LLC,,,US,VA
2552,401108002,NEOWISE CORP.,,,US,CO
2553,401108173,WOODLAND RESOURCES,,,US,AL
2554,20128,INVESTMENT COMPANY INSTITUTE,,,US,DC
2555,400504481,"SAFER CHEMICALS, HEALTHY FAMILIES",Environmental Health Coalition,,US,DC
2556,401103241,MACK STRATEGIES,Lobbying,,US,FL
2557,319211,EXPEDIA GROUP,,,US,WA
2558,400305428,PRIMERICA LIFE INSURANCE COMPANY,Life Insurance,,US,GA
2559,27332,"NATIONAL BUSINESS AVIATION ASSOCIATION, INC.",,,US,DC
2560,67078,DESIGN-BUILD INSTITUTE OF AMERICA,Professional Association,,US,DC
2561,52105,AMERICAN ASSOCIATION OF ORTHOPAEDIC SURGEONS,,,US,IL
2562,401107826,"RED BULL NORTH AMERICA, INC.",,,US,CA
2563,401106959,CONTINENTAL CASUALTY COMPANY,,,US,IL
2564,401109029,ANIMAL LEGAL DEFENSE LEGISLATIVE FUND,,,US,CA
2565,298012,"REINECKE STRATEGIC SOLUTIONS, INC.",Policy and communications consulting,,US,MD
2566,43764,FIRSTENERGY CORP,Utility,,US,OH
2567,614,"AIR TRANSPORT ASSOCIATION OF AMERICA, INC. (D/B/A AIRLINES FOR AMERICA)",Trade association representing the larger U.S. passenger and cargo airlines,,US,DC
2568,401106266,"OCEAN SPRAY CRANBERRIES, INC",Agricultural Cooperative,,US,MA
2569,401108933,A NEW POLICY INC.,,,US,DC
2570,28708,NATIONAL TREASURY EMPLOYEES UNION,,,US,DC
2571,401105452,"HEMLOCK SEMICONDUCTOR OPERATIONS, LLC",Manufacturer of polycrystalline silicon and semiconductor chemicals.,,US,MI
2572,2274,AMERICAN EXPRESS COMPANY,,,US,DC
2573,401105257,HAWKEYE 360 INC.,Commercial satellite company,,US,VA
2574,401107081,SHIONOGI INC.,,,US,NJ
2575,38506,TRIWEST HEALTHCARE ALLIANCE,Managed Care Support Contractor,,US,AZ
2576,31235,WIRELESS INFRASTRUCTURE ASSOCIATION,telecommunications trade association,,US,VA
2577,58476,"EMBRAER AIRCRAFT HOLDING, INC.",,,US,FL
2578,401109426,"BETZ STRATEGIES, LLC",,,US,MD
2579,400359670,HBW RESOURCES,Lobbying and consulting,,US,TX
2580,401109484,TERADYNE INC.,,,US,MA
2581,401108453,NIRON MAGNETICS,,,US,MN
2582,27274,NATIONAL BEER WHOLESALERS ASSOCIATION,,,US,VA
2583,400949742,"CHENIERE ENERGY, INC.",Issues regarding LNG,,US,DC
2584,13335,ELECTRICITY CONSUMERS RESOURCE COUNCIL (ELCON),,,US,DC
2585,8101,"CAPITOL ASSOCIATES, INC.",Government Relations Health Policy Consulting Firm,,US,VA
2586,401106348,COALITION FOR DEEP SPACE EXPLORATION,"Advocate for space exploration, space science, and US space technology leadership",,US,DC
2587,40009070,U.S. APPLE ASSOCIATION,Trade Association representing the United States Apple Industry,,US,VA
2588,27423,NATIONAL CLUB ASSOCIATION,,,US,VA
2589,52652,NATIONAL BREAST CANCER COALITION FUND,,,US,DC
2590,400387796,BROOKFIELD POWER US ASSET MANAGEMENT LLC,Renewable Energy,,US,DE
2591,401105828,ACADIA PHARMACEUTICALS,Biopharmaceutical company,,US,CA
2592,401105459,BPO STRATEGIES,Public policy consultant,,US,CA
2593,76695,"TEVA PHARMACEUTICALS USA, INC.",,,US,NJ
2594,400426039,"CAPITOLINE CONSULTING, LLC",&#226;€‹ Government relations consulting,,US,VA
2595,401020884,"HOOPER, LUNDY & BOOKMAN, P.C.",law firm,,US,DC
2596,323876,"BLUE CROSS AND BLUE SHIELD OF KANSAS, INC.",,,US,KS
2597,401107126,COPENHAGEN INFRASTRUCTURE PARTNERS INC.,,,US,NY
2598,40544,WGL,utilities,,US,DC
2599,401108917,"SOUTH BOW USA SERVICES, INC.",,,US,TX
2600,287270,AKERMAN LLP,Law Firm,,US,DC
2601,401105246,HOUSING POLICY COUNCIL,trade association,,US,DC
2602,401105059,"STELLA-JONES CORPORATION (FORMERLY KNOWN AS MCFARLAND CASCADE HOLDINGS, INC.)","Wood treater, manufacturer wood products.",,US,WA
2603,401107260,"RIOT PLATFORMS, INC.",,,US,CO
2604,400898623,BLACK HILLS CORPORATION,energy company,,US,SD
2605,401104319,"FIDELITY NATIONAL INFORMATION SYSTEMS, INC. AND SUBSIDIARIES",Financial Services Software & Payment Processing,,US,FL
2606,401108647,HOGAN POLICY ADVISORS,,,US,VA
2607,60138,AMERICAN PSYCHOLOGICAL ASSOCIATION SERVICES INC.(FKA AMERICAN PSYCHOLOGICAL ASSN,,,US,DC
2608,401107888,BAKER COMMODITIES,,,US,CA
2609,400395867,"BELL & LINDSAY, INC.",Lobbying and Consulting,,US,DC
2610,15986,GENERAL DYNAMICS CORP,,,US,VA
2611,401105594,"FOUNDATION MEDICINE, INC.","Develop, manufacture and sell genomic analysis oncology diagnostics",,US,MA
359,401108914,RIDGE PATH STRATEGIES,,,US,VA
360,18466,HOLLAND & KNIGHT LLP,Law Firm,,US,DC
361,291572,"RUFFALO AND ASSOCIATES, LLC",government affairs consulting,,US,VA
362,401110224,"TOYOTA TSUSHO AMERICA, INC.",,,US,NY
363,6325,BLANK ROME GOVERNMENT RELATIONS,Government Relations,,US,DC
364,401103475,"VENTURE GOVERNMENT STRATEGIES, LLC (FKA HOBART HALLAWAY & QUAYLE VENTURES, LLC)",government relations and public affairs,,US,TN
365,41454,"WILLIAMS AND JENSEN, PLLC",Lobbying Law Firm,,US,DC
366,401106938,TELEGRAPH AVENUE ADVISORS,,,US,DC
367,38778,U.S. FUND FOR UNICEF,,,US,DC
368,401103221,KASOWITZ LLP,Law firm providing legal services.,,US,DC
369,401110352,HAVOCAI,,,US,RI
370,401105870,"FORZA DC, LLC",Federal Strategies and Consulting Firm,,US,GA
371,401110337,CAROLINA FINANCIAL GROUP,,,US,NC
372,401036920,BLOOM STRATEGIC COUNSEL,"&#226;€‹Government Relations, Public Policy, and Legal Services",,US,DC
373,401105573,"DHI CONSULTING GROUP, LLC",Lobbyist,,US,TX
374,401108728,CAPITOL HILL ASSOCIATES,,,US,MN
375,401105836,"JCWS,LLC",Public Affairs,,US,DC
376,401110073,"LOCKE LOBBYING CO., LLC",,,US,VA
377,401105820,DIROMA ECK & CO. LLP,Advisory firm,,US,DC
378,8511,"CAVAROCCHI RUSCIO DENNIS ASSOCIATES, L.L.C.",Consultant firm,,US,DC
379,36710,STEPTOE LLP,Law Firm.,,US,DC
380,401107972,ACORN CONSULTING,,,US,DC
381,401107502,"MORAN GLOBAL STRATEGIES, INC.",,,US,DC
382,401104718,HB STRATEGIES,Government Affairs Consulting,,US,DC
383,313715,CAPITOL COUNSEL LLC,Government affairs.,,US,DC
384,401109307,RIDGELINE ADVOCACY GROUP LLC,,,US,DC
385,401110164,ELECTUS GOVERNMENTAL AFFAIRS,,,US,NC
386,284950,"MEHLMAN CONSULTING, INC.",Government Affairs Consulting Services,,US,DC
387,401105977,"MZ ADVISING, LLC",Legislative strategy,,US,VA
388,401110335,MS. STEPHANIE KENNAN,,,US,DC
389,401110074,SAXTON & STUMP LAWYERS & CONSULTANTS,,,US,PA
390,401070011,"SMITH ADVOCACY GROUP, LLC",government relations,,US,DC
391,400846497,PICARD KENTZ & ROWE LLP,Law firm,,US,DC
392,401110186,KRESSIN POWERS LLC,,,US,DC
393,401107393,CORRIGAN & USSERY LLC,,,US,VA
394,401106551,"TIDAL STRATEGIES, LLC",,,US,MD
395,17443,HANCE SCARBOROUGH,Law Firm,,US,DC
396,401107628,MZLS LLC,,,PR,
397,401110365,ASG CORP.,,,US,VA
398,400894615,ASSOCIATION OF THE UNITED STATES NAVY,veteran services,,US,VA
399,401105779,SUMMA HEALTH,healthcare,,US,OH
400,401109550,PUZZLE BOX GOVERNMENT RELATIONS,,,US,CA
401,401103483,BURRELL INTERNATIONAL GROUP LLC,Government Affairs Firm,,US,DC
402,401105445,TRANSNATIONAL STRATEGY GROUP LLC,Business and government affairs consultancy.,,US,DC
403,2775,THE AMERICAN LEGION,,,US,IN
404,401110173,CAPITOL DOME ADVOCACY,,,US,DC
405,400581776,RIDGE POLICY GROUP,Lobbying firm,,US,DC
406,401109653,THE BERNHARDT GROUP LLC,,,US,DC
407,401109721,DUTKO GOVERNMENT RELATIONS,,,US,DC
408,400500471,GOTHAM GOVERNMENT RELATIONS,Government Relations and Lobbying Firm,,US,NY
409,400577737,THE INGRAM GROUP LLC,strategic affairs firm,,US,DC
410,401109805,ZERO MILE STRATEGIES,,,US,DC
411,55291,BUCHANAN INGERSOLL & ROONEY PC,law firm,,US,DC
412,401103717,"DSD ADVISORS, LLC",,,US,OH
413,401108637,"PHRONESISDC, LLC",,,US,VA
414,36105,DENTONS US LLP,Law Firm,,US,DC
415,11628,"DAVIDOFF HUTCHER & CITRON, LLP",Law and Lobbying Firm,,US,DC
416,400685041,PENN HILL GROUP,Consulting and Government Relations Firm,,US,DC
417,298158,"SONORAN POLICY GROUP, LLC D/B/A STRYK GLOBAL DIPLOMACY, FORMERLY KNOWN AS SONORA",Government Relations Consultant,,US,DC
418,401105551,CAPITOL 6 ADVISORS,consulting firm,,US,VA
419,400758265,"BAYARD RIDGE GROUP, LLC",Consulting regarding agricultural regulatory and legislative affairs,,US,DC
420,62712,AMERICAN CONSERVATIVE UNION,Conservative Political Action Committee,,US,VA
421,401108302,SAUNDERS GLOBAL DIPLOMACY,,,US,AZ
422,20881,"JONES WALKER, LLP",LAW FIRM,,US,DC
423,401104785,CAPITOL HILL POLICY GROUP LLC,government relations and public affairs,,US,DC
424,401109113,DIGITAL ENERGY COUNCIL,,,US,DC
425,25603,"ML STRATEGIES, LLC",Government relations consulting firm,,US,DC
426,401104641,LOT SIXTEEN LLC,Government relations and communications consulting and support.,,US,DC
427,39837,VAN SCOYOC ASSOCIATES,Government Relations Consultant,,US,DC
428,300195,FREEMYER & ASSOCIATES P.C.,Consulting firm,,US,DC
429,401109781,GROISMAN LLC,,,US,FL
430,401110376,LEGACY PUBLIC POLICY,,,US,DC
431,401106546,DGA GROUP GOVERNMENT RELATIONS LLC,,,US,DC
432,314237,INVARIANT LLC,Government relations firm,,US,DC
433,401107175,"CAPITOL STRATEGIES US, LLC",,,US,MD
434,401104782,"GALLANT GOVERNMENT & LAW GROUP, LLC",law firm,,US,MD
435,401107213,"OMEGA STRATEGIES, LLC.",,,US,MD
436,400531586,"CROSSROADS STRATEGIES, LLC",lobbying firm,,US,DC
437,401105307,COLLECTIVE STRATEGIES & COMMUNICATIONS,Governmental affairs and media communications firm,,US,DC
438,18422,HOGAN LOVELLS US LLP,Law Firm,,US,DC
439,401107930,VARYAG LLC,,,US,VA
440,818,ALCALDE & FAY,Government Relations and Lobbying,,US,VA
441,401110375,LEVY FIRESTONE MUSE LLP,,,US,DC
442,400458208,STERNHELL GROUP,Consulting and advocacy firm,,US,DC
443,401109481,FRONTLINE GOVERNMENT RELATIONS,,,US,DC
444,401110343,"HITTLE STRATEGIES, LLC",,,US,VA
445,401110363,CATURUS,,,US,TX
446,401103287,MCDERMOTT+ LLC,Consulting Firm,,US,DC
447,401110264,YONDR INC,,,US,CA
448,308775,MONUMENT ADVOCACY,Government affairs and strategic consulting services,,US,DC
449,401110161,"CATALYST STRATEGIES, LLC",,,US,VA
450,20744,TIBER CREEK GROUP,Government Relations.,,US,DC
451,313670,"POTOMAC CAPITOL ASSOCIATES, INC.",Consulting,,US,VA
452,76833,"NVG, LLC",Government Relations Firm,,US,DC
453,401110294,VASTO STRATEGIES LLC,,,US,CA
454,401109378,FRONTERA GROUP,,,US,FL
735,401106624,CROSSWINDS SOLUTIONS,,,US,DC
455,401104328,"CAMERON KRIER MASSEY, INC. DBA SCOUT GR","Government relations, policy and advocacy support",,US,TX
456,11402,IKON PUBLIC AFFAIRS,public affairs consulting,,US,PA
457,2194,"AMERICAN DEFENSE INTERNATIONAL, INC.",Lobbying and consulting firm.,,US,DC
458,401105537,BRIDGEWAY ADVOCACY,&#226;€‹Government relations.,,US,DC
459,400867541,DUANE MORRIS GOVERNMENT STRATEGIES,government affairs firm,,US,PA
460,22781,"LEWIS-BURKE ASSOCIATES, LLC",Lobbying and Consulting Firm,,US,DC
461,401109211,"FARLEY LAW, PLLC",,,US,TX
462,401104596,YELLOWSTONE STRATEGIES,Lobbying,,US,UT
463,401104898,"MOLNLYCKE HEALTH CARE US, LLC","Advanced products company for treatment & prevention of wounds, single use surgical device",,US,GA
464,401108969,"INTERSECT PUBLIC AFFAIRS, LLC",,,US,VA
465,400703105,EMPIRE CONSULTING GROUP,Government Relations,,US,DC
466,401110384,WINSLOW & CO PUBLIC AFFAIRS LLC,,,US,VA
467,18978,HUNTON ANDREWS KURTH LLP,Law Firm,,US,DC
468,401106014,NORTHERN COMPASS GROUP LLC,Consulting,,US,AK
469,401110381,CAHILL GORDON & REINDEL LLP,,,US,DC
470,401109047,SIDEPRIZE LLC D/B/A PRIZEPICKS,,,US,VA
471,401110373,"NOMINAL, INC. AND ITS U.S. SUBSIDIARY",,,US,TX
472,401109215,"EXODUS MOVEMENT, INC.",,,US,NE
473,401108130,CAPITOL PILLAR LLC,,,US,VA
474,400605842,"W STRATEGIES, LLC",Government Affairs Consulting Firm.,,US,DC
475,401109283,"MO STRATEGIES, INC.",,,US,IN
476,78072,EHRLICH & ASSOCIATES,Lobbying,,US,VA
477,401104071,NEW CENTURY GOVERNMENT AFFAIRS (F/K/A TERRENCE C. WOLFE),Government Relations,,US,DC
478,306636,"THE NORMANDY GROUP, LLC",Government affairs,,US,DC
479,401110395,ZEROEYES GOVERNMENT SOLUTION,,,US,PA
480,401108704,PORTFOLIO STRATEGIES LLC,,,US,VA
481,60116,MAYNARD NEXSEN PC,Law Firm,,US,AL
482,401110047,"VERSA GOVERNMENTAL STRATEGIES, LLC",,,US,MO
483,401110394,"POLICYPARTNER, LLC",,,US,MD
484,37232,SULLIVAN & CROMWELL LLP,Law firm.,,US,DC
485,8316,CARMEN GROUP INCORPORATED,Lobbying and Consulting Firm,,US,DC
486,35376,"COVINO SMITH & SIMON, INC. (FORMERLY SIMON AND COMPANY, INC.)",Intergovernmental relations,,US,DC
487,313511,J.A. GREEN AND COMPANY (FORMERLY LLC),Consultant for the defense industrial base and acquisition issues.,,US,DC
488,40033289,MR. DAN PERRIN,Consulting,,US,DC
489,401109596,MAVEN ADVOCACY PARTNERS LLC,,,US,TX
490,401110399,AMERICAN TRAIN DISPATCHERS ASSOCIATION,,,US,OH
491,401110366,"SYC STRATEGIES, LLC",,,US,OH
492,401109795,"SIGHTLINE ADVOCACY, LLC",,,US,VA
493,401110388,CALLAWASSIE CONSULTING LLC,,,US,NC
494,400637926,ARMORY HILL ADVOCATES (FORMERLY KNOWN AS RAWLSON POLICY GROUP),Government Relations Consulting Firm,,US,FL
495,401107378,"PREST PUBLIC STRATEGIES, LLC",,,US,OH
496,401109271,MCBRIDE CONSULTING & BUSINESS DEVELOPMENT GROUP,,,US,NY
497,401105388,HARVEY RUN STRATEGIES LLC,consulting firm,,US,PA
498,401109131,MARBLE ARCH,,,US,DC
499,401110172,THE WAYFINDER GROUP,,,US,DC
500,27822,NATIONAL FIRE PROTECTION ASSOCIATION,"NFPA develops, publishes, and disseminates consensus codes and standands.",,US,DC
501,400620885,"POBLETE TAMARGO, LLP",Law and Public Policy Firm,,US,VA
502,401105493,HILLNORTH LLC,Public Affairs Consultant,,US,DC
503,401104313,"MILLER STRATEGIES, LLC",strategic public affairs,,US,TX
504,400711132,"THE PICARD GROUP, LLC",governmental affairs and lobbying firm,,US,DC
505,12631,FAEGRE DRINKER BIDDLE & REATH LLP,Law firm,,US,DC
506,401103938,FARRAGUT PARTNERS LLP,Lobbying Firm,,US,DC
507,401110075,"XLA ADVISORS, LLC",,,US,NJ
508,401105121,"MARSHALL & POPP, LLC",&#226;€‹Government affairs and consulting firm.,,US,DC
509,401110403,"PASTORUM PARTNERS, LLC",,,US,VA
510,401109554,LIGHTHOUSE STRATEGIES LLC,,,US,DC
511,401104228,TEAM HALLAHAN LLC,Government Affairs Firm,,US,DC
512,401104556,BOUNDARY STONE PARTNERS,Public affairs and strategic communications firm,,US,DC
513,401110396,ROCK CREEK TRADE LLP,,,US,DC
514,401107789,STROGEN LLC,,,US,DC
515,307832,"ETHERTON AND ASSOCIATES, INC.",Lobbying and consulting services.,,US,VA
516,401110412,"CANPACK GROUP, INC. AND VARIOUS AFFILIATES",,,US,PA
517,401110386,TIKTOK USDS JOINT VENTURE LLC,,,US,CA
518,401103523,"HARBINGER STRATEGIES, LLC",Government Relations Firm.,,US,DC
519,400498457,"ROSEMONT ASSOCIATES, LLC",Business Consulting,,US,NJ
520,24486,MCGUIREWOODS CONSULTING (A SUBSIDIARY OF MCGUIREWOODS LLP),&#226;€‹Public Affairs Government Relations Services,,US,DC
521,401109726,KANTER STRATEGIES LLC,,,US,VA
522,401108550,TECHMET USA INC.,,,US,DE
523,401107747,ORSO GROUP,,,US,MD
524,289773,"BOCKORNY GROUP, INC.",Government relations firm,,US,DC
525,35560,"SKADDEN, ARPS, SLATE, MEAGHER & FLOM LLP",Law Firm,,US,DC
526,11674,DAVIS & HARMAN LLP,Law Firm.,,US,DC
527,85071,"NAVIGATORS GLOBAL LLC (FORMERLY DC NAVIGATORS, LLC)",Government affairs.,,US,DC
528,401105389,SCHAERR JAFFE LLP,Law firm,,US,DC
529,401004840,"THE CONAFAY GROUP, LLC",Life Sciences Consulting Firm,,US,DC
530,401103224,VANTAGE POINT STRATEGIES LLC,Lobbying Firm,,US,VA
531,401105892,HJ TOBIN POLICY CONSULTING,Sole proprietor public policy consultant,,US,MA
532,401108962,"CARLOUGH SOLUTIONS, LLC",,,US,KY
533,401110165,MR. DAVID FRIEDMAN,,,US,FL
534,401108436,EARL STOCKDALE,,,US,DE
535,401109965,KAMRAN DARAVI CONSULTING LLC,,,US,VA
536,400882581,"ACTIVE POLICY SOLUTIONS, LLC",government affairs,,US,IL
537,74476,"RM2 CONSULTANTS, INC.",Consulting Firm,,US,FL
538,401105181,"INNOVATIVE POLICY, PLLC",Professional services,,US,DC
539,401109020,JAVELIN ADVISORS LLC,,,US,DC
540,11195,COVINGTON & BURLING LLP,Law firm,,US,DC
541,401103585,MCLARTY INBOUND LLC,&#226;€‹Advises foreign entities on doing business in the US,,US,DC
542,401109056,CREST HILL ADVISORS LLC,,,US,DC
543,401110426,HOLLIDAY COLLABORATIVE AGENCY LLC,,,US,IN
544,401109292,"TSG ADVOCATES DC, LLC",,,US,DC
545,401107844,"AZ DC CONSULTING, LLC",,,US,AZ
546,401110414,"GOODWIN STRATEGIES, LLC",,,US,DC
547,401016871,"REPUBLIC CONSULTING, LLC",Republic is a government affairs firm.,,US,FL
548,401110382,ROMAN HEALTH VENTURES INC.,,,US,NY
549,401110026,CORCORAN STRATEGIES GROUP,,,US,DC
550,400579747,"ENDGAME STRATEGIES, LLC",Policy advocacy,,US,DC
551,401110401,SKOOKUM EDUCATIONAL PROGRAMS (FKA TESSERA),,,US,WA
552,38687,"TWENTY-FIRST CENTURY GROUP, INC.",Political Consulting/Government Affairs,,US,DC
553,318994,SC PARTNERS LLC,Government affairs consulting firm,,US,DC
554,401110345,POTOMAC STRATEGIC CONSULTING LLC,,,US,DC
555,401103245,STINSON LLP,Law Firm,,US,MO
556,401105851,"THE ALEPH INSTITUTE, INC.",Non-profit charitable organization.,,US,FL
557,401109239,"DEFENDING OUR COUNTRY, LLC",,,US,VA
558,307375,WAVERLY GROUP,,,US,FL
559,401110092,OPEN POLICY ASSOCIATION,,,US,VA
560,307114,KELLEY DRYE & WARREN LLP,Law Firm.,,US,DC
561,401109488,"ERL FEDERAL CONSULTANTS, LLC",,,US,NY
562,401109547,NICHOLS LAW LLP,,,US,DC
563,401110430,MEA STRATEGIES LLC,,,US,FL
564,310370,DELTA STRATEGY GROUP,Lobbying and Consulting Firm.,,US,DC
565,401104717,"UNITED BY INTEREST, LLC.",&#226;€‹Public Affairs Consultants,,US,DC
566,401105514,SALT POINT STRATEGIES,Strategic consulting,,US,DC
567,35002,PILLSBURY WINTHROP SHAW PITTMAN LLP,Law Firm,,US,DC
568,401107315,ONMESSAGE PUBLIC STRATEGIES,,,US,VA
569,401110244,"U.S. VENTURE, INC.",,,US,WI
570,401104657,"ALLON ADVOCACY, LLC",Public policy consulting firm.,,US,DC
571,401106567,PHOENIX STRATEGIES INC.,,,US,MD
572,401106099,2020 STRATEGIES LLC,Public Policy Firm,,US,VA
573,400966779,UNIVERSITY OF NOTRE DAME,University,,US,DC
574,401106898,EB CONSULTING,,,US,KY
575,51478,"TCH GROUP, LLC",Government relations consulting firm,,US,DC
576,307034,MILLER & WENHOLD CAPITOL STRATEGIES,Government Affairs and Grassroots,,US,VA
577,401106156,RICHARD BURNESS,Tax consulting and lobbying,,US,FL
578,84673,HART HEALTH STRATEGIES,Healthcare Consulting Firm,,US,DC
579,401109092,EARTHWORKS,,,US,DC
580,401109046,ALASKA POWER ASSOCIATION,,,US,AK
581,29846,NOSSAMAN LLP,Law Firm,,US,DC
582,401109080,"STRADA EDUCATION FOUNDATION, INC.",,,US,IN
583,401109091,NORTH BRIDGE STRATEGIC (FORMERLY KNOWN AS SCISSORTAIL STRATEGIC CONSULTING PARTN,,,US,OK
584,401109094,GOODLAND ADVISORS,,,US,WI
585,401053970,GRAYROBINSON PA,Law firm.,,US,FL
586,401109093,AERCAP IRELAND LIMITED,,,IE,
587,401104494,MR. PHILIP KLEIN,Consulting/lobbying,,US,VA
588,401106683,"INTEGER, LLC",,,US,DC
589,401105792,"MCCARTER & ENGLISH, LLP",Law firm,,US,DC
590,307956,VITELLO CONSULTING,Government Affairs,,PR,
591,400693064,RED+BLUE STRATEGIES,Health Care Consulting,,US,DC
592,401106573,GRV STRATEGIES LLC,,,US,VA
593,401108183,LMH STRATEGIC SOLUTIONS,,,US,DC
594,401109106,DECENTRALIZATION RESEARCH CENTER,,,US,DC
595,33454,"ROBERTSON, MONAGLE & EASTAUGH LLC",Lobbyist firm,,US,MD
596,401106662,PASSAGE CONSULTING GROUP LLC,,,US,TX
597,401109100,MCLEOD STRATEGIES,,,CA,ON
598,51753,I STREET ADVOCATES,"""government affairs firm""",,US,DC
599,401105722,KAIROS GOVERNMENT AFFAIRS,government affairs,,US,NC
600,401106028,"CUMBERLAND GAP CONSULTING, LLC",Public affairs and strategic communications firm,,US,KY
601,401109102,JAMES JOCHUM,,,US,VA
602,40020147,"STAPLETON & ASSOCIATES, LLC",Professional Consulting Services,,US,VA
603,401107919,"LEGO SYSTEMS, INC.",,,US,DC
604,401108921,MVP STRATEGIES,,,US,DC
605,401109103,CONNICK AND ASSOCIATES,,,US,LA
606,401107136,"VEOLIA NORTH AMERICA, LLC",,,US,MA
607,401105899,LUCAS | COMPTON,Public Policy Practice,,US,DC
608,81511,TROUTMAN STATEGIES,Lobbying Firm,,US,DC
609,401109135,DATA CENTER COALITION,,,US,VA
610,5153,BAKER DONELSON BEARMAN CALDWELL & BERKOWITZ,Law firm,,US,DC
611,401109108,CHET CULVER GROUP,,,US,IA
612,401109134,INSTITUTE FOR STRATEGIC DIALOGUE-US,,,US,DC
613,286096,THE MCMANUS GROUP,Consulting,,US,DC
614,401108444,PLATFORM GOVERNMENT STRATEGIES,,,US,MD
615,300936,MCCARTHY STRATEGIC SOLUTIONS,Government Relations,,US,KY
616,25818,"MORGAN, LEWIS & BOCKIUS, LLP",Law Firm,,US,DC
617,401104418,"DOUCET CONSULTING SOLUTIONS, LLC","Public Policy, Marketing and Public Affairs",,US,VA
618,297294,BOSE PUBLIC AFFAIRS GROUP,Public Affairs Firm,,US,DC
619,401108977,APOLLO GOVERNMENT RELATIONS,,,US,MD
620,400586788,"FIFESTRATEGIES, LLC",Government Relations,,US,IA
621,401104137,IMPACT MANAGEMENT GROUP,Consulting Firm,,US,AR
622,401107010,GREGORY BROCK,,,US,MI
623,401108359,ACCELERATE STRATEGIES,,,US,DC
624,401106128,AIR AND SPACE FORCES ASSOCIATION (F/K/A AIR FORCE ASSOCIATION),"Advocate for dominant Air and Space Forces and servicemembers, their families; and veteran",,US,VA
625,40044351,GRASSROOTS POLITICAL CONSULTING LLC,political consulting company,,US,VA
626,401104189,BIGHORN PUBLIC AFFAIRS GROUP,Government affairs consulting.,,US,VA
627,47110,THOMPSON COBURN LLP,Law firm,,US,DC
628,401109147,"CLEARWATER GROUP, LLC",,,US,MS
629,401109132,A STREET STRATEGIES,,,US,VA
630,31736,POLICY DEVELOPMENT GROUP,consulting,,US,AZ
631,401105403,KEURIG DR PEPPER INC.,Beverage Company,,US,TX
632,401109148,SENIOR CITIZENS LOBBY,,,US,DC
633,401104582,SPLITOAK STRATEGIES LLC,Health care consulting,,US,DC
634,401104216,"TODD SMITH & ASSOCIATES, LLC",Lobbying,,US,VA
635,401104431,"PIRRO GROUP, LLC",law firm,,US,FL
636,34843,SENSE INCORPORATED,"Provides technical,representative and support services American Indians&Alaska Native Trib",,US,DC
637,63451,WASHINGTON2 ADVOCATES,"Consulting in public affairs, government relations and communications.",,US,WA
638,401103148,"FRANZ CONSULTING, LLC","Agriculture, Conservation & Environmental Policy",,US,MD
639,401104100,VANTAGEKNIGHT LLC,Government relations,,US,PR
640,401109167,WESTWIN ELEMENTS,,,US,OK
641,401108714,BLACKSUMMIT CAPITAL LLC,,,US,KY
642,401109164,MR. TOBIAS PETER NOSKWITH,,,GB,
643,401103578,STALLMER CONSULTING LLC,lobbying,,US,NY
644,401108656,ROJAS PUBLIC AFFAIRS,,,US,CA
645,401109155,CHEVRON PHILLIPS CHEMICAL COMPANY LP,,,US,TX
646,401109166,MICHAEL DAVITT FOX JR.,,,US,CT
647,4208,ARENTFOX SCHIFF LLP,Law firm,,US,DC
648,401105127,IPOLICY SOLUTIONS,Government Affairs Consulting firm,,US,DC
649,401104343,"THE COLOR NINE GROUP, LLC",Organizational Development,,US,DC
650,401104684,COGENT STRATEGIES LLC,Public affairs firm,,US,DC
651,401108325,SMA AMERICA,,,US,CA
652,401104374,LINCOLN PARK GROUP L.L.C.,Consulting and government affairs,,US,DC
653,400487397,LOBBYIT.COM,Lobbying firm,,US,DC
654,401109128,MEDITERRANEAN SHIPPING COMPANY (USA) INC.,,,US,NY
655,401103826,"ECA STRATEGIES, INC.",government and public affairs consulting,,US,TX
656,285255,STRATEGIC HEALTH CARE,Health Care Consulting,,US,DC
657,401017872,"JGB & ASSOCIATES, LLC",Federal lobbying and public relations,,US,VA
658,401103355,BRAMER GROUP LLC,Government Relations,,US,DC
659,401103743,"CAPITOL CORE GROUP, INC.",Lobbying Firm,,US,TX
660,401104242,262 STRATEGY LLC,Corporate government relations consulting,,US,NJ
661,401109183,INDEPENDENT BANKERS ASSOCIATION OF TEXAS,,,US,TX
662,401104114,IMPERIUM GLOBAL ADVISORS,Consulting firm,,US,MD
663,321555,NATURAL RESOURCE RESULTS LLC,consulting,,US,DC
664,401103524,"ADVANCED POLICY CONSULTING, LLC",Consulting,,US,VA
665,401104143,CARPENTER STRATEGIC CONSULTING LLC,Telecommunications policy consulting.,,US,VA
666,401107349,"SOUTHERN POVERTY LAW CENTER, INC.",,,US,AL
667,40022172,"ALTRIUS GROUP, LLC",International business consulting and advocacy,,US,DC
668,401105888,PIONEER PUBLIC AFFAIRS,Consulting and Government Affairs,,US,DC
669,32054,"PREMIER, INC.",,,US,DC
670,401109205,KAIROS POWER LLC,,,US,CA
671,401109189,RED CARR LLC,,,US,CO
672,401109190,STERLING GREEN LLC,,,US,PA
673,401108417,LACROIX ENVIRONMENTAL INTELLIGENCE,,,US,UT
674,401106351,BRICK STREET STRATEGY,Consulting,,US,IN
675,25306,MILLER & CHEVALIER CHARTERED,Law firm,,US,DC
676,401109207,LARSON STRATEGIES LLC,,,US,VA
677,292697,"AUBURN HEALTH STRATEGIES, LLC",strategic and business development firm,,US,VA
678,12675,THE DUBERSTEIN GROUP INC.,Consulting,,US,DC
679,315717,GEPHARDT GROUP GOVERNMENT AFFAIRS,Lobbying and consulting firm,,US,DC
680,317732,FRANKLIN CREEK CONSULTING,Consulting and Lobbying Firm,,US,DC
681,46585,"LIEBMAN & ASSOCIATES, INC.",Clean energy and environmental technology consulting,,US,DC
682,54984,"TONIO BURGOS & ASSOCIATES, INC.",Lobby Firm,,US,NY
683,401104382,"EMC STRATEGY GROUP, LLC",Government Relations and Economic Development Consulting firm,,US,TX
684,401103311,FEDERAL SCIENCE PARTNERS LLC,Lobbying firm,,US,VA
685,320918,"KOUNTOUPES DENHAM CARR & REID, LLC",Federal lobbying and consulting services,,US,DC
686,401051964,KAMINS CONSULTING,victims of terrorism,,US,MD
687,401103132,"PERRY, WHITE, ROSS & JACOBSON, LLC",Lobbying Firm,,US,MD
688,401104265,HEALTH TRANSFORMATION ALLIANCE,Healthcare Cooperative.,,US,NJ
689,401109081,INDIGO HILL STRATEGIES,,,US,DC
690,401106956,"GRACE BAY STRATEGIES, LLC",,,US,GA
691,401107754,"LURKINS CONSULTING, LLC",,,US,IL
692,73670,THOMPSON CONSULTING GROUP,consultant,,US,WA
693,401107899,9TH STREET STRATEGIES,,,US,DC
694,79175,STRATEGIES 360,Government affairs,,US,WA
695,400935704,SUSAN B ANTHONY LIST,Social welfare organization,,US,VA
696,401109219,CRANFILL SUMNER LLP,,,US,NC
697,401105675,MUTCH GOVERNMENT RELATIONS,Government Relations Firm,,US,CO
698,296817,MR. GAYLORD HUGHEY,law firm,,US,TX
699,76992,"CGCN GROUP, LLC",Public Affairs Consultants,,US,DC
700,401109043,"GOLDEN GROUP, LLC",,,US,UT
701,401109170,WESTERN NATIVE VOICE,,,US,MT
702,401105835,"TIDES GROUP, LLC",Corporate strategy and consulting firm,,US,VA
703,401105821,"BISER STRATEGIES, LLC",Lobbying,,US,NC
704,401105638,H&M STRATEGIES LLP,Government Affairs consulting firm,,US,DC
705,401107007,JPC STRATEGIES,,,US,DC
706,400599826,THORSEN FRENCH ADVOCACY LLC,&#226;€‹Public policy advocacy.,,US,DC
707,401109138,STEVENS & LEE PUBLIC AFFAIRS,,,US,NJ
708,401108017,TRACTION STRATEGIC,,,US,SC
709,401109179,INVOKE LLC,,,US,MD
710,40036297,AMERICAN COLLEGE OF PREVENTIVE MEDICINE,National medical specialty society for preventive medicine physicians,,US,DC
711,401109130,NATERA INC,,,US,TX
712,294930,THE WASHINGTON TAX & PUBLIC POLICY GROUP,&#226;€‹Legislative and regulatory consulting.,,US,DC
713,12868,"DUTKO WORLDWIDE, LLC",Government relations firm,,US,DC
714,401104041,"QUINN EMANUEL URQUHART & SULLIVAN, LLP",Law Firm,,US,DC
715,21745,KIRKLAND & ELLIS LLP,Law Firm,,US,IL
716,401107462,MCCARTIN PUBLIC POLICY GROUP LLC,,,US,VA
717,48598,METCALF FEDERAL RELATIONS,Federal government relations,,US,VA
718,401103955,DOWNS GOVERNMENT AFFAIRS,Federal legislative consultant,,US,DC
719,401106328,ASCEND CONSULTING,Government Relations and consulting,,US,VA
720,401104724,"CSS PARTNERS, LLC",Government affairs and strategic consulting firm,,US,OK
721,308070,THE WESSEL GROUP INCORPORATED,Consulting services on public policy and political affairs,,US,DC
722,401109174,"BLIGEN ADVISORY, LLC",,,US,VA
723,401105292,MR. AMIR GOULART SCHARIF,Research and development of disruptive biotechnology for fuel ethanol production.,,US,DC
724,401109153,LEWIS AND WILKINS LLP,,,US,IN
725,305852,AMERICAN CAPITOL GROUP,Government Relations Firm,,US,VA
726,401104778,EMERGENT STRATEGIES,government affairs consulting firm,,US,DC
727,401109237,TRIPP HOLLANDER ADVISORS,,,US,MD
728,401109225,NESTPOINT ASSOCIATES LLC,,,US,TX
729,401109204,"LEDERMAN GROUP, LLC",,,US,DC
730,84775,RICH FEUER ANDERSON,Government relations firm,,US,DC
731,401109224,BARRICK MINING CORPORATION,,,CA,ON
732,400881577,VENG GROUP,"government affairs, communications",,US,DC
733,401109191,"AE INDUSTRIAL PARTNERS, LP",,,US,DC
734,401109162,KING AND CO,,,US,NC
736,401105040,"A10 ASSOCIATES, LLC",Lobbying firm,,US,MA
737,78733,CAPITOL NETWORK LLC(FKA MR. DAVID DISTEFANO),Government Relations Consultant,,US,OH
738,401109243,"HILL, GOSDECK & MCGRAW, LLC",,,US,NY
739,401103384,BRIMLEY GROUP INC.,Government affairs,,US,MD
740,295270,MORGAN CASNER ASSOCIATES,Political and Public Affairs Consultants,,US,DC
741,401109247,REPLOY POWER INC,,,US,TX
742,401109171,APOLLO RESEARCH PBC,,,US,DE
743,401109252,BBT STRATEGIES LLC,,,US,NV
744,401105158,TOWER 19,Government Affairs firm,,US,CA
745,65191,VENN STRATEGIES,A political and public affairs consulting firm.,,US,DC
746,401104690,BLACK DIAMOND STRATEGIES LLC,Government Affairs,,US,TX
747,401108602,"SPIRIT AEROSYSTEMS, INC.",,,US,KS
748,401105938,"ALVA ELLIOTT PARTNERS, LLC",consulting firm,,US,AR
749,401109049,COLORADO SCHOOL OF MINES,,,US,CO
750,401106910,IEX GROUP,,,US,NY
751,401109222,BARRY GOLDWATER INSTITUTE FOR PUBLIC POLICY RESEARCH,,,US,AZ
752,401109216,T1 ENERGY INC,,,US,TX
753,400645947,CHAMBER HILL STRATEGIES,public policy consulting,,US,VA
754,84217,"CARD & ASSOCIATES, LLC",Federal Government Relations,,US,DC
755,401107037,PEN AMERICA,,,US,NY
756,401106554,SANDHILLS STRATEGIC SOLUTIONS,,,US,NC
757,306011,FIDELIS GOVERNMENT RELATIONS,Government relations consulting firm,,US,DC
758,401109257,SANBORN ANALYTICS INC,,,US,MA
759,79610,FOLEY HOAG LLP,Law firm,,US,DC
760,294234,"GOVBIZ ADVANTAGE, INC.",Business and Government Consulting Services,,US,MD
761,53174,"CAPITOL RESOURCES, LLC",Cultural and Religious Television Programming,,US,MS
762,401106646,CR FEDERAL,,,US,DC
763,401104683,MCCARTHY ADVANCED CONSULTING LLC,Lobbying firm,,US,DC
764,401109234,"DAILYPAY, LLC",,,US,NY
765,40009064,"MR. BALTAZAR SERNA, JR.",lobbyist,,US,TX
766,401109217,SHANDA ASSET MANAGEMENT LLC,,,US,CA
767,401109141,THE RESERVE COMPONENT,,,US,DC
768,401103348,MCCAULLEY&COMPANY,"Government relations, grant writing",,US,OH
769,401109033,THOLOS GOVERNMENT RELATIONS,,,US,DC
770,401104909,"SHUMAKER ADVISORS, LLC",Government Affairs,,US,OH
771,49635,"THE LIVINGSTON GROUP, LLC",Government and Public Relations consultants,,US,DC
772,11834,"DEBRUNNER & ASSOCIATES, INC.",Health Policy Consulting Firm,,US,VA
773,401108472,VALIANT STRATEGIES LLC,,,US,TX
774,401104048,HILLTOP ADVOCACY,consulting firm,,US,CA
775,401106745,QUILL ADVISERS LLC,,,US,DC
776,401105569,RYAN COSTELLO STRATEGIES,lobbying firm,,US,PA
777,285871,NELSON MULLINS RILEY & SCARBOROUGH,Law firm,,US,DC
778,86777,"AJW, INC.",Government relations and consulting firm,,US,VA
779,400712134,RULON & WHITE GOVERNANCE STRATEGIES,Government Affairs and Lobbying,,US,DC
780,401109264,FREEMAN MATHIS DECISIONS,,,US,GA
781,401107443,RIVER PUBLIC AFFAIRS GROUP,,,US,MT
782,400493431,"TWINLOGIC STRATEGIES, LLP",Government Relations Firm,,US,DC
783,401108899,"PENNSYLVANIA ENERGY RESOURCES GROUP, LLC",,,US,PA
784,401107496,GREEN MOUNTAIN STRATEGIES LLC DC,,,US,DC
785,401106104,THE BRIDGE ADVISORY GROUP,consulting and advocacy,,US,DC
786,401108978,HARPER & BAILEY GOVERNMENTAL SOLUTIONS LLC,,,US,MS
787,400862528,SUSTAINABLE STRATEGIES DC,Funding consultant,,US,DC
788,10800,"INNOVATIVE FEDERAL STRATEGIES, LLC",government relations,,US,DC
789,401109262,GOWEST CREDIT UNION ASSOCIATION,,,US,WA
790,24123,MAYER BROWN LLP,Law firm,,US,DC
791,401108257,ROSALYNN CARTER INSTITUTE FOR CAREGIVERS (FKA ROSALYNN CARTER INSTITUTE FOR CAREGIVING),,,US,GA
792,401109062,CAPITOL ASSET STRATEGIES,,,US,VA
793,401103295,ALIGNMENT GOVERNMENT STRATEGIES,lobbying firm,,US,DC
794,401109275,NEW HILL CONSULTING LLC,,,US,VA
795,401109159,CAPITOL67 STRATEGIES,,,US,DC
796,29777,C2 STRATEGIES,Consulting firm,,US,DC
797,400740216,THE LUGAR GROUP (FKA LUGAR HELLMANN GROUP),Public Affairs,,US,VA
798,401109255,MARK VARGAS,,,US,IL
799,401103604,EPPLIN STRATEGIC PLANNING,Government relations firm.,,US,DC
800,401103600,US POLICY STRATEGIES,consulting and lobbying firm,,US,VA
801,30928,PAUL HASTINGS LLP,law firm,,US,DC
802,401109229,"ARROW GROUP CONSULTING, LLC",,,US,FL
803,400563685,POYNER SPRUILL LLP,law firm,,US,NC
804,401109154,HILL CAPITOL STRATEGIES,,,US,MN
805,401104915,"LAKEVIEW CAPITAL HOLDINGS, INC ON BEHALF OF MR. JAY ALIX",Family office.,,US,MI
806,401109244,THE PARZIVAL GROUP,,,US,DC
807,401104345,"ATCITTY & VAN NORMAN LAW, LLC",legal and policy firm,,US,DC
808,4301,ARNOLD & PORTER KAYE SCHOLER LLP,Law firm,,US,DC
809,315158,THE FIORENTINO GROUP,Government Relations and Business Development,,US,FL
810,401109260,COUNCIL ON FOUNDATIONS,,,US,DC
811,6837,BRACEWELL LLP,law firm,,US,DC
812,401104430,"EFB ADVOCACY, LLC",Lobbying & consulting,,US,DC
813,157,"ADAMS AND REESE, LLP",Law Firm,,US,DC
814,401109290,PATTERSON & MEEK,,,US,DC
815,401109109,JUCUNDUS BUSINESS SERVICES LLC,,,US,MD
816,284050,THE MADISON GROUP,Government Relations,,US,DC
817,294212,"G S PROCTOR AND ASSOCIATES, INC",Lobbying and Consulting,,US,MD
818,401108772,KEELEY LAW AND POLICY,,,US,DC
819,401106353,THE HALCROW GROUP LLC,Consulting Services,,US,AZ
820,401108915,DELANEY POLICY GROUP,,,US,MA
821,401106670,CLARK HILL PUBLIC STRATEGIES LLC,,,US,DC
822,401109272,"NIGHTWING GROUP, LLC",,,US,VA
823,401104749,VELOCITY GOVERNMENT RELATIONS,"DC-area consultancy, focused on supporting aerospace & defense companies & organizations",,US,DC
824,401104391,MULLEN CONSULTING LLC,Transportation and Infrastructure,,US,NE
825,401106330,WASHINGTON NAVIGATORS,Strategic consulting and Washington representation,,US,DC
826,401106148,DRUMMOND WOODSUM STRATEGIC CONSULTING LLC,Law Firm,,US,ME
827,401105973,ALB SOLUTIONS,&#226;€‹Strategic advisory firm.,,US,DC
828,400918672,PENN AVENUE PARTNERS,&#226;€‹Government Affairs.,,US,DC
829,401105070,"GOVERNMENT COUNSEL, LLC",Government advisory firm,,US,FL
1852,71234,"IDACORP, INC",,,US,ID
830,401104869,"O'KEEFFE SHAHMORADI STRATEGIES, LLC",Strategic government affairs consulting firm,,US,DC
831,401109288,RYAN LLC,,,US,TX
832,400784361,JACKSON WALKER L.L.P.,Law Firm,,US,TX
833,401108558,B ARCHETYPE,,,US,DC
834,401108691,SARAH CHRISTOPHERSON,,,US,MD
835,401107571,MR. MARCO GONZALES,,,US,NM
836,401109304,SAVION,,,US,MO
837,401109282,"S2R, LLC",,,US,VA
838,401104682,"TAI GINSBERG & ASSOCIATES, LLC",Government affairs firm,,US,DC
839,400428076,"A LEARNED HAND, LLC",Media policy consulting firm,,US,MD
840,401103547,EIS SOLUTIONS,Government relations and public affairs firm,,US,CO
841,401107756,MODERN FORTIS LLC,,,US,DC
842,401109284,ALLIANCE FOR IRS ACCOUNTABILITY,,,US,TX
843,401109300,THE DIONNE COMPANY,,,US,DC
844,401109261,"VERITAS HEALTH POLICY, LLC",,,US,DC
845,15042,FOLEY & LARDNER LLP,law firm,,US,DC
846,68478,BABBAGE COFOUNDER,Business Development & Government Relations,,US,KY
847,401109310,TILLOTSON ADVISORS LLC,,,US,MD
848,401079030,"MELTSNER STRATEGIES, LLC",Consulting Firm,,US,DC
849,401107682,"HITHER CREEK STRATEGIES, LLC",,,US,VA
850,401109291,POINT OF DIFFERENCE STRATEGIES LLC,,,US,IL
851,83717,STANTON PARK GROUP,government affairs,,US,MD
852,401103527,HOSPICE COMPASSUS,health care company,,US,NC
853,401108081,"TIDAL BASIN ADVISORS, INC.",,,US,DC
854,401105637,CAPITOL VENTURE LLC,public policy advocacy consulting,,US,DC
855,401108536,MEDSECUREAN.COM,,,US,VA
856,56417,"TIMOTHY R. RUPLI & ASSOCIATES, INC.",Lobbying Firm,,US,VA
857,400459252,COZEN O'CONNOR PUBLIC STRATEGIES,Government Relations Firm,,US,DC
858,401109270,TALLEY STRATEGIES LLC,,,US,DC
859,401107683,"CAPITOL SOUTH, LLC",,,US,DC
860,401104761,FGA ACTION (FORMERLY KNOWN AS OPPORTUNITY SOLUTIONS PROJECT),501 (c)4 nonpartisan advocacy organization,,US,FL
861,400742219,"BENTLEY SYSTEMS, INCORPORATED","Software for the design, construction, and operation and maintenance of infrastructure",,US,PA
862,401106595,ALPINE ADVISORS,,,US,DC
863,401104254,PRISM GROUP,A public affairs and government relations firm.,,US,DC
864,401109214,CANADIAN SOLAR INC.,,,CA,ON
865,401104541,"ATRIO CONSULTING GROUP, LLC",Government relations consulting and lobbying,,US,DC
866,401108857,ZERO ONE STRATEGIES,,,US,VA
867,401109277,BWC CONSULTING,,,US,WA
868,401107690,PATEL PARTNERS LLC,,,US,VA
869,401109306,"DRAKE VENTURES, LLC",,,US,FL
870,401107706,FIRST AMENDMENT PARTNERS LLC,,,US,VA
871,401104802,"WESTMORELAND160, LLC",Consulting,,US,VA
872,51104,"THE FEDERAL GROUP, INC.",Federal government relations consulting,,US,VA
873,401109320,JOHN BIRCH SOCIETY,,,US,WI
874,401106902,"OCULUS STRATEGIES, LLC",,,US,VA
875,315091,"RUBICON ADVISORS, LLC",Lobbying firm,,US,DC
876,401105753,AVISE SOLUTIONS,Government Affairs Consulting,,US,MD
877,25317,BEST BEST & KRIEGER LLP,Law Firm,,US,DC
878,401107686,NATIONAL COMMUNITY STABILIZATION TRUST,,,US,DC
879,42865,"HWG LLP (F/K/A HARRIS, WILTSHIRE & GRANNIS LLP)",Law firm.,,US,DC
880,401104769,FEROX STRATEGIES,Government relations.,,US,DC
881,401109331,"TORRES CONSULTING, LLC",,,US,DC
882,30212,"OLSSON, FRANK, WEEDA, TERMAN & MATZ, PC","Law Firm, Government Relations",,US,DC
883,42067,YMCA OF THE USA,YMCA of the USA is the national resource office for the nation's YMCAs.,,US,DC
884,401107169,"CATALYST GLOBAL STRATEGIES, LLC",,,US,DC
885,314977,"MRGB CONSULTING, LLC",Consulting,,US,VA
886,400658980,"BLUESTONE STRATEGIES, LLC",Government Relations,,US,DC
887,312931,THE KIDNEY CARE COUNCIL,,,US,VA
888,401109169,ESHAM STRATEGIES LLC,,,US,DC
889,401109325,"CHATTEM, INC D/B/A OPELLA",,,US,NJ
890,400689052,"NORTH SOUTH GOVERNMENT STRATEGIES, FKA JDM PUBLIC STRATEGIES, LLC",Consulting Firm,,US,DC
891,401106149,"BATIE & ASSOCIATES, LLC",Lobbying and Government Relations Consulting,,US,MD
892,65976,"CAPITOL TAX PARTNERS, LLP",Law and Legislative Consulting Firm,,US,DC
893,304736,"TARPLIN, DOWNS & YOUNG, LLC",Health care policy and regulatory and legislative consulting,,US,DC
894,401109293,ENERGY FREEDOM FUND,,,US,DC
895,401108922,AUDAX STRATEGIES,,,US,DC
896,401106277,INDUSTRY COUNCIL FOR EMERGENCY RESPONSE TECHNOLOGIES,Trade association representing emergency response technology vendors,,US,DC
897,401105818,"MEEKS, BUTERA & ISRAEL PLLC",Law Firm,,US,DC
898,40010,VETERANS OF FOREIGN WARS OF THE UNITED STATES,,,US,DC
899,315898,KRL INTERNATIONAL LLC,Consulting primarily Public Policy matters,,US,VA
900,400786367,TAUZIN STRATEGIC NETWORKS,Strategic advice.,,US,TX
901,401109333,FLEX ASSOCIATION,,,US,DC
902,401106944,THOMAS HICKEY,,,US,MA
903,303575,"JENKINS HILL CONSULTING, LLC",federal lobbying / consulting,,US,DC
904,401109327,PARATEK PHARMACEUTICALS,,,US,PA
905,401103092,"PLAYMAKER STRATEGIES, LLC",&#226;€‹&#226;€‹Consulting firm.,,US,DC
906,401105130,"BRIDGE PUBLIC AFFAIRS, LLC",Government Relations and Public Affairs,,US,TN
907,401105976,PERSEUS STRATEGIES,&#226;€‹Public interest law firm,,US,DC
908,401104395,"C.V. STARR ADVISORS, LLC",Insurance and financial services,,US,NY
909,313533,HOLLIER & ASSOCIATES,Lobbying Firm,,US,DC
910,401109355,RURAL AND AG POLICY CONSULTANTS,,,US,MI
911,401104458,"SL STRATEGIES, LLC",health care consulting firm,,US,DC
912,401109349,RIGHT POLICY LLC,,,US,VA
913,401109352,"ASCENT PUBLIC POLICY & STRATEGIC COMMUNICATIONS, LLC",,,US,VA
914,401108358,ERIN DONOVAN-BOYLE,,,US,RI
915,400949743,"TAX LEGISLATIVE SOLUTIONS, LLC",Lobbying firm,,US,VA
916,401105527,ATOLLETC LLC,Consulting firm focused upon emerging technologies and regulatory affairs.,,US,IL
917,401106712,"MAYNOR & STIERS, LLC",,,US,AL
918,400547641,"MISSY EDWARDS STRATEGIES, LLC",Government Relations/Lobbying,,US,DC
919,401108853,LOC COMMUNITY ASSOCIATION,,,US,DE
920,401105382,QUINELLA GLOBAL LLC,public policy research and advocacy,,US,VA
921,401047954,"S. VACA & ASSOCIATES, LLC",Government Relations,,US,MD
922,401104937,CAPITOL CONSULTING GROUP LLC (DC),Government affairs consulting,,US,DC
923,13836,"ERVIN GRAVES STRATEGY GROUP, LLC",Government Affairs Firm,,US,DC
924,400712135,"TIBER CREEK HEALTH STRATEGIES, INC.",Government Relations.,,US,DC
925,401105134,ACUMENDC LLC,Lobbying consultant,,US,SC
926,284493,MR. PHILIP MAGGI,Government and public affairs firm,,US,CT
927,401107186,SMITH & ASSOCIATES,,,US,FL
928,401109366,JTB SRATEGIES,,,US,TX
929,306055,BLACKBERRY CORP.,Software company,,US,TX
930,401108124,HOLLINGER GROUP CONSULTING,,,US,VA
931,401106355,"LONGBOW PUBLIC POLICY GROUP, LLC",Public Policy Firm,,US,DC
932,401103077,LINCOLN POLICY GROUP,Government affairs consulting,,US,DC
933,401109248,DENTSPLY SIRONA INC.,,,US,NC
934,401107041,"PATINO BREWSTER & PARTNERS, LLC",,,US,FL
935,401109322,GROUPE SEB,,,US,NJ
936,7268,BROYDRICK & ASSOCIATES,Government relations and lobbying.,,US,DC
937,401109314,THE COALITION FOR RENEWABLE NATURAL GAS,,,US,CA
938,401057985,ATLANTIC STRATEGIES GROUP LLC,Government relations firm,,US,DC
939,401103779,HIGH STREET STRATEGIES LLC,private consulting firm,,US,DC
940,401103327,OFF HILL STRATEGIES L.L.C.,Government Consulting Firm,,US,FL
941,401107923,"BARSA STRATEGIES, LLC",,,US,VA
942,401108172,ANCHOR & ARROW STRATEGIES,,,US,TX
943,401105896,CROSS POTOMAC CONSULTING LLC,government relations consulting,,US,FL
944,400791383,"PUBLIC STRATEGIES 360, LLC",lobbying firm,,US,GA
945,401109370,VANTIVE US HEALTHCARE LLC,,,US,DC
946,401109362,GLOBAL SOUTH LOBBY GROUP USA,,,US,DC
947,292573,"MCALLISTER & QUINN, LLC",&#226;€‹Federal and Foundation Grants and Government Relations consulting firm.,,US,DC
948,401109371,ALTERRA,,,US,OH
949,40013094,BLINDED VETERANS ASSOCIATION,non-profit,,US,VA
950,401105685,"HARGAN STRATEGIES, FORMERLY REPORTED AS HARGAN AND ASSOCIATES",Consulting,,US,FL
951,401107367,MISSION STRATEGIES LLC (ENERGY),,,US,TX
952,401109321,DIGITAL DIAGNOSTICS INC.,,,US,IA
953,5404,"BARNES & THORNBURG, LLP",Law firm.,,US,DC
954,400984809,"KEYS GROUP, LLC",Government Affairs Consulting,,US,MD
955,401107621,"TRUE ANOMALY, INC.",,,US,CO
956,401108322,NOVUS INK LIMITED LIABILITY COMPANY,,,US,FL
957,401105148,FS VECTOR LLC,Lobbying firm,,US,DC
958,401109336,"HIMS & HERS HEALTH, INC.",,,US,CA
959,401106369,CAROL G HOLLADAY & ASSOCIATES,"federal consulting, lobbying, business development",,US,DC
960,401106074,"RESTON STRATEGY GROUP, LLC",Government affairs and strategic business consulting.,,US,DC
961,400421010,"H.A. CUMBER & COMPANY, INC.",Government Consulting,,US,FL
962,401109382,TORCHBEARER PUBLIC AFFAIRS,,,US,IN
963,401071014,"THINK POLICY CONSULTING, LLC",Government Affairs Consulting,,US,VA
964,401107893,FORZA 151 STRATEGIES,,,US,VA
965,401104678,"HILL EAST GROUP, LLC",Lobbying firm,,US,DC
966,13698,NATIONAL WASTE & RECYCLING ASSOCIATION,Voice of all things waste & recycling,,US,VA
967,400958768,"POLICY INTEGRATION PARTNERS, LLC",Government affairs,,US,DC
968,401105846,"SCARINCI & HOLLENBECK, LLC",Law Firm,,US,NJ
969,401105394,"PORT SIDE STRATEGIES, LLC",Consulting Firm,,US,DC
970,401108263,RED OAK STREET LLC,,,US,NY
971,401103810,"COHERUS BIOSCIENCES, INC.","lobbying, advocacy, pharmaceutical company",,US,CA
972,401105827,"ARTICLE ONE GROUP, LLC",Government Relations Consulting Firm,,US,MD
973,401105692,CLARK STREET ASSOCIATES,Consulting firm,,US,CA
974,401107227,"CAPROCK STRATEGIES, LLC",,,US,VA
975,401109289,"BASELINE STRATEGIES, LLC",,,US,DC
976,401107071,QUINCY INSTITUTE FOR RESPONSIBLE STATECRAFT,,,US,DC
977,401106238,"CAPITOL ENERGY ADVOCACY, LLC",Consulting Firm,,US,VA
978,401107033,"RBW GROUP, LLC",,,US,DC
979,79131,"TRIAD STRATEGIES, LLC.",Lobbying and consulting services,,US,PA
980,60457,RON CAMPBELL / SPS CONSULTANTS,,,US,MD
981,401106159,HORIZONS GLOBAL SOLUTIONS LLC,Consulting and Government Affairs,,US,AL
982,89155,GRANT CONSULTING GROUP,consulting firm,,US,MI
983,8453,"CASSIDY & ASSOCIATES, INC.",Government relations,,US,DC
984,400671007,"TAUZIN CONSULTANTS, LLC","&#226;€‹Government relations, business development, and business incubation firm.",,US,LA
985,401103500,FIERCE GOVERNMENT RELATIONS,Government Relations and Consulting,,US,DC
986,401105790,CHRISTIANACARE,health system,,US,DE
987,401107920,KYOCERA AVX COMPONENTS CORPORATION,,,US,SC
988,401107028,BONDI PARTNERS ADVOCACY CORP. (FKA PACIFIC PARTNERS),,,US,DC
989,400713139,THE BENNETT CONSULTING GROUP,Government relations consulting,,US,DC
990,401103747,SACHEM STRATEGIES,Lobbying firm,,US,MA
991,29516,NORTH SHORE CONSULTANTS,Government consulting,,US,OH
992,401103118,STONE ADVOCACY SOLUTIONS,Federal Advocacy,,US,AZ
993,401108327,PARLAY STRATEGIES,,,US,DC
994,401106251,LPTV BROADCASTERS ASSOCIATION,Trade Association,,US,CT
995,31827,PORT OF PORTLAND,,,US,OR
996,401109408,ROOTED STRATEGY & POLICY,,,US,MD
997,401108948,"TRI-BRANCH RESOLUTION, LLC",,,US,MD
998,401109065,MR. ALBERT WYNN,,,US,MD
999,401106427,MILLS BLACK LLP,Law firm,,US,DC
1000,401109411,"IMPRESSION STRATEGY, LLC",,,US,VA
1001,401105983,ODAWI LAW PLLC,law firm,,US,NY
1002,401106054,POTOMAC CONSULTING LLC,Government Relations,,US,MD
1003,72975,"FEDERAL POLICY GROUP, LLC",Consulting,,US,DC
1004,401109350,LEXISNEXIS RISK SOLUTIONS FL INC.,,,US,GA
1005,401105995,"FONNESBECK CAPITOL STRATEGIES, LLC",Health Care,,US,AK
1006,401108889,DOWNING STREET STRATEGIES LLC,,,US,VA
1007,401109357,BELLWETHER GOVERNMENT AFFAIRS LLC,,,US,DC
1008,401109238,GOVERNMENT EMPLOYEES INSURANCE COMPANY,,,US,MD
1009,401108122,"ABNER COOPER, P.A.",,,US,FL
1010,401106371,"23 CONSULTING, LLC",,,US,GA
1011,401106892,GOOD GROUND INTERNATIONAL LLC,,,US,DC
1012,401105996,MG HOUSING STRATEGIES LLC,Housing Lobbying Firm,,US,ME
1013,401106243,"RIVIAN AUTOMOTIVE, LLC",Manufacturing,,US,CA
1014,284072,NASSAU SUFFOLK HOSPITAL COUNCIL,HCR Advocacy,,US,NY
1015,1683,AMERICAN ASSOCIATION OF PORT AUTHORITIES,,,US,DC
1016,401108693,LEDYARD GROUP,,,US,DC
1017,401104213,"BC CONSULTING, LLC",Transportation lobbying,,US,DC
1018,401104675,AMAC ACTION,Senior benefits organization,,US,FL
1019,295452,DEBORAH HOHLT,"State government, Office of the Governor",,US,DC
1020,401107822,"ENGELKE CONSUTLING, LLC",,,US,IN
1021,401109060,"CENTERLIGHT HEALTHCARE, INC.",,,US,NY
1022,401108272,"MARITIME TACTICAL SYSTEMS, INC. (MARTAC)",,,US,FL
1023,401105615,"BROADWATER INTERNATIONAL, INC.",Sales broker,,US,VA
1024,401106562,HURT NORTON LLC,,,US,DC
1025,401105889,LANZATECH INC.,Sustainable technology company,,US,IL
1026,83490,"EDENS ADVISORY, LLC",Manufacturing,,US,VA
1027,400434103,"WATER STRATEGIES, LLC","Water Strategies LLC is a government relations, publishing, and marketing firm.",,US,DC
1028,401103651,DGSR LLC,consulting,,US,DC
1029,401109417,FOXHOUND ADVISORS,,,US,CT
1030,401105054,LIPPES MATHIAS LLP (FKA LIPPES MATHIAS WEXLER FRIEDMAN LLP),Law firm,,US,DC
1031,401104397,CENTER FOR BIOLOGICAL DIVERSITY,Environmental Non-profit,,US,AZ
1032,401104232,COLUMBIA STRATEGIC COUNSEL,&#226;€‹government relations,,US,DC
1033,401109419,NVIDIA CORPORATION,,,US,CA
1034,40025199,"EXPERIMENTAL AIRCRAFT ASSOCIATION, INC.",Not-for-profit membership organization promoting and supporting general aviation.,,US,WI
1035,401105993,"VIRIDI PARENTE, INC.",Energy storage technology,,US,NY
1036,401108004,DEVRY UNIVERSITY,,,US,IL
1037,795,"ALBERTINE ENTERPRISES, INC.",Lobbyist,,US,DC
1038,401109372,"CAPITOL ADVOCACY, LLC",,,US,CA
1039,401105309,GABBERT CONSULTING CO LLC,Business Development and Government Affairs Consulting,,US,KY
1040,401103307,"AGM CONSULTING SERVICES, INC.",Consulting,,US,AL
1041,401104259,"AMERICAN PRESIDENT LINES, LLC",ocean transportation,,US,VA
1042,401104348,"FIRST PRINCIPLES STRATEGIES, LLC",Federal government affairs & strategic communications,,US,DC
1043,400618875,ALAN REUTHER,Lobbying and consultant services,,US,TX
1044,401109401,FARMVETDX,,,US,LA
1045,28903,NAVY LEAGUE OF THE UNITED STATES,Not for Profit,,US,VA
1046,400428066,NWG ADVOCACY LLC,advocacy,,US,FL
1047,401107305,HNI CORPORATION,,,US,IA
1048,310951,"CARFAX, INC.",Vehicle History Reports,,US,VA
1049,11388,CROWELL GLOBAL ADVISORS,Consulting firm,,US,DC
1050,284471,"CAPITOL IMPACT, LLC",Federal Government Affairs,,US,VA
1051,400302419,LONE STAR CONSULTING,Manufacturing,,US,VA
1052,50854,"AMERICAN COMMERCIAL BARGE LINES, LLC",,,US,IN
1053,13574,ENDOCRINE SOCIETY,Healthcare Association,,US,DC
1054,401103949,COMMITTEE ON INVESTMENT OF EMPLOYEE BENEFIT ASSETS INC.,Trade association with members who are chief investment officers of large companies.,,US,DC
1055,401103511,"MAGILL ASSOCIATES, LLC",Government relations and lobbying,,US,VA
1056,401108761,PAYSAFE PAYMENT PROCESSING SOLUTIONS LLC,,,US,FL
1057,3606,AMERICAN TORT REFORM ASSOCIATION,,,US,DC
1058,400691059,ANDERSON & CALLENDER,Consulting Firm,,US,MD
1059,401104015,CDB PROJX LLC,Consultant,,US,MD
1060,401107641,"IMEC.IC-LINK USA, INC.",,,US,CA
1061,401108468,THE AMERICAN COLLEGE OF MEDICAL GENETICS AND GENOMICS,,,US,MD
1062,401109404,TANAGRA ENTERPRISES LLC,,,US,VA
1063,30564,PACIFIC NORTHWEST WATERWAYS ASSOCIATION (PNWA),,,US,WA
1064,65475,"THE LAMBOS FIRM, LLP (FORMERLY KNOWN AS THE LAMBOS FIRM)",,,US,NY
1065,38381,TRANSPORTATION INTERMEDIARIES ASSOCIATION,,,US,VA
1066,401105026,"THE ONEILL GROUP, LLC",lobbying and consulting firm.,,US,DC
1067,400271244,AMERICAN ASSOCIATION OF PEOPLE WITH DISABILITIES,Promotes public policies to advance the goals of the American with Disabilities ADA..,,US,DC
1068,293233,MR. MARK KOPEC,consulting firm,,US,CT
1069,401109425,MERIDIAN 535 STRATEGIES,,,US,VA
1070,401109420,SIMMONS ENERGY AND ENVIRONMENTAL STRATEGIES LLC,,,US,VA
1071,32896,MR. ROBERT L. REDDING JR.,Governmental Affairs,,US,DC
1072,17818,"HEALTH AND MEDICINE COUNSEL, LLC",Governmentrelations lobbying firm,,US,DC
1073,400311455,PET INDUSTRY JOINT ADVISORY COUNCIL,pet industry lobbying,,US,DC
1074,401107561,"GLASSMAN ENTERPRISES, LLC",,,US,DC
1075,401106519,"COOK INLET SPILL PREVENTION AND RESPONSE, INC.",,,US,AK
1076,66090,"NATIONAL GROUP, LLP",Government relations,,US,DC
1077,296932,SOFTWARE FINANCE AND TAX EXECUTIVES COUNCIL,,,US,MD
1078,401057986,"SBL STRATEGIES, LLC",government consulting,,US,DC
1079,401104600,ALTA CREST LLC,Consultant,,US,DC
1080,401106299,"NET-NEGATIVE CO2 BASELOAD POWER, INC.",Non-profit industry association.,,US,WA
1081,400384776,GRIFFIN GLOBAL OUTREACH LLC,Consulting,,US,VA
1082,401108541,KRISTINE BLACKWOOD LLC,,,US,MD
1083,74556,JAMES P. KEESE,Government Affairs Consulting,,US,DC
1084,401109298,"DIGITAL TRADING SCIENCE & TECHNOLOGY (BEIJING) CO., LTD. DBA DHGATE",,,CN,
1085,401104804,STRATEGIC POLICY COUNSEL PLLC,Government relations,,US,DC
1086,401105261,VAN BUSKIRK AND ASSOCIATES LLC,"Consulting, commercial and government relations including lobbying activity",,US,VA
1087,11468,RAY C CULVER III,,,US,AR
1088,68376,THE HARRIS FIRM,"Law, lobbying and consulting firm",,US,DC
1089,317195,PINNEY ASSOCIATES,,,US,MD
1090,401074022,SENTINEL WORLDWIDE,Legal and policy consulting and advocacy,,US,VA
1091,401108657,TORRIDON LAW PLLC,,,US,VA
1092,401107568,"IRRIGATION AND ELECTRICAL DISTRICTS ASSOCIATION OF ARIZONA, INC.",,,US,AZ
1093,25897,"MORRISON & FOERSTER, LLP",Law firm,,US,DC
1094,38552,TRUCK RENTING AND LEASING ASSOCIATION,,,US,VA
1095,17328,HALEY & ASSOCIATES,Represent client's interests; work to advance & promote client's activities.,,US,MD
1096,400286365,"INSPIRE BRANDS, INC.","Registration change with Inspire Brands acquisition of Dunkin' Brands
Restaurant Industry",,US,GA
1097,401107440,NATIONAL EMERGENCY NUMBER ASSOCIATION,,,US,VA
1098,400396870,MICHAEL STRACHN,water resources consulting,,US,VA
1099,401107540,DUNE RIDGE ADVISORS,,,US,SC
1100,38426,TREA SENIOR CITIZENS LEAGUE,To advocate on behalf of and to educate senior citizens on the earned benefits.,,US,VA
1101,12846,"DURANTE ASSOCIATES, INC.",,,US,MD
1102,11082,COUNCIL OF INSTITUTIONAL INVESTORS,,,US,DC
1103,50832,"CORRIDOR 67, INC.",,,US,NJ
2104,36492,STANFORD UNIVERSITY,,,US,CA
1104,401108030,JEWISH WOMEN INTERNATIONAL,,,US,DC
1105,86298,NXG GLOBAL LAW & COMPLIANCE PLLC,,,US,IL
1106,30792,"PARRY, ROMANI, DECONCINI & SYMMS",Consulting,,US,DC
1107,32500,"ROBERT N. PYLE & ASSOCIATES, INC.",Government Relations,,US,DC
1108,22883,FBB FEDERAL RELATIONS,Lobbying Services,,US,DC
1109,306135,"MCKINNON GROUP, LLC, FORMERLY DOING BUSINESS AS RR&G, LLC",Legislative and regulatory consulting firm.,,US,DC
1110,401108457,EAGLE POINT STRATEGIES LLC,,,US,VA
1111,90897,ANDREAE & ASSOCIATES,Consulting Firm,,US,DC
1112,401109387,ALCON VISION LLC,,,US,TX
1113,401104858,M&T BANK CORPORATION,Financial Services Industry,,US,NY
1114,401109428,UNISWAP LABS,,,US,NY
1115,47303,AMERICAN SOCIETY OF RADIOLOGIC TECHNOLOGISTS,Professional association,,US,NM
1116,401105781,NORTON ROSE FULBRIGHT US LLP,Law firm.,,US,DC
1117,2354,AMERICAN FINANCIAL SERVICES ASSOCIATION,Trade Association for Financial Services Companies,,US,DC
1118,4117,APCO WORLDWIDE LLC,Public relations and strategic communications,,US,DC
1119,401109413,GREAT NORTHERN STRATEGIES,,,US,DC
1120,401105948,EXHIBITIONS & CONFERENCES ALLIANCE,501(c)(6) not-for-profit association,,US,NY
1121,400575730,"MERIT MEDICAL SYSTEMS, INC.",Manufacturer of disposible medical devices,,US,UT
1122,401104727,LAVENDER CONSULTANTS,Consulting,,US,AL
1123,401104895,"RIVERSIDE STRATEGIC SOLUTIONS, LLC","National Roadway, Transportation and Pedestrian Safety",,US,VA
1124,401105080,O'HARE INFRASTRUCTURE STRATEGIES LLC,Government Relations firm,,US,VA
1125,401109390,"SUPER MICRO COMPUTER, INC.",,,US,CA
1126,401106323,"KAZMI ADVISORS, LLC",business and government consulting firm,,US,IL
1127,305338,BERNSTEIN STRATEGY GROUP,"Government relations firm focused on education, technology and telecommunications issues.",,US,VA
1128,315592,HORIZON GOVERNMENT AFFAIRS,Health Care and Health Care Coverage,,US,DC
1129,401108406,FRANCHISEE ADVOCACY CONSULTING,,,US,CA
1130,58250,"RYBERG AND SMITH, L.L.C.",Law fiem,,US,DC
1131,401104415,HR STRATEGIES LLC,Public Affairs,,US,DC
1132,401104741,ACG ANALYTICS,Consulting.,,US,DC
1133,400783359,THE O TEAM LLC,Government affairs consulting firm.,,US,VA
1134,401104454,FOCUS DC LLC,Government Relations.,,US,MD
1135,400359651,IMMIGRATION EQUALITY,Working to reduce the negative impact of discriminatory immigration laws on LGBT peoples.,,US,NY
1136,401107751,"BLACKWELL STRATEGIC GROUP, LLC",,,US,VA
1137,401109343,"MCKINNON GROUP, LLC",,,US,DC
1138,57258,AMERICAN COLLEGE OF CLINICAL PHARMACY,,,US,DC
1139,32008,"POWERS PYLES SUTTER & VERVILLE, P.C.",Law Firm.,,US,DC
1140,401103937,"NACHA, THE ELECTRONIC PAYMENTS ASSOCIATION",Payments Trade Association and Network,,US,VA
1141,401105531,"FINN STRATEGIES, LLC",Association Management and Consulting,,US,FL
1142,401105556,BARRY SCHUMACHER,public affairs consultant,,US,OR
1143,56394,OSF HEALTHCARE SYSTEM,A large Catholic Hospital System and various ancillary healthcare delivery services.,,US,IL
1144,401105543,FJD STRATEGIES LLC,Government Affairs,,US,VA
1145,401108142,BUSINESS ALLIANCE FOR A SOUND ECONOMY,,,US,NC
1146,401105736,XR ASSOCIATION,XR Industry Trade Association,,US,DC
1147,400771323,"JTM CONSULTING, LLC",Government Affairs,,US,TX
1148,401109434,ELEVATE ENERGY,,,US,IL
1149,401103416,"KEYSIGHT TECHNOLOGIES, INC",Electronic Test and Measurement Company,,US,CA
1150,73635,GEOFFREY P. GRAY,Public Affairs Consultant,,US,MD
1151,76412,"MAYFORTH GROUP, LLC.",Government Relations and Business Development Firm,,US,RI
1152,401103459,DAVID A. BRADLEY,self employed lobbyist,,US,VA
1153,401106941,"RELATION STRATEGY, LLC",,,US,VA
1154,1898,AMERICAN CHIROPRACTIC ASSOCIATION,,,US,VA
1155,401103216,"STEVE AUSTRIA AND ASSOCIATES, LLC",Consulting,,US,OH
1156,401105291,CINCINNATI BELL INC (DBA ALTAFIBER) AND ITS SUBSIDIARIES,Telecommunications and IT Services and Hardware,,US,OH
1157,23111,LONG LAW FIRM,law firm,,US,LA
1158,401106791,"EASTER SEALS SERVING DC|MD|VA, INC.",,,US,MD
1159,40014111,MR. CHARLES WAX,,,US,TX
1160,401109119,ALTANA TECHNOLOGIES,,,US,DC
1161,28481,NATIONAL RIGHT TO LIFE COMMITTEE,,,US,VA
1162,401103642,RSM US LLP (FORMERLY KNOWN AS MCGLADREY LLP),Accounting & consulting,,US,DC
1163,401103260,"E2 STRATEGIES, LLC",government relations consultant,,US,DC
1164,401105367,FREEDOM FROM RELIGION FOUNDATION,Separation of state and church; educate the public on matters relating to nontheism,,US,DC
1165,401106398,"PARK GOVERNMENT RELATIONS, LLC",Government relations,,US,DC
1166,4380,ASHLAND INC (PREVIOUSLY KNOWN AS ASHLAND LLC),Specialty Chemicals,,US,KY
1167,401109421,MERCHANT STRATEGIES LLC,,,US,DC
1168,90853,TREATED WOOD COUNCIL,,,US,DC
1169,401108251,DOUBLE HAUL STRATEGIES LLC,,,US,ID
1170,401105762,MR. BRIAN MAY,Agriculture,,US,TX
1171,401104209,SKLADANY CONSULTING LLC,Strategic advisory/advocacy firm.,,US,VA
1172,28710,NATIONAL TRUCK EQUIPMENT ASSOCIATION,,,US,DC
1173,401108866,"LUNATRAIN, INC.",,,US,DE
1174,6848,MARSHALL BRACHMAN,lobbyist,,US,DC
1175,71894,NATIONAL POTATO COUNCIL,Agricultural Trade Association providing services to potato growers,,US,DC
1176,401104301,MWR CONSULTING,Government Relations,,US,MD
1177,401104441,JOHNSON MATTHEY INC.,Johnson Matthey is a specialty chemicals company and a leader in sustainable technologies.,,US,PA
1178,401107838,DEMOCRACY SENTRY,,,US,DC
1179,401106802,PERSPECTIVE STRATEGIES,,,US,DC
1180,401108234,DEFAZIO AND ASSOCIATES CONSULTING LLC,,,US,OR
1181,400450148,"SMALL BUSINESS MAJORITY FOUNDATION, INC.",Nonprofit organization focused on solving problems faced by America's small businesses.,,US,DC
1182,401109433,"SBM PARTNERS, INC.",,,US,FL
1183,36127,"SONOSKY, CHAMBERS, SACHSE, ENDRESON & PERRY, LLP",Law Firm,,US,DC
1184,401103195,UC HEALTH,Health Care,,US,OH
1185,401104977,MR. ANTHONY FRIEDRICH,Marine fisheries/conservation,,US,MD
1186,401106357,ASGA FISHERIES POLICY ALLIANCE INC,Prioritize science based fisheries policy at federal and state levels,,US,DC
1187,401104758,MR. JEFFREY SCHERMERHORN,Real Estate and Veterans,,US,FL
2612,5687,"BCBSM, INC.",,,US,MN
1188,400508502,NORTHFORK STRATEGIES,Government Affairs Consulting Firm.,,US,MT
1189,401106190,DIAMOND CAPITAL INTERNATIONAL LLC,Trade & Energy,,US,MS
1190,401108688,AEGIS LLC,,,US,DC
1191,401107207,DONOVAN STRATEGIES LLC,,,US,MA
1192,401104399,REDSTONE LAW FIRM LLP,Law Firm,,US,SD
1193,401106996,THE CHESTERBROOK GROUP,,,US,VA
1194,401105253,"MCHUGH LEMAY ASSOC., LLC",Consulting firm,,US,MD
1195,4631,ASSOCIATION OF METROPOLITAN WATER AGENCIES,Public Drinking Water Utility Trade Association,,US,DC
1196,309652,MR. ADRIAN PLESHA,government affairs,,US,DC
1197,401106280,BEAM GLOBAL,Electric vehicle charging,,US,CA
1198,401105883,CHRIS KATOPIS,Legislative consulting.,,US,DC
1199,89133,BLANK ROME LLP,Law Firm,,US,DC
1200,321817,"MUSEUM OF SCIENCE, BOSTON","science museum; science, technology, engineering, and math (STEM) education",,US,MA
1201,401106700,WISCONSIN FARM BUREAU FEDERATION,,,US,WI
1202,67535,"CONSENSUS COMMUNICATIONS, INC.",,,US,FL
1203,401103115,NEXUS GOVERNMENT RELATIONS,Federal government relations and consulting firm,,US,MD
1204,401107458,MR. SEBASTIAN MANHART,,,IT,
1205,401105103,BAYADA HEARTS FOR HOMECARE,BAYADA Home Health Care provides clinical care and support services to patients at home.,,US,PA
1206,401105068,"RESOLUTION PUBLIC AFFAIRS, LLC",Government Relations Consultants,,US,DC
1207,313692,TOM LUCE CONSULTING,Public and Government Affairs Consulting,,US,WA
1208,38767,CHAMBER OF SHIPPING OF AMERICA,,,US,DC
1209,401031906,"BROOKS BAWDEN MOORE, LLC, FORMERLY REPORTED AS BROOKS BAWDEN, LLC",Consulting,,US,DC
1210,401105214,RUTTENKERN POLICY GROUP,lobbying firm,,US,DC
1211,401104490,TIMOTHY LOVAIN,consulting,,US,VA
1212,401106442,MARK MCCORMICK,,,US,MN
1213,39815,"VAN NESS FELDMAN, LLP",Law and Public Policy Firm,,US,DC
1214,401108156,ROSE GROUP ADVISORS,,,US,AR
1215,401106346,LXR GROUP,Public policy consulting firm.,,US,DC
1216,314033,"MISSION GOVERNMENT RELATIONS (FORMERLY KNOWN AS MUROFF LAW FIRM, LLC)",Government relations consultancy,,US,PA
1217,401106825,OCAL LOBBYING GROUP,,,US,GA
1218,13610,"ENS RESOURCES, INC.",Consulting Intergovernmental Affairs,,US,DC
1219,316616,POLICYWORKS,Government affairs and public affairs consultant,,US,IA
1220,401106911,KATHERINE OH,,,US,DC
1221,286872,THE TIM HUGO GROUP,Lobbying,,US,VA
1222,401105460,HAWLEY LLC,Consulting,,US,VA
1223,7736,CALIFORNIA FORESTRY ASSOCIATION,Wood Products Trade Association,,US,CA
1224,401105189,STONINGTON GLOBAL,Government affairs consulting,,US,MD
1225,62255,MR. JOHN A. DEVIERNO,law firm,,US,DC
1226,401104739,IMPOSSIBLE FOODS INC.,food manufacturing and innovation,,US,CA
1227,401109101,EVIO (FKA EOS AIRCRAFT),,,US,OR
1228,401103251,GOVERNMENT SOLUTIONS LLC,Strategic consulting and advocacy,,US,DC
1229,401105474,DUNHAM LAW & POLICY PLLC,Law firm,,US,VA
1230,401108262,"STUART CHEMTOB, ESQ",,,US,DC
1231,401107188,"YC CONSULTING, LLC",,,US,DC
1232,400506493,MBDA INCORPORATED,Missile Programs,,US,VA
1233,401107996,"LEE SANDERS STRATEGY GROUP, LLC",,,US,VA
1234,401105987,"LAURA WOOD PETERSON CONSULTING, INC.",Consulting,,US,MT
1235,26796,"NATIONAL ASSOCIATION OF GOVERNMENT GUARANTEED LENDERS, INC.",,,US,TX
1236,401103986,MR. BRIAN DEARING,Business Development consultant,,US,VA
1237,401105357,"NORTH AMERICAN RESCUE, LLC",Tactical casualty care solutions,,US,SC
1238,25498,"MINTZ LEVIN COHN FERRIS GLOVSKY AND POPEO, P.C.",Law Firm,,US,DC
1239,401105091,COIN CENTER INC.,Government affairs,,US,DC
1240,24167,MAZDA MOTOR OF AMERICA DBA MAZDA NORTH AMERICAN OPERATIONS,,,US,DC
1241,401104434,KEVIN KAYES,Government Relations Firm,,US,VA
1242,71597,THE SUSQUEHANNA GROUP,The firm represents nonprofit organizations to Congress and the Executive Branch,,US,DC
1243,17226,HAAKE & ASSOCIATES,consultant/ lobbyist,,US,DC
1244,57533,MR. KHALIL SALIBA,Government Relations Consulting,,US,DE
1245,401104762,DAVID RUDD & ASSOCIATES LLC,legislative consulting firm,,US,DC
1246,2902,METHANOL INSTITUTE,,,US,VA
1247,401105953,"REVVITY, INC.",Provides products and services for Life Sciences/Diagnostics.,,US,MA
1248,401104012,CHRISTIANS UNITED FOR ISRAEL ACTION FUND,Education and advocacy on issues related to supporting Israel,,US,VA
1249,401108852,ELITE STRATEGIC SERVICES,,,US,SC
1250,55121,MR. STANLEY BRAND,Law Firm,,US,MD
1251,401105755,MPSTRATEGIES LLC,legislative affairs and policy consulting.,,US,VA
1252,1978,AMERICAN COLLEGE OF GASTROENTEROLOGY,,,US,MD
1253,401107771,DECLASSIFY UAP LLC,,,US,MD
1254,308833,"R&R PARTNERS, INC.",government affairs consulting,,US,DC
1255,44674,"WARD AND SMITH, P.A.",law firm,,US,NC
1256,2241,ACADEMY OF NUTRITION AND DIETETICS (FORMERLY AS AMERICAN DIETETIC ASSOCIATION),,,US,DC
1257,401108460,"PRODUCER COLLABORATIVE, INC.",,,US,FL
1258,27902,COMMODITY MARKETS COUNCIL,,,US,DC
1259,401104020,THE NARDELLI GROUP,Lobbying and government affairs,,US,MD
1260,67650,"STRADLEY RONON STEVENS & YOUNG, LLP",Insurance Company,,US,PA
1261,401108087,"KEYSTONE STRATEGIC CONSULTING, LLC",,,US,PA
1262,401104249,BLUE MOUNTAIN STRATEGIES,Public policy consultant,,US,DC
1263,73772,"TATE STRATEGIES, INC",public affairs consulting,,US,VA
1264,401107390,"DC ADVOCACY, LLC",,,US,DC
1265,401108088,"THE ETHIOPIAN WORLD FEDERATION, INCORPORATED",,,US,NY
1266,401106540,COLUMBIA RIVERKEEPER,,,US,OR
1267,400348604,"TAFT STETTINIUS & HOLLISTER LLP DBA TAFT ADVISORS LLC FKA (TAFT, STETTINIUS & HO",Government Relations Firm,,US,IN
1268,401108341,"STANTON COMMUNICATIONS, INC.",,,US,DC
1269,401108095,TULSA COMMUNITY COLLEGE,,,US,OK
1270,401108127,CAMPCO RESEARCH LTD.,,,IL,
1271,20174,IROQUOIS HEALTHCARE ALLIANCE,,,US,NY
1272,400459248,ADVOCACY ASSOCIATES,Grassroots Advocacy and Legislative Monitoring,,US,DC
1273,401108145,NATURAL STATE CONSULTING AND STRATEGIES,,,US,AR
1274,401109210,RUMBLE INC,,,US,FL
1275,400375724,"NATIONAL ASSOCIATION OF CONSUMER ADVOCATES, INC.",Consumer protection,,US,DC
1276,401108737,MTSI,,,US,VA
2613,41408,WILEY REIN LLP,Law firm,,US,DC
1277,47187,PAULEY MANAGEMENT INC.,Federal government affairs consulting.,,US,FL
1278,312496,CINCINNATI CHILDREN'S HOSPITAL MEDICAL CENTER,,,US,OH
1279,401105240,"POWELL CONSULTING DC, LLC",Consulting & advocacy,,US,VA
1280,401107434,"TERRAPIN STRATEGY, INC",,,US,VA
1281,401109439,"COSGROVE JONHENRY, LLC",,,US,OH
1282,401108056,4TH ST COMMUNICATIONS,,,US,DC
1283,400490409,"CERTIFIED FINANCIAL PLANNER BOARD OF STANDARDS, INC.",Non-profit org. establishing standards for financial planning in the public interest,,US,DC
1284,401108940,NETWORK OF JEWISH HUMAN SERVICE AGENCIES,,,US,NJ
1285,401105138,"BERNI CONSULTING, LLC",Public affairs and political consulting firm,,US,LA
1286,400753253,"DUMBARTON GROUP, LLC",Advocacy & Policy Firm,,US,FL
1287,41534,WILMER CUTLER PICKERING HALE AND DORR LLP,law firm,,US,DC
1288,401105417,"ELEVATE GOVERNMENT AFFAIRS, LLC",Government relations firm.,,US,DC
1289,401106467,KLEIN LAW GROUP PLLC,,,US,DC
1290,4050,THE ANSCHUTZ CORPORATION,,,US,MD
1291,401106890,ENHABIT HOME HEALTH & HOSPICE,,,US,TX
1292,79951,"TRIANGLE ASSOCIATES, INC.",congressional and government relations,,US,VA
1293,401106050,"MICKENBERG, DUNN & SMITH, PLC",law firm,,US,VT
1294,401108919,SASOL CHEMICALS USA LLC,,,US,TX
1295,401106386,SOUTH DAKOTA CORN GROWERS ASSOCIATION,farming,,US,SD
1296,401106410,ATA ACTION,,,US,DC
1297,24338,MCDERMOTT WILL & SCHULTE LLP,Law Firm,,US,DC
1298,12061,GEORGE H. DENISON,government relations,,US,MD
1299,73032,COALITION FOR AMERICA'S GATEWAYS & TRADE CORRIDORS,,,US,DC
1300,19514,GAS TECHNOLOGY INSTITUTE,Non-Profit Energy Research Organization,,US,IL
1301,401106590,UNIVERSITY OF RHODE ISLAND,,,US,RI
1302,400412961,ALLIANTGROUP,Tax Consulting,,US,TX
1303,401108164,"CASA, INC.",,,US,MD
1304,401105667,ALLIANCE FOR PHYSICAL THERAPY QUALITY AND INNOVATION,Health Care,,US,DC
1305,401106265,BEACON IMPACT,"Non-profit, non-partisan free market think tank",,US,TN
1306,3366,AMERICAN SOCIETY FOR THE PREVENTION OF CRUELTY TO ANIMALS,Animal welfare nonprofit organization,,US,NY
1307,323672,WESTERN UNION,money services business,,US,CO
1308,2365,AMERICAN FOREIGN SERVICE ASSOCIATION,,,US,DC
1309,37208,"SUGAR ASSOCIATION, INC.",Trade Association,,US,DC
1310,401109381,"STATEWIDE PUBLIC AFFAIRS, INC.",,,US,NY
1311,401108649,"THOMAS A. BRIANT, P.A.",,,US,MN
1312,15463,FRESH PRODUCE ASSOCIATION OF THE AMERICAS,,,US,AZ
1313,400453163,COMMERCIAL VEHICLE SAFETY ALLIANCE,Not-for-profit association promoting truck safety,,US,DC
1314,401106757,AND PARTNERS LLC,,,US,DC
1315,53163,"C. BAKER CONSULTING, INC.",Consulting Services,,US,MD
1316,401104251,"TUSK STRATEGIES, LLC",,,US,NY
1317,401106771,MR. DOUG IERLEY,,,US,MD
1318,401109317,"EKLUTNA, INC.",,,US,AK
1319,400352617,DELTA COUNCIL,nonprofit economic development organization,,US,MS
1320,317993,A.G. KAFFES AND ASSOCIATES LLC,To provide government relations and public relations consulting services.,,US,DC
1321,400894611,FOUNDATION FOR INDIVIDUAL RIGHTS AND EXPRESSION (FIRE),Nonprofit organization specializing in higher educartion student and faculty civil rights,,US,PA
1322,23634,MANATOS & MANATOS,Government affairs,,US,DC
1323,401106227,SALINAS STRATEGIES LLC,Consulting and Advocacy,,US,DC
1324,35764,MR. DANIEL SMITH,economic and legal analysis of milk price regulation,,US,VT
1325,35480,REH COMPANY (FORMERLY THE SINCLAIR COMPANIES),,,US,UT
1326,400833471,OLSON ADVOCACY GROUP LLC,Lobbying and Consulting,,US,VA
1327,401108862,"SURROUND SOUND STRATEGIES, LLC",,,US,VA
1328,84913,MR. THOMAS R. H. GLASS,Real Estate Consulting,,US,CO
1329,401104920,SHAZAM INC.,Financial services provider,,US,IA
1330,401108260,ROCHESTER INSTITUTE OF TECHNOLOGY,,,US,NY
1331,400713137,"ARNALL GOLDEN GREGORY, LLP",Law firm,,US,DC
1332,401104983,T1INTERNATIONAL USA,Patient support & advocacy,,US,OR
1333,401106325,TOM BRADLEY HEALTH POLICY LLC,Provide strategic advice concerning health policy,,US,MD
1334,283732,"PAUL MARCONE & ASSOCIATES, LLC",government relations firm,,US,VA
1335,401107678,"TOPSOE, INC.",,,US,DC
1336,401105410,KORD USA,Defense contractor,,US,VA
1337,401096059,MR. GREGORY COHEN,Lobbying by contract,,US,DC
1338,401105518,MIRSONIA GROUP,Consulting Firm,,US,VA
1339,400478358,"SB STRATEGIC CONSULTING, INC.",Consulting,,US,NV
1340,40044354,"GLSEN, INC. (FORMERLY KNOWN AS GAY LESBIAN & STRAIGHT EDUCATION NETWORK)",,,US,NY
1341,401106709,TAXBIT,,,US,VA
1342,401104608,CAREFIRST BLUECROSS BLUESHIELD,Health insurance company,,US,DC
1343,401106419,JENNIFER CUPP,"Consulting, freelance, strategic communications",,US,WA
1344,401105282,"PORTSONIC COMMUNICATIONS, LLC","Specializes in Internet Radio Broadcasting, offers streaming as well as website hosting.",,US,NV
1345,401105281,LAS VEGAS PUBLIC RADIO INC.,"An independent State of Nevada public broadcaster in Las Vegas, Nevada.",,US,NV
1346,401107777,TWO BRANCH STRATEGIES,,,US,MD
1347,20620,"JM FAMILY ENTERPRISES, INC",Automotive Related,,US,FL
1348,20562,JENNER & BLOCK LLP,law firm,,US,DC
1349,401104466,"BUTZEL LONG, P.C.",Law firm,,US,MI
1350,304452,"ROETZEL & ANDRESS, LPA",Law Firm,,US,OH
1351,67455,"NATIONAL COUNCIL ON COMPENSATION INSURANCE, INC.",Workers Compensation,,US,MD
1352,54882,PERNOD RICARD,,,US,DC
1353,401106533,"COMPASS GOVERNMENT RELATIONS PARTNERS, LLC",,,US,MD
1354,66831,JAPAN BANK FOR INTERNATIONAL COOPERATION,Financial Institute,,US,DC
1355,401103246,POPULATION CONNECTION ACTION FUND,Grassroots public welfare organization,,US,DC
1356,401105848,EDGE CREEK PARTNERS,Government relations consulting,,US,MD
1357,17352,"HALL, RENDER, KILLIAN, HEATH & LYMAN, P.C.",Law Firm,,US,IN
1358,400488400,DNV USA INC.,"Services for Maritime, Oil & Gas, Energy, Healthcare, Digital Solutions and Mgmt Sys Cert",,US,VA
1359,401107223,"RECORDED FUTURE, INC.",,,US,MA
1360,297897,MR. BARRY STRUMPF CONSULTING,Consulting,,US,MD
1361,401092051,TATA AMERICA INTERNATIONAL CORPORATION,IT Services,,US,NY
1362,25157,MICHIGAN CREDIT UNION LEAGUE,Credit Union Trade Association,,US,MI
1363,401106022,BLOUNT STRATEGIC INITIATIVES,Provide strategic government affairs assistance to clients.,,US,DC
1364,401105192,KEEFE STRATEGIES LLC (FKA KEEFE SINGISER PARTNERS),Public policy consulting,,US,DC
1365,401109445,ENCODE AI CORPORATION,,,US,DC
1366,401107910,COMMITTEE TO PROTECT HEALTH CARE,,,US,MI
1367,401104620,UNITED SERVICE ORGANIZATIONS,Nonprofit supporting US military service members and their families,,US,VA
1368,401105032,PARTNERSHIP FOR QUALITY HOME HEALTHCARE,Trade association representing Medicare-certified home health agencies (HHAs).,,US,DC
1369,11003,COUNCIL FOR CITIZENS AGAINST GOVERNMENT WASTE,,,US,DC
1370,401105368,EASTERSEALS NEW JERSEY,Disability services provider,,US,NJ
1371,401109385,"PALMERSTON, LLC",,,US,VA
1372,401103117,"B3 STRATEGIES, LLC",lobbying,,US,AZ
1373,324412,"VERSANT STRATEGIES LLC (FORMERLY KNOWN AS WOLFF STRATEGIES, LLC.)",Lobbying & consulting firm,,US,PA
1374,401104962,ACCENTURE FEDERAL SERVICES LLC,Technology Consulting,,US,VA
1375,401107715,TRUSYNERGY,,,US,PA
1376,400359637,"RICHARD J. LEIDL, P.C.",Law/lobbying firm,,US,DC
1377,401104637,"US-INDIA STRATEGIC PARTNERSHIP FORUM, INC.",US-India trade relations,,US,DC
1378,401006842,"WINN STRATEGIES, LLC",government relations consulting,,US,DC
1379,400626903,BREWERS ASSOCIATION,"Trade Association, not-for-profit",,US,CO
1380,400305432,NATIONAL COUNCIL OF TEACHERS OF ENGLISH,Improving the teaching of English and the language arts at all levels of education.,,US,MD
1381,400996829,NATURAL PRODUCTS ASSOCIATION,trade association,,US,DC
1382,401109161,"MICKENBERG, LLC",,,US,VT
1383,7213,BROWN-FORMAN CORPORATION,,,US,DC
1384,59171,AMERICAN SOCIETY OF HEMATOLOGY,,,US,DC
1385,401103158,MS. CHARITY BRACY,Advocacy on behalf of hospitals around 1115 wavier.,,US,CA
1386,401105951,DELPHI WORLD GROUP,Consulting/Government Relations,,US,FL
1387,2866,MEAT INSTITUTE (FKA NORTH AMERICAN MEAT INSTITUTE),,,US,VA
1388,32362,PUBLIC CITIZEN,,,US,DC
1389,401106258,"AIR DISTRIBUTION USA, INC. (FORMERLY AIR HOLDINGS USA)",Distributor of shisha tobacco,,US,NC
1390,401106376,MS. LILLIAN SPARKS,,,US,MD
1391,401108317,DARTMOUTH COLLEGE,,,US,NH
1392,401108556,BURKE CONSULTING LLC,,,US,WI
1393,401107802,KOREA INTERNATIONAL TRADE ASSOCIATION,,,US,DC
1394,401103114,FONTERRA COOPERATIVE GROUP LIMITED,Dairy cooperative,,US,IL
1395,40013100,"IDEMIA IDENTITY & SECURITY USA, LLC",Technology Company,,US,VA
1396,52834,COUNCIL OF INDUSTRIAL BOILER OWNERS,National Association representing Industrial Commercial and Institutional Energy Users,,US,VA
1397,401104942,BAUSCH HEALTH COMPANIES,Healthcare and pharmaceuticals,,US,NJ
1398,52925,"HADASSAH, THE WOMEN'S ZIONIST ORGANIZATION OF AMERICA, INC.",NON-PROFIT ORGANIZATION,,US,NY
1399,401103903,BECKER LAW FIRM PLLC,Law Firm,,US,NY
1400,401109432,"ONEBRIEF, INC.",,,US,HI
1401,2310,AMERICAN FEDERATION OF MUSICIANS,,,US,NY
1402,401104566,"THE HOUSING PARTNERSHIP NETWORK, INC.",Membership Association,,US,MA
1403,3058,AMERICAN PEANUT SHELLERS ASSOCIATION,,,US,GA
1404,40004028,MS. LAURA LAWLOR,Consulting,,US,TX
1405,14223,"MARCUS G. FAUST, PC",Law firm,,US,DC
1406,401105224,COALITION ON HUMAN NEEDS,social welfare organization,,US,DC
1407,34592,"SCHRAMM, WILLIAMS & ASSOCIATES, INC.",Government Relations,,US,DC
1408,45790,BASS BERRY & SIMS,Law Firm,,US,TN
1409,86210,TELEMEDIA POLICY CORP.,Private consulting firm,,US,DC
1410,401031909,MR. ROBERT SCHWARZ,Intercity bus transportation,,US,DC
1411,400694066,"DS2 GROUP, LLC",Lobbying firm,,US,DC
1412,309971,"H. M. RILEY ASSOCIATES, LLC",,,US,FL
1413,401103264,"ACCESSLEX INSTITUTE (FKA ACCESS GROUP, INC.)",higher education policy non-profit,,US,PA
1414,401106507,SMART POLICY GROUP LLC,,,US,VA
1415,401104158,"HELENA AGRI-ENTERPRISES, LLC, FORMERLY REPORTED AS HELENA CHEMICAL COMPANY",Agricultural distributor/retailer,,US,TN
1416,293676,COUNCIL ON STATE TAXATION,Nonprofit trade association promoting fair state & local taxation of multistate companies.,,US,DC
1417,401106794,GTB PARTNERS,,,US,NJ
1418,21893,KPMG LLP,"Accounting, advisory and tax firm",,US,DC
1419,40014114,DARTMOUTH-HITCHCOCK MEDICAL CENTER,Health system,,US,NH
1420,401107778,SOCIAL CURRENT,,,US,WI
1421,401106459,"STE NORTH AMERICA, INC. (FORMERLY ST ENGINEERING NORTH AMERICA, INC.)",,,US,VA
1422,401018874,"RUBIN HEALTH POLICY CONSULTING, LLC",consulting services,,US,MD
1423,27946,NATIONAL GUARD ASSOCIATION OF THE UNITED STATES,Lobbying organization.,,US,DC
1424,401105640,ANZU STRATEGIES,,,US,ME
1425,401106818,"GOVERNMENT AFFAIRS SOLUTIONS, LLC",,,US,MD
1426,35800,"THE SMITH-FREE GROUP, LLC",Government relations and business consulting,,US,DC
1427,400940714,MR. JAIME STEVE,Power and communication line construction,,US,VA
1428,1411,AMERICAN ADVERTISING FEDERATION,,,US,DC
1429,401107101,"ALL OF THE ABOVE CONSULTING, LLC",,,US,WA
1430,400459256,BLUE GREEN ALLIANCE,Advocacy and Education around Green Economy and related topics.,,US,MN
1431,27137,NATIONAL ASSOCIATION OF SOCIAL WORKERS,,,US,DC
1432,304213,"ZIEBART CONSULTING, LLC",Public and government affairs consulting,,US,FL
1433,7975,CAN MANUFACTURERS INSTITUTE,Trade association representing U.S. metal can makers.,,US,DC
1434,401105720,ISSA,Trade Association,,US,IL
1435,401107718,CONNECTIONS HEALTH SOLUTIONS,,,US,AZ
1436,401104417,BLUE MARBLE STRATEGY LLC,Consulting and government relations,,US,VA
1437,44561,AMERICAN MEDICAL REHABILITATION PROVIDERS ASSOCIATION,Executive Vice President of Government Relations & Policy Development,,US,DC
1438,401104803,"AMERICAN MULTI-CINEMA, INC.",Entertainment and movie theater company.,,US,KS
1439,401106066,DUFFY&SHANLEY,Communications,,US,RI
1440,400377728,"CAESARS ENTERPRISE SERVICES, LLC",Gaming Entertainment,,US,NV
1441,401107252,FIGS,,,US,CA
1442,400434104,ACT FOR AMERICA,Non-Profit organization,,US,VA
1443,401105957,CENTERSTONE,Behavioral health provider,,US,TN
1444,283878,"VERITAS ADVISORS, LLP",Government Affairs and Consulting Firm,,US,ID
1445,401105415,"NORTH AMERICAN SUBARU, INC.","Automobile manufacturing, sales, distribution, marketing, parts sales and service.",,US,DC
1446,401106453,PEOPLE UNITED FOR PRIVACY,,,US,DC
1447,15020,"FLYNN & ASSOCIATES, INC.",Consulting and lobbying services,,US,MD
1448,401104559,LIVE OAK BANKING COMPANY (FORMERLY KNOWN AS LIVE OAK BANK),Banking and Technology,,US,NC
1449,26980,"NATIONAL ASSOCIATION OF POLICE ORGANIZATIONS, INC.",Trade association of rank and file police unions and associations.,,US,VA
1450,304372,NATIONAL RELIGIOUS BROADCASTERS,,,US,DC
1451,54973,JBI LTD,,,US,TX
1452,400599827,ROCKWELL AUTOMATION,"Power, control & information solutions and services that help solve manufacturing problems",,US,MD
1453,28207,NATIONAL MILK PRODUCERS FEDERATION,,,US,VA
1454,400489401,"RENRE NORTH AMERICA HOLDINGS, INC",Global provider of insurance and reinsurance to cover the risk of catastrophes.,,US,DC
1455,401105009,"LEHMAN NILON & ASSOCIATES, LLC",lobbying firm,,US,FL
1456,401105489,MS. ELIZABETH STEIN,Higher education non-profit,,US,MD
1457,40006040,SCOFES & ASSOCIATES CONSULTING INC,Multi-client governmental consulting firm offering legislative relations,,US,MI
1458,23190,LOYOLA UNIVERSITY CHICAGO,Higher Education,,US,IL
1459,313418,PETTUS CONSULTING,,,US,VA
1460,400683034,"DC STRATEGIES GROUP, LLC",Lobbying and consulting firm.,,US,DC
1461,26730,NATIONAL ASSOCIATION OF CRIMINAL DEFENSE LAWYERS (NACDL),,,US,DC
1462,401104830,PUBLIC PRIVATE STRATEGIES,consulting firm,,US,DC
1463,401105593,COPYRIGHT ALLIANCE,&#226;€‹A non-profit organization dedicated to the value of copyright.,,US,DC
1464,401107570,AMERICAN POLICY VENTURES ACTION,,,US,DC
1465,400661993,THE LANDE GROUP,consulting and advisory services,,US,VA
1466,304554,"D&P CREATIVE STRATEGIES, LLC","Consulting, Government Relations, Public Affairs Firm",,US,MD
1467,3127,AMERICAN CEMENT ASSOCIATION (FORMERLY PORTLAND CEMENT ASSOCIATION),Manufacturing trade association.,,US,DC
1468,62916,"NISOURCE, INC",,,US,OH
1469,401105895,PETER TOMPA LAW,Law Firm,,US,DC
1470,1400,AMERICAN ACADEMY OF PHYSICIAN ASSOCIATES,,,US,VA
1471,401105689,"DAVID T. MURRAY, LLC",Consulting,,US,DC
1472,63017,"COYNE, JESERNIG, LLC",12/31/2003,,US,WA
1473,36424,SSM HEALTH CARE,health care,,US,MO
1474,21313,"KELLER AND HECKMAN, LLP",Law firm,,US,DC
1475,27183,NATIONAL ASSOCIATION OF SURETY BOND PRODUCERS,,,US,MD
1476,401107992,"REMITLY GLOBAL, INC.",,,US,WA
1477,400568701,"DININO ASSOCIATES, LLC",Government relations and consulting,,US,DC
1478,14611,AZOA SERVICES CORP(ALLIANZ OF AMERICA) FORMERLY AZOA SERIVCES CORP/FIREMAN'S FUND(ALLIANZ OF AMERICA,,,US,DC
1479,401107457,AMERICANS FOR HOMEOPATHY CHOICE ACTION,,,US,DC
1480,401104692,CAPITAL PARK PARTNERS LLC,Consulting,,US,TX
1481,400263207,"PLAINS COTTON GROWERS, INC.",Agriculture Commodity Association,,US,TX
1482,401104329,DAVE KOLBE CONSULTING,Veteran owned LLC.  Lobbying and other governmental labor management relations.,,US,OH
1483,401106080,SHOPIFY INC,Commerce platform,,CA,ON
1484,12711,"DUCKS UNLIMITED, INC",Wetlands Conservation Organization,,US,DC
1485,27924,NATIONAL GROCERS ASSOCIATION,,,US,DC
1486,40032273,DREXEL UNIVERSITY,Children's health and welfare,,US,PA
1487,57054,BOSTON UNIVERSITY,University,,US,DC
1488,401104672,SHAWNEE COMMUNICATIONS,Broadband telecommunications,,US,IL
1489,400493436,"THE DESNER GROUP, LLC",Research and engineering management consulting.,,US,MD
1490,401106755,ELLEN FERN,,,US,DC
1491,85014,MARLA GROSSMAN LLC,Government Affairs.,,US,SC
1492,401103184,SANTA CLARA VALLEY WATER DISTRICT,Public water district,,US,CA
1493,23485,"MAERSK AGENCY U.S.A., INC.",Transportation,,US,NJ
1494,401108306,CORCORAN STREET GROUP,,,US,DC
1495,401108712,INTERSECTION,,,US,DC
1496,3663,AMERICAN WATER WORKS ASSOCIATION,,,US,DC
1497,401106400,"HAIR OF THE DOG OUTFITTERS, LLC",law firm and consulting firm,,US,DC
1498,400323519,MR. H.R. BERT PENA,Law firm and consulting firm,,US,DC
1499,84376,BORSKI ASSOCIATES,Government relations,,US,PA
1500,47985,CONCERNED WOMEN FOR AMERICA LEGISLATIVE ACTION COMMITTEE,Public policy women's organization,,US,VA
1501,401107779,PACESETTER STRATEGIES FORMERLY KNOWN AS K. BLACK STRATEGIES LLC,,,US,VA
1502,400367702,"OMER F. BROWN, II LAW OFFICE",Law office,,US,DC
1503,400359660,"EHEALTH, INC.","eHealth, Inc. offers Internet-based health insurance agency services.",,US,TX
1504,400374717,THE CONSILIO GROUP,Government affairs,,US,DC
1505,400391825,MR. MICHAEL COOPER,Consult for Defense & Communications Issues,,US,OK
1506,401105344,STERIS CORPORATION,manufacturing,,US,OH
1507,2822,"AMERICAN MALTING BARLEY ASSOCIATION, INC.",Trade association,,US,WI
1508,27582,NATIONAL COUNCIL FOR BEHAVIORAL HEALTH,"trade association, advocacy for community mental health and addiction services",,US,DC
1509,401103232,PARTNERSHIP FOR PART D ACCESS (INFORMAL COALITION),Informal coalition focused on Medicare Part D,,US,DC
1510,401109467,"BYNUM & BYNUM CONSULTANTS, LLC",,,US,VA
1511,401106218,"SOMERTONS, PLLC",Law firm,,US,DC
1512,401105133,"JOHN LADD & ASSOCIATES, INC.",Government affairs,,US,VA
1513,401105907,PARK ROAD TRADE LLC,Consulting firm,,US,DC
1514,39600,UNUM GROUP,,,US,ME
1515,401106947,WAYPOINT STRATEGIES LLC,,,US,SD
1516,401108226,"T. ROWE PRICE GROUP, INC.",,,US,MD
1517,401107343,"LEEWARD RENEWABLE ENERGY, LLC",,,US,TX
1518,14963,FLORIDA SUGAR CANE LEAGUE,Agriculture,,US,DC
1519,401104606,"PAUL V. BEDDOE GOVERNMENT AFFAIRS, LLC",government affairs consulting and advocacy,,US,DC
1520,35924,SOCIETY FOR AMERICAN ARCHAEOLOGY,,,US,DC
1521,400359642,BIPARTISAN POLICY CENTER ACTION,Non-profit advocacy organization promoting Bipartisan Policy Center's (BPC) policies.,,US,DC
1522,401106612,NEXTDECADE CORPORATION,,,US,TX
1523,400601833,AMERICAN ASSOCIATION FOR CANCER RESEARCH,Professional organization for cancer researchers,,US,DC
1524,318813,"GREENPEACE, INC.",NON-PROFIT ENVIRONMENTAL ORGANIZATION,,US,DC
1525,32065,UNIVERSITY OF PITTSBURGH MEDICAL CENTER,HEALTH SYSTEM,,US,PA
1526,401108052,"LUKE HOLDING, INC.",,,US,TX
1527,401105913,JEFF MILLER GROUP,Lobbying,,US,FL
1528,38483,"TRINITY INDUSTRIES, INC",,,US,TX
1529,401104549,APPALACHIAN CITIZENS LAW CENTER INC.,Non-profit law firm.,,US,TN
1530,400532589,PRIME POLICY GROUP,Government relations,,US,DC
1531,401105572,"ASTROSCALE U.S., INC.",On-orbit services and orbital debris,,US,CO
1532,27387,"NATIONAL CENTER FOR LEARNING DISABILITIES, INC.",nonprofit parent advocacy organization,,US,DC
1533,303597,"CAPITOL CONNECTIONS, LLC",Consulting,,US,FL
1534,401106130,INTERNATIONAL INTELLECTUAL PROPERTY ALLIANCE,Organization representing producers and publishers of creative content.,,US,DC
1535,27775,NATIONAL ENVIRONMENTAL STRATEGIES,Advice and advocacy on environmental issues,,US,DC
1536,69071,AGVANTAGE LLC,lobbying/ consultant,,US,VA
1537,400570715,SOCIETY FOR CARDIOVASCULAR ANGIOGRAPHY AND INTERVENTIONS,Professional Society,,US,DC
1538,317914,SECURITIES INDUSTRY AND FINANCIAL MARKETS ASSOCIATION,,,US,DC
1539,40011085,"GRIFOLS SHARED SERVICES NORTH AMERICA, INC.",Biopharmaceutical company,,US,DC
1540,401103617,AMERICAN CAR RENTAL ASSOCIATION,Trade Association for car rental industry,,US,NY
1541,84731,BINGHAMTON UNIVERSITY - STATE UNIVERSITY OF NEW YORK,Public Higher Education Institution,,US,NY
1542,401109458,CAVALRY STRATEGIES LLC,,,US,FL
1543,401105624,AMBASSADORS GROUP,Trade Association focusing on long term care,,US,NJ
1544,401106917,TECHNOLOGY STRATEGIES LLC,,,US,DC
1545,401104663,AMERICAN HUMANIST ASSOCIATION,the promotion of humanism and the protection of humanists' rights,,US,DC
1546,400883583,"WEINREICH STRATEGIC GROUP, INC.","Political intelligence, strategy, messaging, and lobbying",,US,MD
1547,320838,CRUISE LINES INTERNATIONAL ASSOCIATION,"Trade association for the cruise industry; education of agents, marketing/promotion, lobby",,US,DC
1548,3333,AMERICAN ACADEMY OF SLEEP MEDICINE,"Promotes excellence in sleep medicine health care, education and research.",,US,IL
1549,401105264,ARDEIDAE GROUP LLC,Government relations and consulting firm,,US,DC
1550,400287370,THE MATTINGLEY GROUP,International Trade Consultant,,US,VA
1551,401108258,THE CARTER CENTER,,,US,GA
1552,400569709,COMPETITIVE CARRIERS ASSOCIATION,Association for rural and regional wireless carriers and stakeholders.,,US,DC
1553,401108370,ORLANDO HEALTH,,,US,FL
1554,11322,CREDIT UNION NATIONAL ASSOCIATION. INC. DBA AMERICA'S CREDIT UNIONS,,,US,DC
1555,401103162,THE D MAJOR GROUP,Government affairs consulting,,US,DC
1556,401104109,HACKENSACK MERIDIAN HEALTH,health care,,US,NJ
1557,401105972,TARGA RESOURCES PARTNERS LP,Midstream infrastructure,,US,TX
1558,400408933,SYENSQO USA LLC,"Solvay manufactures an extensive range of chemicals and plastics such as soda ash, etc.",,US,NJ
1559,401105858,NATIONAL INDEPENDENT AUTOMOBILE DEALERS ASSOCIATION,Trade association representing independent automobile dealers,,US,TX
1560,401109334,INTERNET WORKS,,,US,DC
1561,2172,CROPLIFE AMERICA,Trade association representing the crop protection industry.,,US,VA
1562,401106319,"ACTUM I, LLC",Public affairs and media consulting services and support,,US,CA
1563,401108053,BIOHARBOR STRATEGIES FKA DANA O'BRIEN,,,US,ME
1564,401104565,"COPPER HILL STRATEGIES, LLC",government relations and public policy,,US,AZ
1565,1524,"AMERICAN ASSOCIATION OF BLOOD BANKS, DBA ASSOCIATION FOR THE ADVANCEMENT OF BLOOD & BIOTHERAPIES",,,US,MD
1566,400658979,"ANNDYL POLICY GROUP, LLC",Professional consulting services related to energy and environmental strategy,,US,MD
1567,401103720,"CONNECT 4 STRATEGIES, LLC",Strategic Consulting,,US,VA
1568,35935,ANIMAL WELFARE INSTITUTE FKA SOCIETY FOR ANIMAL PROTECTIVE LEGISLATION,Animal welfare advocacy,,US,DC
1569,40017133,MICHIGAN FARM BUREAU,agricultural advocacy,,US,MI
1570,47314,"DAIRY FARMERS OF AMERICA, INC.",,,US,KS
1571,401104106,ISSUE ONE,Nonprofit,,US,DC
1572,401105200,"GONRING, SPAHN & ASSOCIATES, INC.",Government relations,,US,DC
1573,401108532,ESSILORLUXOTTICA USA INC.,,,US,NY
1574,400577738,NATIONAL ASSOCIATION OF DEVELOPMENT COMPANIES,Trade Association for the 504 Small Business Loan Program,,US,MD
1575,401103334,STUDENT VETERANS OF AMERICA,Advocacy for veterans in higher education and related issues,,US,DC
1576,25226,MID-WEST ELECTRIC CONSUMERS ASSOCIATION,Mid-West promotes and protects the interest of federal power customers and their consumers,,US,CO
1577,14267,FEDERATION OF AMERICAN HOSPITALS,,,US,DC
1578,291435,"SPECIAL OLYMPICS, INC.","Provide sport, health, inclusive education programs to people w/ intellectual disabilities",,US,DC
1579,401109435,OSCAR MANAGEMENT CORPORATION,,,US,NY
1580,401107289,AEROFLOW HEALTHCARE INC,,,US,NC
1581,401105760,"DIRECT CHASSISLINK, INC.",Transportation (intermodal equipment provider),,US,NC
1582,75876,MR. CRAIG CROTTEAU,Strategic planning and advocacy.,,US,OR
1583,401107664,HEXCEL CORPORATION,,,US,CT
1584,401105800,AMERICAN WILD HORSE CAMPAIGN,Non-profit advocacy,,US,CA
1585,73715,MS. REBECCA HALKIAS,Government relations consulting.,,US,DC
1586,401106405,"VDMA AMERICA, INC. (FORMERLY KNOWN AS VDMA WASHINGTON, INC.)",Machinery Manufacturing,,US,DC
1587,313098,INDEPENDENT PHARMACY COOPERATIVE,,,US,WI
1588,401105318,CO2EFFICIENT,&#226;€‹&#226;€‹Pubic Policy Development and Advocacy,,US,DC
1589,400401893,"THE FRANKEN GROUP, LLC",Consulting,,US,CA
1590,50400,"INTERNATIONAL UNION OF POLICE ASSOCIATIONS, AFL-CIO",,,US,FL
1591,312758,HUTTON STRATEGIES,consulting & lobbying,,US,MD
1592,76252,CARBONLEAF LLC,Manufacturing,,US,VA
1593,401108291,ERVIN POLICY GROUP LLC,,,US,MI
1594,312133,"HEARTLAND SOLUTIONS GROUP, INC.",Public and government affairs consulting.,,US,IL
1595,401108896,DH DIAGNOSTICS LLC,,,US,DC
1596,290070,"MWR STRATEGIES, INC.",lobbying/consulting,,US,VA
1597,400454181,MR. MARK REY,Government relations consulting firm,,US,DC
1598,401106433,STUMPTOWN STRATEGIES,,,US,VA
1599,401108174,"POLISPECTIVES, LLC",,,US,AL
1600,310051,"MCCLINTOCK ASSOCIATES, INC.",Government and Public Relations,,US,OK
1601,400671008,BOND & ASSOCIATES,"Consultants on Trade, Higher Education and Overseas Development",,US,ND
1602,298898,"THE ROSE COMPANY, LLC",Governmental Affairs and Business Consulting Services,,US,VA
1603,401105946,GLENCOE STRATEGIES LLC,Environmental policy consulting,,US,IL
1604,401109259,"OUTOKUMPU STAINLESS USA, LLC",,,US,AL
1605,400805408,"DEFENSE CONSULTING GROUP, LLC",Lobbying Firm,,US,DC
1606,401103570,COACH USA,"Transportation, Map 21, Busing Issues",,US,NJ
1607,401104587,INTERNATIONAL STABILITY OPERATIONS ASSOCIATION,National Security and International Affairs.,,US,DC
1608,24885,MEMORIAL SLOAN KETTERING CANCER CENTER,,,US,NY
1609,401105802,INTERNATIONAL TRADEMARK ASSOCIATION,Association of brand owners & professionals supporting trademarks & intellectual property.,,US,VA
1610,6198,BIFMA INTERNATIONAL,Represent the Business and Institutional Manufacturers of North America,,US,MI
1611,401106604,INLET STRATEGIES,,,US,FL
1612,400534593,MR. CORY SMITH,public policy advocacy,,US,IN
1613,18568,HONIGMAN LLP,LAW FIRM,,US,MI
1614,401106660,CHUGACH ALASKA CORPORATION,,,US,AK
1615,400588798,WAKEFERN FOOD CORP.,supermarket cooperative,,US,NJ
1616,401107148,PONTIFEX STRATEGIES LLC,,,US,VA
1617,401105552,"AMERICAN CONSERVATION COALITION ACTION, INC.",Non-profit organization.,,US,WI
1618,401107421,VANNEVAR LABS,,,US,CA
1619,26433,NATIONAL ACCREDITING COMMISSION OF CAREER ARTS & SCIENCES,Accreditation,,US,VA
1620,291231,SOUTHWEST AIRLINES PILOTS' ASSOCIATION,,,US,TX
1621,25215,US OIL & GAS ASSOCIATION,lobbying,,US,DC
1622,401104878,"BROWN & FORTUNATO, P.C.",Law firm,,US,TX
1623,82135,OWEN EVANS INGOLS,consulting and government affairs firm,,US,DC
1624,401103629,NORTH AMERICAN INSULATION MANUFACTURERS ASSOC.,Trade Association - Representing fiber glass & rock & slag wool companies in North America,,US,VA
1625,40025200,"JOHN DUNCAN AND ASSOCIATES, LLC",Government Relations,,US,DC
1626,401105797,"AGORA CONSULTING, LLC",Government relations consulting,,US,MD
1627,400458202,NATIONAL AUTOMATIC MERCHANDISING ASSOCIATION,"Promote the common business interests of the vending, coffee and foodservice industries",,US,VA
1628,26901,NATIONAL ASSOCIATION OF INSURANCE AND FINANCIAL ADVISORS,Insurance and financial services trade association.,,US,VA
1629,401104665,KERRIE RUSHTON,Lobbying and consulting services,,US,MD
1630,400389804,CLEMSON UNIVERSITY,4 Year Higher Education University,,US,SC
1631,401106144,WARING FEDERAL STRATEGIES,consulting firm,,US,VA
1632,401103783,LYFT,American Transportation Network Company,,US,CA
1633,401107389,DE BEERS PLC,,,JE,
1634,401106918,"IBEX2 SOLUTIONS, LLC",,,US,VA
1635,30201,OLIN CORPORATION,Chemical distribution and manufacturing; ammunition manufacturing,,US,MO
1636,6256,"BIRCH, HORTON, BITTNER & CHEROT",law firm,,US,DC
1637,401108410,"CONVERGENCE STRATEGIES, LLC",,,US,MD
1638,401108061,NATIONAL OILHEAT RESEARCH ALLIANCE,,,US,VA
1639,401104753,"WANETA STRATEGIES, LLC",Private consulting firm,,US,DC
1640,401107478,JENNA HAMILTON,,,US,DC
1641,401107418,OXFORD STRATEGIES LLC-MD,,,US,MD
1642,400971785,"TOMPKINS STRATEGIES, LLC",Government relations,,US,DC
1643,18001,VERTICAL AVIATION INTERNATIONAL,,,US,VA
1644,401105491,TIGER HILL PARTNERS LLC,Consulting and public affairs,,US,VA
1645,64598,NATIONAL COUNCIL OF NONPROFITS (FORMERLY KNOWN AS THE NATIONAL COUNCIL OF NONPRO,,,US,DC
1646,401054971,FTI GOVERNMENT AFFAIRS,"Consulting, Lobbying and Government Affairs",,US,DC
1647,401104468,"SHUMAKER ADVISORS FLORIDA, LLC",Public Relations and Government Affairs,,US,FL
1648,401104004,CENTER HILL SOLUTIONS,lobbying and legislative counsel,,US,MD
1649,40008062,"COORSTEK, INC.",design and manufacture of advanced material componenets and assemblies,,US,CO
1650,400503478,ALTERNATIVE INVESTMENT MANAGEMENT ASSOCIATION,Global hedge fund trade association,,GB,
1651,401107989,CARE NEW ENGLAND,,,US,RI
1652,401107677,LIGHTHOUSE POINT GOVERNMENT RELATIONS,,,US,FL
1653,17487,BRADY CAMPAIGN TO PREVENT GUN VIOLENCE,,,US,DC
1654,28628,NATIONAL STAR ROUTE MAIL CONTRACTORS ASSOCIATION,,,US,VA
1655,401107864,"MV TRANSPORTATION, INC.",,,US,TX
1656,401108751,FERN ABRAMS,,,US,VA
1657,401106545,HSA STRATEGIES,,,US,MD
1658,400944725,DOGWOOD STRATEGIES,Consulting,,US,VA
1659,304851,ASSOCIATION FOR MATERIALS PROTECTION AND PERFORMANCE (AMPP),Non-profit Association,,US,TX
1660,26455,NATIONAL AGRICULTURAL AVIATION ASSOCIATION,,,US,VA
1661,401106094,WILLIAM CASTLE,For JK Castle -- sole practitioner.  For Air Force Association: employee,,US,VA
1662,28526,NATIONAL RURAL LETTER CARRIERS' ASSOCIATION,,,US,VA
1663,401102073,RECREATION VEHICLE DEALERS ASSOCIATION OF NORTH AMERICA,Industry Association,,US,VA
1664,401106151,"CHIPOTLE MEXICAN GRILL, INC",Restaurant,,US,CA
1665,401108144,LEADING BUILDERS OF AMERICA,,,US,DC
1666,401104135,(C) MANAGEMENT INC.,management consulting,,US,MD
1667,321373,UNIVERSITY OF KANSAS,,,US,DC
1668,27888,NATIONAL FUNERAL DIRECTORS ASSN,,,US,WI
1669,11993,"DELTA DEVELOPMENT GROUP, INC.",Consulting firm,,US,PA
1670,401107058,CRYPTO COUNCIL FOR INNOVATION,,,US,CA
1671,401107413,KABOOM!,,,US,MD
1672,401106362,UROLOGY CARE FOUNDATION,,,US,MD
1673,401104305,"DOCUMENT STORAGE SYSTEMS, INC.",Health Information Technology,,US,FL
1674,320771,OFFSHORE MARINE SERVICE ASSOCIATION,Trade Association representing vessel owners and operators of offshore energy producers.,,US,LA
1675,401105940,TORRES CONSULTING AND LAW GROUP,Lobbying,,US,AZ
1676,401106815,CSPI ACTION FUND,,,US,DC
1677,401103436,VELOS (FORMERLY PINNACLE ENGINEERING AND MANAGEMENT SOLUTIONS),Government Relations,,US,MD
1678,401106154,SAMUEL POOLE,consultant/sole proprietor,,US,NC
1679,8668,CENTER FOR SCIENCE IN THE PUBLIC INTEREST,,,US,DC
1680,4254,ARKANSAS FARM BUREAU FEDERATION,,,US,AR
1681,60550,STRATEGIC MARKETING INNOVATIONS,Federal relations firm,,US,DC
1682,21131,KANSAS FARM BUREAU,Agricultural Adovcacy and Education.,,US,KS
1683,14462,THE FERTILIZER INSTITUTE,Trade association,,US,VA
1684,401106920,QUANTINUUM LLC,,,US,CO
1685,401038925,"MORRISSEY STRATEGIC PARTNERS, LLC",Public Policy and advocacy consulting.,,US,GA
1686,401106042,TRULIEVE CANNABIS CORP.,"Cannabis cultivation, manufacturing, retail.",,US,FL
1687,14256,FEDERATION FOR AMERICAN IMMIGRATION REFORM,Immigration nonprofit.,,US,DC
1688,1730,AMERICAN ASSOCIATION OF UNIVERSITY PROFESSORS,education professional association,,US,DC
1689,401109143,"TMP METALS GROUP, LTD.",,,US,PA
1690,401103161,"UNIVERSITY OF MARYLAND, BALTIMORE (UMB)","UMB is Maryland's only public health, law, and human services university.",,US,MD
1691,1706,AMERICAN ASSOCIATION OF SCHOOL ADMINISTRATORS,Non-profit professional organization,,US,VA
1692,283594,MR. JOHN NAPIER,law firm; consulting,,US,SC
1693,401103561,NATIONAL FEDERATION OF THE BLIND,Membership organization of blind people,,US,MD
1694,288613,"THE JOSEPH GROUP, LLC",Private consulting firm,,US,VA
1695,401105906,"535 GROUP, LLC",Government Relations Consulting,,US,DC
1696,401107330,H4 ADVISORS LLC,,,US,VA
1697,401108733,"GENERAL CATALYST GROUP MANAGEMENT, LLC",,,US,MA
1698,400731191,"REPSOL, S.A.",OIL AND GAS COMPANY,,ES,
1699,401104687,"DAKOTA STRATEGIES, LLC (F/N/A ODNEY, INC.)",Public Affairs Firm,,US,ND
1700,401109457,NESSLE & BLAKEY,,,US,DC
1701,400426036,SECURITY FINANCE CORPORATION OF SPARTANBURG,Consumer Lending,,US,SC
1702,647,AIRPORTS COUNCIL INTERNATIONAL -- NORTH AMERICA,Airport trade association,,US,DC
1703,400484391,IOWA HOSPITAL ASSOCIATION,Represents hospitals in Iowa.,,US,IA
1704,401109256,HETERODOX ACADEMY,,,US,NY
1705,401106342,BETA TECHNOLOGIES,aerospace manufacturer,,US,VT
1706,29595,NORTHWESTERN MEMORIAL HOSPITAL,Healtcare,,US,IL
1707,401103085,MR. JONATHAN MOORE,Consulting,,US,DC
1708,291993,"CAPCITY ADVOCATES, LLC","Government Relations, Lobbying, & Political Consulting",,US,DC
1709,75251,HEALTHCARE INSTITUTE OF NEW JERSEY,government affairs for biopharmaceutical and medical device trade association,,US,NJ
1710,401104226,CHAIN LINK SOLUTIONS LLC,social welfare organization,,US,AL
1711,45004,"DOMINION ENERGY, INC.",energy,,US,DC
1712,401105681,VOX GLOBAL,Consulting firm,,US,DC
1713,401107507,"D-FEND SOLUTIONS, INC.",,,US,VA
1714,400265210,DICKINSON WRIGHT PLLC,Law firm,,US,DC
1715,401106326,DYNAVAX TECHNOLOGIES CORP.,Biopharmaceutical company focused on developing and commercializing novel vaccines.,,US,CA
1716,401105588,PHI HEALTH LLC,Air ambulance transportation services,,US,AZ
1717,401104702,VETERANS EDUCATION SUCCESS,"education quality & consumer protection in higher ed for veterans, servicemembers & family",,US,DC
1718,9886,THE COLLEGE ENTRANCE EXAMINATION BOARD,education non-profit,,US,VA
1719,305054,"PORTERFIELD, FETTIG & SEARS, LLC",government affairs,,US,DC
1720,401105885,AMERICAN SECURITIES ASSOCIATION,financial services,,US,DC
1721,2844,AMERICAN MARITIME OFFICERS,,,US,DC
1722,401105075,MUNK POLICY & LAW,law firm,,US,DC
1723,43070,WASHINGTON POLICY & ANALYSIS,,,US,DC
1724,13016,EASTMAN KODAK COMPANY,"Kodak is a global technology company focused on print, advanced materials and chemicals.",,US,NY
1725,22688,"THE RUSSELL GROUP, INC.",Lobbying firm,,US,VA
1726,75397,ARIZONA STATE UNIVERSITY,,,US,AZ
1727,401109469,DRAFTKINGS INC. AND ITS AFFILIATES,,,US,MA
1728,9102,NATIONAL CONFECTIONERS ASSOCIATION,trade association,,US,DC
1729,400314468,AMERICAN SUPERCONDUCTOR CORPORATION,Develop and manufacture superconductor wire and associated devices,,US,MA
1730,401105968,"REDWIRE SPACE, INC.",Leader in mission critical space solutions and high reliability components.,,US,FL
1731,401109114,COMMONWEALTH LNG,,,US,TX
1732,28492,THE NATIONAL RIGHT TO WORK COMMITTEE,,,US,VA
1733,40043345,SEATTLE CITY LIGHT,Seattle City Light is the municipally owned electric utility for the City of Seattle.,,US,WA
1734,29380,NOKIA OF AMERICA CORPORATION,Communications equipment and network solutions.,,US,NJ
1735,401105336,GIRARD GOVERNMENT RELATIONS,Semiconductor Equipment Manufacturing,,US,DC
1736,40101,JEFFERSON STREET CONSULTING LLC,Consulting,,US,VA
1737,401107669,UPTOWN STRATEGIES INC. (FKA UPTOWN SOLUTIONS LLC),,,US,VA
1738,400520537,"KOZAK & SALINA, LLC","Federal Lobbying, Public Relations and Marketing",,US,CT
1739,401106734,STEVE PETERSEN & ASSOCIATES,,,US,VA
1740,400969783,"DIRECTORS GUILD OF AMERICA, INC.",Labor Organization representing directors and members of the directorial team.,,US,CA
1741,401105679,OUR CHILDREN'S TRUST,Non profit public interest law firm representing youth in their right to safe climate,,US,OR
1742,55792,AMERICAN ASSOCIATION FOR HOMECARE,,,US,VA
1743,401105078,"END CITIZENS UNITED ACTION FUND // LET AMERICA VOTE ACTION FUND, FKA END CITIZENS UNITED ACTION FUND",Advocating for adoption of campaign finance and government reform policies,,US,DC
1744,401107361,GREAT STATE STRATEGIES,,,US,MO
1745,401108548,THE PETERSON GROUP LLC,,,US,VA
1746,401109058,ASIA-PACIFIC INTERRELATIONS AND TRADE FOUNDATION,,,US,DE
1747,401104742,HOLLY STRATEGIES INCORPORATED,Technology Systems Design and Manufacture,,US,VA
1748,401104751,CENTER ROAD SOLUTIONS,nonprofit lobbying firm,,US,OH
1749,401107937,CONTEXT LABS BV,,,NL,
1750,12356,DISABLED AMERICAN VETERANS,,,US,DC
1751,37653,TDS TELECOMMUNICATIONS CORPORATION,,,US,WI
1752,37391,THE SURETY & FIDELITY ASSOCIATION OF AMERICA,Trade association for surety and fidelity industry.,,US,DC
1753,13767,EQUIPMENT LEASING AND FINANCE ASSOCIATION,,,US,DC
1754,400577734,ASSOCIATION FOR BEHAVIORAL HEALTH AND WELLNESS,ABHW is the national voice for companies that manage behavioral health & wellness services,,US,DC
1755,27194,AMERICAN STAFFING ASSOCIATION,Trade association representing the U.S. staffing industry.,,US,VA
1756,14405,FELD ENTERTAINMENT,,,US,VA
1757,40048374,"JELD-WEN, INC.",Manufacturing,,US,NC
1758,10150,COMMON CAUSE,Nonprofit advocacy organization,,US,DC
1759,401106418,"GEVO, INC.",Production of advanced biofuels for drop-in transportation fuels,,US,CO
1760,45766,ALBEMARLE CORPORATION,,,US,DC
1761,401104611,SNAP INC.,Camera company,,US,DC
1762,19480,INSTITUTE OF INTERNATIONAL BANKERS,,,US,NY
1763,401104359,SUN LIFE FINANCIAL (U.S.) SERVICES COMPANY INC.,life insurance and group employee benefits provider,,US,MA
1764,401106171,"BYD MOTORS, LLC AND VARIOUS U.S. SUBSIDIARIES",Manufacturer of electric vehicles,,US,CA
1765,401106334,CIEE,CIEE is a nonprofit study abroad and intercultural exchange organization.,,US,ME
1766,78436,UBS AMERICAS INC.,,,US,DC
1767,39440,UNIVERSITY OF MASSACHUSETTS AMHERST,,,US,MA
1768,401103375,"INTERDIGITAL, INC.",InterDigital develops wireless technologies that are at the core of mobile devices.,,US,DC
1769,81852,"HDR, INC",,,US,FL
1770,90352,AMERICAN UROLOGICAL ASSOCIATION,Professional association for practicing and academic urologists,,US,MD
1771,49954,IRENE HOWIE,Law Offices,,US,MD
1772,1342,AMERICAN ACADEMY OF FAMILY PHYSICIANS,,,US,KS
1773,40013097,MANUFACTURED HOUSING ASSOCIATION FOR REGULATORY REFORM,Representation of federally regulated manufactured housing producers,,US,DC
1774,28732,NATIONAL TURKEY FEDERATION,,,US,DC
1775,27228,NATIONAL ASSOCIATION OF WHEAT GROWERS,Association of Wheat Growers,,US,DC
1776,21916,THEODORE KRONMILLER,Law practice,,US,VA
1777,400337565,ILLINOIS AGRICULTURAL ASSOCIATION,General agriculture association in the State of Illinois,,US,IL
1778,16500,GOLF COURSE SUPERINTENDENTS ASSOCIATION OF AMERICA,501(c)(6) professional society,,US,KS
1779,49943,COUNCIL FOR OPPORTUNITY IN EDUCATION,Education,,US,DC
1780,401108271,"SOCURE, INC.",,,US,NV
1781,401103802,W.L. GORE & ASSOCIATES,Manufacturing,,US,DE
1782,625,AIRCRAFT OWNERS & PILOTS ASSOCIATION,,,US,MD
1783,26774,NATIONAL ASSOCIATION OF FEDERALLY IMPACTED SCHOOLS,education,,US,DC
1784,83535,FINANCIAL SERVICES FORUM,Trade Association,,US,DC
1785,35070,"INTERNATIONAL ASSOCIATION OF SHEET METAL, AIR, RAIL & TRANSPORTATION WORKERS","International Union for the Sheet Metal,Air, Rail and Transportation Workers",,US,DC
1786,401103597,DANNY GHORBANI,Housing and Finance,,US,VA
1787,2970,"THE AMERICAN OCCUPATIONAL THERAPY ASSOCIATION, INC. (AOTA)",Professional association for occupational therapy practitioners and students.,,US,MD
1788,401106203,MS. MICHELLE LESLIE,consulting,,US,PA
1789,401106196,FEDERAL HEALTH POLICY STRATEGIES,Government affairs consulting,,US,DC
1790,401108356,STEPHANIE MISSERT,,,US,NY
1791,401105174,MR. TIMOTHY MCGUIRE,"Government relations, public relations",,US,MI
1792,19764,ASSOCIATION OF FISH AND WILDLIFE AGENCIES,,,US,DC
1793,40023190,ASSOCIATION OF PUBLIC AND LAND-GRANT UNIVERSITIES (APLU) FORMERLY NASULGC,Higher Education Association representing public universities,,US,DC
1794,400384769,OTTERSON LLC,Consulting firm: advocacy to U.S. federal government,,US,VA
1795,306955,ELECTRICITY CANADA (FORMERLY KNOWN AS CANADIAN ELECTRICITY ASSOCIATION),,,CA,ON
1796,283377,THRIVENT FINANCIAL FOR LUTHERANS,"Insurance, Fraternal Benefit Society",,US,WI
1797,401104140,"REARDON CONSULTING, LLC",Government Affairs and Consulting,,US,VA
1798,401106165,PODESTA.COM,Government Affairs Firm,,US,DC
1799,63495,NETWORK LOBBY FOR CATHOLIC SOCIAL JUSTICE,"Non-profit, Catholic Social Justice Lobby",,US,DC
1800,401107177,MISSION STRATEGIES LLC,,,US,DC
1801,401108557,HOMESAFE ALLIANCE,,,US,TX
1802,44732,AMERICAN SUGAR ALLIANCE,,,US,VA
1803,401109482,WORLD JEWISH RESTITUTION ORGANIZATION,,,US,NY
1804,323397,NATIONAL SAFETY COUNCIL,,,US,IL
1805,401105346,"BAKERY, CONFECTIONERY, TOBACCO WORKERS AND GRAIN MILLERS INTERNATIONAL UNION",Labor Union,,US,MD
1806,401107466,UPSTREAM USA,,,US,MA
1807,17966,"HECHT LATHAM SPENCER & ASSOCIATES, INC., FORMERLY KNOWN AS HECHT SPENCER & ASSOC",Government Affairs Consulting,,US,DC
1808,401105107,"ZARRELLI STRATEGIES, INC.",&#226;€‹&#226;€‹Consulting Firm,,US,MD
1809,57830,MARSHFIELD CLINIC HEALTH SYSTEM,Healthcare,,US,WI
1810,400879573,UNITED LAUNCH ALLIANCE LLC,Space launch services for the federal government,,US,CO
1811,400716152,INTERNET CORPORATION FOR ASSIGNED NAMES AND NUMBERS,Not-for-profit public benefit corp. that coordinates the Internet's systems of unique identifiers and related policies,,US,CA
1812,2913,AMERICAN MOTORCYCLIST ASSOCIATION,Advocacy on behalf of motorcyclists,,US,OH
1813,401105706,"SUNDAY CREEK HORIZONS, LLC",Issue advocacy,,US,OH
1814,32178,PRINCIPAL FINANCIAL GROUP,Insurance,,US,DC
1815,401106010,"VIRGIN GALACTIC, LLC","space transportation, aeronautics R&D",,US,DC
1816,283572,FROST BROWN TODD LLC,law firm,,US,KY
1817,401107702,FIBER BROADBAND ASSOCIATION,,,US,DC
1818,401108838,COUNCIL OF PRODUCERS AND DISTRIBUTORS OF AGROTECHNOLOGY,,,US,VA
1819,311451,"AMERICAN COLLEGE OF PHYSICIAN SERVICES, INC.",Healthcare,,US,DC
1820,60058,ASSOCIATION OF HOME APPLIANCE MANUFACTURERS,,,US,DC
1821,2002,AMERICAN COLLEGE OF PHYSICIANS,,,US,DC
1822,401104364,HAHN LOESER & PARKS LLP,law firm,,US,OH
1823,80656,AMERICAN SOCIETY OF NEPHROLOGY,Professional Medical Society - professional education,,US,DC
1824,51811,THE UNIVERSITY OF NORTH CAROLINA SYSTEM,University system for 17 institutions in NC,,US,NC
1825,59411,SUSAN PLATT,Lobbying Public affairs,,US,VA
1826,26557,NATIONAL ASSOCIATION FOR BIOMEDICAL RESEARCH,,,US,DC
1827,304931,EMERGENT BIOSOLUTIONS INC.,,,US,DC
1828,401108293,"KELLOGG, BROWN AND ROOT (KBR)",,,US,VA
1829,401105708,FARM CREDIT MID-AMERICA,Agriculture Lending,,US,KY
1830,401105454,"MIDWEST HOUSING EQUITY GROUP, INC.",Affordable housing non-profit tax credit syndicator,,US,NE
1831,27241,"NATIONAL AUDUBON SOCIETY, INC.",,,US,NY
1832,25033,METROPOLITAN WATER DISTRICT OF SOUTHERN CALIFORNIA,,,US,DC
1833,30952,NIXON PEABODY LLP,Law Firm,,US,DC
1834,7086,"BROADCAST MUSIC, INC.",Music Rights Organization,,US,NY
1835,401107095,SIERRA SPACE CORPORATION,,,US,CO
1836,401106868,CRESCO LABS LLC,,,US,IL
1837,20983,PRISON FELLOWSHIP MINISTRIES,,,US,VA
1838,401104819,DENSO INTERNATIONAL AMERICA INC,Automotive parts manufacturing.,,US,MI
1839,400354619,MHA MANAGEMENT SERVICES CORPORATION,Support services for hospitals,,US,MO
1840,400520538,PROMOTIONAL PRODUCTS ASSOCIATION INTERNATIONAL,Trade association representing the promotional products industry,,US,TX
1841,28138,NATIONAL LEASED HOUSING ASSOCIATION,,,US,DC
1842,46324,NATIONAL AFFORDABLE HOUSING MANAGEMENT ASSOCIATION (NAHMA),,,US,VA
1843,29403,CONSUMER HEALTHCARE PRODUCTS ASSOCIATION,,,US,DC
1844,401109427,SPRAY FOAM COALITION,,,US,DC
1845,12141,D INITIATIVES LLC,"Lobbying, public relations.",,US,DC
1846,401106070,THE SENTENCING PROJECT,Lobby Congress regarding criminal justice reform legislation.,,US,DC
1847,401104124,THE ROTUNDA GROUP LLC,lobbying/consulting,,US,KY
1848,401109470,GRINDR LLC,,,US,CA
1849,400684035,"TRANSCANADA PIPELINES, LTD","Energy Company, natural gas transmission and power services",,CA,AB
1850,401104793,LABORATORY CORPORATION OF AMERICA HOLDINGS,Clinical laboratory and drug development services,,US,NC
1851,401106907,SHIFT5,,,US,VA
1853,401105219,CONFLUENCE GOVERNMENT RELATIONS,lobbying firm,,US,DC
1854,400447142,MR. EDWARD MERLIS,"Public Affairs, Communications, and Government Relations Consulting",,US,VA
1855,29037,NESTLE USA,,,US,DC
1856,12015,DEMOCRACY 21,"non-profit, public policy organization",,US,DC
1857,310095,ULMAN PUBLIC POLICY & FEDERAL RELATIONS,Lobbying firm,,US,VA
1858,401109111,HOWE STREET GROUP LLC,,,US,KS
1859,6278,BLACK & VEATCH,Engineering,,US,KS
1860,401107849,INTERNATIONAL SUSTAINABILITY STANDARDS BOARD (ISSB),,,GB,
1861,401107230,JAMES DYKSTRA,,,US,VA
1862,401105321,"TGA ASSOCIATION MANAGEMENT SOLUTIONS, LLC",Trade association management and government affairs,,US,DC
1863,401103873,"NATIONAL ORGANIZATION OF VETERANS' ADVOCATES, INC.",veterans legal issues/attorney membership organization,,US,DC
1864,401103768,MORTGAGE GUARANTY INSURANCE CORPORATION,Insurance,,US,WI
1865,401104955,SUMITOMO CORPORATION OF AMERICAS,Integrated trading/investment related to various products/industries,,US,DC
1866,400419998,THE BRIGHTUP GROUP LLC,Government relations and public affairs consulting firm.,,US,DC
1867,401103539,"THE CAPITAL GROUP COMPANIES, INC. AND ITS AFFILIATES",Investment Management,,US,CA
1868,31895,PRASAM,Consulting/Representation,,US,VA
1869,401103568,ROCK CREEK COUNSEL,Lobbying firm,,US,VA
1870,66170,THE OPTIONS CLEARING CORPORATION,,,US,DC
1871,272,ADVOCATES FOR HIGHWAY AND AUTO SAFETY,,,US,DC
1872,401107495,THE WATER QUALITY ASSOCIATION,,,US,IL
1873,12915,DYKEMA GOSSETT PLLC,law firm,,US,DC
1874,1502,AMERICAN ASSOCIATION OF ADVERTISING AGENCIES,,,US,MD
1875,401105247,THE NONPROFIT ALLIANCE,"An association to promote, protect, and strengthen the philanthropic sector",,US,DC
1876,57976,BRYANT CHRISTIE INC.,"International affairs management, trade consulting",,US,WA
1877,400705117,ROY RAMTHUN,Health care consulting,,US,MD
1878,401103206,"STRATEGICS CONSULTING, LLC",lobbying and government relations firm,,US,NC
1879,400319492,ILLINOIS HEALTH & HOSPITAL ASSOCIATION (FORMERLY ILLINOIS HOSPITAL ASSOCIATION),Hospital trade association,,US,IL
1880,30393,OUTDOOR INDUSTRY ASSOCIATION,,,US,CO
1881,401104571,"VNF SOLUTIONS, LLC",Public policy firm,,US,DC
1882,80350,THE MARGOLIN GROUP,lobbying,,US,CA
1883,401105876,"EARLY WARNING SERVICES, LLC",financial technology,,US,AZ
1884,20700,"REAL ESTATE SERVICES PROVIDERS COUNCIL, INC.",,,US,DC
1885,41124,WEYERHAEUSER COMPANY,,,US,WA
1886,401104376,"STRANDLIE ADVOCACY, LLC","Government Relations, Grassroots Advocacy, Public Affairs Consulting",,US,VA
1887,40013096,"FRANKLIN SQUARE GROUP, LLC",Government affairs consulting,,US,DC
1888,401104360,"SCHWEITZER ENGINEERING LABORATORIES, INC.",&#226;€‹SEL designs and manufactures power system protection equipment & related services.,,US,WA
1889,53334,ASSOCIATION OF MATERNAL & CHILD HEALTH PROGRAMS,national public health association,,US,DC
1890,303837,"MOLINA HEALTHCARE, INC.",Medicaid managed care,,US,CA
1891,401103587,MR. GAYLORD KENT CONRAD,Consulting,,US,FL
1892,308456,CARE CONTINUUM ALLIANCE,Health care,,US,DC
1893,400336564,THE DOERRER GROUP LLC,government relations consulting,,US,DC
1894,401107549,"CONFLUENCE WASHINGTON STRATEGIES, LLC",,,US,MD
1895,401103281,INTERNATIONAL ECONOMIC DEVELOPMENT COUNCIL,professional association,,US,DC
1896,400850504,"THE HAMM CONSULTING GROUP, LLC",Lobbying and Government Relations Consulting,,US,DC
1897,401105350,SR PARTNERS LLC,consulting,,US,HI
1898,287918,EUROPEAN BANKING FEDERATION - EBF,,,BE,
1899,293277,"BWX TECHNOLOGIES, INC.","Provides advanced energy technologies, services to commercial and Government customers.",,US,DC
1900,17933,HEALTHCARE LEADERSHIP COUNCIL,,,US,DC
1901,400944728,"COMPRESSED GAS ASSOCIATION, INC.",Trade Association,,US,VA
1902,401104926,NATIONAL ASSOCIATION OF CLEAN WATER AGENCIES,Trade Association,,US,DC
1903,285494,INSURED RETIREMENT INSTITUTE,,,US,DC
1904,309297,BOYS & GIRLS CLUBS OF AMERICA,,,US,GA
1905,53664,"ORRICK, HERRINGTON & SUTCLIFFE LLP",Law Firm,,US,DC
1906,401108261,"MMS PRODUCTS, INC",,,US,FL
1907,401108346,HUMAN COALITION ACTION,,,US,TX
1908,400526554,"ARGUS MEDIA, INC.",Publishing company,,US,TX
1909,401024891,PREMIUM CIGAR ASSOCIATION,"President, IPCPR",,US,DC
1910,40049385,SAFE KIDS WORLDWIDE,Child Safety Non-Profit Organization,,US,MD
1911,39017,"NELNET, INC.",,,US,DC
1912,401105571,USAGAINSTALZHEIMERS ACTION,Advocacy organization,,US,DC
1913,401107813,"PLANET FITNESS, INC.",,,US,NH
1914,40006037,HORMEL FOODS CORPORATION,Track and monitor state and federal legislative issues relating to Hormel Foods.,,US,MN
1915,30724,PARALYZED VETERANS OF AMERICA,,,US,DC
1916,401107828,CDPQ U.S. INC.,,,US,NY
1917,318276,UNIVERSITY OF NORTHERN IOWA,,,US,IA
1918,19547,INTELLECTUAL PROPERTY OWNERS ASSOCIATION,,,US,DC
1919,3355,AMERICAN SOCIETY FOR MICROBIOLOGY,,,US,DC
1920,401105919,"ACCENDRA HEALTH INC. (FORMERLY ""OWENS & MINOR, INC.)",Global healthcare solutions company.,,US,VA
1921,323637,SABIC INNOVATIVE PLASTICS US LLC,chemical manufacturing,,US,TX
1922,14451,THE FERGUSON GROUP,Government Relations/Lobbying Firm,,US,DC
1923,61777,NATIONAL INDIAN GAMING ASSOCIATION,,,US,DC
1924,294371,"CAMPAIGN LEGAL CENTER, INC.",Nonprofit working on democracy issues.,,US,DC
1925,401108230,"SKYDIO, INC.",,,US,CA
1926,401104653,"BOLD STRATEGIES, LLC",government affairs,,US,LA
1927,3572,AMERICAN SUGARBEET GROWERS ASSOCIATION,,,US,DC
1928,9911,"THE COLLING GROUP, LLC T/A COLLING SWIFT & HYNES",Government Relations,,US,VA
1929,19890,INTERNATIONAL CAMPAIGN FOR TIBET,,,US,DC
1930,9476,CLEARY GOTTLIEB STEEN & HAMILTON LLP,Law Firm,,US,NY
1931,401107341,CENOVUS US CORPORATION (FKA CENOVUS ENERGY),,,US,OH
1932,401105570,PROVENTURE CONSULTANTS LLC,public affairs consulting,,US,VA
1933,9897,COLLEGE OF AMERICAN PATHOLOGISTS,,,US,DC
1934,400751249,JOHN MCKECHNIE LLC,Lobbying,,US,MD
1935,401109036,ADANI NORTH AMERICA AND ITS AFFILIATES,,,US,TX
1936,36300,THE SPECTRUM GROUP,Consulting firm,,US,VA
1937,401107792,EAST CAPITOL ADVISORS LLC,,,US,DC
1938,301298,NIPPON KEIZAI DANTAI RENGOKAI (JAPAN BUSINESS FEDERATION),Business Association (Public and Government Affairs),,US,DC
1939,401105092,THE AFFORDABLE HOUSING TAX CREDIT COALITION,Trade Organization,,US,DC
1940,400978796,"THE CSL GROUP, INC.",Marine dry bulk cargo handling and delivery services.,,CA,QC
1941,401105160,MUFG AMERICAS HOLDINGS CORPORATION,Financial services company,,US,NY
1942,13643,"ENTERPRISE COMMUNITY PARTNERS, INC.",Social welfare organization,,US,MD
1943,401109071,MR. HAROLD CONNOLLY,,,US,DC
1944,401108368,GLAUKOS CORPORATION,,,US,CA
1945,401025893,KIT BOND STRATEGIES,Business development and government affairs,,US,MO
1946,401075023,NATIONAL ASSOCIATION OF POSTAL SUPERVISORS,US Postal Service issues,,US,VA
1947,401104738,PETER DAMON GROUP LLC,Consulting Firm,,US,DC
1948,80510,CMFG LIFE INSURANCE COMPANY,Financial products and services.,,US,WI
1949,401104285,"WELSH ROSE, LLC",Consulting firm.,,US,DC
1950,401108851,"VAST, INC. (FKA VAST SPACE LLC)",,,US,DC
1951,13073,"ECKERT SEAMANS CHERIN & MELLOTT, LLC",Law firm,,US,DC
1952,401105446,INTERNATIONAL ALLIANCE OF THEATRICAL STAGE EMPLOYEES,Labor union,,US,DC
1953,3481,AMERICAN SOCIETY OF PENSION PROFESSIONALS & ACTUARIES,Organization of pension plan professionals supporting retirement policy,,US,VA
1954,48510,"CBOE GLOBAL MARKETS, INC.",Financial Institution,,US,IL
1955,401108740,"DUE SOUTH ADVOCACY, LLC",,,US,SC
1956,401105822,ALLIANCE FOR NATURAL HEALTH USA,Nonprofit consumer advocacy organization,,US,VA
1957,401106408,NOVOCURE INC.,Global oncology company w/a proprietary platform technology called Tumor Treating Fields.,,US,PA
1958,401107867,SBT DISTRIBUTORS LLC,,,US,FL
1959,401107866,"WILLIAMS & LAKE, LLC",,,US,NV
1960,5415,BEN BARNES GROUP LP,Business/Legislative Consultant,,US,TX
1961,310814,INTERNATIONAL AIR TRANSPORT ASSOCIATION,,,US,DC
1962,401105758,SCHOOL-BASED HEALTH ALLIANCE,school health advocacy organization,,US,DC
1963,7075,"BRITISH AIRWAYS, PLC",,,US,NY
1964,401108013,NAVY FEDERAL CREDIT UNION,,,US,VA
1965,401104196,"OAK RIDGE ASSOCIATED UNIVERSITIES, INC.",not for profit,,US,TN
1966,401104586,CURE SMA,Non-profit,,US,IL
1967,401103432,NETJETS ASSOCIATION OF SHARED AIRCRAFT PILOTS,Labor Organization,,US,OH
1968,293073,NOVELIS INC.,aluminum manufacturing,,US,DC
1969,401105096,UTILITY WORKERS UNION OF AMERICA,Labor Union,,US,DC
1970,1466,ASSOCIATION FOR DIAGNOSTICS & LABORATORY MEDICINE (FORMERLY AACC),,,US,DC
1971,316057,ICE MILLER STRATEGIES LLC,Public policy and government relations,,US,DC
1972,401104190,TRAVERE THERAPEUTICS,Pharmaceuticals,,US,CA
1973,40011087,HEALTH INDUSTRY DISTRIBUTORS ASSOCIATION,Government Affairs Analyst,,US,VA
1974,400424030,SOUTHEASTERN LUMBER MANUFACTURERS ASSOCIATION,lumber manurfactuers trade association,,US,GA
1975,304315,POTOMAC PARTNERS DC,Consulting,,US,DC
1976,401103150,HEALTHSPERIEN,Health policy consulting,,US,DC
1977,284356,PHILIP BECHTEL,,,US,MD
1978,401106716,TRANSPARENCY INTERNATIONAL U.S. (A PROJECT OF THE FUND FOR CONSTITUTIONAL GOVT),,,US,DC
1979,307056,CLEAN FUELS ALLIANCE AMERICA F/K/A NATIONAL BIODIESEL BOARD,,,US,DC
1980,34821,SEMICONDUCTOR INDUSTRY ASSOCIATION,,,US,DC
1981,36537,STATE FARM MUTUAL AUTOMOBILE INSURANCE COMPANY,,,US,DC
1982,401105548,CENTER FOR PROCUREMENT ADVOCACY,Trade association.,,US,DC
1983,401103489,CC LAW & POLICY,Law firm,,US,FL
1984,401108992,X-BOW LAUNCH SYSTEMS INC. DBA X-BOW SYSTEMS INC.,,,US,NM
1985,14518,FINANCIAL ACCOUNTING FOUNDATION,,,US,CT
1986,401104640,NATIONAL MLTSS HEALTH PLAN ASSOCIATION,Trade association of health plans with state Medicaid managed LTSS contracts,,US,DC
1987,401105064,KRISTIN HERRMANN,"consulting on behalf of child care, early childhood and funding",,US,VA
1988,401108562,FIRSTHEALTH OF THE CAROLINAS,,,US,NC
1989,401108445,NOURYON,,,US,PA
1990,40021153,NATIONAL NURSES UNITED,Union and professional association of registered nurses,,US,MD
1991,401108721,CENTER FOR LYME ACTION,,,US,DC
1992,322716,"CHAPMAN CAPITOL CONSULTING, INC.",Private Consulting Firm,,US,OK
1993,401106197,CHAMBER OF PROGRESS,Technology,,US,VA
1994,401106052,SANDY HOOK PROMISE ACTION FUND,Education and advocacy,,US,CT
1995,20004,RETAIL INDUSTRY LEADERS ASSOCIATION,"Trade association representing retailers, suppliers, and manufacturers",,US,DC
1996,401105046,"PORTS AMERICA GROUP, INC.",Terminal operations and stevedoring services,,US,NJ
1997,285712,KAPLAN KIRSCH LLP (FORMERLY KAPLAN KIRSCH & ROCKWELL LLP),Law Firm,,US,CO
1998,401103415,"CHILDREN'S HOSPITAL AND HEALTH SYSTEM, INC.",Independent health care system dedicated solely to the health and well-being of children,,US,WI
1999,13313,ELECTRIC POWER SUPPLY ASSOCIATION,National Trade Association representing competitive power suppliers in the U.S.,,US,DC
2000,36914,BRADLEY ARANT BOULT CUMMINGS LLP,Law firm,,US,AL
2001,401107120,1A SMART START LLC,,,US,VA
2002,401108161,"PADDOCK ASSOCIATES, LLC",,,US,DC
2003,39187,UNITED MINE WORKERS OF AMERICA,Labor Union,,US,VA
2004,15031,FMC CORPORATION,FMC Corporation is an American chemical manufacturing company.,,US,PA
2005,292777,HOBOKEN STRATEGY GROUP,Government relations firm,,US,NJ
2006,401105161,BURFORD CAPITAL LLC,Finance and professional services company,,US,NY
2007,400847498,"ATHENAHEALTH, INC.",Provider practice management and electronic medical record software and services.,,US,MA
2008,52903,"CAPITOL CITY GROUP, LTD.",GOVERNMENT RELATIONS CONSULTING,,US,DC
2009,401105534,"ALPEX INTERNATIONAL, LLC",Consulting,,US,VA
2010,316310,TURNER & GOSS LLP,law firm specializing in health care law and public policy,,US,DC
2011,51206,"CHESAPEAKE BAY FOUNDATION, INC.",,,US,MD
2012,401108236,10 28 CONSULTING LLC,,,US,PA
2013,26318,MWW GROUP,Lobbying and Government Relations,,US,NY
2014,401105055,"BERQUAM VENTURES, LLC",Government Affairs Firm,,US,OR
2015,401106163,DANA-FARBER CANCER INSTITUTE,World leader in adult and pediatric cancer treatment and research,,US,MA
2016,45312,AMERICAN COLLEGE OF SURGEONS,Lobbyist,,US,DC
2017,400643940,"PALANTIR TECHNOLOGIES, INC.",Develops/distributes/supports proprietary data analysis software - Palantir Government.,,US,CO
2018,400359641,CEMEX INC.,Building materials company,,US,TX
2019,80213,PARENTS AS TEACHERS NATIONAL CENTER,,,US,MO
2020,91251,AMERICAN COLLEGE OF SURGEONS PROFESSIONAL ASSOCIATION,,,US,DC
2021,20106,INTERNATIONAL UNION OF OPERATING ENGINEERS,,,US,DC
2022,401104394,"GRAND CANYON STATE ELECTRIC COOPERATIVE ASSOCIATION, INC.",nonprofit group to assist Arizona's electric cooperatives with regulatory and legislative,,US,AZ
2023,62778,RICCHETTI INCORPORATED,Lobbying and consulting,,US,DC
2024,401109483,MIND MEDICINE (MINDMED) INC.,,,US,NY
2025,401107019,MRC GOVERNMENT STRATEGIES AND ADVOCACY,,,US,VA
2026,3798,NEW JEWISH NARRATIVE (FKA AMERICANS FOR PEACE NOW),Nonprofit,,US,DC
2027,16830,GREATER NEW YORK HOSPITAL ASSOCIATION,,,US,NY
2028,401104922,SLIPSTREAM STRATEGIES,Strategic government affairs consulting.,,US,DC
2029,401106392,"DUCK DUCK GO, INC.",privacy technology company,,US,PA
2030,10332,COMPUTER & COMMUNICATIONS INDUSTRY ASSOCIATION,,,US,DC
2031,401106560,AVAAZ FOUNDATION,,,US,NY
2032,401104647,NASHVILLE SONGWRITERS ASSOCIATION INTERNATIONAL,trade association for songwriters,,US,TN
2033,54346,NYU LANGONE HOSPITALS (FORMERLY NYU HOSPITALS CENTER),,,US,NY
2034,401046942,"BANNER PUBLIC AFFAIRS, LLC",Public affairs and government relations.,,US,DC
2035,401108715,"IONIS PHARMACEUTICALS, INC.",,,US,CA
2036,401104543,THE PRENDA GROUP LLC,Marine Based Aggregate Materials Project.  State of Washington US,,US,FL
2037,401107705,"TERUMO BCT, INC.",,,US,CO
2038,401103550,SUMMIT STRATEGIES GOVERNMENT AFFAIRS LLC,Government affairs firm.,,US,DC
2039,401103243,AUSTAL USA,Shipbuilding,,US,AL
2040,2707,AMERICAN IRON AND STEEL INSTITUTE,,,US,DC
2041,401106823,"ANCHOR LABS, INC.",,,US,CA
2042,13392,ELI LILLY AND COMPANY,pharmaceuticals,,US,DC
2043,6963,BREAD FOR THE WORLD,,,US,DC
2044,28264,"NATIONAL ORGANIZATION FOR RARE DISORDERS, INC. (NORD)",,,US,DC
2045,401104521,ADTALEM GLOBAL EDUCATION,Higher Education Institution,,US,IL
2046,10558,"CONSOLIDATED EDISON COMPANY OF NEW YORK, INC.",,,US,NY
2047,3732,AMERICAN ZOO AND AQUARIUM ASSOCIATION,"animal welfare, zoo and aquarium accreditation",,US,MD
2048,401105811,CAPITOL TRANSPORTATION CONSULTING,Consultant/Lobbying firm,,US,VA
2049,401105960,CHW ADVISORS,Government and Political Affairs,,US,OH
2050,401104104,E3 STRATEGIC CONSULTING GROUP,Government Affairs Consultant,,US,MD
2051,401106121,CHRISTOPHER & DANA REEVE FOUNDATION,Non-profit,,US,NJ
2052,401107117,"LANGLEY CONSULTING, LLC",,,US,AL
2053,400290378,RAFFANIELLO & ASSOCIATES,Consulting,,US,DC
2054,400698086,AMERICAN SUPPLY ASSOCIATION,"Trade Association - plumbing, heating, cooling, ind. & mechanical pipe, valves & fittings.",,US,IL
2055,6564,SOUTHERN ILLINOIS UNIVERSITY,,,US,IL
2056,401108837,"K2 STRATEGIES, LLC",,,US,VA
2057,400858522,OAKLEY CAPITOL CONSULTING LLC,government and community relations consulting,,US,TN
2058,9033,"CME GROUP, INC.",,,US,DC
2059,401106236,EXIGENT GOVERNMENT RELATIONS,Lobbying Firm,,US,VA
2060,401103573,FORESIGHT LAW + POLICY PLLC,law firm,,US,DC
2061,28776,HEALTHCARE DISTRIBUTION ALLIANCE(HDA)(FORMERLY HEALTHCARE DISTRIBUTION MANAGEMENT ASSOCIATION (HDMA),,,US,DC
2062,401108046,"LG ELECTRONICS U.S.A., INC.",,,US,DC
2063,27571,NATIONAL COTTON COUNCIL,,,US,TN
2064,35695,A.O. SMITH CORPORATION,,,US,WI
2065,401105793,"CHIESI USA, INC.",Pharmaceutical Company,,US,NC
2066,401108083,CONGRESSIONAL INSIGHTS GROUP L.L.C.,,,US,DC
2067,315991,"MALONEY GOVERNMENT RELATIONS, LLC",lobbying,,US,DC
2068,3515,AMERICAN SPEECH-LANGUAGE-HEARING ASSOCIATION,,,US,MD
2069,401104765,GREEN PLAINS INC.,"ethanol production, marketing and commodities company.",,US,NE
2070,9487,CLEVELAND-CLIFFS INC.,Iron ore mining and processing company,,US,OH
2071,401105204,BACHNER GROUP,Briefings and Calls,,US,DC
2072,401103510,"SAREPTA THERAPEUTICS, INC.",Biopharmaceutical company,,US,CA
2073,401104178,BLOOM ENERGY,Energy Company,,US,CA
2074,48020,NATIONAL OILSEED PROCESSORS ASSOCIATION,,,US,DC
2075,401104300,MICHAEL N. MCCARTY LAW OFFICE PLLC,Law Firm,,US,DC
2076,297636,IRON MOUNTAIN INCORPORATED,Information Management Services,,US,DC
2077,89873,GIBBONS P.C.,Lawyer-lobbyist firm,,US,NJ
2078,401106120,"SCHERTZ STRATEGIES, LLC",Lobbying and consulting firm.,,US,VA
2079,26411,NATIONWIDE MUTUAL INSURANCE COMPANY,,,US,OH
2080,401107990,"OATLY, INC.",,,US,PA
2081,401056979,SELECT MEDICAL HOLDINGS CORPORATION,A leading operator of specialty hospitals and outpatient rehabilitation clinics in the US,,US,PA
2082,400359656,MS. MISSY BRANSON,"general lobbying practice primarily focused on trade, defense, and energy issues",,US,DC
2083,401105683,LIVE OAK STRATEGIES,Government affairs and consulting,,US,VA
2084,401109409,"SCOUT MOTORS, INC.",,,US,VA
2085,400362688,"CAPEDC ADVISORS, LLC",Public policy consulting and lobbying,,US,FL
2086,401107698,"ACCOUNTABLE FOR HEALTH, INC.",,,US,DC
2087,320372,"INTERACTIVE ADVERTISING BUREAU, INC.",,,US,DC
2088,77231,U.S. GLOBAL LEADERSHIP CAMPAIGN,,,US,DC
2089,305511,FLORIDA BANKERS ASSOCIATION,,,US,FL
2090,400316483,AMERESCO,Independent energy services company,,US,DC
2091,313293,STEPHENS INVESTMENTS HOLDINGS LLC,"Investment, Oil & Gas",,US,AR
2092,28082,NATIONAL INDUSTRIES FOR THE BLIND,Non-profit,,US,VA
2093,18411,"F. HOFFMANN-LA ROCHE LTD, AND ITS AFFILIATES",,,US,DC
2094,400537609,TRUCKER HUSS APC,Law firm,,US,CA
2095,82215,"KEARNEY, DONOVAN & MCGEE","Government Relations & Lobbying, Public Policy & Strategic Planning.",,US,MA
2096,401107666,STEPHENS SHARED SERVICES LLC,,,US,AR
2097,323251,THERMO FISHER SCIENTIFIC INC.,"Scientific equipment, technologies and supplies",,US,MA
2098,400359640,SNOHOMISH COUNTY PUBLIC UTILITY DISTRICT,electric and water utility,,US,WA
2099,401107452,"CONGRESSIONAL COLLEAGUES, LLC",,,US,VA
2100,7691,CALIFORNIA ASSOCIATION OF REALTORS,,,US,CA
2101,16032,ASSOCIATION FOR ACCESSIBLE MEDICINES,Association representing the interests of the generic pharmaceutical industry.,,US,DC
2102,59912,FEDERATION OF ELECTRIC COMPANY OF JAPAN,Electric Power Companies,,US,DC
2103,27651,NATIONAL COUNCIL OF JEWISH WOMEN,,,US,DC
2105,401103267,SINCLAIR BROADCAST GROUP,Television broadcasting,,US,MD
2106,401105030,CENTER FOR JUDICIAL EXCELLENCE,Nonprofit -child protection & judicial accountability,,US,CA
2107,9498,CLEVELAND CLINIC FOUNDATION,,,US,OH
2108,401104026,ALYSON PARKER,Consulting Organization,,US,VA
2109,401106462,INNOVATIVE ADVOCACY LLC,,,US,DC
2110,300515,HARDWOOD FEDERATION,,,US,DC
2111,400573725,"THE BAGLEY GROUP, LLC",Government relations,,US,VA
2112,401106526,URENCO USA INC.,,,US,VA
2113,401105471,AMERICAN SOYBEAN ASSOCIATION,Association,,US,MO
2114,2343,AMERICAN FEED INDUSTRY ASSN,Feed/Pet Food Trade Association,,US,VA
2115,401104613,"THE GUTMAN GROUP, LLC","Global consulting, investment and transactional firm",,US,FL
2116,401106158,SOUTHERN MINNESOTA BEET SUGAR COOP,Processing of sugar beets into refined sugar.,,US,MN
2117,1661,AMERICAN HORTICULTURE INDUSTRY ASSOCIATION,Represents and advocates for all facets of horticulture industry,,US,DC
2118,308970,"FEDERAL HILL GROUP, LLC",Government relations consulting,,US,VA
2119,401103135,ORGANOGENESIS INC.,Biotechnology/Medical Device,,US,MA
2120,401106139,WORLD COFFEE RESEARCH,Non-profit organization promoting coffee agricultural research,,US,OR
2121,401106448,"FEDERAL ENVIRONMENTAL POLICY CONSULTING, LLC (FKN GABOR J ROZSA)",,,US,VA
2122,19263,"INDIANA CHAMBER OF COMMERCE, INC.",,,US,IN
2123,28925,NCR VOYIX CORPORATION (FKA NCR CORPORATION),Technology company.,,US,GA
2124,26865,NAIOP,,,US,VA
2125,28355,NATIONAL PORK PRODUCERS COUNCIL,Trade Association,,US,DC
2126,401106552,"JAPAN TOBACCO INTERNATIONAL U.S.A., INC.",,,US,NC
2127,401105206,WATER AND POWER LAW GROUP,Law firm,,US,DC
2128,401105502,NATIONAL COUNCIL ON CIVIL ADVOCACY,"Nonprofit advocating for human rights, free speech and religion, and social justice.",,US,DC
2129,305236,WASHINGTON STRATEGIC CONSULTING,Government Affairs,,US,DC
2130,288896,"THOMAS ADVISORS, INC",Governent Relations,,US,VA
2131,18342,HISPANIC ASSOCIATION OF COLLEGES AND UNIVERSITIES,,,US,DC
2132,28424,NATIONAL READY MIXED CONCRETE ASSOCIATION,,,US,MD
2133,401105607,"ROBERT A. BRADY CONSULTING, LLC",Lobbyist,,US,PA
2134,401107428,NATIONAL INSURANCE CRIME BUREAU,,,US,IL
2135,401103112,ASSOCIATION HEADQUARTERS,Client services/association management,,US,NJ
2136,64576,BRIDGESTONE AMERICAS INC.,,,US,DC
2137,82055,ERIS GROUP,Private consulting firm.,,US,DC
2138,45414,"GHAZAL & ASSOCIATES, LLC",Government Relations,,US,DC
2139,25523,MISSOURI HOSPITAL ASSOCIATION,,,US,MO
2140,401103507,NAMMO INC.,Defense industry,,US,VA
2141,7383,"BUILDING AND CONSTRUCTION TRADES DEPT., AFL-CIO",,,US,DC
2142,13756,"EQUIFAX, INC.",,,US,GA
2143,401107488,COMPASS WORKING CAPITAL,,,US,MA
2144,401108176,"RWE OFFSHORE WIND HOLDINGS, LLC",,,US,MA
2145,39278,"INT'L ASS'N OF SHEET METAL, AIR, RAIL & TRANSP. WORKERS, TRANSP. DIV.",,,US,OH
2146,401103816,NATIONAL DOMESTIC VIOLENCE HOTLINE,Protections and services for victims of domestic violence,,US,MD
2147,401104060,THE MICHAEL J. FOX FOUNDATION FOR PARKINSON'S RESEARCH,Parkinson's disease research,,US,NY
2148,40011077,GREATER PITTSBURGH CHAMBER OF COMMERCE,"Economic Development, Community Development, Business.",,US,PA
2149,401106565,WALLER CONSULTING LLC,,,US,CO
2150,400537610,ALLEGHENY CONFERENCE ON COMMUNITY DEVELOPMENT,Community Development,,US,PA
2151,29106,THE NEW ENGLAND COUNCIL,regional business association,,US,DC
2152,401027896,"DESALES MEDIA GROUP, INC.",Catholic Media Group,,US,NY
2153,3925,ALTICOR INC.,,,US,DC
2154,57590,CHURCHILL DOWNS INCORPORATED,"Gaming, pari-mutuel wagering",,US,KY
2155,401104852,GLOBAL TECHNICAL SYSTEMS,Advanced Engineering Solutions,,US,VA
2156,401108705,DOMTAR CORPORATION,,,US,SC
2157,57737,AMERICAN SOCIETY FOR RADIATION ONCOLOGY,,,US,VA
2158,31441,MEDICAL PROFESSIONAL LIABILITY ASSOCIATION,Trade association,,US,MD
2159,401104219,CORELOGIC,Financial Services,,US,CA
2160,39052,"UNITED AUTOMOBILE, AEROSPACE & AGRICULTURAL IMPLEMENT WORKERS",,,US,DC
2161,20163,IOWA STATE UNIVERSITY,,,US,IA
2162,401104378,"THE LIAISON GROUP, LLC",Lobbying firm focused on federal reform for the cannabis industry,,US,DC
2163,3457,AMERICAN SOCIETY OF HEALTH-SYSTEM PHARMACISTS,,,US,MD
2164,15532,FRIENDS COMMITTEE ON NATIONAL LEGISLATION,Quaker Peace Lobby in the Public Interest,,US,DC
2165,3093,AMERICAN PHYSICAL THERAPY ASSOCIATION,We are the national membership organization for physical therapists,,US,VA
2166,401108455,AXEL SPRINGER,,,US,VA
2167,401104103,NATIONAL MOBILITY EQUIPMENT DEALERS ASSOCIATION,"association for mobility equipment manufacturers, dealers, and healthcare professionals",,US,FL
2168,40026223,"M.J. SIMON & COMPANY, LLC",Boutique firm specializing in health and human services policy,,US,DC
2169,3220,AMERICAN NATIONAL RED CROSS,,,US,DC
2170,401104625,THE CARLYLE GROUP,"Private equity, alternative asset management, and financial services corporation.",,US,DC
2171,88952,ITC HOLDINGS CORP.,,,US,MI
2172,401108958,COMMERCIAL METALS COMPANY - CMC,,,US,TX
2173,400604838,BLUE STAR STRATEGIES LLC,Consulting firm,,US,DC
2174,293370,"CLYBURN CONSULTING, LLC",Government Relations and Business Development,,US,DC
2175,49191,UNIVERSITY OF IOWA,,,US,IA
2176,401107547,"VARDA SPACE INDUSTRIES, INC.",,,US,DC
2177,67238,ALLIANCE FOR RETIRED AMERICANS,,,US,DC
2178,8497,CATHOLIC HEALTH ASSOCIATION OF THE UNITED STATES,,,US,DC
2179,55028,NEBRASKA HOSPITAL ASSOCIATION,,,US,NE
2180,401105159,FULCRUM PUBLIC AFFAIRS LLC,Lobbying firm,,US,DC
2181,401107730,"KILEY CAPITOL SOLUTIONS, LLC",,,US,VA
2182,401104518,COMMONWEALTH CARE ALLIANCE,"Health Insurance, Medicare and Medicaid",,US,MA
2183,15678,FUTURES INDUSTRY ASSOCIATION,"Trade association for the futures, options and centrally cleared derivatives markets",,US,DC
2184,322237,FAMILIES AGAINST MANDATORY MINIMUMS,"advocating for fair, proportionate, humane sentencing laws",,US,DC
2185,401106935,"PROSPERING SOLUTIONS, LLC FKA JOHN C. SNYDER III",,,US,NC
2186,14837,FLIGHTSAFETY INTERNATIONAL INC.,Aviation Simulation & Training,,US,OH
2187,10228,COMMUNITY ASSOCIATIONS INSTITUTE,Trade association advocacy and government relations.,,US,VA
2188,400283359,NATIONAL ATHLETIC TRAINERS' ASSOCIATION,professional trade association,,US,TX
2189,12094,"DEPARTMENT FOR PROFESSIONAL EMPLOYEES, AFL-CIO",DPE - A coalition of 20 national unions representing over 4 million professional employees,,US,DC
2190,3138,"AMERICAN POSTAL WORKERS UNION, AFL-CIO",,,US,DC
2191,401107325,"DAIKIN AMERICA, INC.",,,US,NY
2192,15018,FLUOR CORPORATION,Engineering and Construction company with both domestic and foreign operations,,US,DC
2193,401104459,U.S. MORTGAGE INSURERS,Trade association dedicated to housing finance and promoting private mortgage insurance.,,US,DC
2194,91637,"PJM INTERCONNECTION, LLC",,,US,PA
2195,40046359,ALLIED PILOTS ASSOCIATION,THE LABOR UNION REPRESENTING THE PILOTS OF AMERICAN AIRLINES--SINCE 1963,,US,TX
2196,400451152,RANDOLPH E. CLOUD & ASSOCIATES,Consulting,,US,NC
2197,324150,ARGENTUM,Non-profit trade association representing senior living providers and residents.,,US,DC
2198,71438,GEN DIGITAL INC,,,US,AZ
2199,3388,AMERICAN SOCIETY OF ANESTHESIOLOGISTS,,,US,DC
2200,401103786,DLI NORTH AMERICA INC.,Life Insurance Underwriting,,US,NY
2201,401108487,RAVEN,,,US,TX
2202,400489402,CENTERPOINT ENERGY,utility,,US,IN
2203,289955,"ARCH RESOURCES, INC. (FORMERLY ARCH COAL, INC.)",,,US,DC
2204,401104509,NATIONAL ASSOCIATION OF ACCOUNTABLE CARE ORGANIZATIONS,Non-profit corporation promoting development and growth of accountable care organizations.,,US,DC
2205,401103562,"9B GROUP, INC.",Conservation consulting,,US,DC
2206,401104200,ECONOMIC POLICY STRATEGIES,Government Relations,,US,DC
2207,400275270,MISSOURI FARM BUREAU FEDERATION,Missouri Farm Bureau represents the interests of Missouri farmers and ranchers.,,US,MO
2208,58534,ATRIUM HEALTH-FORMERLY KNOWN AS CAROLINAS HEALTHCARE SYSTEM,Healthcare,,US,NC
2209,18353,"ALLIANCE OF COMMUNITY HEALTH PLANS, INC.","Association of non-profit, community-based health plans",,US,DC
2210,400279341,CENTER FOR SPORTFISHING POLICY,Promoting good stewardship of America's marine resources,,US,LA
2211,314215,"MATTOON & ASSOCIATES, LLC",Provide lobbying services,,US,VA
2212,400458236,PIKE ASSOCIATES LLC,Government Relations,,US,MD
2213,83114,"ADVOCATE AURORA HEALTH, INC.",Health Care,,US,IL
2214,4675,AMERICAN BENEFITS COUNCIL,Alliance of companies seeking repeal of the 40% excise tax on health plans,,US,DC
2215,18444,HOLLAND & HART LLP,Law firm,,US,DC
2216,23031,LOCKHEED MARTIN CORPORATION,,,US,MD
2217,401104413,"PRIME TRANSATLANTIC, LLC",policy advocacy firm,,US,DC
2218,401109236,GENESIS HEALTH SCIENCES LLC,,,US,UT
2219,401108891,MOMENTUM ADVOCACY,,,US,MN
2220,401104939,"CAPITOL POINT GROUP, LLC",Government Relations Firm,,US,DC
2221,401107274,WAKE FOREST BAPTIST MEDICAL CENTER AFFILIATE OF ADVOCATE HEALTH,,,US,NC
2222,11548,DA VINCI GROUP,Government Affairs Firm,,US,VA
2223,401108418,"SMBC AMERICAS HOLDINGS, INC.",,,US,NY
2224,401104049,THE WILLIAMS GROUP,Lobbying,,US,DC
2225,401032912,MURPHY OIL CORPORATION,Oil & Gas,,US,TX
2226,401108916,"THE HARPLE GROUP, LLC",,,US,VA
2227,20697,"S.C. JOHNSON & SON, INC.",,,US,DC
2228,23873,"MARRIOTT INTERNATIONAL, INC.",,,US,MD
2229,401103276,SCHWAN'S COMPANY,Manufacturing and sales,,US,MN
2230,300071,THE LEONARD GROUP,Government Relations,,US,DC
2231,35274,SIERRA CLUB,,,US,CA
2232,401107710,M FINANCIAL,,,US,OR
2233,301037,MOTHERS AGAINST DRUNK DRIVING,"Impaired Driving Issues, Underage Drinking, Victims' Rights",,US,TX
2234,401108042,"MALLARD CONSULTING, LLC",,,US,VA
2235,401108259,MARTIN'S POINT HEALTHCARE INC.,,,US,ME
2236,89097,"PREWITT GROUP, P.A.",Government Affairs Consulting,,US,MS
2237,401103286,"ROBERT WHITE ASSOCIATES, INC.",Government Affairs Firm,,US,MA
2238,25168,MICHIGAN HEALTH & HOSPITAL ASSOCIATION,State-wide advocacy organization for Michigan hospitals.,,US,MI
2239,298774,"UCB, INC.",Matters related to the pharmaceutical manufacturing industry,,US,CA
2240,37904,TEXAS INSTRUMENTS INCORPORATED,Electronics manufacturing,,US,TX
2241,37675,"TECO HOLDINGS INC., FORMERLY KNOWN AS TECO ENERGY, INC.","Energy company with interests in electricity, gas, coal, independent power, shipping",,US,FL
2242,294291,"TIBER CREEK ASSOCIATES OF CAPITOL HILL, INC.",lobbying and government relations,,US,DC
2243,24794,MEDICAL DEVICE MANUFACTURERS ASSOCIATION,trade association,,US,DC
2244,19228,INDEPENDENT INSURANCE AGENTS & BROKERS OF AMERICA,,,US,DC
2245,401106439,WHO DAT STRATEGIES LLC,,,US,VA
2246,11880,DEFENDERS OF WILDLIFE,,,US,DC
2247,401105414,AMERICAN POLITICAL SCIENCE ASSOCIATION,Professional organization for the study of political science,,US,DC
2248,401105731,ENERGY WORKFORCE & TECHNOLOGY COUNCIL,Trade Association representing over 600 companies in energy services and technology sector,,US,TX
2249,401105301,"DUPONT DE NEMOURS, INC.","Innovation company producing technology-based materials, ingredients and solutions.",,US,IA
2250,40029254,OMAHA PUBLIC POWER DISTRICT,Publically Owned Electric Utility,,US,NE
2251,18433,RICHARD F. HOHLT,lobbying,,US,VA
2252,401103909,THE PATRIOTIC MILLIONAIRES LLC,advocacy relating to political and economic inequality,,US,DC
2253,401104368,WHITE COAT WASTE PROJECT INC,Charity,,US,VA
2254,401108407,PERSPECTIVE PARTNERS LLC,,,US,VA
2255,401107703,FONTENOT HEALTH POLICY LLC,,,US,MD
2256,3960,"ACCENTURE, LLP",,,US,DC
2257,79995,"GREENLEE PARTNERS, LLC",Government Affairs Firm,,US,PA
2258,401109063,QORVIS HOLDING INC - GEOPOLS,,,US,DC
2259,401105041,CURALEAF INC.,"Cultivating, processing and/or dispensing cannabis and cannabis derived products",,US,NY
2260,401109376,CANADIAN ASSOCIATION OF PETROLEUM PRODUCERS,,,CA,AB
2261,40005030,PROENGLISH,Advocacy,,US,DC
2262,400646949,"EAST END GROUP, LLC",Consulting and government affairs.,,US,DC
2263,400320506,ORION ADVOCATES,Government relations consultant,,US,DC
2264,401104930,"KAE STRATEGIC, LLC",strategic consulting,,US,VA
2265,401103843,CROWE LLP,"Public Accounting, Consulting, and Technology: Professional Services.",,US,DC
2266,66716,BOSTON SCIENTIFIC CORPORATION,,,US,DC
2267,40025207,THE AMERICAN PHYSIOLOGICAL SOCIETY,"Scientific society, publisher of scientific literature.",,US,MD
2354,87916,THE UNIVERSITY OF TENNESSEE,,,US,TN
2268,15975,THE GENERAL CONTRACTORS ASSOCIATION OF NEW YORK,Trade Association,,US,NY
2269,401105814,HITACHI ENERGY USA INC,"Provider of products, services and projects to power grids, utilities and industrials.",,US,NC
2270,43560,"THE ICKES AND ENRIGHT GROUP, INC.",Government relations.,,US,DC
2271,53777,"NEW YORK FARM BUREAU, INC.",,,US,NY
2272,401108671,"RENK HOLDINGS, INC.",,,US,DE
2273,400426040,MEDICAID HEALTH PLANS OF AMERICA,Medicaid Health Plan Trade Association,,US,DC
2274,66911,AMERICAN ASSOCIATION OF COLLEGES OF NURSING,,,US,DC
2275,401106098,MOVEON.ORG CIVIC ACTION,Nonprofit focusing on education and advocacy on important national issues,,US,DC
2276,2228,AMERICAN DENTAL ASSOCIATION,,,US,DC
2277,401105658,SIG SAUER INC,Defense Manufacturing,,US,NH
2278,401104808,MS. PATRICIA M. SOLDANO,Consultant,,US,CA
2279,401105395,"OPPORTUNITY FINANCIAL, LLC",financial services,,US,IL
2280,39416,UNIVERSITY OF HOUSTON SYSTEM,,,US,TX
2281,401104268,AICPA ASSOCIATION OF INTERNATIONAL CERTIFIED PROFESSIONAL ACCOUNTANTS,Member association representing the accounting profession,,US,DC
2282,15543,FRIENDS OF THE EARTH,Environmental advocacy non-profit organization,,US,DC
2283,401105592,ASSOCIATION FOR CLINICAL ONCOLOGY,physician medical specialty society,,US,VA
2284,58090,WORLD SHIPPING COUNCIL,,,US,DC
2285,738,GUTTMACHER INSTITUTE,,,US,DC
2286,401103598,"THE MCKEON GROUP, INC.",Consulting and Lobbying,,US,VA
2287,401105175,"LAND CONSERVATION UNLIMITED, LLC",Consulting firm,,US,GA
2288,8271,"CARGILL, INC.",,,US,DC
2289,400390817,CONSTANTINOPLE & VALLONE CONSULTING LLC,Government Relations,,US,NY
2290,401107358,INLINE POLICY INC.,,,US,DC
2291,27230,NATIONAL ASSOCIATION OF WHOLESALER-DISTRIBUTORS,,,US,DC
2292,17374,HALLIBURTON COMPANY,Energy,,US,TX
2293,289556,NATIONAL ANIMAL SUPPLEMENT COUNCIL,,,US,AZ
2294,23862,MARQUETTE UNIVERSITY,,,US,WI
2295,400459241,CAPITOL HILL PARTNERS,Consultant services,,US,DC
2296,28220,"NATIONAL MULTIFAMILY HOUSING COUNCIL, INC.",,,US,DC
2297,1273,AMALGAMATED TRANSIT UNION,,,US,DC
2298,400408930,NATIONAL RURAL WATER ASSOCIATION,National Rural Water and Wastewater issues,,US,OK
2299,401107114,"E3G, THIRD GENERATION ENVIRONMENTALISM, INC.",,,US,DC
2300,293530,LG&E AND KU ENERGY LLC,Investor-owned Public Utility,,US,KY
2301,401103097,PBF HOLDING COMPANY LLC,Lobbying on energy issues,,US,NJ
2302,40011081,"KADESH & ASSOCIATES, LLC",Private Consulting Firm,,US,DC
2303,27126,SMALL BUSINESS INVESTOR ALLIANCE,ADVOCATE FOR SMALL BUSINESS INVESTORS,,US,DC
2304,401104495,G2 STRATEGIES,Lobbying Firm,,US,IN
2305,38938,"UNILEVER UNITED STATES, INC.",Manufacturing; consumer products,,US,DC
2306,400316482,CHENEGA CORPORATION,Government Contracting,,US,AK
2307,693,ALABAMA FARMERS FEDERATION,Agricultural Membership Organization,,US,AL
2308,13803,THE ERISA INDUSTRY COMMITTEE,,,US,DC
2309,20050,INTERNATIONAL SWAPS & DERIVATIVES ASSOCIATION INC.,,,US,NY
2310,401109347,MR. MARK SUNSHINE,,,US,FL
2311,401071012,"MCGRAW HILL, LLC",Global education performance improvement,,US,NY
2312,401105183,FOX CORPORATION,Media,,US,DC
2313,400274269,SAGAT/BURTON LLP,LOBBYING AND FINANCIAL SERVICES LAW FIRM,,US,NY
2314,18158,HP INC.,,,US,DC
2315,401104546,"SIMS STRATEGIES, LLC",Public Policy Consulting Firm,,US,DC
2316,400861526,MARIA FREESE,Consulting,,US,VA
2317,288954,TASSEY & ASSOCIATES,government relations,,US,DC
2318,58157,"LEONARDO DRS, INC.",,,US,VA
2319,401105605,"STUBHUB, INC.",Online Ticket Sales,,US,NY
2320,401107684,"FRIENDS OF THE EARTH (ACTION), INC.",,,US,DC
2321,400703103,"LJ CONSULTING, LLC",consulting firm,,US,VA
2322,1331,AMERICAN ACADEMY OF DERMATOLOGY ASSOCIATION,,,US,DC
2323,401106087,"SUPERNAL, LLC (FKA GENESIS AIR MOBILITY)",Advanced Air Mobility manufacturer and solutions provider,,US,DC
2324,401107851,"FACTSET RESEARCH SYSTEMS, INC.",,,US,CT
2325,401104351,ASSOCIATED EQUIPMENT DISTRIBUTORS,Trade association for companies involved in distribution of equipment.,,US,IL
2326,401108701,KING SWEENEY STRATEGIES LLC,,,US,NC
2327,401106324,"ID.ME, LLC","Software as a service, digital identity verification",,US,VA
2328,401103094,ELECTRONIC TRANSACTIONS ASSOCIATION,Trade assn of companies that offer electronic transaction processing products and services,,US,DC
2329,8418,CASE WESTERN RESERVE UNIVERSITY,,,US,OH
2330,401103282,"DIRECT SUPPLY, INC.","Senior living equipment, eCommerce, and service solutions",,US,WI
2331,401105297,"CLINE STRATEGIC CONSULTING, LLC",strategic consulting,,US,WV
2332,13005,EASTMAN CHEMICAL COMPANY,,,US,DC
2333,27638,NATIONAL COUNCIL OF FARMER COOPERATIVES,Trade Association,,US,DC
2334,2285,AMERICAN FARM BUREAU FED,,,US,DC
2335,49511,RELX INC.,,,US,DC
2336,310938,"CJ LAKE, LLC",Lobbying Firm,,US,DC
2337,401104903,"REM STRATEGIES, LLC","self employed, lobby congress and executive branch on behalf of clients",,US,DE
2338,23975,MASSACHUSETTS MEDICAL SOCIETY,,,US,MA
2339,401108779,SUNNYSIDE STRATEGY,,,US,DC
2340,401104730,LEHIGH UNIVERSITY,Institution of Higher Education,,US,PA
2341,401105830,MEDECINS SANS FRONTIERES D/B/A DOCTORS WITHOUT BORDERS,Non-governmental organization (NGO),,US,NY
2342,22110,"LAND O'LAKES, INC.",,,US,MN
2343,401108968,"CX2, INC.",,,US,CA
2344,401104975,BOOKING HOLDINGS INC.,Online travel services.,,US,DC
2345,31086,PPL CORPORATION,,,US,DC
2346,1513,AMERICAN ASSOCIATION OF AIRPORT EXECUTIVES,,,US,VA
2347,37881,TEXAS FARM BUREAU,,,US,TX
2348,401109493,"DOCUSIGN, INC.",,,US,CA
2349,400382759,PHYSICIANS COMMITTEE FOR RESPONSIBLE MEDICINE,"not-for-profit, advocacy for nutrition, ethical medical research, and medical education",,US,DC
2350,401106278,INSULET CORPORATION,"Medical device manufacturing, innovative medical technologies",,US,MA
2351,401105539,"GOODLATTE GROUP, LLC F.K.A. ROBERT GOODLATTE",Self employed consultant,,US,VA
2352,14917,FLORIDA HOSPITAL ASSOCIATION,Healthcare,,US,FL
2353,11105,THE JEWISH FEDERATIONS OF NORTH AMERICA,,,US,DC
2355,20117,INTERNATIONAL WOOD PRODUCTS ASSOCIATION,,,US,VA
2356,79676,UNIVERSITY OF MARYLAND,,,US,MD
2357,31428,CONOCOPHILLIPS,,,US,DC
2358,40022176,MERCEDES-BENZ USA (FKA DAIMLER/MERCEDES-BENZ USA),car and truck manufacturer; financial services,,US,DC
2359,18901,HUMAN RIGHTS CAMPAIGN,,,US,DC
2360,39462,UNIVERSITY OF MIAMI,,,US,FL
2361,21450,KENTUCKY FARM BUREAU FEDERATION,,,US,KY
2362,45937,"HITACHI, LTD",technology & manufacturing,,US,DC
2363,401106742,"HEARTFLOW, INC.",,,US,CA
2364,400633918,JACKSON DEWITT,Government Relations,,US,VA
2365,400656970,UNIVERSITY OF DELAWARE,University of Higher Education,,US,DE
2366,14110,FAMILY RESEARCH COUNCIL,Provide educational material concerning traditional Judeo-Christian family values & ethics,,US,DC
2367,5506,BASF CORPORATION,,,US,NJ
2368,4174,THE ARC OF THE UNITED STATES,,,US,DC
2369,401106522,WESTERN ALLIANCE BANCORPORATION,,,US,AZ
2370,24863,MELLON FINANCIAL SERVICES CORPORATION #1,"Financial Services, Asset Management and Securities Servicing, Wealth Management",,US,PA
2371,27467,NATIONAL COMMITTEE TO PRESERVE SOCIAL SECURITY AND MEDICARE,,,US,DC
2372,5197,"BALCH & BINGHAM, LLP",law firm,,US,AL
2373,67717,"APTS ACTION, INC.",,,US,VA
2374,35092,"SHELL USA, INC. (FKA SHELL OIL COMPANY)",,,US,DC
2375,4664,LIQUID ENERGY PIPELINE ASSOCIATION,"Assoc. representing operators of hazardous pipelines before Congress, agencies & public",,US,DC
2376,285290,FREE PRESS ACTION FUND,,,US,MA
2377,16555,THE GOODYEAR TIRE & RUBBER COMPANY,,,US,OH
2378,54062,SYNGENTA CORPORATION,,,US,DE
2379,10866,CORN REFINERS ASSOCIATION,The Corn Refiners Association represents the corn wet milling industry in the U.S.,,US,DC
2380,385,AFLAC INCORPORATED,,,US,GA
2381,401105575,TAIWAN SEMICONDUCTOR MANUFACTURING COMPANY (TSMC),Semiconductor manufacturing,,US,DC
2382,27913,THE NATIONAL GRANGE OF THE ORDER OF PATRONS OF HUSBANDRY,,,US,DC
2383,2445,AMERICAN GAS ASSOCIATION,,,US,DC
2384,39223,UPS (UNITED PARCEL SERVICE),,,US,DC
2385,401104311,TIMOTHY A. GLASSCO CONSULTING LLC,Government Relations,,US,TX
2386,52801,"ARIANESPACE, INC",,,US,DC
2387,33044,REINSURANCE ASSN OF AMERICA,National Trade Association representing property and casualty companies,,US,DC
2388,286336,SWISS RE AMERICA HOLDING CORPORATION,,,US,NY
2389,77173,"THE TRAVELERS COS., INC. AND SUBSIDIARIES",,,US,CT
2390,318414,DISCOVER FINANCIAL SERVICES,"Credit card, debit card and other consumer financial services.",,US,DC
2391,47633,ZIONIST ORGANIZATION OF AMERICA,,,US,DC
2392,401105881,PACIFIC DEFENSE LLC,military electronics manufacturing,,US,CA
2393,401105807,"TTM TECHNOLOGIES, INC",microelectronics,,US,CA
2394,401105717,"ANSYS, INC.",Software development and marketing.,,US,PA
2395,401093052,"OTSUKA AMERICA PHARMACEUTICAL, INC.",Pharmaceutical research and development,,US,MD
2396,307295,UNIVERSITY OF NEBRASKA,,,US,NE
2397,401103156,"UNIFIED SOLUTIONS, LLC",Consulting Firm,,US,NC
2398,401047949,EVERYTOWN FOR GUN SAFETY ACTION FUND,Education and advocacy on firearms issues.,,US,NY
2399,401104267,CALIFORNIA CHILDREN'S HOSPITAL ASSOCIATION,"Trade association representing eight free-standing, not-for-profit children's hospitals.",,US,CA
2400,7747,CALIFORNIA HOSPITAL ASSOCIATION,Trade Association representing hospital on various related issues.,,US,CA
2401,64213,"HILL & ROBBINS, PC","Law firm, general counsel to Client.",,US,CO
2402,80031,"APPLIED MATERIALS, INC",Technology,,US,DC
2403,401108646,VARNUM STREET STRATEGIES,,,US,DC
2404,27115,"NASDAQ, INC.",,,US,DC
2405,295031,"COMPASS CONSULTING GROUP, LLC",Government Relations,,US,DC
2406,7155,BROTHERHOOD OF RAILROAD SIGNALMEN,Rail Labor Union,,US,VA
2407,72598,BUSINESS GOVERNMENT SOLUTIONS,Consulting Firm,,US,DC
2408,87654,THE COOK GROUP INC.,Medical device manufacturer.,,US,VA
2409,77993,NATIONAL ADVOCACY CENTER OF THE SISTERS OF THE GOOD SHEPHERD,,,US,MD
2410,5211,BALL CORPORATION,"The company develops and manufactures spacecraft, instruments, sensors and components.",,US,CO
2411,401104275,"SAAB, INC. (FKA SAAB DEFENSE AND SECURITY USA LLC)",Provider of defense and homeland security solutions and technologies,,US,VA
2412,40041336,VALERIE MORSE WHITE CONSULTING,Public policy strategic advice and federal advocacy services,,US,MD
2413,401106231,SOUTHWEST STRATEGIES,Public affairs firm,,US,CA
2414,21027,KAISER FOUNDATION HEALTH PLAN INC.,,,US,CA
2415,401103849,"R2P STRATEGIES, LLC",Consulting and government affairs,,US,VA
2416,401106473,"COURIER PLUS, INC. DBA DUTCHIE",,,US,OR
2417,401107363,HNTB CORPORATION,,,US,CA
2418,400270238,MAYO CLINIC,Healthcare provider,,US,MN
2419,28470,NATIONAL RIFLE ASSOCIATION OF AMERICA,Membership Organization,,US,VA
2420,401105600,KERRY O'BRIEN,consulting,,US,CA
2421,26843,NATIONAL ASSN OF INDEPENDENT COLLEGES & UNIVERSITIES,,,US,DC
2422,401108186,CORBIN STRATEGIES LLC,,,US,DC
2423,40017130,INVESTMENT ADVISER ASSOCIATION,trade association,,US,DC
2424,3116,AMERICAN PODIATRIC MEDICAL ASSOCIATION,,,US,MD
2425,401109476,THOMPSON BURTON PLLC,,,US,DC
2426,401104677,INSTITUTE FOR PORTFOLIO ALTERNATIVES FORMERLY INVESTMENT PROGRAM ASSOCIATION,Trade association for the direct investment industry.,,US,MD
2427,401105020,HARMONY BIOSCIENCES,pharmaceuticals,,US,PA
2428,401105210,"WISE CAPITAL STRATEGY, LLC",strategic consulting,,US,DC
2429,401091050,LIZ WILLIAMS AND COMPANY,consulting firm,,US,VA
2430,400540615,GATX CORPORATION,,,US,IL
2431,401106866,POINTCLICKCARE TECHNOLOGIES USA CORP.,,,US,UT
2432,401104722,SPANGLER STRATEGIES LLC,strategic consulting,,US,DC
2433,400871553,"LAW OFFICES OF GEORGE HARRIS, LLC",law firm,,US,DC
2434,401104864,AMERICAN SOCIETY OF ADDICTION MEDICINE,Medical Professional Society,,US,MD
2435,11526,"DC LEGISLATIVE AND REGULATORY SERVICES, INC.",Government affairs,,US,VA
2436,401105272,"FUTUREWEI TECHNOLOGIES, INC.",Telecommunications networks and products,,US,CA
2437,70437,HOLLRAH LLC,law firm,,US,DC
2438,401108552,CREIGHTON STRATEGIES GROUP,,,US,DC
2439,401105216,EVOLVE STRATEGIES LLC,Government Relations Consulting,,US,DC
2440,24032,PANASONIC CORPORATION OF NORTH AMERICA (PNA),,,US,DC
2441,401107197,"AM GENERAL, LLC",,,US,VA
2442,23964,MASSACHUSETTS INSTITUTE OF TECHNOLOGY,,,US,MA
2443,1694,AARP,,,US,DC
2444,63952,CENTER FOR INDIVIDUAL FREEDOM,Not-for-profit Constitutional and free market advocacy organization.,,US,VA
2445,400423025,WEST VIRGINIA UNIVERSITY,Public Higher Education Institution,,US,WV
2446,401107847,HOWARD LAW & POLICY GROUP PLLC,,,US,DC
2447,401103180,GIFFORDS,Issue advocacy,,US,DC
2448,401105898,"LARRY PUCCIO, LLC",Lobbying,,US,WV
2449,42810,"YUM! BRANDS, INC.",,,US,KY
2450,400656975,THE NEMOURS FOUNDATION - A FLORIDA NOT-FOR-PROFIT CORPORATION,Children's Health System,,US,DC
2451,9603,COALITION AGAINST BIGGER TRUCKS,,,US,VA
2452,401106536,POINT32HEALTH INC.,,,US,MA
2453,27310,NATIONAL CHICKEN COUNCIL,,,US,DC
2454,34694,"LEIDOS, INC.",,,US,VA
2455,401108535,WUXI BIOLOGICS USA LLC,,,US,NJ
2456,319698,"STONY BROOK UNIVERSITY, SUNY STONY BROOK",,,US,NY
2457,52696,AUTO CARE ASSOCIATION,Trade association for the auto care industry,,US,MD
2458,38847,UNITED STATES TELECOM ASSN,,,US,DC
2459,38814,U.S. PUBLIC INTEREST RESEARCH GROUP,"Advocacy, research and public ed on the environment, consumer rights and good government",,US,DC
2460,401105276,"AMERICAN FLOOD COALITION ACTION, INC.",Flooding and sea level rise research and education.,,US,DC
2461,400274268,"ENVIRONMENT AMERICA, INC.","Protecting America's air, water, and open spaces.",,US,DC
2462,36344,SPIEGEL & MCDIARMID LLP,Law Firm,,US,DC
2463,286017,ASSOCIATION OF EQUIPMENT MANUFACTURERS,Government Relations serving the best interests of our members,,US,DC
2464,28504,NATIONAL ROOFING CONTRACTORS ASSOCIATION,National trade association for the roofing industry.,,US,DC
2465,2888,AMERICAN MEDICAL GROUP ASSOCIATION,,,US,VA
2466,328,"AEROSPACE INDUSTRIES ASSOCIATION OF AMERICA, INC.",,,US,VA
2467,32715,R A RAPOZA ASSOCIATES INC,Lobbying/Government Relations.,,US,DC
2468,400713140,KYLE HOUSE GROUP,&#226;€‹Government relations firm,,US,DC
2469,401108911,BMB STRATEGIC SOLUTIONS,,,US,VA
2470,11036,COUNCIL FOR RESPONSIBLE NUTRITION,,,US,DC
2471,400871554,"NFIB, THE VOICE OF FREE ENTERPRISE, INC.",Lobbying on behalf of small business,,US,DC
2472,401105984,"FORTINET, INC.",Network security products and services,,US,CA
2473,401104995,"MYRIAD GENETICS, INC.",Clinical laboratory,,US,DC
2474,401103605,PHARMA & BIOPHARMA OUTSOURCING ASSOCIATION,trade association for pharmaceutical manufacturers,,US,NJ
2475,401108308,NCR ATLEOS,,,US,GA
2476,400930694,"STRATEGIC POLICIES, LLC",Government relations and business consulting,,US,VA
2477,400458235,"ALKERMES, INC.",Biopharmaceutical company,,US,MA
2478,401107904,ANIMAL LEGAL DEFENSE FUND,,,US,CA
2479,39484,UNIVERSITY OF MINNESOTA,,,US,MN
2480,19695,"THE INTERNATIONAL ANTICOUNTERFEITING COALITION, INC.",,,US,DC
2481,314498,GREEN CAPITOL LLC,"""Green"" policy and strategy consultancy.",,US,MD
2482,18238,"HIGHMARK, INC.",,,US,PA
2483,2183,AMERICAN CRYSTAL SUGAR COMPANY,,,US,MN
2484,13858,THE ESOP ASSOCIATION,,,US,DC
2485,401103542,HETTINGER STRATEGY GROUP LLC,Lobbying and market advisory firm.,,US,VA
2486,40009069,"CARE ACTION NOW, INC.",International humanitarian and development organization,,US,DC
2487,400418984,RUSS KLENET & ASSOCIATES,Government Affairs,,US,FL
2488,401107528,"RAZOM, INC.",,,US,NY
2489,400276327,KEYCORP,Financial Services,,US,OH
2490,401105871,"MERCY FOR ANIMALS, INC.",Non-profit animal rights organization,,US,CA
2491,9751,THE COCA-COLA COMPANY,,,US,GA
2492,401105498,ONEOK INC.,Midstream Service Provider,,US,OK
2493,27811,NFIB (NATIONAL FEDERATION OF INDEPENDENT BUSINESS),Lobbying on behalf of small business,,US,DC
2494,71952,ASSOCIATION OF CANCER CARE CENTERS (FKA ASSOCIATION OF COMMUNITY CANCER CENTERS),,,US,MD
2495,40027242,VERTEX PHARMACEUTICALS INCORPORATED,Global biotechnology company,,US,MA
2496,317355,JOSE FUENTES,Consulting and lobbying.,,US,DC
2497,401105555,"DIGITAL THERAPEUTICS ALLIANCE, INC",Non-profit Trade Association,,US,VA
2498,401103960,NORTH AMERICAN MILLERS' ASSOCIATION,"The North American Millers Association (NAMA) represents millers of wheat, corn, oats and",,US,VA
2499,75193,"BEST BUY CO., INC.",,,US,MN
2500,306671,FOOD & WATER WATCH,nonprofit consumer advocacy organization,,US,DC
2501,42980,USA-ITA DBA UNITED STATES FASHION INDUSTRY ASSOCIATION,,,US,DC
2502,401104032,"SLEEP, INC.",nonprofit.,,US,DC
2503,401107685,"AGILON HEALTH, INC.",,,US,OH
2504,400598824,MAPETSI POLICY GROUP,government affairs,,US,DC
2505,401109079,PSIQUANTUM,,,US,CA
2506,3003,AMERICAN ORTHOTIC & PROSTHETIC ASSOCIATION,Trade Association,,US,VA
2507,401105202,TWILIO INC.,Cloud communications technology company,,US,CA
2508,400319497,PENNSYLVANIA HIGHER EDUCATION ASSISTANCE AGENCY,"Guarantor, lender, servicer, and secondary marketer of student loans",,US,PA
2509,556,"AIR-CONDITIONING, HEATING, AND REFRIGERATION INSTITUTE","Energy, Environment",,US,VA
2510,41727,ALLIANT ENERGY CORPORATION,Alliant Energy Corp: A Midwest energy company  providing electric and natural gas service.,,US,WI
2511,401104097,"FERRING PHARMACEUTICALS, INC.",pharmaceuticals,,US,NJ
2512,3402,AMERICAN SOCIETY OF CATARACT & REFRACTIVE SURGERY,,,US,VA
2513,34741,SEAFARERS INTERNATIONAL UNION OF N.A. - AGLIW,Labor organizatin represents employees in labor relations matters.,,US,MD
2514,401109315,DRAX POWER LIMITED,,,GB,
2515,401108104,RIVADA NETWORKS,,,US,DC
2516,401106384,TENNESSEE HOSPITAL ASSOCIATION,,,US,TN
2517,54528,"AMERICAN CABLE ASSOCIATION, INC. DBA ACACONNECTS",,,US,PA
2518,401106759,NATIONAL THOROUGHBRED RACING ASSOCIATION,,,US,DC
2519,401106206,REFORM ACTION FUND,Criminal Justice Reform,,US,NY
2520,401104256,"JIM MASSIE & PARTNERS, LLC",Government consulting firm,,US,DC
2521,401103571,"PALO ALTO NETWORKS, INC.",Developing network security and cybersecurity for government and private enterprise,,US,CA
2522,400458227,MAGNA SERVICES OF AMERICA INC.,Global automotive supplier.,,US,MI
2523,401105047,"STRIDE POLICY SOLUTIONS, LLC","wellbeing of children, adults, families",,US,VA
2524,2376,AMERICAN FOREST & PAPER ASSOCIATION,,,US,DC
2525,401106006,RB CROWE LLC FORMERLY KNOWN AS ROBERT CROWE,Lobbyist,,US,FL
2526,11060,COUNCIL OF FHLBANKS,trade association,,US,DC
2527,401106188,CLEAN ENERGY BUYERS ASSOCIATION (FORMERLY RENEWABLE ENERGY BUYERS ALLIANCE),501c6 Trade Association,,US,DC
2528,401109374,SOFTWARE IN DEFENSE COALITION,,,US,MD
2529,401107385,GENERATION INVESTMENT MANAGEMENT LLP,,,GB,
2530,401107307,MD EASTPORT STRATEGIES LLC,,,US,MD
2531,284790,NOVO NORDISK INC.,Pharmaceutical manufacturing,,US,DC
2532,2718,AMERICAN ISRAEL PUBLIC AFFAIRS COMMITTEE,Lobby focused on U.S. Middle East foreign policy,,US,DC
2533,401105129,NORTHEAST OHIO REGIONAL SEWER DISTRICT,Political subdivision state of Ohio for stormwater and wastewater,,US,OH
2534,400427054,"BEDROCK STRATEGIES, LLC",Consulting Firm,,US,MD
2535,401106224,EZRA SILK,Consulting and government affairs,,US,ME
2536,401105671,"ECONOMIC SECURITY PROJECT ACTION, INC. AND ITS AFFILIATES",&#226;€‹Non-profit 501(c)(4) catalyzing ideas to build economic power for Americans.,,US,NY
2614,4072,ANTI-DEFAMATION LEAGUE,,,US,DC
2615,401108177,"OSTROFF ASSOCIATES, INC.",,,US,NY
2616,400414963,FEDERAL BUSINESS GROUP,Government relations and business development consulting firm.,,US,VA
2617,401107023,RELIABLE ROBOTICS CORPORATION,,,US,CA
2618,319654,NATIONAL POSTAL MAIL HANDLERS UNION,Labor issues,,US,DC
2619,1386,AMERICAN ACADEMY OF OTOLARYNGOLOGY-HEAD AND NECK SURGERY,,,US,VA
2620,40006052,CALIFORNIA MEDICAL ASSOCIATION INC.,A nonprofit corporation dedicated to the science and art of medicine and patient care.,,US,CA
2621,401107991,SALEM MEDIA GROUP,,,US,CA
2622,401103521,"GAVEL RESOURCES, LLC",Consulting and Public Affairs,,US,DC
2623,45788,INTERNATIONAL ASSOCIATION OF FIRE CHIEFS,,,US,VA
2624,58795,CANADIAN NATIONAL RAILWAY COMPANY,,,US,DC
2625,29686,"NUCLEAR ENERGY INSTITUTE, INC.",non-profit industry group,,US,DC
2626,401103498,COMPASSION AND CHOICES,Commpliance Specialist,,US,CO
2627,289990,EQUINOR US OPERATIONS LLC,Integrated oil and gas company.,,US,TX
2628,293038,EXPERIAN NORTH AMERICA,,,US,DC
2629,294495,"THE HOBBS GROUP, LLC",Government affairs lobbying,,US,DC
2630,401106111,"SHIPT, INC.",Delivery Service owned by Target Corporation,,US,AL
2631,295053,"GRAY GLOBAL ADVISORS, LLC",Government Affairs and Business Advisory Firm,,US,DC
2632,400493429,AAR CORP.,&#226;€‹Aviation services,,US,IL
2633,401107262,UNITED NETWORK FOR ORGAN SHARING,,,US,VA
2634,31543,PINNACLE WEST CAPITAL CORPORATION,,,US,DC
2635,400535602,CENTER FOR COMMUNITY CHANGE ACTION,Is a non-profit social welfare organization,,US,DC
2636,401105434,"GLOBAL PAYMENTS, INC.",Payment technology and software solutions,,US,GA
2637,1945,AMERICAN COLLEGE OF CARDIOLOGY,,,US,DC
2638,1546,AMERICAN ASSOCIATION OF COLLEGES OF OSTEOPATHIC MEDICINE,,,US,MD
2639,19935,INTERNATIONAL COUNCIL OF SHOPPING CENTERS,marketplaces association (retail real estate),,US,DC
2640,26672,NATIONAL ASSOCIATION OF CHAIN DRUG STORES,,,US,VA
2641,401107435,APPALACHIAN VOICES,,,US,VA
2642,401103945,CEDIA,CEDIA is a trade association.,,US,IN
2643,11446,CUBIC CORPORATION,,,US,CA
2644,401106406,DANIEL CONSULTING,Business Consulting,,US,MI
2645,2731,AMERICAN LAND TITLE ASSOCIATION,,,US,DC
2646,401107195,"MAP LARGE, INC.",,,US,GA
2647,14781,FLEET RESERVE ASSOCIATION,"Military association representing enlisted Navy, Marine Corps, and Coast Guard personnel",,US,VA
2648,401107675,CALPORTLAND COMPANY,,,US,CA
2649,31598,PITNEY BOWES INC.,Document Solutions,,US,CT
2650,400561682,LAWYERS' COMMITTEE FOR CIVIL RIGHTS UNDER LAW,Seeks to obtain equal opportunity for minorities by addressing factors that contribute to racial justice and opportunity,,US,DC
2651,3470,ASME,,,US,DC
2652,401105832,"ARDELYX, INC.",Biopharmaceutical company,,US,CA
2653,3151,AMERICAN PSYCHIATRIC ASSOCIATION,,,US,DC
2654,401105914,SONOVA USA INC.,Provider of innovative hearing care solutions,,US,IL
2655,400456191,"OPEN SPACE INSTITUTE, INC.",Environmental land conservation,,US,NY
2656,401105622,TRIPACER STRATEGIC CONSULTING L.L.C.,Consulting,,US,DC
2657,297330,"EDWARDS LIFESCIENCES, LLC",Medical device manufacturer,,US,CA
2658,8635,OCEAN CONSERVANCY,Non-profit ocean conservation organization,,US,DC
2659,401104425,"PLURUS STRATEGIES, LLC",Government affairs,,US,DC
2660,19571,ENTERTAINMENT SOFTWARE ASSOCIATION,,,US,DC
2661,401103557,SES SPACE & DEFENSE,Commercial satellite operations; SES GS is a Defense Security Service US Proxy company,,US,DC
2662,29607,THE NORTHWESTERN MUTUAL LIFE INSURANCE COMPANY,Insurance/Financial Services Company,,US,WI
2663,401107067,WOODSIDE ENERGY GROUP LTD,,,AU,
2664,3630,AMERICAN VETERINARY MEDICAL ASSOCIATION,Professional membership organization,,US,DC
2665,5290,BANK POLICY INSTITUTE,,,US,DC
2666,401107448,STATE STREET STRATEGIES DBA ONE+ STRATEGIES,,,US,PA
2667,30085,OGLETHORPE POWER CORPORATION,power generation cooperative,,US,GA
2668,400432090,MASCO CORPORATION,&#226;€‹Manufacturing and Installation Services,,US,MI
2669,40692,"WASTE MANAGEMENT, INC.",Environmental services,,US,DC
2670,25237,BERKSHIRE HATHAWAY ENERGY,REGULATED ELECTRIC UTILITIES AND NATURAL GAS PIPELINES,,US,DC
2671,25181,MICHIGAN TECHNOLOGICAL UNIVERSITY,,,US,MI
2672,401106438,MISSIONSQUARE RETIREMENT,,,US,DC
2673,401103625,MONEYGRAM INTERNATIONAL INC.,Money transfer services,,US,DC
2674,401106291,WINDWARD STRATEGIES LLC,Consulting and government affairs,,US,CO
2675,45301,FUJIFILM HOLDINGS AMERICA CORPORATION,,,US,NY
2676,401109444,"OLSON ZOO AND AQUARIUM CONSULTING, LLC",,,US,MD
2677,40025211,"CONFRERE STRATEGIES, LLC",Consulting Firm,,US,DC
2678,401106655,THE HAYES INITIATIVE LLC,,,US,NY
2679,401105393,"STORY PARTNERS, LLC",Public relations firm,,US,DC
2680,21676,"KINGHORN, HILBERT & ASSOCIATES","Government consulting, lobbying, and association management.",,US,MD
2681,401107879,HARPER DOWNING,,,US,MN
2682,10627,CONSUMER BANKERS ASSOCIATION,,,US,DC
2683,319756,TRIBUTARY LLP,Law Firm,,US,VA
2684,291492,THE CONSERVATION FUND,Nonprofit corporation,,US,VA
2685,298455,COREWELL HEALTH,,,US,MI
2686,313635,MML&K GOVERNMENT SOLUTIONS,lobbying,,US,KY
2687,401105664,THE SHERWIN-WILLIAMS COMPANY,"manufacture, development, distribution, & sale of paints, coatings & related products",,US,DC
2688,23348,LUPUS FOUNDATION OF AMERICA,,,US,DC
2689,1672,AMERICAN ASSOCIATION OF ORAL AND MAXILLOFACIAL SURGEONS,,,US,IL
2690,401109422,"CORE NATURAL RESOURCES, INC.",,,US,PA
2691,310654,"OCEANA, INC.",,,US,DC
2692,401040928,AMERICAN ASSOCIATION OF NURSE PRACTITIONERS,Represent nurse practitioners,,US,VA
2693,19775,INTERNATIONAL ASSOCIATION OF MACHINISTS AND AEROSPACE WORKERS,International Labor Union,,US,MD
2694,401107439,WOODWELL CLIMATE RESEARCH CENTER,,,US,MA
2695,9578,CMS ENERGY CORP,,,US,MI
2696,401106088,"AXIOM SPACE, INC.",Space Infrastructure Development & Commercial Space,,US,TX
2697,401107354,CENTRAL WASHINGTON UNIVERSITY,,,US,WA
2698,87494,TOURETTE ASSOCIATION OF AMERICA,Non Profit Organization,,US,DC
2699,82330,GREATER CLEVELAND PARTNERSHIP,,,US,OH
2700,401105251,THE FERRARO GROUP,Public Affairs,,US,DC
2701,38962,AMEREN SERVICES,,,US,DC
2702,287018,"HERBALIFE INTERNATIONAL OF AMERICA, INC.",,,US,DC
2703,401103818,EYMAN PARTNERS LLC (FKA EYMAN ASSOCIATES PC),Law Firm,,US,DC
2704,304097,FINANCIAL INDUSTRY REGULATORY AUTHORITY,,,US,DC
2705,400359654,LOW INCOME INVESTMENT FUND,"Community Development Financial Institution, providing capital for low income communities.",,US,CA
2706,41476,"THE WILLIAMS COMPANIES, INC.",Energy Infrastructure Company,,US,OK
2707,400733199,"THE ACADEMY ADVISORS, INC.",Health Policy and Strategic Advisory,,US,VA
2708,15907,"BAE SYSTEMS, INC.",,,US,VA
2709,4790,ASSOCIATED GENERAL CONTRACTORS OF AMERICA,,,US,VA
2710,400384781,NORTH AMERICAN ELECTRIC RELIABILITY CORPORATION,NERC ensures the reliability of the Bulk-Power System in North America.,,US,DC
2711,27172,NATIONAL ASSOCIATION OF STUDENT FINANCIAL AID ADMINISTRATORS,Member-based trade association,,US,DC
2712,37948,TEXTRON INC.,,,US,DC
2713,1650,AMERICAN ASSOCIATION OF NURSE ANESTHETISTS,,,US,DC
2714,401105970,"PYXIS PARTNERS, LLC",Health Care advocacy Consulting firm,,US,DC
2715,401103345,"NATIONAL COUNCIL OF STATE BOARDS OF NURSING, INC.",Membership association; nursing regulation,,US,IL
2716,40032,PARAMOUNT SKYDANCE CORPORATION (FKA PARAMOUNT GLOBAL),,,US,DC
2717,400298404,EDUCATIONCOUNSEL LLC,Education policy and Law in affiliation with Nelson Mullins Riley and Scarborough,,US,DC
2718,14108,"FAMILIES USA FOUNDATION, INC.",,,US,DC
2719,296236,INDIANA UNIVERSITY,,,US,IN
2720,6440,BLUECROSS BLUESHIELD OF TENNESSEE,,,US,TN
2721,401105523,FAMILIES USA ACTION,501(c)(4) health care advocacy organization,,US,DC
2722,401108369,"NICHOLSON STRATEGIES, LLC",,,US,VA
2723,78835,AMERICAN RENTAL ASSOCIATION,,,US,IL
2724,401108414,WORLDPAY,,,US,OH
2725,401107238,JOHN J. FASO CONSULTING LLC,,,US,NY
2726,401103618,NATIONAL CENTER FOR MISSING AND EXPLOITED CHILDREN,Missing and Exploited Children Clearinghouse,,US,VA
2727,401108248,"LAW OFFICE OF JOHN J. FASO, P.C",,,US,NY
2728,26400,BANK OF AMERICA CORPORATION,,,US,DC
2729,400315470,CHILDREN'S HEALTH FUND,Social welfare organization,,US,NY
2730,401105677,PROTECT DEMOCRACY UNITED (FORMERLY KNOWN AS UNITED TO PROTECT DEMOCRACY),nonprofit,,US,DC
2731,400578740,AMERICAN COLLEGE OF OBSTETRICIANS AND GYNECOLOGISTS,Medical Specialty Organization,,US,DC
2732,4436,ASSOCIATION FOR PROFESSIONALS IN INFECTION CONTROL AND EPIDEMIOLOGY,,,US,VA
2733,400497444,NETJETS INC.,private aviation company with fractional and charter operations,,US,OH
2734,401105795,MEDIATEK USA INC.,MediaTek is the worlds 4th largest global fabless semiconductor company.,,US,CA
2735,401104492,SCULLY ROSKEY AND MISSMAR,Law Firm,,US,DC
2736,400493432,"CAPITALEDGE ADVOCACY INC. (FORMERLY CAPITALEDGE ADVOCACY, LLC)",Federal government relations,,US,DC
2737,40258,VULCAN MATERIALS COMPANY,,,US,AL
2738,82658,DAYTON DEVELOPMENT COALITION,,,US,VA
2739,19445,GLOBAL ELECTRONICS ASSOCATION (FKA IPC INTERNATIONAL),Global electronics manufacturing trade association.,,US,DC
2740,40038312,MR. CHARLES SCHOLZ,legal and consulting,,US,IL
2741,401074020,"THE JERRY COSTELLO GROUP, LLC",Government Affairs,,US,IL
2742,35684,SMITHBUCKLIN CORPORATION,Trade association,,US,DC
2743,401104488,"POTOMAC INTERNATIONAL PARTNERS, INC.","Government relations, public relations, and international market entry",,US,DC
2744,1923,AMERICAN CLINICAL LABORATORY ASSN,national trade association for clinical laboratories,,US,DC
2745,73555,COURSON NICKEL LLC,Governmental relations,,US,LA
2746,400427057,WOODBERRY ASSOCIATES,Public Affairs,,US,IA
2747,401103872,THE CHEMOURS COMPANY,Chemical company,,US,DE
2748,290718,"TNC (US) HOLDINGS, INC.",,,US,NY
2749,28674,NATIONAL TELECOMMUNICATIONS COOPERATIVE ASSOCIATION,,,US,VA
2750,319118,"THE STATE UNIVERSITY OF NEW YORK, SYSTEM ADMINISTRATION",Higher Education,,US,NY
2751,401105252,ALLIANCE FOR PATIENT ACCESS,Non-profit patient advocacy organization.,,US,IA
2752,401107898,"BRIDGEBIO PHARMA, INC.",,,US,CA
2753,401106466,RAKUTEN SYMPHONY USA LLC,,,US,CA
2754,13131,EDISON ELECTRIC INSTITUTE,,,US,DC
2755,401106071,"JAZZ PHARMACEUTICALS, INC.",Pharmaceuticals,,US,CA
2756,296214,STARBUCKS CORPORATION,,,US,WA
2757,11481,CUNEO GILBERT & LADUCA,law firm,,US,DC
2758,401106315,SAKURA CONSERVATION STRATEGIES,Cultural and natural resources consulting,,US,MD
2759,71314,BOARD OF REGENTS OF UNIVERSITY OF WISCONSIN SYSTEM,,,US,WI
2760,401103957,"DJI TECHNOLOGY, INC.",Manufactures of commercial and recreational unmanned aircraft systems,,US,CA
2761,401104773,"MIZUHO BANK, LTD.",Financial Institution,,US,DC
2762,400531588,COMMUNITY BANKERS ASSOCIATION OF ILLINOIS,Trade association representing Illinois' community banks and thrifts,,US,IL
2763,18912,"HUMANA, INC.",,,US,KY
2764,401103137,"MITSUBISHI POWER AMERICAS, INC. F/K/A MHPS AMERICAS INC",Products and services for the electric power generation industry,,US,FL
2765,39611,U.S. BANCORP (FORMERLY FILED AS U.S. BANK),BANKING/FINANCIAL SERVICES,,US,DC
2766,36297,SPECIALTY EQUIPMENT MARKET ASSOCIATION,,,US,DC
2767,401108639,OPTIVER SERVICES US LLC,,,US,IL
2768,16010,GENERAL MILLS SERVICES INC. (FKA GENERAL MILLS),,,US,DC
2769,29128,NEW JERSEY HOSPITAL ASSOCIATION,,,US,NJ
2770,401104336,"VOTEVETS ACTION FUND, INC.",Advocating for US military veterans and their families,,US,DC
2771,401106343,DAIMLER TRUCK NORTH AMERICA LLC,Commercial vehicle manufacturer,,US,OR
2772,64018,DIGITAL MEDIA ASSN,,,US,DC
2773,317071,"IRAQ AND AFGHANISTAN VETERANS OF AMERICA, INC.",,,US,DC
2774,401104022,SENTRY INSURANCE COMPANY (FORMERLY SENTRY INSURANCE A MUTUAL COMPANY),Insurance Company,,US,WI
2775,401105195,EXELIXIS INC.,Genomics-based drug discovery company,,US,CA
2776,400427053,ARMENIAN NATIONAL COMMITTEE OF AMERICA,Armenian American grassroots organization,,US,DC
2777,17682,HARTFORD INSURANCE GROUP (FKA HARTFORD FINANCIAL SERVICES GROUP),"Insurance, Financial Services",,US,CT
2778,401105423,"AURORA INNOVATION, INC",Transportation,,US,CA
2779,401106927,SOLUGEN INC,,,US,TX
2780,401105816,STELLAR DEVELOPMENT FOUNDATION,Supporting global financial access and inclusion by connecting the world's financial infra,,US,CA
2781,21335,KELLANOVA,Food industry - manufacturer of convenience foods,,US,DC
2782,16178,"GIBSON, DUNN & CRUTCHER LLP",law firm,,US,DC
2783,74534,TRUIST FINANCIAL CORPORATION (FORMERLY KNOWN AS BB&T),Financial Services Organization,,US,NC
2784,401106037,"BREAKTHROUGH ENERGY, LLC",Pathways to net zero emissions,,US,WA
2785,43285,FEDEX CORPORATION,transportation & delivery services,,US,DC
2786,401106233,"STRIPE, INC.",Finance,,US,CA
2787,401106461,VACCINATE YOUR FAMILY,,,US,DC
2788,311198,NATIONAL WIC ASSOCIATION (NWA),,,US,DC
2789,28377,NATIONAL PROPANE GAS ASSOCIATION,,,US,DC
2790,26056,"MOTOROLA SOLUTIONS, INC",,,US,DC
2791,21084,"KANNER & ASSOCIATES, LLC",Lobbying and consulting firm,,US,DC
2792,400822436,"BMW OF NORTH AMERICA, LLC","Manufacturing, Sales and Marketing of Automobiles",,US,NJ
2793,32874,RECORDING INDUSTRY ASSOCIATION OF AMERICA,,,US,DC
2794,71278,LEAGUE OF CONSERVATION VOTERS,,,US,DC
2795,401105975,HOLLIS PUBLIC AFFAIRS,Government Affairs Consulting,,US,NY
2796,2434,AMERICAN GAMING ASSOCIATION,The AGA lobbys on behalf of the commercial casino entertainment industry.,,US,DC
2797,306911,"SALESFORCE, INC.",Computer software company.,,US,CA
2798,401104861,WOMBLE BOND DICKINSON US LLP,Law firm,,US,DC
2799,40029251,COLORADO SPRINGS UTILITIES,"Municipal utility providing water, wastewater, gas and electricity to Colorado Springs",,US,CO
2800,401107668,CAPELLA SPACE CORP. AND SUBSIDIARIES,,,US,CA
2801,401104584,OCHIN INC.,Healthcare IT,,US,CA
2802,13723,EPILEPSY FOUNDATION,,,US,MD
2803,53048,NATIONAL RURAL HEALTH ASSOCATION,,,US,DC
2804,401104696,IMPACT HEALTH POLICY PARTNERS,health policy consulting and advocacy firm,,US,CO
2805,91796,VANTOR PARENT INC,Satellite Imagery,,US,CO
2806,401106469,"AMERICAN PUBLIC EDUCATION, INC.",,,US,WV
2807,401109501,RARE DISEASE COMPANY COALITION,,,US,DC
2808,314294,DUKE UNIVERSITY,Education - Higher Education,,US,NC
2809,300594,"THE GEO GROUP, INC.",,,US,FL
2810,401107958,"MODERNA, INC.",,,US,CA
2811,401103711,"NEXA STRATEGIES, LLC",Lobbying,,US,DC
2812,32497,PUGET SOUND ENERGY,Utility,,US,WA
2813,401108947,ORCHARD THERAPEUTICS NORTH AMERICA,,,US,MA
2814,401105105,"DOTCHIN & ASSOCIATES, LLC",Federal advocacy,,US,VA
2815,4653,"ASSOCIATION OF NATIONAL ADVERTISERS, INC.",Trade association representing the advertising and marketing industry,,US,DC
2816,401107249,COMMONWEALTH FUSION SYSTEMS,,,US,MA
2817,47963,GAP INC.,Retailer,,US,CA
2818,401108841,"PINTEREST, INC.",,,US,CA
2819,401107814,MOET HENNESSY USA,,,US,NY
2820,9636,U.S. LUMBER COALITION,,,US,DC
2821,35913,AMERICAN CLEANING INSTITUTE,Cleaning products trade association,,US,DC
2822,59810,AMERICAN SENIORS HOUSING ASSOCIATION,seniors housing trade association,,US,DC
2823,19946,INTERNATIONAL DAIRY FOODS ASSOCIATION,,,US,DC
2824,401108068,DISABILITY BELONGS,,,US,VA
2825,53265,NATIONAL COLLEGIATE ATHLETIC ASSOCIATION,,,US,DC
2826,34637,THE CHARLES SCHWAB CORPORATION,,,US,DC
2827,283754,CENTER FOR AMERICAN PROGRESS ACTION FUND,,,US,DC
2828,401108825,"BLUE SKY CAPITOL CONSULTING, LLC",,,US,CO
2829,400931695,"DESIMONE CONSULTING, LLC",consulting firm,,US,WA
2830,309390,OREGON STATE UNIVERSITY,,,US,OR
2831,3787,AMERICANS FOR NONSMOKERS' RIGHTS,,,US,CA
2832,4356,ARTHRITIS FOUNDATION,Health,,US,DC
2833,401107902,KMA ZUCKERT LLP (FORMERLY KMA ZUCKERT LLC),,,US,DC
2834,401103211,CAPITOL ADVOCACY PARTNERS,Advocacy and grant writing,,US,DC
2835,401104274,ROWLAND STRATEGY GROUP LLC,Provide strategic lobbying services to clients.,,US,DC
2836,401103494,SIRONA STRATEGIES LLC,Health care consulting.,,US,DC
2837,30291,OREGON HEALTH & SCIENCE UNIVERSITY,Academic Health Center,,US,OR
2838,400877567,HF SINCLAIR CORPORATION,Petroleum Refining & Marketing,,US,TX
2839,318937,ENTERPRISE PRODUCTS PARTNERS LP (FORMERLY KNOWN AS ENTERPRISE PRODUCTS COMPANY O,Natural gas & liquid pipelines,,US,TX
2840,306432,"ACT EDUCATION CORP. (FKA ACT, INC.)","Non-profit organization providing learning resources, assessments, research & credentials.",,US,IA
2841,401107735,C3.AI,,,US,CA
2842,400859523,"LUMEN TECHNOLOGIES, INC.","Tech, telecom & broadband provider.",,US,DC
2843,401106114,2359 STRATEGIES,Provide strategic consulting services.,,US,DC
2844,401103975,BMO BANK N.A. (FKA BMO HARRIS BANK N.A.),Bank,,US,IL
2855,401110025,AUSTIN LEGAL AND PUBLIC AFFAIRS PLLC,,,US,TX
2856,401110427,JABAL COMPANIES LLC,,,US,MO
2857,401109454,"MOUNTAIN VIEW PARTNERS DC, LLC",,,US,DC
2858,401110435,HANBURY STRATEGY,,,US,DC
2859,401110423,SAN DIEGO STATE UNIVERSITY RESEARCH FOUNDATION,,,US,CA
2860,401110422,VYTALIZE HEALTH,,,US,NJ
2861,401110293,DB USA CORPORATION,,,US,DC
2862,401109953,MR. TOM VELTRI,,,US,FL
2863,401107219,ENTEGRIS,,,US,MA
2864,401012859,EFRUS FEDERAL ADVISORS LLC,Government Relations and Business Consulting Services,,US,VA
2865,319734,"SOUNDEXCHANGE, INC.",,,US,DC
2866,400428072,CSA STRATEGY GROUP LLC (FORMERLY CSA STRATEGIES LLC),Consulting,,US,FL
2867,44914,"THE LAURIN BAKER GROUP, LLC",lobbying firm,,US,VA
2868,38357,"TRANSPORT WORKERS UNION OF AMERICA, AFL-CIO",,,US,DC
2869,400359662,AMPUTEE COALITION,Advocate on behalf of people with limb loss,,US,DC
2870,401104197,NATIONAL TRUST COMMUNITY INVESTMENT CORPORATION,Historic tax credit syndicator,,US,DC
2871,38530,"TROUTMAN PEPPER LOCKE, LLP (FKA TROUTMAN PEPPER HAMILTON SANDERS, LLP)",Law firm,,US,DC
2872,401104428,"GUIDEPOSTSTRATEGIES, LLC",strategic consulting/government affairs firm,,US,DC
2873,304758,AMERICAN SMALL MANUFACTURERS COALITION,,,US,DC
2874,401105341,"BL PARTNERS GROUP, LLC",Consulting firm,,US,VA
2875,401109070,"FWC2026 US, INC.",,,US,FL
2876,401103943,AMERICAN UNIVERSITY OF BEIRUT,education,,US,NY
2877,401105104,GILLILAND & MCKINNEY INTERNATIONAL COUNSELLORS (D/B/A GMI COUNSEL),Law firm,,US,DC
2878,321316,NEC CORPORATION OF AMERICA,Information and Communications Technology,,US,TX
2879,21244,MS. MIRIAM A. KAZANJIAN,Consulting on international education and government relations.,,US,MD
2880,401105258,UNCORKED ADVOCATES,consulting,,US,VA
2881,401103745,"COASPIRE, LLC",Consulting and Services in the Federal Space,,US,VA
2882,88974,GENESEE & WYOMING INC.,,,US,CT
2883,401106666,"MORAN STRATEGIC CONSULTING, LLC.",,,US,VA
2884,401104888,JTR STRATEGIES LLC,Public affairs and government relations.,,US,DC
2885,401103255,TAYLOR STRATEGIES,Lobbying,,US,DC
2886,401105226,SMALL BUSINESS ADVOCACY COUNCIL,Member-based non-profit,,US,IL
2887,84491,"CORECIVIC, INC.",,,US,DC
2888,401103646,"INDEPENDENCE BLUE CROSS, LLC",Health Insurance Company,,US,PA
2889,401108180,VESPER ENERGY DEVELOPMENT LLC,,,US,TX
2890,20367,"JACOBS SOLUTIONS, INC.","Defense, space, energy, intelligence, buildings, infrastructure",,US,VA
2891,28036,NATIONAL IMMIGRATION FORUM,,,US,DC
2892,401104266,THE INSTITUTE FOR FAMILY HEALTH,Community Health Center,,US,NY
2893,401104811,"ELECTRIFY AMERICA, LLC",&#226;€‹Electric vehicle infrastructure.,,US,VA
2894,40036299,AUTISM SPEAKS,Individual and Family Services,,US,DC
2895,401104040,"PEDIATRIX MEDICAL GROUP, INC.","Medical group specializing in neonatal, anesthesia, maternal-fetal and pediatric services.",,US,FL
2896,401105877,PRIMACY STRATEGY GROUP,Strategic Consulting and Lobbying firm,,US,DC
2897,297933,MIAMI UNIVERSITY,,,US,OH
2898,401104010,"THE FRIEDKIN GROUP, INC.",automotive and adventure travel industries,,US,TX
2899,401104783,CLAUSE LAW P.L.L.C.,law and policy firm,,US,DC
2900,16566,GORDLEY ASSOCIATES,Agriculture lobbying,,US,DC
2901,401105775,"RUTLEDGE POLICY GROUP, LLC",Government Relations Consulting,,US,DC
2902,401103503,SULLIVAN STRATEGIES LLC (FKA SB CAPITOL SOLUTIONS),Government and industry affairs consulting,,US,DC
2903,401105784,"SIEMENS ENERGY, INC","Delivering energy products, solutions, and services",,US,FL
2904,63518,UNITED STATES MARITIME ALLIANCE LIMITED (USMX),,,US,NJ
2905,401108763,"AMERICAN CITIZENS ABROAD, INC.",,,US,DC
2906,401108863,THE FITHIAN GROUP LLC,,,US,CA
2907,5175,BAKER HUGHES COMPANY,Energy technology company,,US,DC
2908,401010854,ALLIANCE FOR AGING RESEARCH,Non-profit healthcare advocacy organization,,US,DC
2909,400609851,NOMURA HOLDING AMERICA INC.,financial services,,US,NY
2910,400797392,"STEWART STRATEGIES AND SOLUTIONS, LLC",Lobbying firm,,US,DC
2911,2968,AMERICAN NURSES ASSOCIATION,,,US,MD
2912,250,ASSOCIATION FOR POSTAL COMMERCE,Trade Association,,US,VA
2913,43833,WEC ENERGY GROUP,Electric and natural gas utility.,,US,DC
2914,401105752,WP RIVERS AND ASSOCIATES,Lobbying and consulting,,US,MD
2915,401106420,SKYWATER TECHNOLOGY FOUNDRY,,,US,MN
2916,9077,THE CHILDREN'S HOSPITAL OF PHILADELPHIA,Hospital,,US,PA
2917,401104947,THE ALS ASSOCIATION,Nonprofit 501(c)3,,US,VA
2918,40028244,"LIONEL ""LEO"" AGUIRRE",Public Affairs Consultant,,US,TX
2919,41077,WESTINGHOUSE ELECTRIC COMPANY,,,US,DC
2920,401107559,VIRGINIA COMMONWEALTH UNIVERSITY,,,US,VA
2921,316571,"LINCHPIN STRATEGIES, LLC",Government Affairs Firm,,US,DC
2922,400424029,"POLARIS-HUTTON GROUP, LLC",Government Relations,,US,VA
2923,400493433,"CAPITALEDGE STRATEGIES, LLC",Federal relations for local governments and local government agencies,,US,DC
2924,401040929,NATIONAL PARK FOUNDATION,Philanthropic organization supporting national parks,,US,DC
2925,401109416,VIVID STRATEGIES LLC,,,US,MD
2926,19833,INTERNATIONAL UNION OF PAINTERS AND ALLIED TRADES,Union Issues,,US,MD
2927,35946,SOCIETY FOR HUMAN RESOURCE MANAGEMENT,,,US,VA
2928,400411946,INTERNATIONAL HEALTH RACQUET & SPORTSCLUB ASSOCIATION,Trade Association: Representing interests of health & fitness industry,,US,MA
2929,12312,DIRECT SELLING ASSOCIATION,,,US,DC
2930,30941,PAYNE SHEA & ASSOCIATES,lobbyist,,US,VA
2931,401106782,KOPPERS INC.,,,US,PA
2932,400877566,SMITS SPEIDELL CONSULTING,Federal government relations consulting,,US,VA
2933,400912661,GRANT PARK STRATEGIES,&#226;€‹Lobbying firm.,,US,WA
2934,401108350,MICHAEL R. PAWLOWSKI,,,US,AK
2935,28388,ZERO PROSTATE CANCER,"Prostate Cancer Non Profit, Health and Wellness",,US,VA
2936,401108904,UPL NA INC,,,US,NC
2937,400570717,"INTERCONTINENTAL EXCHANGE GROUP, INC. (FORMERLY INTERCONTINENTAL EXCHANGE)",Operator of regulated exchanges and clearing house for agricultural and energy markets,,US,GA
2938,27855,"NATIONAL FOREIGN TRADE COUNCIL, INC",,,US,DC
2939,401104168,KANSAS STATE UNIVERSITY,"higher education issues, bio/agro defense issues",,US,KS
2940,400762305,"ROBERTI GLOBAL (F/K/A ROBERTI WHITE, LLC)",Lobbying Firm,,US,DC
2941,400384779,"AUX INITIATIVES, LLC",Federal and state grassroots lobbying and government affairs consulting firm,,US,DC
2942,400320502,"STRATEGIC CONGRESSIONAL AND GOVERNMENTAL SOLUTIONS, LLC",Government relations firm.,,US,MO
2943,401105648,CARE.COM,Provide caregiving services,,US,TX
2944,81214,"PURDUE PHARMA, LP",,,US,CT
2945,401105905,"CHARGEPOINT, INC.",EV charging network,,US,CA
2946,7053,BRISTOL-MYERS SQUIBB COMPANY,Lobbying on biopharmaceutical issues.,,US,DC
2947,400761286,"TD BANK, NA",Bank,,US,DC
2948,309071,WALGREEN COMPANY,Retail Pharmacy,,US,DC
2949,69936,IAC INC. (FORMERLY IAC/INTERACTIVECORP),Internet business provider,,US,NY
2950,401107271,"ROBERTI ASSOCIATES CONSULTING, LLC",,,US,FL
2951,400951748,PEYSER ASSOCIATES LLC,Lobbying and consulting,,US,DC
2952,401106112,NANA REGIONAL CORPORATION,Alaska Native regional corporation involved in community development,,US,AK
2953,400310451,AMERICAN BATTLEFIELD TRUST,CWPT is a 501(c)(4) nonprofit organization that acquires historic land throughout U.S.,,US,DC
2954,68651,DRUG POLICY ALLIANCE,,,US,NY
2955,401107468,CONVERGENCE PUBLIC AFFAIRS LLC,,,US,DE
2956,302051,"MESSERLI & KRAMER, P.A.",law firm,,US,MN
2957,9738,"COBANK, ACB",,,US,CO
2958,401107499,HARNED STRATEGIES LLC,,,US,VA
2959,40030260,"NEXTERA ENERGY, INC.","Electricity Generation, Transmission and Distribution",,US,FL
2960,319916,BRIAN FOSTER,Business Consulting and Lobbying,,US,IA
2961,40214,"VOLKSWAGEN GROUP OF AMERICA, INC.",Automotive Manufacturer,,US,DC
2962,24624,WATKINSON MILLER PLLC,law firm,,US,DC
2963,400307436,VITAS HEALTHCARE CORPORATION,healthcare company,,US,FL
2964,21687,NATIONAL VENTURE CAPITAL ASSOCIATION,professional associatin for the venture capital industry,,US,DC
2965,401103493,WEST FRONT STRATEGIES LLC,Government relations consulting.,,US,DC
2966,401108310,LUMIN STRATEGIES,,,US,NC
2967,401103100,"JORDAN LAW FIRM, LLC",law firm,,US,NM
2968,401104482,"LONGVIEW GLOBAL, LLC",Business Consulting and Government Relations,,US,DC
2969,401108564,THE ROX GROUP LLC,,,US,VA
2970,40047366,H. LEE MOFFITT CANCER CENTER & RESEARCH INSTITUTE,Healthcare- research,,US,FL
2971,401105233,"IQOM STRATEGIC ADVISORS, LLC",Consulting Firm,,US,TX
2972,401104435,STATE FEDERAL STRATEGIES,Government Relations/Lobbying,,US,DC
2973,401107818,SALVO STRATEGIES,,,US,PA
2974,400367701,ST. LUKE'S HOSPITAL & HEALTH NETWORK,Hospital,,US,PA
2975,401109066,"THE BATSON FIRM, PLLC",,,US,TN
2976,400942717,"MEDLINE, FORMERLY REPORTED AS MEDLINE INDUSTRIES, LP",Medical product manufacturing and distribution,,US,IL
2977,401103609,"DEMAND PROGRESS ACTION, INC","Nonprofit advocacy group focusing on civil liberties, civil rights, and government reform",,US,MD
2978,292755,"ZIMMER BIOMET, INC.",Medical Device Company,,US,DC
2979,40020143,GEISINGER HEALTH,Health Care,,US,PA
2980,55,"ABB, INC.",,,US,NC
2981,401105267,EDMONDSON HOPKINS GROUP,public affairs,,US,VA
2982,40027233,LKQ CORPORATION,Provider of alternative and specialty parts to repair and accessorize automobiles.,,US,IL
2983,400531585,"ALLEGIANCE STRATEGIES, LLC",Public Affairs Consulting,,US,VA
2984,401104385,WASHINGTON ADVOCACY GROUP,Consulting and government relations,,US,AR
2985,401106253,"E-MERCHANTS TRADE COUNCIL, INC.",trade association representing MSME e-sellers and service providers in e-commerce,,US,VA
2986,400426044,"CERES, INC.",Sustainability-focused coalition,,US,MA
2987,2398,AMFAR THE FOUNDATION FOR AIDS RESEARCH,Foundation for AIDS research.,,US,DC
2988,400406918,VISION AMERICAS LLC,Consulting firm.,,US,DC
2989,54302,"AMERICAN FED OF GOVERNMENT EMPLOYEES, AFL-CIO",,,US,DC
2990,308593,RTK CONSULTING GROUP LLC,Consulting,,US,DC
2991,30495,"PACE, LLP",Lobbying Firm,,US,DC
2992,39245,UNITED SERVICES AUTOMOBILE ASSOCIATION,,,US,DC
2993,400633916,NORTHEASTERN UNIVERSITY,Higher education,,US,DC
2994,292094,POLICY NAVIGATION GROUP,Consulting firm,,US,VA
2995,401103321,TODD STRATEGY GROUP,&#226;€‹Government Affairs Consulting Firm.,,US,DC
2996,401107856,"TENAGRITY SOLUTIONS, LLC",,,US,VA
2997,40048368,ASSOCIATION OF AMERICAN UNIVERSITIES,Non-profit higher education association,,US,DC
2998,40038308,"ALEXANDER J. BECKLES, L.L.C.",Lobbying and consulting services,,US,MD
2999,12664,DUANE MORRIS LLP,law firm,,US,DC
3000,401104626,ARDENT STRATEGIES,Lobbying consulting firm,,US,VA
3001,400432093,CAPITOL LEGISLATIVE STRATEGIES LLC,"government affairs consulting, strategy, and representation",,US,DE
3002,401108286,BUCKNER GROUP LLC,,,US,NY
3003,401107824,"AUCTANE, INC.",,,US,TX
3004,39121,UNITED FOOD & COMMERCIAL WORKERS INTERNATIONAL UNION,Labor Union,,US,DC
3005,36220,"7-ELEVEN, INC",C-store,,US,TX
3006,401105886,D-WAVE GOVERNMENT INC.,Manufacturer of quantum computing systems and software.,,US,CA
3007,401106421,LEMMA STRATEGIES INC,,,US,NY
3008,897,"ATI, INC. (F/K/A ALLEGHENY TECHNOLOGIES INCORPORATED)",Global manufacturer of technically advanced specialty metals.,,US,VA
3009,401105646,ARM INC.,"Technology Company specializing in IP, connectivity and management services.",,US,DC
3010,401105377,"TARAS, LLC",Consulting firm,,US,MI
3011,401108802,ARRAY TECHNOLOGIES,,,US,NM
3012,401104293,W. R. BERKLEY CORPORATION,property and casualty insurance holding company,,US,CT
3013,8783,"CF INDUSTRIES, INC.",,,US,DC
3014,401107472,LEAGUE OF SOUTHEASTERN CREDIT UNIONS,,,US,FL
3015,42193,ZURICH AMERICAN INSURANCE COMPANY (FKA ZURICH),Property-Casualty Insurance,,US,DC
3016,401105904,"ROBINHOOD MARKETS, INC.",Financial services company.,,US,CA
3017,15942,GENERAL AVIATION MANUFACTURERS ASSOCIATION,,,US,DC
3018,401105743,MILVIAN BRIDGE GOVERNMENT AND PUBLIC AFFAIRS LLC,Government and Public Affairs Advocacy,,US,NC
3019,401108856,"HIGHLAND ELECTRIC FLEETS, INC.",,,US,MA
3020,83331,"BUNGE NORTH AMERICA, INC",Agribusiness and Food Production Company,,US,DC
3021,401107297,CONSTITUTION PARTNERS,,,US,MD
3022,401103359,HANKA ADVISOR LLC,lobbying firm,,US,MD
3023,401106264,"SYLVAMO NORTH AMERICA, LLC",Manufacturing,,US,DC
3024,9410,"INDIANA UNIVERSITY HEALTH, INC.",Health Care,,US,IN
3025,401109500,BARRY CALLEBAUT USA LLC,,,US,IL
3026,401106310,MOODY'S CORPORATION,Global risk assessment firm.,,US,DC
3027,53824,CAPITAL ONE FINANCIAL CORPORATION,,,US,VA
3028,401107894,LEATHERSTOCKING LLC,,,US,VA
3029,400392842,NATIONAL SUSTAINABLE AGRICULTURE COALITION,Non-profit coalition advocating for sustainable agricultural policies,,US,DC
3030,14303,FEDERAL AGRICULTURAL MORTGAGE CORPORATION,Agriculture and rural finance,,US,DC
3031,290137,SMITHS GROUP SERVICES CORPORATION,,,US,DC
3032,20015,INTERNATIONAL PAPER,,,US,TN
3033,306578,CENTENE CORPORATION,,,US,DC
3034,401103239,STRUCTURED FINANCE ASSOCIATION,Financial services trade assn. focused on structured finance & securitization issues.,,US,DC
3035,401103309,"NXP USA, INC.",Semiconductor design and manufacturing,,US,TX
3036,28333,NATIONAL PEST MANAGEMENT ASSOCIATION,Represent the professional pest management industry,,US,VA
3037,400845495,CIGAR RIGHTS OF AMERICA,501c4 NON PROFIT advocating for American voters who emjoy premium hand rolled cigars,,US,VA
3038,30234,OPERA AMERICA,Nonprofit arts service organization,,US,NY
3039,18103,THE HERSHEY COMPANY,,,US,DC
3040,10888,CORNING INCORPORATED,,,US,DC
3041,401109463,ACRI ENVIRONMENTAL GROUP LLC,,,US,PA
3042,401106412,VETERANS GUARDIAN VA CLAIM CONSULTING LLC,consulting company,,US,NC
3043,401108828,ROCKET LP FKA RKT HOLDINGS,,,US,MI
3044,4493,ASSOCIATION OF AMERICAN MEDICAL COLLEGES,"Healthcare, Medicare and Medicaid",,US,DC
3045,401107178,HALEON US HOLDINGS LLC,,,US,NJ
3046,293712,SOCIETY FOR NEUROSCIENCE,,,US,DC
3047,401106773,IMEC INC.,,,US,CA
3048,401108065,"TEAMHEALTH HOLDINGS, INC.",,,US,TN
3049,45106,"SHOOK, HARDY & BACON, LLP",Law Firm,,US,DC
3050,11377,CROWELL & MORING LLP,Law firm,,US,DC
3051,401108759,"BG ADVOCACY, LLC",,,US,CA
3052,400446140,AMERICA'S PHYSICIAN GROUPS,Association representing physician organizations practicing coordinated care,,US,DC
3053,401104493,"BETTER MEDICARE ALLIANCE, INC.",Nonprofit supporting Medicare Advantage.,,US,DC
3054,71553,UNITED STATES STEEL CORPORATION,manufacturing,,US,DC
3055,401105943,"PELOTON INTERACTIVE, INC.",Peloton is an interactive fitness platform that brings studio-style workouts to your home.,,US,NY
3056,400676018,VSP,Vision insurance plan providing vision care benefits to over 55 million members nationwide,,US,CA
3057,20436,"JAPAN AUTO. MFRS. ASS'N, INC.",,,US,DC
3058,61037,"CIENA CORPORATION (FORMERLY CIENA CORPORATION, BROADBAND GROUP)",,,US,MD
3059,401103380,"QVC GROUP, INC.",Consumer product sales via television shopping programs and the internet,,US,PA
3060,401106760,DIGITAL CURRENCY GROUP,,,US,CT
3061,401105164,ALASKA WILDERNESS LEAGUE ACTION,501(c)4 nonprofit organization,,US,DC
3062,401105645,HEARING INDUSTRIES ASSOCIATION,"&#226;€‹Association representing hearing health care for product safety, education, public policy",,US,DC
3063,26227,"MURRAY, MONTGOMERY & O'DONNELL",government relations,,US,DC
3064,401107835,"RK STRATEGIES, INC.",,,US,VA
3065,28867,NATURAL RESOURCES DEFENSE COUNCIL,,,US,NY
3066,401106803,"ROKU, INC.",,,US,CA
3067,291058,VANGUARD GROUP,,,US,PA
3068,20857,"EDWARD D. JONES & CO., L.P.",Financial and investment services,,US,MO
3069,401104820,REGIONAL AIRLINE ASSOCIATION,trade association for regional airlines,,US,DC
3070,39201,"UNITED NEGRO COLLEGE FUND, INC.",Minority higher education assistance organization and fund-raiser.,,US,DC
3071,317754,"SORINI, SAMET & ASSOCIATES, LLC",Consulting and Government Affairs,,US,DC
3072,401104711,"APEX CLEAN ENERGY, INC",Clean energy development,,US,VA
3073,401108344,GROVE CLIMATE GROUP,,,US,NC
3074,401108287,CLAREO,,,US,FL
3075,400320501,BON SECOURS MERCY HEALTH (FORMERLY MERCY HEALTH),Health care delivery services,,US,OH
3076,21437,KENT STATE UNIVERSITY,,,US,OH
3077,401108246,"COREBRIDGE FINANCIAL, INC. AND AFFILIATES",,,US,TX
3078,401104207,FWD.US,Public policy and grassroots education.,,US,DC
3079,12516,DORSEY & WHITNEY LLP,Law firm,,US,MN
3080,401104205,"CLEARPATH ACTION FOR CONSERVATIVE CLEAN ENERGY, INC.",&#226;€‹Education and lobbying on conservative clean energy,,US,DC
3081,401106360,AMERICAN FIREARMS ASSOCIATION,social welfare organization,,US,OH
3082,39928,THE VECTRE CORPORATION,Government Relations Consulting Firm,,US,VA
3083,400358630,IRRIGATION ASSOCIATION,Trade Association,,US,VA
3084,401042932,CMS CONSULTING SERVICES INC.,Consultant,,US,OH
3085,70778,AMERICAN WATER,water and wastewater services,,US,NJ
3086,401107002,"HEALTHEQUITY, INC.",,,US,DC
3087,44971,"DAWSON & ASSOCIATES, INC.",Government relations,,US,DC
3088,401105421,"BOLLINGER SHIPYARDS, LLC","Construction, repair and conversion products and services to the marine industry.",,US,LA
3089,18694,HSBC TECHNOLOGY AND SERVICES USA INC.,,,US,DC
3090,74955,OPEN SOCIETY ACTION FUND,,,US,DC
3091,401103766,"COOLEY, LLP",law firm,,US,DC
3092,288670,"AMERICAN CANCER SOCIETY CANCER ACTION NETWORK, INC.",,,US,DC
3093,40032280,"METLIFE GROUP, INC.","Life Insurance, Financial Services",,US,DC
3094,38051,THOMPSON HINE LLP,Law Firm,,US,DC
3095,28173,NATIONAL MARINE MANUFACTURERS ASSOCIATION,trade association,,US,DC
3096,69470,CENTER FOR CLIMATE AND ENERGY SOLUTIONS,"Non-profit, non-partisan, independent organization providing info on global climate change",,US,VA
3097,400358632,THE UNITED STATES PHARMACOPEIAL CONVENTION,Public health organization,,US,MD
3098,401108799,CINTAS,,,US,OH
3099,6303,"HUSCH BLACKWELL, LLP",Law firm,,US,DC
3100,30041,REWORLD WASTE LLC,Energy from Waste,,US,NJ
3101,284892,KNOWLEDGE ALLIANCE,,,US,DC
3102,400321512,EISAI INC.,"Pharmaceutical development, manufacturing and distribution -- Health Care",,US,NJ
3103,37403,EVERSHEDS SUTHERLAND (US) LLP,law firm,,US,DC
3104,401103229,BHP GROUP LIMITED,Diversified resources company.,,AU,
3105,2695,"AMERICAN INTERNATIONAL GROUP, INC.","""Insurance""",,US,DC
3106,401104747,WILLIS NORTH AMERICA INC.,"Global advisory, broking, and solutions company.",,US,NY
3107,400844492,DELTA DENTAL PLANS ASSOCIATION,Association of dental health plans,,US,DC
3108,2877,AMERICAN MEDICAL ASSOCIATION,,,US,DC
3109,401103139,"WESTERN HEMISPHERE STRATEGIES, LLC",Consulting Firm,,US,FL
3110,43343,CASCADE ASSOCIATES,Consulting/lobbying firm.,,US,DC
3111,17215,"H&R BLOCK MANAGEMENT, LLC, A SUBSIDIARY OF H&R BLOCK, INC.",Tax Preparation,,US,DC
3112,18375,"GEORGE J. HOCHBRUECKNER & ASSOCIATES, INC.",Lobbying Firm,,US,NY
3113,401103632,"SANTANDER HOLDINGS USA, INC.",Banking,,US,MA
3114,33204,RAI SERVICES COMPANY,,,US,DC
3115,401106137,CAMPION ADVOCACY FUND,Accelerate protection of public lands and the end of homelessness through direct advocacy,,US,WA
3361,401108723,SAXA INNOVATION LLC,,,US,VA
3116,401105456,ZF ACTIVE SAFETY US INC.,"Supplying systems for passenger cars, commercial vehicles and industrial technology.",,US,MI
3117,401105944,STACEY BARRACK D/B/A STACEY BARRACK,Consulting,,US,DC
3118,304133,BOMBARDIER AEROSPACE (HOLDINGS) USA INC.,,,US,DC
3119,29298,NEWS MEDIA ALLIANCE,Represents the legislative interests of newspaper publisher,,US,VA
3120,400652963,"SAMSUNG ELECTRONICS AMERICA, INC.",Electronics and household appliances,,US,DC
3121,5483,BARRICK GOLD OF NORTH AMERICA,,,US,DC
3122,400625900,"CAPITOL STRATEGIES, LLC",Public Affairs Consulting,,US,AZ
3123,26912,NATIONAL ASSOCIATION OF MANUFACTURERS,,,US,DC
3124,401104728,CNX RESOURCES CORPORATION,CNX Resources is an independent oil and gas exploration and production company.,,US,PA
3125,400614865,"PUBLIX SUPER MARKETS, INC.",Super Market,,US,FL
3126,27877,NATIONAL FUEL GAS COMPANY,,,US,NY
3127,40031264,WASHINGTON UNIVERSITY IN ST. LOUIS,"Higher education, research, patient care",,US,MO
3128,10935,THE PERSONAL CARE PRODUCTS COUNCIL,,,US,DC
3129,401103645,SLM CORPORATION,Financial Services,,US,DC
3130,401105577,VIRGINIA POLYTECHNIC INSTITUTE AND STATE UNIVERSITY (VIRGINIA TECH),Public University,,US,VA
3131,19651,INTERSTATE NATURAL GAS ASSOCIATION OF AMERICA,,,US,DC
3132,62973,"PENSKE TRUCK LEASING COMPANY, L.P.",,,US,PA
3133,401107741,POPLICUS INCORPORATED D/B/A GOVINI,,,US,VA
3134,400712136,FINANCIAL SERVICES INSTITUTE,Advocacy organization of independent broker-dealers and financial advisors,,US,DC
3135,400445137,LESIC AND CAMPER COMMUNICATIONS,Public affairs based public relations firm,,US,OH
3136,31281,ENERGY MARKETERS OF AMERICA,Trade association formerly known as the Petroleum Marketers Association of America,,US,VA
3137,13370,ARKEMA INC. AND ITS AFFILIATES (FKA ARKEMA INC.),,,US,PA
3138,401105954,LANZAJET INC.,Sustainable Aviation Fuel Producer,,US,IL
3139,401104248,SEQIRUS,Manufacturing Influenza vaccines,,US,NJ
3140,400333556,CONGRESSIONAL FIRE SERVICES INSTITUTE,Educate members of Congress and the Administration on fire and emergency services issues,,US,VA
3141,401105268,SONY PICTURES ENTERTAINMENT INC.,"Global motion picture, television, and digital production, acquisition, and distribution.",,US,CA
3142,401109412,SKENANDORE WILSON LLP,,,US,WI
3143,401109498,DRIVE ACTION FUND,,,US,ME
3144,67774,TEACH FOR AMERICA,,,US,NY
3145,401109278,AVERY DENNISON CORPORATION,,,US,OH
3146,38585,THE TRUSTEES OF COLUMBIA UNIVERSITY IN THE CITY OF NEW YORK,Higher Education,,US,NY
3147,316731,"DAIICHI SANKYO, INC.",,,US,NJ
3148,30223,"THE NATIONAL MENTORING PARTNERSHIP, INC.",,,US,MA
3149,401104247,MEGUIRE WHITNEY,lobbying firm,,US,DC
3150,401108016,COLTON STREET GROUP,,,US,DC
3151,72097,"SAFRAN USA, INC. (FORMERLY SNECMA USA, INC.)",,,US,VA
3152,400868543,BARCLAYS US GPF INC.,Financial Services,,US,NY
3153,401104987,ANIMAL WELLNESS ACTION,non-profit advocacy organization for animal welfare and protection,,US,DC
3154,401106068,V2X,Global service solution provider to the US government,,US,VA
3155,400381751,THE EDUCATION TRUST,Non-profit organization working to support K-12 and higher education achievement reform,,US,DC
3156,10764,PRICEWATERHOUSECOOPERS,Professional services firm,,US,DC
3157,39041,UNITED ASSN OF JOURNEYMEN & APPRENTICES OF THE PLUMBING & PIPEFITTING INDUSTRY,LABOR UNION,,US,MD
3158,18114,DENNIS M. HERTEL & ASSOCIATES,Law firm / lobbying,,US,VA
3159,66077,FEDERATION OF AMERICAN SOCIETIES FOR EXPERIMENTAL BIOLOGY,Scientific Organization,,US,MD
3160,88597,"FRAMATOME, INC. (FORMELY KNOWN AS AREVA, INC.)",supplier to the nuclear energy industry,,US,DC
3161,30030,OFFICE OF THE COMMISSIONER OF BASEBALL,professional sports organization,,US,DC
3162,3195,AMERICAN PUBLIC TRANSPORTATION ASSOCIATION,Trade Association,,US,DC
3163,401108275,INTERLINK CAPITAL STRATEGIES,,,US,VA
3164,1422,"AMERICAN AIRLINES, INC.",,,US,DC
3165,401106335,6K INC.,Additive Manufacturing,,US,MA
3166,401103533,IVY GREEN CONSULTING,Business Development and Government Relations Consulting,,US,VA
3167,3242,AMERICAN RESORT DEVELOPMENT ASSN,Trade association representing vacation ownership and resort development industries,,US,DC
3168,401105585,FOREST HILL CONSULTING,"Health policy, market, and advocacy consulting services",,US,MD
3169,401104350,"EQUINIX, INC.",Colocation (data center) and interconnection company.,,US,CA
3170,55757,TIAA,Financial Services,,US,DC
3171,401107191,NAVITUS HEALTH SOLUTIONS,,,US,WI
3172,19387,INFORMATION TECHNOLOGY INDUSTRY COUNCIL,,,US,DC
3173,38712,U.S. BEET SUGAR ASSOCIATION,trade association,,US,DC
3174,310335,"RIO TINTO SERVICES, INC.",Natural resources,,US,DC
3175,401108280,"WILLIAM A. COHAN, P.C.",,,US,CA
3176,401105788,XYLEM INC.,"design, manufacture and service of highly engineered water technology products/solutions",,US,DC
3177,1774,AMERICAN BAKERS ASSOCIATION,trade association,,US,DC
3178,22382,LEAGUE OF WOMEN VOTERS OF THE U.S.,,,US,DC
3179,2673,AMERICAN INTELLECTUAL PROPERTY LAW ASSOCIATION (AIPLA),national voluntary bar association focused on intellectual property,,US,VA
3180,311371,"FEDERAL SOLUTIONS, LLC","Higher Education, Science, and Engineering Activities",,US,MS
3181,24908,"MERCK & CO, INC.",,,US,NJ
3182,400411942,"ELBIT SYSTEMS OF AMERICA, LLC","Commercial aviation, defense, homeland security and medical instrumentation products.",,US,TX
3183,82237,"DPWN HOLDINGS (USA) INC. (FORMERLY KNOWN AS DEUTSCHE POST WORLD NET USA, INC.)",Transportation and supply chain logistics.,,US,DC
3184,401105208,CAMBIA HEALTH SOLUTIONS,Innovative health care solutions,,US,DC
3185,401108233,NATIONAL GUILD FOR COMMUNITY ARTS EDUCATION,,,US,NY
3186,297990,PEABODY INVESTMENTS CORP.,,,US,MO
3187,401105746,TENCENT HOLDINGS LIMITED,Multinational internet and social media company,,KY,
3188,401103141,SCIENCE APPLICATIONS INTERNATIONAL CORPORATION,Systems Integration,,US,VA
3189,401107381,"VILLAGE PRACTICE MANAGEMENT COMPANY HOLDINGS, LLC",,,US,NJ
3190,401103976,INDIVIOR INC,pharmaceutical addiction treatment,,US,VA
3191,401108747,SECOND CURVE STRATEGIES LLC,,,US,DC
3192,401104449,BASSGLP LLC,Consulting firm.,,US,NH
3193,1364,AMERICAN ACADEMY OF OPHTHALMOLOGY,,,US,DC
3194,26604,NATIONAL ASSOCIATION FOR THE SELF-EMPLOYED (NASE),small business trade association,,US,TX
3195,22052,AMRIZE NORTH AMERICA INC.,Manufacturer of building materials,,US,IL
3196,15997,GENERAL ELECTRIC COMPANY (INCLUDING SUBSIDIARIES),,,US,DC
3197,401107153,"MAINSPRING ENERGY, INC.",,,US,CA
3198,400426042,LUNDBECK LLC,Specialty and Central Nervous System Bio-pharmaceutical manufacturing,,US,DC
3199,401107166,"TOM ALBERT CONSULTING, LLC",,,US,MD
3200,401019879,"CONTINENTAL TIRE THE AMERICAS, LLC FKA CONTINENTAL AUTOMOTIVE SYSTEMS, INC.",Automobile Supplier,,US,SC
3201,20994,BREAKTHROUGH T1D (FORMERLY KNOWN AS JDRF INTL.),Charitable funder of diabetes research,,US,DC
3202,401107807,PHILANTHROPY ROUNDTABLE,,,US,DC
3203,401106212,"BRISTOW GROUP, INC.",Vertical flight and integrated aviation solutions and services,,US,TX
3204,15931,GENERAL ATOMICS,"Defense, Energy & Transportation Company",,US,DC
3205,32932,REED SMITH LLP,Law Firm,,US,DC
3206,400695072,"FROGUECLARK, LLC",Consulting Firm,,US,DC
3207,26477,NATIONAL AIR TRAFFIC CONTROLLERS ASSOCIATION,Air Traffic controller Issues,,US,DC
3208,5734,"BECHTEL NATIONAL, INC",Engineering construction firm,,US,DC
3209,401106416,THE PETERSON GROUP INC,,,US,TN
3210,401106002,"ESHARES, INC. D/B/A CARTA, INC.","Carta helps manage cap tables, valuations, investments, and equity plans.",,US,CA
3211,401103482,WINDWARD STRATEGIES,Lobbying,,US,MD
3212,401106611,"WOOLPERT, INC.",,,US,OH
3213,5723,"BECHTEL GROUP, INC.",Engineering construction firm,,US,DC
3214,401107817,ACCSES NEW JERSEY,,,US,NJ
3215,401107725,INARI,,,US,MA
3216,50295,JOHN GRZEBIEN,Public Affairs,,US,FL
3217,401103914,"ITG BRANDS, LLC (FORMERLY FONTEM US, INC.)",vaping technology,,US,NC
3218,401104968,FACT COALITION (A PROJECT OF THE FUND FOR CONSTITUTIONAL GOVERNMENT),Countering secret and corrupt financial practices,,US,DC
3219,401104199,STRATEGOS PUBLIC AFFAIRS,&#226;€‹Public affairs and business consultancy.,,US,FL
3220,400461291,"VESTAS-AMERICAN WIND TECHNOLOGY, INC.",Wind Turbine Manufacturer,,US,OR
3221,298171,JBS USA FOOD COMPANY HOLDINGS (PREVIOUSLY REGISTERED AS JBS USA FOOD COMPANY),,,US,CO
3222,401108677,DIFFICULT RUN STRATEGIES LLC,,,US,VA
3223,400980803,RISING TIDE ASSOCIATES,Public Affairs,,US,MA
3224,32555,QUEST DIAGNOSTICS INCORPORATED,Provide medical clinical laboratory testing.,,US,NJ
3225,401103812,HEWLETT PACKARD ENTERPRISE COMPANY,Technology solutions,,US,DC
3226,308935,CSL BEHRING LLC,,,US,PA
3227,35068,SHEET METAL & AIR CONDITIONING CONTRACTORS NAT'L ASSN,,,US,DC
3228,401105696,UNIVERSITY OF MISSISSIPPI MEDICAL CENTER,public academic medical center,,US,MS
3229,401106886,"ROBOTIC RESEARCH OPCO, LLC (DBA FORTERRA)",,,US,MD
3230,400825446,"HEIDELBERG MATERIALS, US, INC. (FORMERLY LEHIGH HANSON, INC.)",Manufacturer and supplier of heavy building materials to the construction industry.,,US,TX
3231,23997,MASTERCARD WORLDWIDE,,,US,DC
3232,401108077,LENOVO (UNITED STATES) INC.,,,US,NC
3233,401108843,NATIONAL ASSOCIATION OF FOREIGN-TRADE ZONES,,,US,DC
3234,401105733,GLOBALFOUNDRIES U.S. INC.,"Full-service semiconductor development, fabrication and innovation company",,US,NY
3235,401105882,GOBRANDS INC. D/B/A GOPUFF,e-commerce company,,US,PA
3236,401106515,"DIRECTV, LLC",,,US,CA
3237,35844,SNAC INTERNATIONAL,Association,,US,VA
3238,401105785,NISKANEN CENTER FOR PUBLIC POLICY,Nonprofit which advocates for moderation in politics and public policy.,,US,DC
3239,400399882,NATIONAL ASSOCIATION OF PROFESSIONAL EMPLOYER ORGANIZATIONS,Trade Association for Professional Employer Organizations,,US,VA
3240,60151,"SAP AMERICA, INC.",Manufacturer of enterprise software,,US,DC
3241,84456,"SHL AND ASSOCIATES, INC.",Lobbying Firm,,US,DC
3242,401104407,SMIRNOW LAW,law firm,,US,DC
3243,401105235,INVENERGY LLC,independent power producer,,US,IL
3244,401103885,LARGE PUBLIC POWER COUNCIL,Trade association for municipal electric utilties,,US,DC
3245,306192,"DP WORLD AMERICAS RO, INC.",,,US,NC
3246,401106105,EVERYLIFE FOUNDATION FOR RARE DISEASES,"Nonprofit, nonpartisan organization dedicated to empowering rare disease patient community",,US,DC
3247,40021155,"GALILEO CONSULTING GROUP, INC.",Life sciences and health care consulting.,,US,VA
3248,401105515,"THE FOUNDATION FOR A CHRISTIAN CIVILIZATION, INC.",Nonprofit organization of lay Catholic Americans,,US,PA
3249,400296395,J STREET,"Pro-Israel, Pro-Peace Lobby (Foreign Policy)",,US,DC
3250,400297400,KELLEN COMPANY,Association Management Services Company,,US,DC
3251,401108944,LILETTE ADVISORS,,,US,VA
3252,40021,"VIZIENT, INC.",,,US,DC
3253,401103456,TRINET GROUP INC.,Professional Employer Organization (PEO),,US,CA
3254,401106045,"SIDECAR HEALTH, INC",Health insurance.,,US,CA
3255,23235,THE LUBRIZOL CORPORATION,Specialty chemical provider.,,US,OH
3256,401106654,RESOLUTE-DC,,,US,IL
3257,401103402,PARSONS CORPORATION,Infrastructure and National Security,,US,DC
3258,45391,OCHSNER CLINIC FOUNDATION,,,US,LA
3259,400525552,WOUNDED WARRIOR PROJECT,Support OIF/OEF wounded warrior needs - ensure the success of this generation of veterans,,US,DC
3260,20072,INTERNATIONAL UNION OF BRICKLAYERS & ALLIED CRAFTWORKERS,Labor Organization,,US,DC
3261,400578739,INTERNATIONAL ASSOCIATION OF PLUMBING AND MECHANICAL OFFICIALS,Standards setting and management,,US,CA
3262,29345,SOURCEAMERICA,Create employment opportunities for people with significant disabilities.,,US,VA
3263,7508,BUSINESS COUNCIL FOR SUSTAINABLE ENERGY,,,US,DC
3264,315650,ABIR,,,US,DC
3265,401105928,THE MCDONNELL GROUP LLC,Business development.  Business consulting.,,US,VA
3266,401106426,MS. CORINNA GILFILLAN,"consultancy focused on research, analysis and advocacy",,US,MD
3267,401109268,ALLIANCE FOR EXPANDING AMERICA'S WORKFORCE,,,US,DC
3268,400943721,"BROWN PRUITT WAMBSGANSS DEAN FORMAN & MOORE, PC",Law firm,,US,TX
3269,9226,"CIGAR ASSOCIATION OF AMERICA, INC.",,,US,DC
3270,40134,VIOLENCE POLICY CENTER,,,US,DC
3271,401108151,SANDOZ INC,,,US,NJ
3272,1901,AMERICAN CIVIL LIBERTIES UNION,,,US,DC
3273,40026227,NATIONAL SCIENCE TEACHERS ASSOCIATION,education,,US,VA
3274,311850,"TURNER POLLARD STRATEGIES, LLC",Government Relations Consulting,,US,VA
3275,7304,BRYAN CAVE LEIGHTON PAISNER LLP,Law firm,,US,DC
3276,31576,"PIPE TOBACCO COUNCIL, INC.",,,US,DC
3277,400552654,BALLARD SPAHR LLP,law firm,,US,DC
3278,401108951,"MCCORMICK & COMPANY, INCORPORATED",,,US,MD
3279,400588796,ENVIRONMENTAL LAW AND POLICY CENTER,Non profit public interest environmental advocacy and eco-business organization,,US,IL
3280,400704110,MIDFIELD CONSULTING LLC,Consulting,,US,DC
3281,401104218,THE NIMITZ GROUP LLC,Lobbying,,US,DC
3282,401107731,"AVIS BUDGET GROUP, INC.",,,US,NJ
3283,14633,FISERV (FKA FIRST DATA CORPORATION),,,US,DC
3284,401095056,ST SHARED SERVICES LLC DBA KEENOVA THERAPEUTICS (FKA ST SHARED SERVICES LLC DBA MNK PHARMACEUTICALS),"Pharmaceutical development, manufacturing and distribution.",,US,DC
3285,48394,"BROOKS, PIERCE, MCLENDON, HUMPHREY & LEONARD, L.L.P.",Law Firm,,US,NC
3286,10605,CONSORTIUM OF SOCIAL SCIENCE ASSOCIATIONS (COSSA),,,US,VA
3287,401104355,ORANO USA LLC (FORMERLY KNOWN AS AREVA NUCLEAR MATERIALS LLC),nuclear energy,,US,MD
3288,400308439,NATIONAL ASSOCIATION OF COLLEGE STORES,Trade Association,,US,OH
3289,401108731,ANYWHERE REAL ESTATE INC.,,,US,NJ
3290,401107154,BRUMIDI GROUP,,,US,DC
3291,401107283,CODY HOLT,,,US,DC
3292,46951,TEXAS MEDICAL ASSOCIATION,,,US,TX
3293,401105273,HUNTSMAN INTERNATIONAL LLC,Manufacturer and marketer of specialty chemical products,,US,TX
3294,401105695,AMERICAN EXPLORATION & PRODUCTION COUNCIL,Energy trade association,,US,DC
3295,323136,G2G CONSULTING,Government affairs consulting firm,,US,OH
3296,308992,CARDINAL POINT PARTNERS,Government Relations,,US,DC
3297,400794388,"SCONSET STRATEGIES, LLC",Federal Government Relations,,US,DC
3298,6358,BLUE CROSS AND BLUE SHIELD ASSOCIATION,,,US,DC
3299,17454,JOHN HANCOCK LIFE INSURANCE COMPANY (U.S.A),,,US,MA
3300,400595819,"UNITED UNION OF ROOFERS, WATERPROOFERS AND ALLIED WORKERS",Labor Union,,US,DC
3301,11470,"CUMMINS, INC.",,,US,DC
3302,401106044,MAPLEBEAR INC. D/B/A INSTACART,Delivery technology platform,,US,CA
3303,28105,NATIONAL KIDNEY FOUNDATION,,,US,DC
3304,401106633,NATIONAL FALLEN FIREFIGHTERS FOUNDATION,,,US,MD
3305,22030,LABORERS' INTERNATIONAL UNION OF NORTH AMERICA,,,US,DC
3306,65737,"ASSURANT, INC.",,,US,GA
3307,401105277,APPALACHIAN TRAIL CONSERVANCY,"Conservation non-profit, manager of the Appalachian Trail, and outdoor recreation org.",,US,WV
3308,81613,"VOLVO GROUP NORTH AMERICA, LLC",,,US,DC
3309,39655,USA RICE FEDERATION,,,US,VA
3310,401106230,BPCE SA,"Banking, Insurance, Asset Management.",,FR,
3311,401107809,"SYNOPSYS, INC.",,,US,DC
3312,401106888,INTERNATIONAL LIQUID TERMINALS ASSOCIATION,,,US,DC
3313,401104719,"TOTALENERGIES WASHINGTON OFFICE, F/K/A TOTAL WASHINGTON, DC REPRESENTATIVE OFFIC",Public affairs in energy sector,,US,DC
3314,401108796,"WIZ, INC.",,,US,NY
3315,401103244,HEINEKEN USA,Brewer and importer of a portfolio of upscale beer brands.,,US,DC
3316,2720,AMERICAN JEWISH COMMITTEE,,,US,NY
3317,401109076,"NUMBERSUSA ACTION, INC.",,,US,VA
3318,401108897,BIOMERIEUX,,,US,UT
3319,400381754,JETBLUE AIRWAYS CORPORATION,Commercial Air Carrier,,US,DC
3320,401105964,NATIXIS NORTH AMERICA LLC,Banking,,US,NY
3321,26570,NATIONAL ALLIANCE FOR CARE AT HOME (FORMERLY NATIONAL ASSOCIATION FOR HOME CARE & HOSPICE),"Trade association representing home health, home care and hospice organizations",,US,DC
3322,30804,"WSP USA (FKA AS PARSONS BRINCKERHOFF, INC.)",,,US,DC
3323,400599829,"NATIONAL ASSOCIATION OF ELECTRICAL DISTRIBUTORS, INC.",Trade association of the electrical wholesaling industry,,US,MO
3324,401106062,"LSN PARTNERS, LLC",Consulting Firm,,US,DC
3325,43445,CARNEGIE MELLON UNIVERSITY,,,US,PA
3326,39382,UNIVERSITY OF CONNECTICUT,,,US,CT
3327,401107875,"ALNYLAM PHARMACEUTICALS, INC.",,,US,MA
3328,401105320,"LIVANOVA USA, INC.",Medical device manufacturer.,,US,TX
3329,401106378,CHRONIC CARE POLICY ALLIANCE,Advocates in chronic care,,US,CA
3330,401105869,ZERO EMISSION TRANSPORTATION ASSOCIATION,Nonpartisan group promoting electric vehicles,,US,DC
3331,401106012,SHIELD AI,Autonomy Firm,,US,VA
3332,295510,GREYSTONE GROUP LLC,Government Relations Consultant,,US,MT
3333,46701,CENTRUS ENERGY CORP.,,,US,MD
3334,306751,TEXAS CATTLE FEEDERS ASSOCIATION,,,US,TX
3335,83854,STATE STREET BANK AND TRUST COMPANY AND ITS AFFILIATES,,,US,MA
3336,35605,SLOVER & LOFTUS,,,US,DC
3337,15111,FOOTWEAR DISTRIBUTORS & RETAILERS OF AMERICA,,,US,DC
3338,55438,"THOMAS WALTERS & ASSOCIATES, INC.",Transportation,,US,VA
3339,401106499,GREEN T ADVISORS,,,US,VA
3340,19811,INTERNATIONAL BROTHERHOOD OF BOILERMAKERS,,,US,DC
3341,283914,FIFTH THIRD BANCORP,,,US,DC
3342,400903638,BARRY SZCZESNY,Federal relations consulting,,US,VA
3343,40022170,121 STRATEGIES & GOVERNMENT RELATIONS,Consulting,,US,DC
3344,28413,"NPR, INC.","journalism, media, news, public affairs and cultural programming",,US,DC
3345,26810,NATIONAL ASSOCIATION OF HOME BUILDERS,,,US,DC
3346,7840,CAMECO CORPORATION,Uranium mining firm,,CA,SK
3347,401105137,"U.S. MERCHANT MARINE ACADEMY ALUMNI ASSOCIATION & FOUNDATION, INC.",&#226;€‹Association of Academy graduates advocating and supporting the Academy and its midshipmen,,US,NY
3348,3914,AMVETS/AMERICAN VETERANS,Veterans Service Organization,,US,MD
3349,1887,AMERICAN CHEMICAL SOCIETY (ACS),Professional scientific society representing chemists and chemical engineers.,,US,DC
3350,20334,JACKSON NATIONAL LIFE INSURANCE COMPANY,,,US,MI
3351,305772,BAYLOR UNIVERSITY,,,US,TX
3352,298034,FINSECA,Lobbying,,US,DC
3353,401103719,MR. RONALD COLEMAN,Law Firm,,US,MS
3354,288635,ADOBE INC,,,US,DC
3355,401106329,KLARNA INC.,Fintech,,US,OH
3356,29414,NORFOLK SOUTHERN CORPORATION,,,US,DC
3357,29334,"NIKE, INC",,,US,DC
3358,1433,AMERICAN APPAREL & FOOTWEAR ASSOCIATION,Trade Association,,US,DC
3359,401107774,O'NEIL BRADLEY CONSULTING LLC,,,US,VA
3360,401103386,PROFESSIONAL COMPOUNDING CENTERS OF AMERICA,Membership organization providing resources to independent compounding pharmacies,,US,TX
3362,401105557,"THE RECYCLING PARTNERSHIP, INC.",Implementation of policies that support and improve the U.S. recycling system.,,US,DC
3363,28801,NATIONAL WOMEN'S LAW CENTER,,,US,DC
3364,1637,AMERICAN ASSOCIATION OF MUSEUMS,"Enhance the value of museums through leadership, advocacy and service.",,US,VA
3365,401105490,CROHN'S & COLITIS FOUNDATION,,,US,NY
3366,401106035,THE COMPLETE AGENCY,strategic consulting firm,,US,DC
3367,22826,LIBERTY MUTUAL GROUP,Insurance,,US,DC
3368,9204,NOVARTIS,Federal Government Relations/Legislative Affairs,,US,DC
3369,38756,CHAMBER OF COMMERCE OF THE U.S.A.,,,US,DC
3370,401107491,"ELUSYS THERAPEUTICS INC FKA NIGHTHAWK BIOSCIENCES, INC.",,,US,FL
3371,2480,AMERICAN GEOPHYSICAL UNION,,,US,DC
3372,308695,PRINCETON UNIVERSITY,,,US,DC
3373,400908652,NATIONAL CHILDREN'S ALLIANCE,Child Welfare legislative advocacy,,US,DC
3374,29620,WELLS FARGO & COMPANY,,,US,MN
3375,29174,NEW YORK LIFE INSURANCE COMPANY,,,US,DC
3376,27057,AMERICA'S ESSENTIAL HOSPITALS,,,US,DC
3377,400745231,INTERNATIONAL BOTTLED WATER ASSOCIATION (IBWA),Trade association for U.S. bottled water industry,,US,VA
3378,81351,"OBADAL, FILLER, MACLEOD & KLEIN, P.L.C.",Firm providing regulatory and legislative counsel to businesses and trade associations.,,US,VA
3379,401108456,ASSOCIATION FOR FRONTOTEMPORAL DEGENERATION,,,US,PA
3380,40005031,NUCOR CORPORATION,Steel manufacturer,,US,DC
3381,401105376,GUARDANT HEALTH,Precision oncology company,,US,CA
3382,401106659,PLANET LABS PBC,,,US,CA
3383,12130,DTE ENERGY,Energy Utility,,US,MI
3384,32464,PUBLIC SERVICE ENTERPRISE GROUP,,,US,DC
3385,400566695,"NATIONAL STRATEGIES, LLC",Government Affairs Consulting,,US,DC
3386,401108528,MRO CORPORATION,,,US,PA
3387,3628,AMERICAN TRUCKING ASSOCIATIONS,,,US,DC
3388,401107150,"UNITED NATURAL FOODS, INC. FKA UNFI, INC.",,,US,RI
3389,315034,REGIONS FINANCIAL CORP,Financial Services,,US,AL
3390,400670004,"INTUITIVE SURGICAL, INC.",medical devices - minimally invasive robotic surgical systems,,US,CA
3391,46483,U.S. TIRE MANUFACTURERS ASSOCIATION,manufacturing trade association,,US,DC
3392,3583,AMERICAN SYMPHONY ORCHESTRA LEAGUE - DBA LEAGUE OF AMERICAN ORCHESTRAS,,,US,NY
3393,303451,"RAPE, ABUSE & INCEST NATIONAL NETWORK",,,US,DC
3394,401105303,MASIMO CORPORATION,Medical technology and device manufacturer,,US,CA
3395,17831,ADVANCED MEDICAL TECHNOLOGY ASSN,,,US,DC
3396,401107984,PHINIA INC.,,,US,MI
3397,401104821,INTERNATIONAL SOCIETY FOR STEM CELL RESEARCH,Scientific society,,US,IL
3398,13324,ELECTRIC DRIVE TRANSPORTATION ASSOCIATION,,,US,DC
3399,40013105,OHIO FARM BUREAU FEDERATION,Agricultural association,,US,OH
3400,39531,THE UNIVERSITY OF TEXAS SYSTEM,higher education,,US,TX
3401,400708124,FEDERAL RESOURCES GROUP,Lobbying and government consulting,,US,DC
3402,12813,CORTEVA AGRISCIENCE LLC (FKA E.I. DU PONT DE NEMOURS AND COMPANY),agriculture,,US,DC
3403,2230,AMERICAN DIABETES ASSOCIATION,,,US,VA
3404,401105112,RANDALL DAVIS ASSOCIATES LLC,Consulting,,US,DC
3405,316296,ENVIRONMENTAL DEFENSE ACTION FUND,,,US,NY
3406,401105874,"ASCENDIS PHARMA, INC.",Biopharmaceutical company,,US,CA
3407,401106115,"GORMAN STRATEGY GROUP, TOO",Consulting and government affairs,,US,MD
3408,400273265,PORTLAND GENERAL ELECTRIC,Electric Utility,,US,OR
3409,401103191,GUIDEWELL MUTUAL HOLDING CORPORATION,Health insurance,,US,FL
3410,401108109,WK KELLOGG CO.,,,US,MI
3411,400462300,NATIONAL ASSOCIATION OF DENTAL PLANS,National trade association representing the dental benefits industry,,US,TX
3412,400275279,START EARLY (FOR FIRST FIVE YEARS FUND),Support for early childhood education,,US,IL
3413,1785,AMERICAN BANKERS ASSOCIATION,Trade association representing nation's banking industry.,,US,DC
3414,401106664,ELECTRONIC FRONTIER FOUNDATION,,,US,CA
3415,45378,AMERICAN SOCIETY OF INTERIOR DESIGNERS,A nonprofit association which advances the interior design profession.,,US,DC
3416,7166,BRACY TUCKER BROWN & VALANZANO DBA BROWN & ASSOCIATES,Federal Affairs Consulting,,US,MO
3417,316137,"WRITERS GUILD OF AMERICA, WEST, INC.",,,US,CA
3418,400264209,LENNOX INTERNATIONAL INC.,"Heating, Ventilation, Air Conditioning and Refrigeration Manufacturer and Installer",,US,TX
3419,42001,XEROX CORPORATION,,,US,DC
3420,291594,AMERICAN ASSOCIATION OF EXPORTERS AND IMPORTERS,,,US,DC
3421,400340584,"AMERIHEALTH CARITAS SERVICES, LLC",Healthcare organization,,US,PA
3422,12391,"DISTILLED SPIRITS COUNCIL OF THE U.S., INC.",,,US,DC
3423,401105813,"PTC THERAPEUTICS, INC.",Biopharmaceutical therapies for rare pediatric diseases,,US,NJ
3424,37540,SYRACUSE UNIVERSITY,,,US,NY
3425,400894609,"COMMONWEALTH RESEARCH ASSOCIATES, LLC","Transportation, economic development, and natural resource consulting services",,US,VA
3426,400390816,"KOCH GOVERNMENT AFFAIRS, LLC","Legal, Government and Public Affairs",,US,DC
3427,26898,NATIONAL ASSOCIATION OF LETTER CARRIERS,,,US,DC
3428,15086,INTERNATIONAL FOODSERVICE DISTRIBUTORS ASSOCIATION,IFDA advocates the interests of the foodservice distribution community to government.,,US,VA
3429,401104113,"J.A.HILL GROUP, LLC",Government Relations/Consulting Firm,,US,VA
3430,34103,SAFARI CLUB INTERNATIONAL,hunting organization,,US,DC
3431,11424,CSX CORPORATION,,,US,DC
3432,401106303,"MARVELL TECHNOLOGY, INC.",Technology company,,US,DE
3433,20686,"JOHNSON & JOHNSON SERVICES, INC.",,,US,NJ
3434,401104863,APPLIED INTUITION,,,US,CA
3435,401108829,ARCHER PUBLIC AFFAIRS,,,US,WA
3436,83411,WSB LLC,government relations services,,US,VA
3437,401103580,FUTURE STANDARD,Investment management.,,US,PA
3438,401104400,AMERICANS FOR A FREE SYRIA,"nonprofit organization, 501(c)4",,US,MI
3439,401107047,FLEXIBLE PACKAGING ASSOCIATION,,,US,MD
3440,6382,"BLUE CROSS AND BLUE SHIELD OF FLORIDA, INC.",,,US,FL
3441,28468,NATIONAL RETAIL FEDERATION,trade association representing the retail industry,,US,DC
3442,24806,MEDICAL GROUP MANAGEMENT ASSN,,,US,DC
3443,401105458,FDD ACTION,Issue advocacy on U.S. national security and foreign policy,,US,DC
3444,401108415,AMERICANS FOR RESPONSIBLE INNOVATION,,,US,DC
3445,400339576,PRIME THERAPEUTICS,Pharmacy Benefit Management,,US,MN
3446,38608,TRUSTEES OF THE UNIVERSITY OF PENNSYLVANIA,Education and research,,US,PA
3447,27046,NATL ASSN FOR BEHAVIORAL HEALTHCARE,,,US,DC
3448,401103774,BURTON STRATEGY GROUP,lobbying and public relations consulting,,US,DC
3449,400914665,"SOCIETY FOR WORLDWIDE INTERBANK FINANCIAL TELECOMMUNICATION, SC",Financial messaging services,,BE,
3450,89031,"ENTERPRISE HOLDINGS, INC. DBA ENTERPRISE MOBILITY","Car rental, car sharing, truck rental, fleet management, and retail car sales.",,US,MO
3451,401104042,"ARISTOTLE INTERNATIONAL, INC.",Political campaign technology and services.,,US,DC
3452,51571,UNIVERSITY OF ALASKA,Public Education and Research University,,US,DC
3453,401108702,FINANCIAL TECHNOLOGY ASSOCIATION,,,US,DC
3454,401104710,RED HAT INC,Software,,US,NC
3455,10445,CONGRESS OF NEUROLOGICAL SURGEONS,Medical Professional Association,,US,DC
3456,401105012,"BNP PARIBAS RCC, INC.",Financial Services,,US,NJ
3457,401105116,ORGANIZATION MANAGEMENT GROUP (DBA LEGISLATIVE STRATEGIES GROUP),Association management company and government affairs firm.,,US,VA
3458,28787,NATIONAL WILDLIFE FEDERATION,,,US,VA
3459,20447,JAPAN AUTOMOBILE STANDARDS INTERNATIONALIZATION CENTER,,,US,DC
3460,401107438,GLENCORE LTD.,,,US,NY
3461,3413,AMERICAN SOCIETY OF CIVIL ENGINEERS,,,US,DC
3462,401105143,"THE CACTUS GROUP, LLC",Contractor for federal lobbying,,US,VA
3463,1648,AMERICAN ASSOCIATION OF NEUROLOGICAL SURGEONS,Medical Professional Association,,US,DC
3464,401103985,NEWS CORPORATION,"A network of leading companies in diversified media, news and information services.",,US,NY
3465,27753,NATIONAL ELECTRICAL MANUFACTURERS ASSOCIATION,,,US,VA
3466,401104221,ALCOA CORP,aluminum manufacturing,,US,DC
3467,401104798,MS. GWENDOLYN O'BRIEN DONALDSON,"public relations, consulting, government affairs",,US,VA
3468,31348,PHARMACEUTICAL CARE MANAGEMENT ASSOCIATION,Issues relating to prescription drug benefits,,US,DC
3469,401103591,TEMPLE UNIVERSITY,Education,,US,PA
3470,401107259,"A16Z CAPITAL MANAGEMENT LLC (F/K/A AH CAPITAL MANAGEMENT L.L.C., D/B/A ANDREESSEN HOROWITZ)",,,US,CA
3471,5767,"BECTON, DICKINSON AND COMPANY",,,US,DC
3472,318436,POTLATCHDELTIC CORPORATION,,,US,WA
3473,401103210,AMERICAN WOOD COUNCIL,"Represents the wood products industry by providing technical, legal & economic information",,US,DC
3474,401108242,ALLEGIANT TRAVEL COMPANY,,,US,NV
3475,3674,THE AMERICAN WATERWAYS OPERATORS,"National trade association for the tugboat, towboat and barge industry",,US,VA
3476,401103336,"REINSURANCE GROUP OF AMERICA, INCORPORATED",Global life and health insurance reinsurer,,US,MO
3477,39358,UNIVERSITY OF CALIFORNIA,,,US,DC
3478,401107819,GREG WILSON PR,,,US,VA
3479,401103235,"THE SIMMONS & RUSSELL GROUP, LLC",strategic public affairs firm,,US,DC
3480,400569712,"FIRST SOLAR, INC.",Manufacturer of thin-film solar modules,,US,AZ
3481,3173,AMERICAN PUBLIC HEALTH ASSOCIATION,,,US,DC
3482,69754,"SAVE THE CHILDREN FEDERATION, INC.",,,US,CT
3483,28242,NATIONAL OCEAN INDUSTRIES ASSOCIATION,A national trade association representing all facets of the domestic offshore energy.,,US,DC
3484,401060990,"CIVITAS PUBLIC AFFAIRS GROUP, LLC",Consulting and government affairs,,US,DC
3485,401107254,CARLOS PEREZ,,,US,DC
3486,401104380,"PAYCHEX, INC.","Human Capital Management Solutions for Payroll, HR, Retirement and Insurance",,US,NY
3487,401106318,"MERCARI, INC.",Consumer-to-consumer e-commerce marketplace.,,US,CA
3488,401107672,TECHNOLOGY COUNCILS OF NORTH AMERICA,,,US,PA
3489,401109118,AMELIORATE LLC,,,US,AZ
3490,38266,"TOYOTA MOTOR NORTH AMERICA, INC. (TMA)",,,US,DC
3491,401103732,ROKALA PUBLIC AFFAIRS (FKA MR MARK ROKALA),Foundation that focuses on genetic improvements in crop disease resistance,,US,DC
3492,401105237,"ZILLOW GROUP, INC.",Operates real estate and home-related brands focused on all stages of the home lifecycle.,,US,WA
3493,29551,NORTHROP GRUMMAN CORPORATION,Aerospace and Defense,,US,VA
3494,33647,ROLLS-ROYCE NORTH AMERICA AND ITS AFFILIATES,,,US,VA
3495,31417,"PHILIPS HOLDING USA, INC.",Manufacturing,,US,MA
3496,11958,DELL TECHNOLOGIES INC.,"Worldwide innovative technology, business solutions and services.",,US,DC
3497,400587792,COVENANT HOUSE,Network of at risk youth shelters and outreach programs in North America,,US,DC
3498,3446,AMERICAN SOCIETY OF CONSULTANT PHARMACISTS,healthcare,,US,VA
3499,1114,ALLSTATE INSURANCE COMPANY,,,US,DC
3500,46940,FRESENIUS MEDICAL CARE NORTH AMERICA,"Fresenius Medical Care NA, integrated dialysis company",,US,DC
3501,286451,CHS INC.,Agricultural Services,,US,MN
3502,2935,AMERICAN MUSEUM OF NATURAL HISTORY,,,US,NY
3503,2638,THE AMERICAN INSTITUTE OF ARCHITECTS,,,US,DC
3504,401106447,GALAXY DIGITAL HOLDINGS LP,,,US,NY
3505,64474,"NRG ENERGY, INC.","Develops, acquires and manages a variety of energy-related operations worldwide",,US,TX
3506,38995,UNION PACIFIC CORPORATION,Class I Railroad,,US,DC
3507,26502,NATIONAL ALLIANCE ON MENTAL ILLNESS,,,US,VA
3508,296293,BRAVO GROUP,Public Affairs,,US,PA
3509,401104513,"ORSTED NORTH AMERICA, INC.",Offshore wind energy development,,US,MA
3510,400848499,NATIONAL COOPERATIVE SERVICES CORPORATION,financing and related business services for rural electric coops and affiliated orgs,,US,VA
3511,88256,"GUIDE CONSULTING SERVICES, INC.",Government affairs consulting firm,,US,DC
3512,401108854,EVENTIDE STRATEGIES,,,US,RI
3513,400275303,POWER TO DECIDE,501(c)3 nonprofit organization,,US,DC
3514,26728,NATIONAL ASSOCIATION OF CONVENIENCE STORES,,,US,VA
3515,40002018,"CANSLER CONSULTING, LLC",lobbying and consulting,,US,MD
3516,2332,AMERICAN FEDERATION OF TEACHERS,,,US,DC
3517,40046362,PERSONALIZED MEDICINE COALITION,education and advocacy,,US,DC
3518,40025196,AMERICAN ASSOCIATION OF VETERINARY MEDICAL COLLEGES (FKA ASSOCIATION OF AMERICAN,Advancing the interests of veterinary medical education.,,US,DC
3519,3504,"AMERICAN SOCIETY OF TRAVEL ADVISORS, INC.",trade association for travel agents and travel companies,,US,VA
3520,401107251,SAGE FEMME STRATEGIES,,,US,VA
3521,317297,COMMERCIAL REAL ESTATE FINANCE COUNCIL,,,US,DC
3522,28550,NATIONAL SMALL BUSINESS ASSOCIATION,,,US,DC
3523,401105808,"RACETRAC, INC.","Convenience store, fuel retailer and marketer",,US,GA
3524,401106397,"OTHRAM, INC.",laboratory built to apply the power of modern parallel sequencing to forensic evidence.,,US,TX
3525,401109026,PILOT TRAVEL CENTERS LLC,,,US,TN
3526,56678,"LEAGUE OF AMERICAN WHEELMEN, INC.",Promoting a bicycle friendly America,,US,DC
3527,401107317,"VOYAGER SPACE HOLDINGS, INC.",,,US,CO
3528,401109491,"ADVOCUS PARTNERS, LLC",,,US,DC
3529,401103248,BROWN UNIVERSITY HEALTH (FKA LIFESPAN),Hospital,,US,RI
3530,11093,THE COUNCIL OF INSURANCE AGENTS AND BROKERS,,,US,DC
3531,401105360,"HCA HEALTHCARE, INC.",Hospital and medical facility ownership and operations.,,US,TN
3532,401106067,"RISEPOINT, LLC",Online higher education facilitation,,US,DE
3533,401105939,"CARMEN GUZMAN, LLC",Consulting Firm.,,US,DC
3534,401104019,"1-800 CONTACTS, INC.",Online contact lens retailer,,US,UT
3535,40006042,WESTERN GROWERS,"Fresh Produce, Agricultural Trade Association",,US,CA
3536,62131,TRANS UNION LLC,consumer credit reporting and analytical services,,US,DC
3537,400933699,PHILLIPS 66,"Oil Refining, Chemicals",,US,DC
3538,401104951,CROSS RIVER BANK,Banking and Financial Services,,US,NJ
3539,62038,CALPINE CORPORATION,Independent power producer.,,US,TX
3540,11231,COX ENTERPRISES INC.,,,US,DC
3541,401105372,THE KPM GROUP DC LLC,lobby firm,,US,DC
3542,400899626,"SIERRA NEVADA COMPANY, LLC",Prime Systems Integrator and Electronic Systems Provider,,US,NV
3543,401105804,SYMETRA LIFE INSURANCE COMPANY,Financial Services,,US,WA
3544,401105684,G7 REPUTATION ADVISORY LLC,Reputation management and communications advisory,,US,CT
3545,6850,"BRACY TUCKER BROWN & VALANZANO, INC.","Government Affairs, Lobbyist",,US,DC
3546,11982,"DELTA AIR LINES, INC.",,,US,DC
3547,30303,GLOBAL BUSINESS ALLIANCE,,,US,DC
3548,40657,WASHINGTON STATE UNIVERSITY,,,US,WA
3549,401105700,PATTERSON REAL BIRD & RASMUSSEN LLP,Law Firm,,US,CO
3550,401107001,SPRINGER NATURE AMERICA INC,,,US,NY
3551,401109499,PUBLIC APPEAL LLC,,,US,WY
3552,401105998,"GRIFFIN STRATEGIES, LLC",Consultant,,US,VA
3553,32021,"PPG INDUSTRIES, INC",Manufacturing,,US,PA
3554,401106431,"INTRA-CELLULAR THERAPIES, INC.",,,US,NY
3555,401106316,EVERFOX LLC (FKA FORCEPOINT FEDERAL LLC),Technology Company for Cybersecurity Products and Services,,US,VA
3556,3708,AMERICAN CLEAN POWER ASSOCIATION,Trade association - Advocacy & education for U.S. renewable energy industry,,US,DC
3557,401106352,YAHOO INC. AND VAR. SUBS/AFFILIATES,global media and technology company,,US,NY
3558,401107357,AXON ENTERPRISE,,,US,AZ
3559,401106798,"MEAD JOHNSON & COMPANY, LLC",,,US,IN
3560,299877,TENET HEALTHCARE CORPORATION,"Through its subsidiaries, owns and operates hospitals and related health care services.",,US,TX
3561,3060,AMERICAN PETROLEUM INSTITUTE,,,US,DC
3562,35627,SMALL BUSINESS & ENTREPRENEURSHIP COUNCIL (SBE COUNCIL),,,US,VA
3563,306170,CAPITOL REPRESENTATIVES,Government Relations,,US,CO
3564,23714,MANUFACTURED HOUSING INSTITUTE,,,US,VA
3565,294198,"COMBEST, SELL & ASSOCIATES, LLC",Lobbying Firm,,US,TX
3566,46676,BLUE CROSS BLUE SHIELD OF MICHIGAN,,,US,DC
3567,4516,ASSOCIATION OF AMERICAN RAILROADS,,,US,DC
3568,401106359,"EPIC GAMES, INC.",Video game and software developer and publisher,,US,NC
3569,401106618,PERATON CORP.,,,US,VA
3570,401106274,GLOBAL LASER ENRICHMENT LLC,Technology Firm engaged in uranium enrichment,,US,NC
3571,400934700,"INDIANA FARM BUREAU, INC",Advocate for farmers and promote agriculture through our programs and policies,,US,IN
3572,401104133,"ENGIE NORTH AMERICA, INC.","Management of energy businesses (energy sales/services, natural gas/LNG, power generation)",,US,TX
3573,401104558,"BRIGHTHOUSE SERVICES, LLC",Insurance,,US,NC
3574,401105285,SECURE IDENTITY LLC (D-B-A CLEAR),Identity Management and Security,,US,NY
3575,401103770,"PAYPAL, INC.",PayPal is a company that enables digital payments.,,US,DC
3576,401104564,"DEXCOM, INC.",Medical Device manufacturing,,US,CA
3577,30267,ORACLE CORPORATION,,,US,TX
3578,401104294,MR. C. TUCKER ANDERSON,"healthcare law and policy, agriculture",,US,TX
3579,401103897,PET FOOD INSTITUTE,Association,,US,DC
3580,401108898,CLARITEV (FORMERLY MULTIPLAN CORPORATION),,,US,VA
3581,50901,CONSTRUCTION INDUSTRY ROUND TABLE,,,US,VA
3582,11878,DEERE & COMPANY,,,US,IL
3583,400478356,SEWARD SQUARE GROUP,Consulting & government affairs,,US,DC
3584,85594,RECORDING ACADEMY (FKA NATIONAL ACADEMY OF RECORDING ARTS AND SCIENCES),,,US,DC
3585,400621887,NORTHERN TRUST CORPORATION,Banking and Financial Services,,US,IL
3586,77754,"OLDAKER & WILLISON, LLP",Government affairs and law firm,,US,DC
3587,60812,"EXELON BUSINESS SERVICES, LLC",,,US,IL
3588,401106096,"SCALE AI, INC.",Data annotation and development of artificial intelligence applications,,US,CA
3589,401109112,"CONSTELLATION BRANDS, INC.",,,US,NY
3590,401105259,"PLATINUM ADVISORS DC, LLC",Government affairs firm,,US,DC
3591,400460287,DIALYSIS PATIENT CITIZENS,"Non-profit, patient-led dialysis organization",,US,VA
3592,23986,MASSACHUSETTS MUTUAL LIFE INSURANCE COMPANY,,,US,MA
3593,401105128,WAYMO LLC,Self-driving technology company,,US,DC
3594,401103705,THE CHERTOFF GROUP,Security and risk management advisory firm,,US,DC
3595,400923683,DALY CONSULTING GROUP,Government Affairs and Business Consulting Firm,,US,DC
3596,54073,ASTRAZENECA PHARMACEUTICALS LP,,,US,DE
3597,34980,"SHAW, BRANSFORD & ROTH, P.C. (FORMERLY SHAW, BRANSFORD, VEILLEUX & ROTH, P.C.)",law firm,,US,DC
3598,27401,CAMPAIGN FOR TOBACCO-FREE KIDS,,,US,DC
3599,401105339,ASCENSION HEALTH ALLIANCE D/B/A ASCENSION,healthcare,,US,DC
3600,401108669,ROCKY MOUNTAIN INSTITUTE,,,US,CO
3601,11776,TARGET CORPORATION,,,US,DC
3602,27354,NCTA - THE INTERNET & TELEVISION ASSOCIATION,,,US,DC
3603,401106816,"ERA GOVERNMENT AFFAIRS, LLC",,,US,CO
3604,53356,UNIVERSITY OF PITTSBURGH,,,US,PA
3605,401105771,RELATIVITY SPACE,space launch services and additive manufacturing,,US,DC
3606,54803,BROADCOM INC.,,,US,DC
3607,78697,"VIASAT, INC.",Telecommunications,,US,CA
3608,49830,DIAGEO NORTH AMERICA,,,US,DC
3609,401108882,"NEXSTAR MEDIA GROUP, INC. AND AFFILIATES F/K/A NEXSTAR MEDIA GROUP, INC.",,,US,DC
3610,400853510,GUARDIAN LIFE INSURANCE COMPANY OF AMERICA,Insurance and related financial products and services,,US,NY
3611,294030,"ADVANCED MICRO DEVICES, INC.",Semiconductor company,,US,TX
3612,293118,"CITIZENS FINANCIAL GROUP, INC.",,,US,RI
3613,401103906,AMERICAN KIDNEY FUND,"Not-for-profit, charitable organization.",,US,MD
3614,401105353,PROTECTIVE LIFE CORPORATION,Insurance and investment products.,,US,AL
3615,8943,AMERICAN CHEMISTRY COUNCIL,,,US,DC
3616,401106743,NEXTNAV INC.,,,US,VA
3617,400340583,NATIONAL ALLIANCE OF FOREST OWNERS,Non-profit private forestry advocacy organization,,US,DC
3618,401106001,UNIPER GLOBAL COMMODITIES NORTH AMERICA LLC,"Global energy company that sells, trades, and markets natural gas and power in the U.S.",,US,MD
3619,10877,CORNELL UNIVERSITY,"Higher Education, Research, Teaching and Extension",,US,NY
3620,47872,INTERNATIONAL FRANCHISE ASSOCIATION,"SBC, Tax and Economic Issues.",,US,DC
3621,401104789,"UP FOR GROWTH ACTION, INC.","Advocacy for community dev. w/ housing opportunities, access to jobs/public transportation",,US,DC
3622,400270242,GPA MIDSTREAM ASSOCIATION,Natural Gas Processing,,US,OK
3623,300058,AON CORPORATION,,,US,IL
3624,400291384,PATRICIA MARKS,,,US,MD
3625,401108133,"NOMI HEALTH, INC.",,,US,UT
3626,401103932,"CITIGROUP WASHINGTON, INC.",Financial services,,US,DC
3627,401105673,WORLDWIDE ERC,global mobility trade association,,US,DC
3628,5610,BAXTER HEALTHCARE CORPORATION,,,US,DC
3629,400745227,AUGUSTA UNIVERSITY (FORMERLY GEORGIA REGENTS UNIVERSITY),School of medicine and health sciences,,US,GA
3630,27217,NATIONAL ASSOCIATION OF WATERFRONT EMPLOYERS,,,US,DC
3631,69116,TECHNOLOGY NETWORK AKA TECHNET,,,US,DC
3632,3264,AMERICAN RIVERS,River conservation and protection,,US,DC
3633,401107625,CRESTWOOD STRATEGIES,,,US,DC
3634,401108411,"SK AMERICAS, INC.",,,US,NY
3635,401104384,"BISCAYNE STRATEGIES, LLC","Public affairs, consulting, promotions",,US,FL
3636,401104236,JPMORGAN CHASE HOLDINGS LLC,Global financial services firm.,,US,NY
3637,401107629,METANOIC STRATEGIES,,,US,VA
3638,401106479,"ROCKET LAB USA, INC.",,,US,CA
3639,19822,INTERNATIONAL BROTHERHOOD OF ELECTRICAL WORKERS,Labor Union,,US,DC
3640,401105801,KLA CORPORATION,Semiconductor equipment manufacturing.,,US,CA
3641,454,AGRICULTURAL RETAILERS ASSOCIATION,,,US,DC
3642,401104295,"TENABLE, INC.",Network Security Company,,US,MD
3643,42901,SABRE GLBL INC.,Technology Company,,US,TX
3644,363,AFL-CIO,,,US,DC
3645,42752,"O'NEILL, ATHY & CASEY, P.C.",Law Firm,,US,DC
3646,320510,GOOGLE CLIENT SERVICES LLC,,,US,DC
3647,401107880,ELECTRONIC PAYMENTS COALITION INC.,,,US,DC
3648,45083,CENTER FOR REPRODUCTIVE RIGHTS,,,US,NY
3649,40830,"WEBSTER, CHAMBERLAIN & BEAN, LLP",Law firm,,US,DC
3650,316536,AMERICAN INVESTMENT COUNCIL F/K/A PEGCC,,,US,DC
3651,401103225,AMERICANS FOR PROSPERITY,501 c 4 non profit promoting economic freedom,,US,VA
3652,401107313,"NIO USA, INC.",,,US,CA
3653,401106186,"ALBERTSONS COMPANIES, INC.",National Food and Drug Retailer,,US,ID
3654,400372713,RHEEM MANUFACTURING COMPANY,"Manufactuirng of water heating, heating, and air conditioning equipment",,US,AR
3655,39473,UNIVERSITY OF MICHIGAN,,,US,DC
3656,401104523,NANCY ZIRKIN,Strategic consulting,,US,MD
3657,401107520,ROBLOX CORPORATION,,,US,CA
3658,27068,NAREIT,,,US,DC
3659,7441,BNSF RAILWAY COMPANY,,,US,DC
3660,39427,UNIVERSITY OF ILLINOIS,,,US,IL
3661,13506,EMERSON,Manufacturing.,,US,DC
3662,6518,BLUE SHIELD OF CALIFORNIA,Corporation,,US,CA
3663,401103293,POLARIS INDUSTRIES,manufacturing,,US,MN
3664,401108301,"NORSK HYDRO USA, LLC",,,US,DC
3665,400431088,COVE STRATEGIES,Lobbying firm,,US,VA
3666,41853,"WORLD WILDLIFE FUND, INC.",Environmental Conservation,,US,DC
3667,72793,HORIZON BLUE CROSS BLUE SHIELD OF NEW JERSEY,12/16/2005,,US,NJ
3668,17660,ENVIRI F/K/A HARSCO CORPORATION,Env. solutions for industrial and specialty waste streams & innovative tech for railroads,,US,PA
3669,307353,"AVANGRID, INC.",Government affairs for three affiliated energy companies,,US,DC
3670,19753,INTERNATIONAL ASSOCIATION OF FIRE FIGHTERS,Labor union representing professional fire fighters and emergency medical personnel.,,US,DC
3671,401106108,ORGANON & CO.,Global Healthcare,,US,NJ
3672,401103755,"HAWAIIAN AIRLINES, INC.",Airline,,US,DC
3673,401105074,NUTRIEN US LLC (FORMERLY KNOWN AS AGRIUM U.S. INC.) (A NUTRIEN LTD SUBSIDIARY).,Agriculture,,US,CO
3674,39564,UNIVERSITY OF WISCONSIN-MADISON,Public University,,US,WI
3675,57453,HONEYWELL INTERNATIONAL,,,US,DC
3676,36231,SOUTHWEST AIRLINES,,,US,TX
3677,401105197,WISPA- WIRELESS INTERNET SERVICE PROVIDERS ASSOCIATION,Trade association,,US,DC
3678,20664,JOHNS HOPKINS UNIVERSITY,,,US,MD
3679,401106320,"NOTARIZE, INC. DBA PROOF.COM",Notarization mobile application,,US,MA
3680,401108971,DIGITAL SOVEREIGNTY ALLIANCE,,,US,DC
3681,401105842,CCAN ACTION FUND (FKA CHESAPEAKE CLIMATE ACTION NETWORK),Climate Advocacy,,US,MD
3682,51445,CHUBB INA HOLDINGS INC.,,,US,DC
3683,401028901,"AMEDISYS, INC.",National home health and hospice provider.,,US,LA
3684,297157,NATIONAL MUSIC PUBLISHERS' ASSOCIATION,,,US,DC
3685,40004026,INSTITUTE OF MAKERS OF EXPLOSIVES,Trade Association,,US,DC
3686,401109510,AMERICAN RIVERS ACTION FUND,,,US,DC
3687,44093,TRANSAMERICA COMPANIES,"Insurance, investment products, and retirement accounts",,US,DC
3688,400695073,ASSOCIATION FOR UNCREWED VEHICLE SYSTEMS INTERNATIONAL,non-profit organization advocating for the unmanned systems community,,US,VA
3689,401104589,THE DIGITAL CHAMBER (FORMERLY KNOWN AS CHAMBER OF DIGITAL COMMERCE),Trade association,,US,DC
3690,400637928,"P STREET PROJECT, INC.",P Street advocates bold progressive solutions to the nations most pressing problems.,,US,DC
3691,2252,"AMERICAN ELECTRIC POWER COMPANY, INC. AND AFFILIATED CORPORATIONS",,,US,DC
3692,313830,NORTH CAROLINA STATE UNIVERSITY,,,US,NC
3693,401104263,"HOLOGIC, INC.",,,US,MA
3694,298535,US - CHINA BUSINESS COUNCIL,Association representing US companies doing business in China,,US,DC
3695,401105787,PAVEA LLC,Government relations,,US,DC
3696,41636,WINE INSTITUTE,,,US,DC
3697,56771,THE HOME DEPOT,,,US,DC
3698,401103186,"WYATT CONSULTING GROUP INTERNATIONAL, INC.","Stakeholder engagement, constituency building and grass roots advocacy.",,US,VA
3699,401106358,CELLEBRITE INC.,Digital intelligence solutions,,US,NJ
3700,401108994,ULSE INC. D/B/A UL STANDARDS & ENGAGEMENT,,,US,IL
3701,13632,"ENTERGY SERVICES, LLC",,,US,DC
3702,401104053,ENI US OPERATING CO. INC.,Integrated energy company,,US,TX
3703,401106620,LINKEDIN CORPORATION,,,US,DC
3704,316434,340B HEALTH,A non-profit hospital association representing hospitals enrolled in the 340B program.,,US,DC
3705,400944730,"38 NORTH SOLUTIONS, LLC",Public policy consultancy,,US,DC
3706,26650,NATIONAL ASSOCIATION OF BROADCASTERS,,,US,DC
3707,8954,HOUSEHOLD & COMMERCIAL PRODUCTS ASSOCIATION,Trade association representing the household and commercial product industry.,,US,DC
3708,401103877,"NESTE US, INC.",Renewable fuel distributor,,US,TX
3709,400778341,"RBC CAPITAL MARKETS, LLC",Financial Services,,US,NY
3710,34477,SCHAGRIN ASSOCIATES,For work on legislation pertaining to renewable energy in American Jobs Plan Act,,US,DC
3711,19536,INTEL CORPORATION,,,US,DC
3712,400684039,SAINT LOUIS UNIVERSITY,Institution of Higher Education,,US,MO
3713,401104979,MARCH FOR OUR LIVES ACTION FUND,Non-profit gun violence prevention and advocacy organization,,US,NY
3714,401106106,INTERNATIONAL FLAVORS & FRAGRANCES INC.,manufacturing,,US,NY
3715,5778,BEER INSTITUTE,Beer Industry Trade Association,,US,DC
3716,401105325,"TELADOC HEALTH, INC.",Telehealth services,,US,CA
3717,38392,"TRANSPORTATION TRADES DEPARTMENT, AFL-CIO",,,US,DC
3718,26854,AMERICAN PROPERTY CASUALTY INSURANCE ASSOCIATION FKA PROPERTY CASUALTY INSURERS ASSOC. OF AMERICA,,,US,DC
3719,78356,SECURITY INDUSTRY ASSOCIATION,"Providing research, standards, education and advocacy for the global security industry.",,US,MD
3720,16998,CONSUMER BRANDS ASSOCIATION (PKA: GROCERY MANUFACTURERS ASSOCIATION),,,US,VA
3721,401103626,"THE SUSAN G. KOMEN BREAST CANCER FOUNDATION, INC. DBA SUSAN G. KOMEN",Support policies and appropriations relevant to find and deliver cures for breast cancer.,,US,TX
3722,401106250,"CAREQUEST INSTITUTE FOR ORAL HEALTH, INC.",Non-profit organization,,US,MA
3723,401107077,IPERIONX CRITICAL MINERALS LLC,,,US,NC
3724,401107157,DANAHER CORPORATION,,,US,DC
3725,27070,NATIONAL ASSOCIATION OF REALTORS,,,US,DC
3726,2321,"AMERICAN FEDERATION OF STATE, COUNTY AND MUNICIPAL EMPLOYEES",,,US,DC
3727,400958766,NATIONAL SHOOTING SPORTS FOUNDATION,Firearms Industry,,US,DC
3728,39553,UNIVERSITY OF WASHINGTON,Public research university,,US,DC
3729,400614864,NATIONAL APARTMENT ASSOCIATION,"National trade association for developers, owners, operators and managers of apartments.",,US,VA
3730,401103472,SUNRUN INC.,solar energy,,US,CA
3731,15133,FORD MOTOR COMPANY,,,US,DC
3732,46437,VIKKI COOPER & ASSOCIATES,Lobby firm,,US,VA
3733,31816,POPULATION ACTION INTERNATIONAL,non-profit public policy advocacy and research organization,,US,DC
3734,287771,"CLARK HILL, PLC",Law firm,,US,DC
3735,56838,SANOFI US SERVICES INC.,"sanofi-aventis U.S. Inc. discovers, develops, and markets prescription pharmaceuticals",,US,DC
3736,401104679,CURA STRATEGIES,Public relations/advocacy firm,,US,VA
3737,401104303,THE GOOD FOOD INSTITUTE,nonprofit,,US,VA
3738,66,ABBOTT LABORATORIES,,,US,DC
3739,401108663,WACKER CHEMICAL CORPORATION,,,US,MI
3740,401107722,SHEIN TECHNOLOGY LLC,,,US,DC
3741,4733,AMERICAN ASSOCIATION FOR JUSTICE,,,US,DC
3742,401106381,NBS STRATEGIES,Lobbying and political consulting,,US,MD
3743,401105604,"AMENTUM HOLDINGS, INC.",Engineering and technical services,,US,DC
3744,401106544,"MERCURY SYSTEMS, INC.",,,US,MA
3745,401104406,SOLVENTUM CORPORATION,Healthcare,,US,UT
3746,401108256,ULTRAGENYX PHARMACEUTICAL INC.,,,US,CA
3747,28743,NATIONAL UTILITY CONTRACTORS ASSOCIATION,construction trade association,,US,VA
3748,401107632,"PAUL DAVIS LAW FIRM, LLC",,,US,KS
3749,17900,HEALTHCARE ASSOCIATION OF NYS,,,US,NY
3750,6597,BOEING COMPANY,Aerospace Manufacturing,,US,VA
3751,59056,"CHARTER COMMUNICATIONS, INC.",,,US,CT
3752,28300,NATIONAL PARKS CONSERVATION ASSOCIATION,,,US,DC
3753,401105153,"PATHWARD, N.A.",Federally chartered savings bank.,,US,SD
3754,400654966,NATIONAL ASSOCIATION FOR MUSIC EDUCATION,Working to ensure quality music education for all students.,,US,VA
3755,35970,SOCIETY OF TEACHERS OF FAMILY MEDICINE,,,US,DC
3756,400454169,"AEROVIRONMENT, INC.","Efficient energy systems development, manufacture, and support.",,US,VA
3757,53243,SAS INSTITUTE,,,US,VA
3758,57098,THE NEW YORK AND PRESBYTERIAN HOSPITAL,Hospital,,US,NY
3759,88336,SOLAR ENERGY INDUSTRIES ASSOCIATION,,,US,DC
3760,25204,MICROSOFT CORPORATION,,,US,DC
3761,401107008,FORTESCUE FUTURE INDUSTRIES,,,US,DE
3762,401105101,ELANCO ANIMAL HEALTH INCORPORATED,Animal Health Company,,US,DC
3763,65112,"MAXIMUS, INC.","Government program management, consulting services, and information technology solutions.",,US,VA
3764,49681,ALLIANCE FOR AUTOMOTIVE INNOVATION,,,US,DC
3765,401107886,WUXI APPTEC SALES LLC,,,US,NJ
3766,30110,THE OHIO STATE UNIVERSITY,public higher education institution,,US,DC
3767,48725,BIOGEN,,,US,DC
3768,10296,COMPTEL DBA INCOMPAS,Competitive Communications Association,,US,DC
3769,61458,THE RABEN GROUP,National public affairs and strategic communications firm,,US,DC
3770,401103582,ISEMAN & ASSOCIATES LLC,Government Affairs,,US,FL
3771,79255,"TYSON FOODS, INC",Business,,US,DC
3772,44231,INTELSAT US LLC,Satellite services provider.,,US,VA
3773,31213,PERKINS COIE LLP,Law firm,,US,DC
3774,401107055,"JMS NATURAL RESOURCE STRATEGIES, LLC",,,US,TX
3775,401106380,TOBACCO-FREE KIDS ACTION FUND,,,US,DC
3776,6245,BIOTECHNOLOGY INNOVATION ORGANIZATION,Trade Association,,US,DC
3777,401107449,WHATLEY KALLAS LLP,,,US,AL
3778,10651,"CONSUMER REPORTS, INC. (F.K.A. CONSUMERS UNION OF UNITED STATES, INC.)",Publisher,,US,DC
3779,7758,CALIFORNIA LIFE SCIENCES,,,US,CA
3780,33977,"RUTGERS, THE STATE UNIVERSITY OF NEW JERSEY",,,US,DC
3781,310973,APOTEX CORP.,Generic pharmaceutical manufacturer,,US,FL
3782,401104841,"DANONE NORTH AMERICA, PBC",food and nutrition production,,US,NY
3783,400430086,"GROWTH ENERGY, INC.","Growth Energy is committed agriculture and cleaner, greener energy through ethanol.",,US,DC
3784,3812,AMERICANS FOR THE ARTS,Americans for the Arts,,US,DC
3785,401104630,CENTER FOR LAW AND SOCIAL POLICY (CLASP),An anti-poverty advocacy organization focused on economic justice and racial equity.,,US,DC
3786,323615,SOUTHERN ENVIRONMENTAL LAW CENTER,,,US,VA
3787,401103951,"DROPBOX, INC.","Online storage, synchronization, and collaboration services for people and businesses",,US,DC
3788,401103695,ECONOMIC INNOVATION GROUP,Research and advocacy,,US,DC
3789,82498,"BACARDI NORTH AMERICA (FORMERLY BACARDI USA, INC)",Sales and marketing organization,,US,FL
3790,401105831,"SERVICENOW, INC.",Enterprise Software company,,US,CA
3791,32338,"PRUDENTIAL FINANCIAL, INC.",,,US,NJ
3792,401103471,MIKE WILLIAMS CAPITOL STRATEGIES LLC (F/K/A MW CAPITOL STRATEGIES LLC),Federal advocacy and advisory services,,US,VA
3793,401104557,KIDS IN NEED OF DEFENSE,"legal services, policy advocacy, communication for unaccompanied children",,US,DC
3794,401105366,THE TOLMAN GROUP,Law Firm,,US,UT
3795,400855514,BAYCARE HEALTH SYSTEM,Non-profit health system,,US,FL
3796,40032283,UNIVERSITY OF GEORGIA,Higher Education Institution,,US,GA
3797,42023,YALE UNIVERSITY,,,US,CT
3798,4788,CONSUMER DATA INDUSTRY ASSOCIATION,,,US,DC
3799,31634,"PLANNED PARENTHOOD FEDERATION OF AMERICA, INC.",,,US,DC
3800,401106669,TRACTOR SUPPLY COMPANY,,,US,TN
3801,13084,ECOLAB INC.,,,US,DC
3802,401107261,DAVENPORT POLICY,,,US,DC
3803,28606,AMERICAN BEVERAGE ASSOCIATION,,,US,DC
3804,401106679,OHIO CHAMBER OF COMMERCE,,,US,OH
3805,400596821,AIR LIQUIDE USA LLC,Industrial and medical gases,,US,TX
3806,401107665,WINDON GLOBAL STRATEGIES,,,US,DC
3807,32522,QUARLES & BRADY LLP,Law firm.,,US,AZ
3808,401105300,"WITH HONOR ACTION, INC.",Cross-partisan movement,,US,DC
3809,400954756,PROJECT ON GOVERNMENT OVERSIGHT,The Project On Government Oversight is a nonpartisan independent good government watchdog.,,US,DC
3810,401108814,"SIX CONTINENTS HOTELS, INC.",,,US,GA
3811,400900630,"BERGESON & CAMPBELL, P.C.",Environmental law firm,,US,DC
3812,401106747,OLD DOMINION UNIVERSITY,,,US,VA
3813,56018,AMERICAN AMBULANCE ASSOCIATION,,,US,DC
3814,291958,"PLANNED PARENTHOOD ACTION FUND, INC.",,,US,DC
3815,51070,FLORIDA INTERNATIONAL UNIVERSITY,,,US,FL
3816,401049961,"ABBVIE, INC.",Biopharmaceutical company,,US,DC
3817,3344,AMERICAN SOCIETY FOR BIOCHEMISTRY AND MOLECULAR BIOLOGY,,,US,MD
3818,401103900,ALIBABA GROUP HOLDING LIMITED,&#226;€‹E-Commerce and data technology company,,KY,
3819,2115,AMERICAN COUNCIL OF LIFE INSURERS,Life Insurance,,US,DC
3820,401103252,"KNG HEALTH CONSULTING, LLC",Health economics and health policy research.,,US,MD
3821,69674,NATIONAL MULTIPLE SCLEROSIS SOCIETY,,,US,DC
3822,5448,"SIVON NATTER & WECHSLER, P.C. (FKA BARNETT SIVON & NATTER, P.C.)",Law Firm,,US,DC
3823,401105844,INCYTE CORPORATION,Biopharmaceutical Company,,US,DE
3824,401105966,"SIEMENS MEDICAL SOLUTIONS USA, INC",Healthcare diagnostics,,US,DC
3825,3275,ARTBA,Transportation Construction Trade Association,,US,DC
3826,82795,THE TRUSTEES OF PURDUE UNIVERSITY,,,US,IN
3827,400278337,NATIONAL ENERGY & FUELS INSTITUTE,Member-services trade and business association for the non-utility home heating industry.,,US,DC
3828,31350,PHARMACEUTICAL RESEARCH AND MANUFACTURERS OF AMERICA,,,US,DC
3829,401108232,"THE HAZEN COUNSEL, LLC",,,US,VA
3830,603,"AIR PRODUCTS AND CHEMICALS, INC.",Industrial Gas and Chemicals Manufacturer,,US,PA
3831,401107859,"SUMMIT RIDGE ENERGY, LLC",,,US,VA
3832,5632,BAYER CORPORATION (CONSOLIDATED REPORT),,,US,DC
3833,314192,THE KRAFT HEINZ COMPANY,Food and Beverage Company,,US,DC
3834,9237,THE CIGNA GROUP AND SUBSIDIARIES (FORMERLY CIGNA CORPORATION AND SUBSIDIARIES),Health Services,,US,DC
3835,50706,"AUTODESK, INC",,,US,CA
3836,401104446,"AIRBNB, INC.",ONLINE MARKETPLACE FOR TRAVEL AND TOURISM,,US,CA
3837,39861,VANDERBILT UNIVERSITY,"education, health care, and research",,US,TN
3838,401107623,INTEALTH,,,US,PA
3839,401106214,ECMC SHARED SERVICES CO. OBO ECMC,Career education services,,US,MN
3840,59832,CASE NEW HOLLAND INDUSTRIAL INC.,"Agricultural and construction equip., components and production systems, and automobiles.",,US,DC
3841,401109509,VANTEO FKA BDV SOLUTIONS LCC,,,US,SC
3842,310437,ARCHER DANIELS MIDLAND COMPANY,,,US,DC
3843,52366,PLUG POWER INC.,Plug Power manufactures hydrogen fuel cells and provides customers with turnkey solutions.,,US,NY
3844,31144,PEOPLE FOR THE AMERICAN WAY,,,US,DC
3845,11390,CROWLEY MARITIME CORPORATION,,,US,FL
3846,401106015,ENVISION HEALTHCARE,Healthcare,,US,TN
3847,290571,NATIONAL COUNCIL OF TEXTILE ORGANIZATIONS,Trade association representing domestic textile industry,,US,DC
3848,26741,NATIONAL ASSOCIATION OF ELEMENTARY SCHOOL PRINCIPALS (NAESP),,,US,VA
3849,401105485,"NEUROCRINE BIOSCIENCES, INC",Drug discovery and development,,US,CA
3850,317275,INTEGRATED SOLUTIONS GROUP,Government Relations/Lobbying,,US,DC
3851,17636,"L3HARRIS TECHNOLOGIES, INC.",,,US,VA
3852,314512,ARCELORMITTAL NORTH AMERICA HOLDINGS LLC AND ITS US SUBSIDIARIES,,,US,DC
3853,401105783,NATIONAL CREDITORS BAR ASSOCIATION,Non-Profit Trade Association Representing Creditor Rights Law Firms,,US,DC
3854,287177,"GILEAD SCIENCES, INC.",,,US,CA
3855,401107009,STRATOLAUNCH LLC,,,US,CA
3856,31667,THE PNC FINANCIAL SERVICES GROUP,financial services,,US,PA
3857,39143,"UNITEDHEALTH GROUP, INC.",,,US,DC
3858,401109341,JETZERO,,,US,CA
3859,29163,NEW YORK BANKERS ASSOCIATION,Banking,,US,NY
3860,401106702,"EPIRUS, INC.",,,US,CA
3861,68057,"CONSOL ENERGY, INC",,,US,PA
3946,1843,AMERICAN BUS ASSOCIATION,,,US,DC
3862,401104645,CEPI-U.S.,Advocacy and education on behalf of CEPI Norway,,US,DC
3863,63690,INTERNATIONAL CODE COUNCIL (ICC),,,US,DC
3864,303291,"DISCOVERY COMMUNICATIONS, LLC",,,US,NY
3865,2571,AMERICAN HOSPITAL ASSOCIATION,,,US,DC
3866,17705,HARVARD UNIVERSITY--PRESIDENT AND FELLOWS OF HARVARD COLLEGE,,,US,MA
3867,401107712,CORMEDIX INC.,,,US,NJ
3868,39495,UNIVERSITY OF OREGON,,,US,OR
3869,31851,PORTER WRIGHT MORRIS & ARTHUR LLP,Law firm,,US,OH
3870,401104853,SIXTEEN THIRTY FUND,social welfare organization,,US,DC
3871,401107408,GE HEALTHCARE TECHNOLOGIES INC.,,,US,IL
3872,401103440,AMERICAN TOWER CORPORATION,"Owner, operator and developer of wireless and broadcast communication real estate",,US,MA
3873,301937,UNIVERSITY OF ROCHESTER,,,US,NY
3874,401108842,DEFENSE CREDIT UNION COUNCIL,,,US,DC
3875,401106387,NORTH FUND,Social welfare organization,,US,DC
3876,401105162,"SWISHER INTERNATIONAL, INC., F/K/A SI GROUP CLIENT SERVICES",Manufacture and distribution of tobacco products and vaping products.,,US,DC
3877,401108294,ALLIANCE DEFENDING FREEDOM,,,US,VA
3878,54494,AMAZON.COM SERVICES LLC,,,US,DC
3879,29527,EVERSOURCE ENERGY SERVICE COMPANY,,,US,CT
3880,14187,FARMERS EDUCATIONAL COOPERATIVE UNION OF AMERICA,Grassroots farming organization,,US,DC
3881,401105125,COUNCIL FOR ADVANCEMENT AND SUPPORT OF EDUCATION,Association,,US,DC
3882,400534597,"BLACKROCK FUNDS SERVICES GROUP, LLC",Financial services/asset management,,US,DE
3883,40305,WALMART INC.,,,US,AR
3884,34455,"AT&T SERVICES, INC. AND ITS AFFILIATES",,,US,DC
3885,401103226,NEW VENTURE FUND,Public charity that supports innovative and effective projects.,,US,DC
3886,401108148,CANNON|PEARCE FKA MR. MATT PEARCE,,,US,DC
3887,319530,AMERICAN SOCIETY OF LANDSCAPE ARCHITECTS,professional membership organization,,US,DC
3888,400708125,DEBEVOISE & PLIMPTON LLP,law firm,,US,NY
3889,12378,"DISNEY WORLDWIDE SERVICES, INC.",,,US,DC
3890,401108273,BALFOUR BEATTY INVESTMENTS,,,US,PA
3891,29152,NEW JERSEY STATE BAR ASSOCIATION,,,US,NJ
3892,400459268,"MARS, INCORPORATED",Food manufacturer,,US,VA
3893,40011078,NATIONAL GRAIN AND FEED ASSOCIATION,"Trade association representing member companies in the grain, feed and related industries.",,US,DC
3894,401107501,"FRANKLIN RESOURCES, INC. (FRANKLIN TEMPLETON) AND AFFILIATES",,,US,CA
3895,19252,INDEPENDENT SECTOR,,,US,DC
3896,317311,LANXESS CORPORATION,Specialty Chemicals,,US,PA
3897,401109044,"FIREARMS POLICY COALITION, INC.",,,US,NV
3898,26683,NATIONAL ASSOCIATION OF CHILDRENS HOSPITALS AND AFFILIATES,,,US,DC
3899,18546,"AMERICAN HONDA MOTOR CO., INC.",Environment & Energy Strategy for American Honda's Product Regulatory,,US,DC
3900,10057,COMCAST CORPORATION,,,US,DC
3901,401106161,"ASML US, LLC",Development and manufacturing of semiconductor photolithography systems.,,US,AZ
3902,401106339,"TEACH PLUS, INC.",Empowering teachers to take leadership on issues that advance student success.,,US,MA
3903,400263201,BRENNAN CENTER FOR JUSTICE AT NYU SCHOOL OF LAW,Public interest law firm and policy institute,,US,NY
3904,401105857,"JOBY AERO, INC.",Aerospace company,,US,CA
3905,401103362,"UBER TECHNOLOGIES, INC.",Transportation network,,US,DC
3906,2148,AMERICAN COUNCIL ON EDUCATION,,,US,DC
3907,401103628,"BLUE ORIGIN, LLC",Commercial Space Transportation,,US,WA
3908,26023,MOTOR & EQUIPMENT MANUFACTURERS ASSOCIATION,,,US,DC
3909,401104961,BOOZ ALLEN HAMILTON INC.,consulting,,US,VA
3910,401104797,BACKCOUNTRY HUNTERS & ANGLERS,non-profit,,US,MT
3911,292972,"BOEHRINGER INGELHEIM USA CORPORATION, FORMERLY REPORTED AS BOEHRINGER INGELHEIM PHARMACEUTICALS, INC",,,US,DC
3912,401104532,WISCONSIN HOSPITAL ASSOCIATION,hospital trade association,,US,WI
3913,48942,CELANESE CORPORATION,,,US,TX
3914,26422,REPRODUCTIVE FREEDOM FOR ALL,,,US,DC
3915,28891,"INTERNATIONAL MOTORS, LLC (FORMERLY NAVISTAR, INC.)",Commercial vehicle manufacturing,,US,DC
3916,401104833,"AKEBIA THERAPEUTICS, INC.",biopharmaceutical company,,US,MA
3917,2491,AMERICAN HEALTH CARE ASSOCIATION,,,US,DC
3918,401103841,"HF MANAGEMENT SERVICES, LLC FKA HEALTHFIRST",Provides healthcare coverage to individuals & families in the NY service area.,,US,NY
3919,401103338,JOCHMANS CONSULTING LLC,Government Affairs Consulting,,US,DC
3920,40008054,ROBERT BOSCH LLC,Manufacturing & Engineering Technologies / Solutions,,US,DC
3921,25842,MORGAN STANLEY & CO. LLC,,,US,DC
3922,401109295,"INTRINSIC EXCHANGE GROUP, INC.",,,US,VA
3923,400320505,MOLSON COORS BEVERAGE COMPANY USA LLC,Manufacturer of alcoholic and non-alcoholic beverages.,,US,DC
3924,4130,"UNIVERSITY OF PHOENIX, INC.",Higher education programs for working adults,,US,DC
3925,401105838,"STARZYK & ASSOCIATES, LLC",Lobbying and government relations.,,US,DC
3926,40156,VISA INC.,Financial services and payments technology company.,,US,DC
3927,7554,BUSINESS SOFTWARE ALLIANCE,,,US,DC
3928,59216,"SSAB ENTERPRISES, LLC",Manufacturing,,US,DC
3929,13687,"ENVIRONMENTAL DEFENSE FUND, INCORPORATED","Environmental Defense Fund, Incorporated is an environmental advocate.",,US,NY
3930,304350,"OXFAM AMERICA, INC.",,,US,MA
3931,40032268,"ASTELLAS PHARMA US, INC.",Pharmaceuticals,,US,IL
3932,401107530,COUNCIL FOR INNOVATION PROMOTION (C4IP),,,US,DC
3933,4026,ANHEUSER-BUSCH COMPANIES,,,US,DC
3934,27024,NATIONAL ASSOCIATION OF PROFESSIONAL INSURANCE AGENTS,insurance trade association,,US,VA
3935,298091,THE FRANKLIN PARTNERSHIP,Government Affairs,,US,VA
3936,320873,AMERICAN COLLEGE OF RHEUMATOLOGY,,,US,GA
3937,400458220,NETWORK ADVERTISING INITIATIVE,trade association,,US,DC
3938,401104723,THE JACKSON LABORATORY,biomedical research,,US,ME
3939,401108954,"INSIDE THE BELTWAY SOLUTIONS, LLC",,,US,DC
3940,15097,FOOD MARKETPLACE INC.,,,US,VA
3941,293756,"CENCORA, INC.",Pharmaceutical Distributor,,US,DC
3942,3823,AMERICANS UNITED FOR SEPARATION OF CHURCH AND STATE,,,US,DC
3943,401103749,BORGWARNER INC.,Global tier 1 automotive powertrain supplier,,US,MI
3944,1488,AMERICAN ASSOCIATION FOR MARRIAGE AND FAMILY THERAPY,,,US,VA
3945,400728183,"SMITH & NEPHEW, INC.",Manufacturer of medical devices and biologics,,US,DC
3947,400576731,COGNIZANT TECHNOLOGY SOLUTIONS U.S. CORPORATION,Information technology services.,,US,DC
3948,401107508,"ELASTICSEARCH, INC.",,,US,CA
3949,19877,INTERNATIONAL BUSINESS MACHINES CORPORATION (IBM),,,US,DC
3950,401103593,"COINBASE, INC.",Centralized exchange for digital currency,,US,CA
3951,401105961,"CENTER FOR EMPLOYMENT OPPORTUNITIES, INC.",Employment services for formerly incarcerated individuals,,US,NY
3952,401105499,UFW FOUNDATION,Nonprofit that provides direct services & advocates for farmworker and Latino communities.,,US,CA
3953,401105511,LIFE SCIENCES PENNSYLVANIA,Trade association,,US,PA
3954,400913663,NALEO EDUCATIONAL FUND,Facilitates Latino civic participation through policy research and civic engagement progra,,US,DC
3955,401107907,"TOKYO ELECTRON U.S. HOLDINGS, INC.",,,US,DC
3956,401106576,ALLIANCE FOR REGENERATIVE MEDICINE,,,US,DC
3957,48771,"SALTCHUK RESOURCES, INC.",Multimodal freight transportation provider and petroleum distribution company,,US,DC
3958,7805,CALISTA CORPORATION,,,US,AK
3959,330,"AIRBUS AMERICAS, INC","Corporation focused on designing & manufacturing aerospace products, services, & solutions",,US,VA
3960,401043937,ZOETIS INC.,Animal health,,US,NJ
3961,37926,VISTRA CORPORATE SERVICES COMPANY (FKA VISTRA CORP.),A Texas-based company focused on the competitive energy and power generation markets.,,US,TX
3962,283971,"LENDING TREE, INC",,,US,DC
3963,401104044,EDGE DAIRY FARMER COOPERATIVE,A verification cooperative for milk,,US,WI
3964,12802,SIMPLOT CO. J.R.,Agribusiness company,,US,ID
3965,28218,NATIONAL MINING ASSOCIATION,,,US,DC
3966,24817,"MEDTRONIC, INC.",,,US,DC
3967,401106476,"FORIS DAX, INC. & ITS AFFILIATED ENTITIES D/B/A CRYPTO.COM",,,US,TX
3968,401106184,ROCHESTER REGIONAL HEALTH,Integrated health services organization,,US,NY
3969,401109497,ALLEN CONTROL SYSTEMS,,,US,TX
3970,401104544,OVINTIV INC.,Oil and natural gas exploration and production,,US,CO
3971,400789378,DAIRY BUSINESS ASSOCIATION,Promotion and growth of the dairy industry,,US,WI
3972,401106475,DEFI EDUCATION FUND,,,US,DC
3973,320417,"ARRAY DIGITAL INFRASTRUCTURE, INC. (FKA U.S. CELLULAR CORP)",Wireless service provider,,US,IL
3974,15920,"GENENTECH, INC",,,US,DC
3975,7782,CALIFORNIA STATE UNIVERSITY,,,US,DC
3976,25410,MILLIKEN & COMPANY,Industrial manufacturing,,US,SC
3977,19992,INTERNATIONAL LONGSHOREMEN'S ASSOCIATION,Labor union,,US,NJ
3978,401103171,URAC,health care accreditation organization,,US,DC
3979,6484,"ELEVANCE HEALTH, INC.",Health Benefits Company,,US,DC
3980,25465,3M COMPANY,,,US,DC
3981,313010,MANAGED FUNDS ASSOCIATION,,,US,DC
3982,401105229,"CHANEL, INC.","Luxury Fragrance, Beauty, and Fashion Brand",,US,NY
3983,31406,ALTRIA CLIENT SERVICES LLC,Manufacturer of consumer products.,,US,DC
3984,401105614,AUTOS DRIVE AMERICA,Trade assoc for US operations of intl motor vehicle manufacturers original equip suppliers,,US,DC
3985,400291383,"NOVOZYMES NORTH AMERICA, INC.",Industrial Enzyme Producer,,US,NC
3986,401106483,"DOORDASH, INC.",,,US,CA
3987,31326,PFIZER INC.,Biopharmaceuticals,,US,DC
3988,401105413,TRIPADVISOR LLC,online travel platform,,US,MA
3989,401104107,HEALTHCARE SUPPLY CHAIN ASSOCIATION,Healthcare policy,,US,DC
3990,401108522,"CHRISTOPHERSON ADVOCATES, LLC",,,US,MN
3991,401105674,CARRIER GLOBAL CORPORATION,manufacturing,,US,FL
3992,401105015,"WORKDAY, INC.",Leading provider of enterprise cloud applications for finance and human resources,,US,CA
3993,401108957,"BT STRATEGIES, LLC",,,US,IN
3994,302313,"AMERIPRISE FINANCIAL, INC.",diversified financial services firm,,US,DC
3995,28184,NATIONAL MARROW DONOR PROGRAM,,,US,MN
3996,66055,TRUST FOR AMERICA'S HEALTH,,,US,DC
3997,401105294,BYTEDANCE INC.,Internet Technology Company,,US,DE
3998,401108320,ANTHROPIC,,,US,CA
3999,2811,AMERICAN LUNG ASSOCIATION,,,US,DC
4000,401049958,BIOMARIN PHARMACEUTICAL INC.,Develops and commercializes biopharmaceuticals.,,US,CA
4001,401104604,"SNP ALLIANCE, INC.",Alliance/Association of Medicare Special Needs Plans,,US,DC
4002,401105617,ARTEMIS POLICY GROUP LLC,Lobbying firm,,US,DC
4003,54107,NATIONAL FAIR HOUSING ALLIANCE,,,US,DC
4004,58055,"CARDINAL HEALTH, INC.",,,US,OH
4005,88792,"ALASKA AIRLINES, INC.",,,US,DC
4006,400612859,FAIR ISAAC CORPORATION (DBA FICO),Decision management applications and tools; analytics; professional services.,,US,CA
4007,19230,INDEPENDENT PETROLEUM ASSOCIATION OF AMERICA,,,US,DC
4008,19718,INTL. ASSN. OF AMUSEMENT PKS. & ATTRS.,,,US,FL
4009,65715,"XCEL ENERGY, INC",,,US,DC
4010,401103333,"CENGAGE LEARNING, INC.",EDUCATIONAL CONTENT TECHNOLOGY AND SERVICES COMPANY,,US,MA
4011,400418986,"HEALTH CARE SERVICE CORPORATION, A MUTUAL LEGAL RESERVE COMPANY (HCSC)",Health insurance and related activities.,,US,IL
4012,285610,TONIO BURGOS & ASSOCIATES OF NEW JERSEY LLC,Lobby Firm,,US,NY
4013,401105422,"GLOBAL MEDICAL RESPONSE, INC.",Air medical service provider,,US,TX
4014,26945,NATIONAL ASSOCIATION OF MUTUAL INSURANCE COMPANIES,,,US,DC
4015,73293,CONSUMER TECHNOLOGY ASSOCIATION,,,US,VA
4016,9000,CHEVRON U.S.A. INC.,,,US,CA
4017,29232,NEW YORK UNIVERSITY,,,US,NY
4018,3184,AMERICAN PUBLIC POWER ASSOCIATION,,,US,VA
4019,400386789,NATIONAL FOOTBALL LEAGUE,Professional football league.,,US,DC
4020,25192,"MICRON TECHNOLOGY, INC.",Semi-conductor manufacturing,,US,ID
4021,1216,"THE ALUMINUM ASSOCIATION, INC.",Trade Association,,US,VA
4022,9090,"CLS STRATEGIES (FORMERLY CHLOPAK, LEONARD, SCHECHTER AND ASSOCIATES, INC.)",strategic communications and public affairs,,US,DC
4023,35263,SIEMENS CORPORATION,,,US,DC
4024,293494,HUMAN RIGHTS FIRST,,,US,NY
4025,401003839,"MONDELEZ GLOBAL, LLC",Food Manufacturer,,US,DC
4026,292312,CARGO AIRLINE ASSOCIATION,Association representing the interest of the all-cargo US Airlines,,US,DC
4027,401105512,ECHELON GOVERNMENT AFFAIRS,Government relations consulting,,US,DC
4028,301232,DAVITA INC.,,,US,DC
4029,14165,FARM CREDIT COUNCIL,Government affairs support for agricultural finance trade association.,,US,DC
4613,401109549,725 STRATEGIES,,,US,VA
4030,401104096,VANDERBILT UNIVERSITY MEDICAL CENTER,academic medical center,,US,TN
4031,401104703,"FEDERAL STREET STRATEGIES, LLC",Government relations and public policy consulting firm,,US,DC
4032,401108064,AMNEAL PHARMACEUTICALS,,,US,NJ
4033,401106413,SAILDRONE INC.,,,US,CA
4034,60195,CYSTIC FIBROSIS FOUNDATION,Foundation working to find a cure for cystic fibrosis.,,US,MD
4035,401105768,"APPLIED RESEARCH ASSOCIATES, INC.",Research and Engineering,,US,VA
4036,401106288,TRELLIX (FORMERLY MUSARUBA US LLC),COMPUTER SECURITY,,US,VA
4037,302290,"BOLTON-ST. JOHNS, LLC",Government Relations Firm,,US,NY
4038,3652,ACTE,Career and Technical Education/Workforce Issues,,US,VA
4039,401104028,INFINEON TECHNOLOGIES AMERICAS CORP.,Semiconductor manufacturer.,,US,CA
4040,300297,SONY MUSIC ENTERTAINMENT (FORMERLY KNOWN AS SONY BMG MUSIC ENTERTAINMENT),,,US,NY
4041,401103478,LPL FINANCIAL,Finance,,US,DC
4042,401105154,CULTIVATING CONSERVATION,consulting,,US,VA
4043,401106955,EMD MILLIPORE CORPORATION,,,US,DC
4044,401104605,STANLEY BLACK & DECKER,manufacturer of industrial tools and household hardware and provider of security products,,US,DC
4045,61254,"INTUIT, INC. AND AFFILIATES (FORMERLY INTUIT, INC.)",,,US,DC
4046,49910,"FARMERS GROUP, INC",,,US,DC
4047,401108936,BRANZ CONSULTING LLC,,,US,MI
4048,400427058,WILLIAM BALL,Consulting firm,,US,VA
4049,401106095,TRIPLE P AMERICA,Evidence-based parenting support program,,US,SC
4050,39586,UNIVERSAL MUSIC GROUP,,,US,DC
4051,401107131,FILECOIN FOUNDATION,,,US,DE
4052,401108684,GE VERNOVA INTERNATIONAL LLC,,,US,DC
4053,8577,CTIA-THE WIRELESS ASSOCIATION,,,US,DC
4054,401106245,"LIQUID ADVISORS, INC.",Strategic Advisory Firm,,US,NJ
4055,27263,NATIONAL AUTOMOBILE DEALERS ASSOCIATION,,,US,VA
4056,302175,CERBERUS CAPITAL MANAGEMENT,,,US,NY
4057,1557,AMERICAN ASSOCIATION OF COMMUNITY COLLEGES,,,US,DC
4058,401109496,NAWAR STRATEGY,,,US,DC
4059,27558,NATIONAL CORN GROWERS ASSN,Trade Association for Corn Growers and their related interests,,US,DC
4060,401107965,STANDARD INDUSTRIES,,,US,NY
4061,12994,UNITED SPINAL ASSOCIATION,,,US,NY
4062,401046944,FIRST AMERICAN FINANCIAL CORPORATION,Title insurance and related services.,,US,CA
4063,27478,NATIONAL COMMUNITY PHARMACISTS ASSOCIATION,,,US,VA
4064,400783358,MS. MICHELLE NAWAR,Strategist/Lobbyist,,US,DC
4065,400472332,GENERAL MOTORS COMPANY,Automotive transportation company,,US,DC
4066,27376,NATIONAL CATTLEMEN'S BEEF ASSOCIATION,Trade Association for U.S. Cattle Producers,,US,DC
4067,3867,"AMGEN, INC.",,,US,DC
4068,40036301,KNIGHT CAPITOL CONSULTANTS,Government Relations,,US,VA
4069,401104534,"SPARK THERAPEUTICS, INC.",biotechnology,,US,PA
4070,401103969,"ETSY, INC.",Etsy is an online marketplace where people connect to buy and sell goods.,,US,NY
4071,1262,ALZHEIMER'S ASSOCIATION,,,US,DC
4072,72873,"MITSUBISHI ELECTRIC US, INC.",,,US,VA
4073,12527,"THE DOW CHEMICAL COMPANY, DBA DOW",,,US,DC
4074,16293,GSK (FKA GLAXOSMITHKLINE INC.),PHARMACEUTICALS,,US,DC
4075,401105625,ARCONIC CORPORATION,Aluminum manufacturing,,US,PA
4076,29356,"NISSAN NORTH AMERICA, INC.",,,US,TN
4077,401109055,BRAMBLES,,,US,MD
4078,401104210,GOLDSTEIN POLICY SOLUTIONS LLC,Public policy consulting services,,US,DC
4079,401104889,"BUTERA, ISRAEL & BECKER PLLC",Law Firm,,US,DC
4080,43822,"AMNESTY INTERNATIONAL OF THE USA, INC.",,,US,NY
4081,401107929,HANWHA Q CELLS AMERICA INC.,,,US,DC
4082,401105100,MWMURRAY CONSULTING LLC,lobbying and consulting,,US,VA
4083,401105524,"GRAIL, INC. (FORMERLY GRAIL, LLC)",Biotechnology Company,,US,DC
4084,401106735,"CROWDSTRIKE, INC.",,,US,TX
4085,90250,TREMONT STRATEGIES GROUP LLC (F/K/A ADS VENTURES),government relations,,US,MA
4086,88212,THE KROGER CO.,,,US,OH
4087,14143,FARM CREDIT BANK OF TEXAS,Lending Institution,,US,TX
4088,401105324,"CITIZENS FOR RESPONSIBLE ENERGY SOLUTIONS, INC.","Responsible, conservative solutions to address energy, economic, & environmental security",,US,DC
4089,288098,"PARKER, POE, ADAMS & BERNSTEIN LLP",Law firm,,US,NC
4090,401106191,FOOD SOLUTIONS ACTION,Nonprofit advocacy organization,,US,DC
4091,401107770,SOUTHERN CALIFORNIA PUBLIC RADIO,,,US,CA
4092,401105723,FINDARO ASSOCIATES LLC,Public Affairs,,US,FL
4093,401107769,MINNESOTA PUBLIC RADIO,,,US,MN
4094,401108149,SOLVAY CHEMICALS INC.,,,US,TX
4095,401104583,GLOBAL REFUGE (FORMERLY REPORTED AS LUTHERAN IMMIGRATION AND REFUGEE SERVICE),"Advocate for migrants and refugees, transforming communities through ministries of service",,US,DC
4096,53618,HYUNDAI MOTOR COMPANY,,,US,DC
4097,24566,MCKESSON CORPORATION & AFFILIATES U.S. ONCOLOGY AND RX SAVINGS SOLUTIONS (FORMERLY MCKESSON CORP),,,US,TX
4098,401106428,"CONSTELLATION ENERGY GENERATION, LLC",,,US,MD
4099,400686042,"NETFLIX, INC.",Entertainment Distribution Company,,US,CA
4100,32032,LINDE INC.,Manufacturing,,US,CT
4101,401106950,"SAMSUNG SDI AMERICA, INC.",,,US,MI
4102,401103095,"WEST HARLEM ENVIRONMENTAL ACTION, INC.",We build healthy communities by organizing communities of color to advocate for policy,,US,NY
4103,72736,BROWN UNIVERSITY,,,US,RI
4104,28457,NATIONAL RESTAURANT ASSOCIATION,,,US,DC
4105,34216,SALT RIVER PROJECT,,,US,DC
4106,401105756,"SAFESPILL SYSTEMS, LLC","Manufacturing, Fire Fighting Technology",,US,TX
4107,283630,"CENTER FOR RESPONSIBLE LENDING, A SUPPORTING CORP OF CTR FOR COMMUNITY SELF-HELP",,,US,DC
4108,401107525,DRAGOS,,,US,MD
4109,401108719,LINE HONORS STRATEGY GROUP LLC,,,US,MD
4110,401106157,PHLOW CORPORATION,Generic Pharmaceutical Manufacturing,,US,VA
4111,401108431,"LONG STRATEGIES, INC.",,,US,DC
4112,401106566,ADVOCATES FOR COMMUNITY HEALTH,,,US,DC
4113,401104510,CYPRESS CREEK RENEWABLES,,,US,CA
4114,401107839,PARADIGM OPERATIONS LP,,,US,CA
4115,22108,LAM RESEARCH CORPORATION,Semiconductor Equipment design and manufacturer,,US,CA
4116,13051,"DISH NETWORK, LLC",,,US,DC
4117,401106905,JEFFRIES STRATEGIES LLC,,,US,DC
4118,34810,SEMI,"Semiconductor technology, manufacturing and trade issues.",,US,DC
4119,400471327,"CONSERVATION PATHWAYS, LLC",strategic/public policy consulting,,US,CA
4120,54517,EBAY INC.,,,US,DC
4121,401108082,ALKI STRATEGIES LLC,,,US,DC
4122,400904641,COLETTE DESMARAIS,self-employed health policy consultant,,US,CO
4123,28253,NATIONAL ORGANIZATION OF SOCIAL SECURITY CLAIMANTS' REPRESENTATIVES,,,US,NY
4124,401103981,SPOTIFY USA INC.,Digital music service,,US,DC
4125,401105750,INFUSION PROVIDERS ALLIANCE,Healthcare Association,,US,DC
4126,309754,PACIFIC LIFE INSURANCE COMPANY,,,US,CA
4127,302698,EATON CORPORATION,Manufacturing,,US,OH
4128,12972,EARTHJUSTICE,Nonprofit law firm,,US,DC
4129,400735205,CARNIVAL CORPORATION (FKA CARNIVAL NORTH AMERICA LLC),Cruise Line,,US,VA
4130,1238,"HOWMET AEROSPACE, INC. FORMALLY KNOWN AS ARCONIC, INC.","Alcoa, Inc was separated on 11/1/2016 and this account now belongs to Arconic, Inc.",,US,PA
4131,401108950,EARTHJUSTICE ACTION,,,US,DC
4132,28845,NATURAL GAS SUPPLY ASSOCIATION,,,US,DC
4133,401105778,"LUCID USA, INC.",Electric Vehicle and Electric Stationary Storage Manufacturer,,US,CA
4134,401103767,"O'CONNELL & DEMPSEY, LLC",Lobbying/Government Relations,,US,DC
4135,10662,"UNITED AIRLINES, INC.",,,US,DC
4136,401103845,COVESTRO LLC,Chemical manufacturing company.,,US,PA
4137,401107461,"LINDA MAYNOR, INC.",,,US,AL
4138,401106451,GORDIAN GROUP,,,US,SC
4139,401104914,"CAPITOL ADVOCACY & GOVERNMENT AFFAIRS, LLC",government relations and lobbying,,US,VA
4140,8475,CATERPILLAR INC.,Manufacturing,,US,DC
4141,401105542,"RPN ADVOCACY, LLC","Domestic helium policy, helium supply security, critical minerals",,US,DC
4142,400803404,MARATHON PETROLEUM COMPANY LP,Oil refiner,,US,DC
4143,4766,"ASSOCIATED BUILDERS AND CONTRACTORS, INC.",Construction trade Association,,US,DC
4144,1808,AMERICAN BAR ASSOCIATION,,,US,DC
4145,401106656,MCGINNIS LOCKRIDGE,,,US,TX
4146,26067,THE MOUNT SINAI HOSPITAL,Health Care,,US,NY
4147,401108698,AUBREY MATURIN LLC,,,US,AR
4148,44300,"CISCO SYSTEMS, INC",,,US,DC
4149,401105647,BLOCK INC.,"&#226;€‹financial services, merchant services and mobile payments",,US,CA
4150,26001,"MOTION PICTURE ASSOCIATION, INC.",,,US,DC
4151,400458207,"META PLATFORMS, INC. AND VARIOUS SUBSIDIARIES",Online social network.,,US,DC
4152,48736,"EMD SERONO, INC.",,,US,DC
4153,31202,"PEPSICO, INC",,,US,NY
4154,1078,"SUNTORY GLOBAL SPIRITS, INC. (FORMERLY BEAM SUNTORY INC.)",,,US,DC
4155,401105170,"FLORA FOOD US, INC. (FKA UPFIELD US INC.)",MANUFACTURER OF PLANT-BASED FOODS,,US,NJ
4156,62233,"PHEASANTS FOREVER, INC.",,,US,MN
4157,48326,PACKAGE SHIPPERS ASSOCIATION,Idustry ass'n representing buisness to consumer merchants  www.parcelshippers.org,,US,DC
4158,401108785,FUND FOR A BETTER FUTURE,,,US,CA
4159,401104837,KELSAY STRATEGIES LLC,Government and Public Affairs,,US,DC
4160,401108867,"FP ADVOCACY, LLC",,,US,CA
4161,401106168,"COUPANG, INC.",E-commerce,,US,WA
4162,305098,"ADUSTON CONSULTING, LLC",Lobbying and consulting firm,,US,VA
4163,401108231,"THE BUSINESS COUNCILS 90A, LLC",,,US,DC
4164,401107971,SOLAREDGE TECHNOLOGIES INC.,,,US,CA
4165,13791,ERICSSON INC.,Global provider of telecommunications equipment and related services,,US,DC
4166,49203,LYONDELL CHEMICAL COMPANY,,,US,TX
4167,401105505,CITGO PETROLEUM CORPORATION,"Refiner, transporter, and marketer of fuels & petrochemical products.",,US,TX
4168,63110,DALEY POLICY GROUP,Lobby Issues,,US,DC
4169,7543,"THE BUSINESS ROUNDTABLE, INC.",,,US,DC
4170,401106347,"CHIME FINANCIAL, INC.",Financial services technology company,,US,DC
4171,48678,"BP AMERICA, INC",Energy company,,US,DC
4172,82751,"IHEARTMEDIA, INC.",,,US,DC
4173,21585,KIMBERLY-CLARK CORPORATION,Consumer Products Manufacturer,,US,DC
4174,400735201,MEALS ON WHEELS AMERICA,non-profit charitable association of Meals On Wheels providers across the USA,,US,VA
4175,400838477,SCHNEIDER ELECTRIC,manufacturing,,US,MA
4176,400728184,AMERICAN FOREST FOUNDATION,"non profit conservation organization, focus on family forest and environmental education",,US,DC
4177,400489404,HILTON WORLDWIDE,Hotels and Hospitality,,US,VA
4178,400606844,BOYD GAMING CORPORATION,Casino Gaming,,US,NV
4179,401104131,"REGENERON PHARMACEUTICALS, INC",Biopharmaceutical development and manufacturing,,US,NY
4180,401104825,"ILLUMINA, INC.","&#226;€‹Sequencing and Array-based Solutions for Genetic Research, Clinical and Applied Markets.",,US,CA
4181,401107780,INFINERA CORPORATION,,,US,CA
4182,69311,AMERICA'S POWER,Trade Association,,US,VA
4183,400491413,"TRUEBLUE, INC.",Temporary staffing,,US,WA
4184,401105392,"BLUE RIDGE LAW & POLICY, P.C.",Law firm,,US,DC
4185,38404,U.S. TRAVEL ASSOCIATION,Travel Industry Association,,US,DC
4186,67934,SCAN HEALTH PLAN,SCAN Health Plan is a Medicare Advantage HMO.,,US,CA
4187,313976,"THE GOLDMAN SACHS GROUP, INC.",,,US,DC
4188,401104287,MGM RESORTS INTERNATIONAL,"Develops, builds and operates destination resorts.",,US,NV
4189,400481368,"LIVE NATION ENTERTAINMENT, INC.",Concerts; Sponsorship & Advertising; Ticketing.,,US,CA
4190,28663,NATIONAL TAXPAYERS UNION,,,US,DC
4191,3537,"TRANE TECHNOLOGIES COMPANY LLC (FKA INGERSOLL RAND, TRANE, AMERICAN STANDARD)",,,US,DC
4192,36140,EDISON INTERNATIONAL,Lobbying,,US,DC
4193,27742,"NATIONAL ELECTRICAL CONTRACTORS ASSOCIATION, INC.",Trade Association,,US,MD
4194,401106017,FREEPORT-MCMORAN INC.,"mining, natural resources",,US,AZ
4195,288236,THE METROHEALTH SYSTEM,healthcare,,US,OH
4196,59158,"T-MOBILE USA, INC.",telecommunications,,US,DC
4197,401106201,GRUBHUB HOLDINGS INC.,,,US,IL
4198,401108540,MIDDLE EAST FORUM,,,US,PA
4199,401104681,THE AMERICAN UNIVERSITY IN CAIRO,Higher Education,,US,NY
4200,312678,LOWE'S COMPANIES INC.,Retail,,US,NC
4201,42240,ZIONTZ CHESTNUT,Law firm,,US,WA
4202,30518,PACIFIC GAS AND ELECTRIC COMPANY,,,US,CA
4203,49054,"APTIV, PLC","Automotive technology development, manufacturing and sales",,US,MA
4204,1752,AMERICAN AUTOMOBILE ASSOCIATION,Membership organization,,US,DC
4205,401107355,FORA PARTNERS,,,US,DC
4206,401103363,"ARMITAGE CONSULTING, LLC",Government relations,,US,MD
4207,316890,DELOITTE LLP,Professional services firm,,US,DC
4208,4152,APPLE INC.,COMPUTER MANUFACTURING,,US,DC
4209,401106663,"RADIANT INDUSTRIES, INC.",,,US,CA
4210,298615,THE AES CORPORATION,Energy Producer,,US,VA
4211,302778,CVS HEALTH (AND SUBSIDIARIES),Health Care,,US,DC
4212,88358,PEARSON EDUCATION,Education publishing and assessments,,US,NJ
4213,401108720,AMERICAN FINTECH COUNCIL,,,US,DC
4214,400265213,PMI US CORPORATE SERVICES INC. (FKA PMI GLOBAL SERVICES INC.),"Providing services to US parent, Philip Morris International Inc. (PMI), int'l tobacco co.",,US,DC
4215,401104897,"JUUL LABS, INC.",Manufacturing and distributing e-cigarettes and vaping products.,,US,DC
4216,401106332,"SOLV ENERGY, LLC",Renewable Energy Engineering Procurement and Construction Company,,US,CA
4217,401106672,CURRENTSTRATEGIC LLC,,,US,DC
4218,48873,SIIA,,,US,DC
4219,401107560,"THE 51 GROUP, LLC",,,US,CA
4220,401103898,SYNCHRONY FINANCIAL,Consumer Financial Services Company,,US,CT
4221,5836,VERIZON COMMUNICATIONS INC. AND VARIOUS SUBSIDIARIES,,,US,DC
4222,401104999,BLOCKCHAIN ASSOCIATION,Trade Association,,US,DC
4223,14017,EXXON MOBIL CORP,,,US,TX
4224,401104172,"SAZERAC COMPANY, INC.",Distiller of spirits,,US,DC
4225,401107938,"CENTER FOR AI SAFETY ACTION FUND, INC.",,,US,CA
4226,19720,"INT'L. ASSOCIATION OF BRIDGE, STRUCTURAL, ORNAMENTAL & REINFORCING IRON WORKERS",,,US,DC
4227,91650,"THE MITCHELL FIRM, INC.",Government relations and lobbying firm.,,US,FL
4228,401107987,"OPENAI OPCO, LLC",,,US,CA
4229,401103082,"X CORP. (FORMERLY TWITTER, INC.)",Social networking service,,US,TX
4230,401106637,"GARMIN INTERNATIONAL, INC.",,,US,KS
4231,401106563,CITADEL ENTERPRISE AMERICAS SERVICES LLC,,,US,FL
4232,401105220,DAVID W JONES,Executive Director of High Tech Inventors Alliance,,US,VA
4233,401104432,"MILNE, WIENER & SHOFE GLOBAL STRATEGIES (FKA M & W GOVERNMENT AFFAIRS, LLC)",Government Relations Firm,,US,DC
4234,401109240,"BUILD CAPITOL, LLC",,,US,VA
4235,22872,LINCOLN NATIONAL CORPORATION,,,US,IN
4236,400797391,EDUCATION REFORM NOW ADVOCACY,Education Reform,,US,NY
4237,40047364,THE PENNSYLVANIA AVENUE GROUP,government relations,,US,DC
4238,400609853,HERITAGE ACTION FOR AMERICA,Issue advocacy in support of conservative principle,,US,DC
4239,29117,NATIONAL GRID USA,,,US,DC
4240,12744,DUKE ENERGY CORPORATION,,,US,DC
4241,400269232,SECURING AMERICA'S FUTURE ENERGY ALLIANCE,non-profit organization promoting energy security,,US,DC
4242,308230,"POET, LLC",Production of ethanol and other biorefined products.,,US,SD
4243,400823441,EQT CORPORATION,&#226;€‹Energy production.,,US,PA
4244,16522,"GOODWILL INDUSTRIES INTERNATIONAL, INC.",,,US,MD
4245,400402896,"CLEAN AIR TASK FORCE, INC.",Non-profit environmental advocacy organization,,US,MA
4246,24442,S&P GLOBAL INC. (F/K/A MCGRAW HILL FINANCIAL INC.),"Financial intelligence company providing global credit ratings, benchmarks, and analytics.",,US,NY
4247,17000,"GROOM LAW GROUP, CHARTERED",Law firm,,US,DC
4248,25955,MORTGAGE BANKERS ASSOCIATION,,,US,DC
4249,28812,"NATSO, INC.",,,US,VA
4250,401107233,"FIREFLY AEROSPACE, INC.",,,US,TX
4251,401104271,"CAPITOL PARTNERS, LLC",advocacy firm,,US,OH
4252,401107080,LYKOS THERAPEUTICS,,,US,CA
4253,400715150,C.A.R. CONSULTING SERVICES,Government Relations Consulting Firm.,,US,FL
4254,401105777,EASTPORT STRATEGIES LLC,&#226;€‹Government Relations Firm,,US,VA
4255,401107689,LONDON STOCK EXCHANGE GROUP,,,US,DC
4256,401106107,"WORKMONEY, INC (DBA WORKMONEY)",Social welfare organization,,US,WI
4257,401104879,"INVESCO HOLDING COMPANY (US), INC",Investment management,,US,DC
4258,400566692,KIA CORPORATION (FORMERLY KNOWN AS KIA MOTORS CORPORATION),Automotive manuacturing and sales.,,US,DC
4259,26353,VIATRIS INC.,,,US,PA
4260,401108724,"CEDAR INNOVATION FOUNDATION, INC.",,,US,DE
4261,50887,THE NATURE CONSERVANCY,,,US,VA
4262,24373,MCDONALD'S CORPORATION,Food Service Industry,,US,DC
4263,26284,MUTUAL OF OMAHA,,,US,NE
4264,401106537,DAVID CARLUCCI CONSULTING,,,US,NY
4265,400395860,ALSTOM TRANSPORTATION INC.,"Management of Alstom's activities in the Power Systems, Power Service and Transport Sector",,US,NY
4266,26546,NATIONAL ASPHALT PAVEMENT ASSOCIATION,,,US,MD
4267,401105396,"AMERICANS FOR CARBON DIVIDENDS, INC",National education and advocacy campaign,,US,DC
4268,40048367,AMERICAN ARBITRATION ASSOCIATION,not-for-profit public service organization providing ADR services,,US,DC
4269,60674,"QUALCOMM, INCORPORATED",,,US,DC
4270,304111,PUBLIC BROADCASTING SERVICE,acquisition and distribution of public media programs,,US,VA
4271,39267,RTX CORPORATION AND AFFILIATES,,,US,VA
4272,38528,TROUT UNLIMITED,To conserve protect and restore coldwater fisheries and their watersheds,,US,VA
4273,400328546,NORTHERN CALIFORNIA POWER AGENCY,"NCPA is a joint action agency devoted to providing energy to munis, coops, and irrig. dist",,US,CA
4274,401081033,UNIVERSITY OF SOUTH FLORIDA,Higher Education,,US,FL
4275,1581,"AMERICA'S HEALTH INSURANCE PLANS, INC. (AHIP)",,,US,DC
4276,401106368,GUSTO,"Payroll, Human Resources, and Employer Benefits provider.  Consumer financial services",,US,CA
4277,32635,RAILS-TO-TRAILS CONSERVANCY,,,US,DC
4278,401103942,"ATLAS AIR WORLDWIDE HOLDINGS, INC.",International airfreight holding company,,US,DC
4279,13528,EMORY UNIVERSITY,Education and health care.,,US,DC
4280,401105737,"BEONE MEDICINES USA, INC. (FORMERLY BEIGENE USA, INC.)",Biopharmaceutical company,,US,MA
4281,86595,SPACE EXPLORATION TECHNOLOGIES,Commercial space launch transportation,,US,DC
4282,401108175,REACT19,,,US,WI
4283,401108538,JORDAN GOLDSTEIN,,,US,NJ
4284,401105732,AMERICAN ASSOCIATION FOR LABORATORY ACCREDITATION (A2LA),Laboratory and related business accreditation body,,US,MD
4285,401105397,"MATCH GROUP, INC.",Dating products provider,,US,TX
4286,400412950,TESLA INC.,Designer and Manufacturer of Electric Vehicles and Electric Vehicle Powertrain Components,,US,TX
4287,39132,INTERNATIONAL FRESH PRODUCE ASSOCIATION (FKA UNITED FRESH PRODUCE ASSOCIATION),Fresh produce,,US,DC
4288,27731,NATIONAL EDUCATION ASSOCIATION,,,US,DC
4289,77435,HUNTINGTON BANCSHARES INCORPORATED,,,US,OH
4290,401105296,KEY BRIDGE ADVISORS,Consulting Firm,,US,PA
4291,400428070,"NATIONAL HEALTH ADVISORS, LLC",Government affairs,,US,DC
4292,313737,ALLY FINANCIAL INC.,,,US,DC
4293,401105265,"EDGE ADVOCACY SOLUTIONS, LLC",Government Relations,,US,DC
4294,79290,AMERICAN HOTEL & LODGING ASSOCIATION,American Hotel & Lodging Association,,US,DC
4295,401108711,STEALTH BIOTHERAPEUTICS INC.,,,US,MA
4296,400960770,ENBRIDGE (U.S.) INC,Enbridge is North Americas largest energy infrastructure company,,US,TX
4297,401105824,"ANDURIL INDUSTRIES, INC.",Autonomous Security Systems,,US,CA
4298,73134,O'NEILL AND ASSOCIATES,Lobbyist,,US,MA
4299,401105478,"EJK, LLC",Government Relations,,US,MD
4300,316753,THE CRISCOM COMPANY,Governmental affairs consulting,,US,CA
4301,401105036,AMERICAN PRINCIPLES PROJECT,center-right political advocacy c4 organization,,US,VA
4302,296511,STRYKER CORPORATION,,,US,MI
4303,22371,LEADERSHIP CONFERENCE ON CIVIL AND HUMAN RIGHTS,,,US,DC
4304,400361683,"MARSH & MCLENNAN COMPANIES, INC.",Professional Services,,US,DC
4305,401107087,"MAVERICK STRATEGIES, LLC",,,US,VA
4306,400276315,THE TEXAS A&M UNIVERSITY SYSTEM,"Higher education, defense security",,US,TX
4307,39371,UNIVERSITY OF COLORADO,,,US,CO
4308,401106229,TEXAS CHILDREN'S HOSPITAL,"Texas Children's Hospital is a not-for-profit, freestanding children's & women's hospital.",,US,TX
4309,400864533,AMERICAN ACADEMY OF PHYSICAL MEDICINE AND REHABILITATION,Advocacy on behalf of the medical specialty of Physical Medicine and Rehabilitation,,US,IL
4310,401027898,"FEDERAL HEALTH COUNSEL, LLC",Consulting and lobbying business specific to health care.,,US,VA
4311,40009071,AECOM,"Design, engineering and construction",,US,DC
4312,401107334,"KED STRATEGIES, LLC",,,US,VA
4313,401106097,EVGO,EV charging network,,US,CA
4314,401109117,ANDERSEN CORPORATION,,,US,MN
4315,25170,MICHIGAN STATE UNIVERSITY,University,,US,DC
4316,400816427,"D SQUARED TAX STRATEGIES, LLC",Government Relations Firm.,,US,DC
4317,400326530,RICE UNIVERSITY,Private institution of higher education,,US,TX
4318,295873,SOUTHERN COMPANY,,,US,DC
4319,401105955,"CONAWAY GRAVES GROUP, LLC",Government relations firm.,,US,TX
4320,401108352,AMERIPEN,,,US,MA
4321,401108565,ASTRANIS,,,US,CA
4322,39325,UNIVERSITY OF ARIZONA,,,US,AZ
4323,60218,BLOOD CANCER UNITED (FKA THE LEUKEMIA & LYMPHOMA SOCIETY),Non-profit patient advocacy organization,,US,DC
4324,400364697,ADVION (FORMERLY NATIONAL ASSOCIATION FOR THE SUPPORT OF LONG TERM CARE),Trade assoc. representing ancillary of services and products to post-acute care settings.,,US,DC
4325,401103671,SYSCO CORPORATION,foodservice distribution,,US,TX
4326,401103797,CITIZENS' CLIMATE LOBBY,Volunteer lobbying and building political will for a livable world.,,US,CA
4327,31100,THE PENNSYLVANIA STATE UNIVERSITY,,,US,PA
4328,19478,THE INSTITUTE OF ELECTRICAL AND ELECTRONICS ENGINEERS,,,US,DC
4329,401105965,"ELIAS WALKER, INC.",consultant,,US,DC
4330,400874561,COMMUNITY ONCOLOGY ALLIANCE,Non-profit (501.c.6) healthcare organization,,US,DC
4331,401107346,OKLO INC.,,,US,CA
4332,16681,EDMUND GRABER,consultant,,US,VA
4333,49602,NATIONAL ASSOCIATION OF SECONDARY SCHOOL PRINCIPALS,,,US,VA
4334,401106306,"SOLARWINDS, INC.",IT software,,US,TX
4335,401108157,"E2C STRATEGIES, LLC",,,US,DC
4336,5426,MARK BARNES & ASSOCIATES,law firm,,US,DC
4337,400752252,HUNTINGTON INGALLS INDUSTRIES INCORPORATED,Navy shipbuilding and heavy manufacturing,,US,VA
4338,401108026,UNITED AERIAL FIREFIGHTERS ASSOCIATION,,,US,DC
4339,288293,"THE CJR GROUP, INC.",Consulting Firm,,US,OH
4340,401104101,B+S STRATEGIES,Public Policy Consulting.,,US,FL
4341,40036305,WASHINGTON MATTERS LLC,Government relations; public relations,,US,LA
4342,400517527,"LAW OFFICES OF DONALD A. BARNES, PLLC",Law practice,,US,DC
4343,401105703,"INTEGRATED STRATEGY GROUP, LLC",Government Affairs and Public Relations Firm,,US,VA
4344,401031905,CHILDREN'S HEALTHCARE OF ATLANTA,Pediatric Healthcare Organization,,US,GA
4345,401105487,RAY ANDERSON,"Government relations, congressional meetings, briefings",,US,DC
4346,41682,WINSTON & STRAWN LLP,Law firm,,US,DC
4347,285073,WILDLIFE CONSERVATION SOCIETY,,,US,NY
4348,400595820,INTERNATIONAL MYELOMA FOUNDATION,patient advocacy organization,,US,CA
4349,73271,"SIGNAL GROUP CONSULTING, LLC",Public affairs and government relations.,,US,DC
4350,401103450,COLLEGE OF HEALTHCARE INFORMATION MANAGEMENT EXECUTIVES,Professional organization for healthcare chief information officers,,US,MI
4351,27616,NATIONAL COUNCIL OF AGRICULTURAL EMPLOYERS,Agricultural trade association,,US,VA
4352,401108409,"STOICK CONSULTING, LLC",,,US,VA
4353,57954,"TAKEDA PHARMACEUTICALS AMERICA, INC.",Pharmaceutical Company,,US,DC
4354,89111,THE TRANSPORT PROJECT FKA NGVAMERICA,Trade association that promotes the use of natural gas as a transportation fuel,,US,DC
4355,19968,INTERNATIONAL FEDERATION OF PROFESSIONAL AND TECHNICAL ENGINEERS (IFPTE),,,US,DC
4356,28344,AMERICAN FUEL & PETROCHEMICAL MANUFACTURERS,Trade Association formerly known as National Petrochemical & Refiners Association.,,US,DC
4357,53653,AUTOMOTIVE RECYCLERS ASSOCIATION,,,US,VA
4358,19194,INDEPENDENT COMMUNITY BANKERS OF AMERICA,,,US,DC
4359,401109440,LEWIS STRATEGIES,,,US,DC
4360,62791,RTI INTERNATIONAL,Research and Development,,US,NC
4361,1375,AMERICAN ACADEMY OF ORTHOPAEDIC SURGEONS,Provider of musculoskeletal education to orthopaedic surgeon and other in the world,,US,IL
4362,401105694,"BRENDAN NEAL STRATEGIES, LLC",Government Relations Firm.,,US,DC
4363,32395,PUBLIC LANDS COUNCIL,,,US,DC
4364,401103619,"WARWICK GROUP CONSULTANTS, LLC",Federal consulting,,US,DC
4365,401103079,"VIRTUAL OPERATIONS, LLC",Government Relations Consulting & Lobbying Firm,,US,CO
4366,401107490,"URSA MAJOR TECHNOLOGIES, INC.",,,US,CO
4367,13153,"EDUCATION FINANCE COUNCIL, INC.",,,US,DC
4368,400962773,"BEN NIGHTHORSE CONSULTANTS, INC.",Lobbying and Consulting,,US,CO
4369,400842489,THEODORE ROOSEVELT CONSERVATION PARTNERSHIP,non-profit,,US,DC
4370,401103780,NATIONAL ASSOCIATION OF HOUSING COOPERATIVES,Government Relations Consultant,,US,VA
4371,400717156,ASSOCIATION OF SCHOOLS AND PROGRAMS OF PUBLIC HEALTH (OLD: ASSOCIATION OF SCHOOL,trade association for schools of public health,,US,DC
4372,28093,REPUBLICAN JEWISH COALITION,,,US,DC
4373,84957,ASSOCIATION OF OLD CROWS,Trade Association for Electronic Warfare Education and Awareness,,US,VA
4374,40022184,MINNESOTA FARM BUREAU FEDERATION,Agriculture,,US,MN
4375,29994,OCCIDENTAL PETROLEUM CORPORATION,,,US,DC
4376,21563,KILPATRICK TOWNSEND AND STOCKTON,Renewable fuel production,,US,DC
4377,16076,GEORGIA INSTITUTE OF TECHNOLOGY,,,US,GA
4378,288373,THE SOCIETY OF THORACIC SURGEONS,Enhance the ability of cardiothoracic surgeons to provide the highest quality patient care,,US,DC
4379,400272256,FLORIDA FARM BUREAU FEDERATION,General Agriculture Organization,,US,FL
4380,401109471,"SOFI TECHNOLOGIES, INC.",,,US,CA
4381,401107646,"PARRY LABS, LLC",,,US,VA
4382,314773,WESTERN ORGANIZATION OF RESOURCE COUNCILS,Non-profit community organization representing citizens in seven western states.,,US,DC
4383,401105349,UT SOUTHWESTERN MEDICAL CENTER,Higher Education and Healthcare,,US,TX
4384,33625,MS. BARBARA ROHDE,County government,,US,DC
4385,401103443,ANN WARNER LLC,Government Relations Firm,,US,VA
4386,401104056,SPINNAKER GOVERNMENT RELATIONS FKA C.H. FISHER LLC,Advocacy and lobbying firm.,,US,DC
4387,10387,"CONAGRA BRANDS, INC.",Food manufacturing,,US,DC
4388,401104885,"THE GABOTON GROUP, LLC",Professional Consulting and Public Affairs,,US,DC
4389,401106446,"VALNEVA USA, INC.",,,US,MD
4390,58352,CENTER FOR FREEDOM AND PROSPERITY,,,US,VA
4391,294837,LOYOLA UNIVERSITY NEW ORLEANS,,,US,LA
4392,2401,AMERICAN FOUNDATION FOR THE BLIND,non-profit organization,,US,VA
4393,401105289,JEREMY BRATT CONSULTING,Lobbying and government relations consulting,,US,MD
4394,32225,THE PROCTER AND GAMBLE COMPANY,Manufacturing,,US,DC
4395,400887597,"HILLSTAFFER, LLC",Consulting & Government Affairs,,US,DC
4396,401107319,NATIONAL HOCKEY LEAGUE,,,US,NY
4397,33784,THE ROTARY FOUNDATION OF ROTARY INTERNATIONAL,,,US,IL
4398,293836,WTA -- ADVOCATES FOR RURAL BROADBAND,Rural Telecommunications Trade Association,,US,DC
4399,302118,"GENWORTH FINANCIAL, INC.",Insurance,,US,DC
4400,303074,"C.H. ROBINSON WORLDWIDE, INC.",,,US,MN
4401,401104834,HEALTH CARE ALLIANCE FOR PATIENT SAFETY,Advocate for patient safety and to protect and defend the doctor-patient relationship.,,US,VA
4402,2981,AMERICAN OPTOMETRIC ASSOCIATION,,,US,VA
4403,36366,SPORTS & FITNESS INDUSTRY ASSOCIATION,"Representing Manufacturers, retailers and other interests in sports and fitness business",,US,MD
4404,401103192,NETWORK BRANDED PREPAID CARD ASSOCIATION,A trade association representing the payments industry.,,US,NJ
4405,401104736,ILLINOIS INSTITUTE OF TECHNOLOGY,Higher education institution,,US,IL
4406,28721,NATIONAL TRUST FOR HISTORIC PRESERVATION,non-profit for historic preservation,,US,DC
4407,401109486,"RWE CLEAN ENERGY SERVICES, LLC",,,US,IL
4408,286256,INSIGHTS ASSOCIATION (FKA: MARKETING RESEARCH ASSOCIATION),Advocate for the marketing research and analytics industry,,US,DC
4409,400275292,IOWA FARM BUREAU FEDERATION,Membership Farm Orginization,,US,IA
4410,400460283,FCA US LLC,Automobile Manufacturer,,US,DC
4411,401107860,MS. ANNA HANSEN,,,US,DC
4412,53276,NATIONAL COALITION FOR CANCER SURVIVORSHIP,Non profit promoting quality cancer health care,,US,MD
4413,400350614,ENGINETECHNOLOGY FORUM (FKA DIESEL TECHNOLOGY FORUM),non profit educational association promoting clean diesel technology.,,US,MD
4414,401105589,COALITION FOR A PROSPEROUS AMERICA,"Coalition of manufacturers, agriculture, and labor.",,US,MA
4415,4505,ASSOCIATION OF AMERICAN PUBLISHERS,national trade association representing interests of book and journal publishers,,US,DC
4416,3014,AMERICAN OSTEOPATHIC ASSOCIATION,,,US,DC
4417,47850,LAW OFFICES OF KEVIN G. CURTIN,law firm,,US,DC
4418,401106424,KYNDRYL INC,IT Service Provider,,US,NY
4419,25124,"MICHELIN NORTH AMERICA, INC.",,,US,DC
4420,401109517,BRENNAN MANNA DIAMOND LLC,,,US,OH
4421,401108767,COMPTON DIGITAL HEALTH CONSULTING LLC,,,US,CA
4422,401105721,STUDENTS FOR LIFE ACTION,Abortion/adoption/foster care,,US,VA
4423,7725,CALIFORNIA AND NEVADA CREDIT UNION LEAGUES,Credit union issue advocacy,,US,CA
4424,15100,FOOD RESEARCH AND ACTION CENTER,anti-hunger organization,,US,DC
4425,401107384,IUS IMPACT LLC,,,US,NY
4426,64235,NATIONAL PACE ASSOCIATION,,,US,VA
4427,40486,WASHINGTON ALLIANCE GROUP,Government Relations,,US,DC
4428,81431,ACA INTERNATIONAL,Trade association,,US,DC
4429,400580768,"AMERICAN AUTOMOTIVE POLICY COUNCIL, INC.","Non-profit association , representing the common interests of our member companies",,US,DC
4430,401105464,DAVISON VAN CLEVE,Law Firm,,US,WA
4431,400749244,JAMES CALLAN ASSOCIATES LLC,manufacturing,,US,VA
4432,401061994,AMERICAN BEVERAGE LICENSEES,Trade association,,US,MD
4433,401108429,BIOLOGICAL PRODUCTS INDUSTRY ALLIANCE (BPIA),,,US,VA
4434,580,AIR LINE PILOTS ASSOCIATION,,,US,VA
4435,400456194,COMPOSITE PANEL ASSOCIATION,Trade Association,,US,VA
4436,401107218,ALBA CONSULTING,,,US,UT
4437,401104562,GLOBAL WITNESS,"Non-governmental organization focused on human rights, environmental and corruption issues",,GB,
4438,1967,AMERICAN COLLEGE OF EMERGENCY PHYSICIANS,,,US,DC
4439,401103952,RIVENDELL GROUP LLP,Law Firm,,US,DC
4440,401106287,PROVIDENCE HOUSE,Crisis nursery,,US,OH
4441,401105934,"ANT GROUP CO., LTD.",Financial and digital services technology platform,,CN,
4442,400325523,NATIONAL ASSOCIATION OF TELECOMMUNICATIONS OFFICERS AND ADVISORS,"Advocacy on behalf of local governments on telecom, rights of way, public safety & related",,US,VA
4443,10217,COMMUNICATIONS WORKERS OF AMERICA,,,US,DC
4444,19888,"RED FLAG CONSULTING USA(FORMALLY KNOWN AS INTERNATIONAL BUSINESS-GOVERNMENT COUNSELLORS, INC)",Business consulting on international trade.,,US,DC
4445,401106727,AMPERE COMPUTING EMPLOYER LLC,,,US,CA
4446,309470,"CENTER FOR INQUIRY, INC. OFFICE OF PUBLIC POLICY",Nonprofit organization,,US,NY
4447,401108650,FEROX STRATEGIES II,,,US,DC
4448,2070,AMERICAN COTTON SHIPPERS ASSOCIATION,,,US,TN
4449,27720,"EASTERSEALS, INC",Services for Persons with Disabilities; Children; Seniors; Veterans and their Caregivers,,US,IL
4450,400869547,NATIONAL VOLUNTEER FIRE COUNCIL,"Represents the nation's volunteer fire, emergency medical and rescue services",,US,DC
4451,54596,AMERICAN PUBLIC WORKS ASSOCIATION,,,US,DC
4452,311996,AMBULATORY SURGERY CENTER ASSOCIATION,health care trade association,,US,VA
4453,401107986,MR. TYLER JAMESON,,,US,LA
4454,401105447,BLUEBIRD STRATEGIES,Consulting firm.,,US,DC
4455,401103499,SOUTHEAST MISSOURI STATE UNIVERSITY,Education,,US,MO
4456,2627,THE AMERICAN INSTITUTE OF AERONAUTICS AND ASTRONAUTICS,Technical Professional Membership Society.,,US,VA
4457,400549647,GPSLLC,Small business construction contractor,,US,VA
4458,400761273,FUEL CELL AND HYDROGEN ENERGY ASSOCIATION,trade association,,US,DC
4459,39360,THE UNIVERSITY OF CHICAGO,,,US,IL
4460,28390,NATIONAL PTA,"CEO, National PTA",,US,VA
4461,401104766,LUPIN PHARMACEUTICALS INC,Pharmaceutical Manufacturing,,US,MD
4462,7133,BROTHERHOOD OF LOCOMOTIVE ENGINEERS AND TRAINMEN,,,US,OH
4463,27092,NATIONAL ASSOCIATION OF SCHOOL PSYCHOLOGISTS,,,US,MD
4464,400727182,"ZERO TO THREE: NATIONAL CENTER FOR INFANTS, TODDLERS, AND FAMILIES",Provides information and training on infant-toddler development,,US,DC
4465,401105139,"FORETHOUGHT ADVISORS, LLC",Consulting,,US,DC
4466,47768,NATIONAL HEAD START ASSOCIATION,"Coalesce, inspire, and support the Head Start field as a leader.",,US,VA
4467,401105554,OAK GROVE STRATEGIES,governmental Affairs,,US,DC
4468,18364,"HOBBS, STRAUS, DEAN & WALKER, LLP",law firm,,US,DC
4469,62357,"WATERWAYS COUNCIL, INC.",,,US,DC
4470,44,AMERICAN BANKERS ASSOCIATION SECURITIES ASSOCIATION (ABASA),,,US,DC
4471,400268224,HOECKER ENERGY LAW & POLICY PLLC,"Energy policy, regulatory and litigation support",,US,VA
4472,1397,AMERICAN ACADEMY OF PEDIATRICS,,,US,IL
4473,58636,CONGRESSIONAL STRATEGIES LLC,consulting,,US,VA
4474,37538,SOCIETY OF CHEMICAL MANUFACTURERS & AFFILIATES,,,US,VA
4475,401107776,"SOVEREIGN GLOBAL SOLUTIONS, LLC",,,US,VA
4476,401019881,NATIONAL COMMUNITY REINVESTMENT COALITION,National nonprofit organization focused on increasing access to credit and capital,,US,DC
4477,401106179,"PROLOGIS, L.P.",Real estate and logistics,,US,CO
4478,313577,"RAPISCAN SYSTEMS, INC.",,,US,VA
4479,18672,THE HOSPITAL & HEALTHSYSTEM ASSOCIATION OF PENNSYLVANIA,,,US,PA
4480,401023888,ELECTROLUX NORTH AMERICA,Appliance Maker,,US,NC
4481,401068007,MR. JOE MIKLOSI,Bridge Consulting provides government relations consulting services.,,US,CO
4482,302951,THE MOSAIC COMPANY,Produce and distribute concentrated phosphate and potash crop nutrients.,,US,FL
4483,401104688,HENKEL OF AMERICA INC.,Manufacturing of adhesive products and consumer goods,,US,CT
4484,3322,AMERICAN SHORT LINE AND REGIONAL RAILROAD ASSOCIATION,Trade Association,,US,DC
4485,401107830,"SCHAEFFLER GROUP USA, INC.",,,US,SC
4486,24910,TRINITY HEALTH,,,US,MI
4487,401104896,GPS INNOVATION ALLIANCE,Non-profit focused on promoting the interests of businesses in the GPS industry.,,US,DC
4488,27866,NATIONAL FRATERNAL ORDER OF POLICE,,,US,DC
4489,400359649,MILTNER LAW FIRM LLC (FKA MILTNER REED LLC),Law Firm,,US,OH
4490,400287372,UNIVERSITY OF KENTUCKY,"Higher Education: research, education, service",,US,KY
4491,401104014,VINYL INSTITUTE,Trade association representing the vinyl resin manufacturers.,,US,DC
4492,401104118,ADISA - ALTERNATIVE & DIRECT INVESTMENT,trade association in financial services -- alternative investments,,US,IN
4493,401103263,PACCAR INC,"PACCAR manufactures medium- and heavy-duty commercial vehicles - Kenworth, Peterbilt & DAF",,US,DC
4494,41168,WHIRLPOOL CORPORATION,Home Appliance Manufacturer,,US,DC
4495,65076,"NAACP LEGAL DEFENSE & EDUCATIONAL FUND, INC.",,,US,DC
4496,401105566,CONSILIUM CONSULTING,Consulting/lobbying,,US,AZ
4497,38871,UWC,Non-profit providing info on unemployment insurance and workers' compensation,,US,OH
4498,296715,SOCIETY FOR VASCULAR SURGERY,Trade Association,,US,IL
4499,4037,ANIMAL HEALTH INSTITUTE,,,US,DC
4500,33168,MILITARY OFFICERS ASSOCIATION OF AMERICA,,,US,VA
4501,401104423,UNIVERSITY OF LOUISVILLE,Education,,US,KY
4502,401106622,"HYPERFOCAL COMMUNICATIONS, LLC",,,US,TX
4503,300390,NATIONAL RECREATION AND PARK ASSOCIATION,,,US,VA
4504,3834,AMERICA'S BLOOD CENTERS,Trade association for non-profit community blood centers,,US,DC
4505,401107356,ANN AQUILLO CONSULTING LLC,,,US,OH
4506,2161,AMERICAN COUNSELING ASSOCIATION,non-profit membership organization,,US,VA
4507,14952,FLORIDA STATE UNIVERSITY,,,US,FL
4508,401109464,HURST INTERNATIONAL CONSULTING LLC,,,US,DC
4509,36572,STEEL MANUFACTURERS ASSOCIATION,,,US,DC
4510,20607,JGW INTERNATIONAL LTD.,Marketing and Business Development,,US,VA
4511,401103237,THE J.M. SMUCKER COMPANY,Manufacturing,,US,OH
4512,401104108,ACCSES,network of service providers to persons with disabilities.,,US,DC
4513,400276326,NEBRASKA FARM BUREAU FEDERATION,General Farm Organization,,US,NE
4514,311234,AMERICAN COALITION FOR ETHANOL,,,US,SD
4515,22746,THE MICHAEL LEWAN COMPANY,Lobbying,,US,VA
4516,17922,HEALTHCARE FINANCIAL MANAGEMENT ASSOCIATION,,,US,DC
4517,400660986,"MASON CONSULTING, LLC",Federal policy consultant,,US,DC
4518,32954,CAE USA INC.,"Training and digital immersion technologies for defense, aviation, and healthcare",,US,FL
4519,2525,AMERICAN HEART ASSOCIATION,,,US,DC
4520,401105439,NATIONAL ASSOCIATION OF WORKFORCE BOARDS,Non Profit Association,,US,DC
4521,401105796,"RMP STRATEGIES, LLC",Strategic advisors and advocacy firm,,US,DC
4522,52071,PENNSYLVANIA FARM BUREAU,,,US,PA
4523,401104539,VIKING NAVIGATION LLC,Government relations consultant,,US,VA
4524,37697,TELECOMMUNICATIONS INDUSTRY ASSOCIATION,,,US,VA
4525,401103274,AMERICAN ASSOCIATION OF CHILD & ADOLESCENT PSYCHIATRY,professional medical association,,US,DC
4526,67251,BLOOMBERG LLP,,,US,DC
4527,305431,HILLSBOROUGH COUNTY AVIATION AUTHORITY,,,US,FL
4528,40009066,"SAMUELS INTERNATIONAL ASSOCIATES, INC.",Consulting,,US,VA
4529,401103693,WAXMAN STRATEGIES,public interest policy and pr firm,,US,DC
4530,35981,"PLASTICS INDUSTRY ASSOCIATION, INC.",Manufacturing trade association,,US,DC
4531,89736,GLOBAL BUSINESS TRAVEL ASSOCIATION,"""trade association"" ""business travel"", ""transportation"", ""homeland security"" and ""tax""",,US,VA
4532,2684,AMERICAN INTERNATIONAL AUTOMOBILE DEALERS ASSOCIATION,Lobbyist,,US,VA
4533,2503,AMERICAN HEALTH INFORMATION MANAGEMENT ASSN,,,US,DC
4534,306294,CONLON PUBLIC STRATEGIES,Public Strategies/Consulting,,US,IL
4535,44754,MR. SAM HAMMONS,,,US,OK
4536,48975,NATIONAL ASSOCIATION FOR THE ADVANCEMENT OF COLORED PEOPLE,,,US,DC
4537,12788,DUNCAN WEINBERG GENZER & PEMBROKE PC,law firm,,US,DC
4538,401109532,AVIVA STRATEGIES (FKA MGB CONSULTING),,,US,DC
4539,19206,"INDEPENDENT ELECTRICAL CONTRACTORS, INC.",National trade association representing merit shop electrical and systems contractors,,US,TN
4540,5585,BATTELLE MEMORIAL INSTITUTE,,,US,OH
4541,401106391,"T A BUSINESS DEVELOPMENT, LLC","Business marketing, development and public affairs consultant",,US,VA
4542,401104925,AMERICANS FOR FINANCIAL REFORM,Non Profit Advocacy 501 c(4),,US,DC
4543,401109515,NATIONAL WOMEN'S LAW CENTER ACTION FUND,,,US,DC
4544,30382,"OUTDOOR ADVERTISING ASSOCIATION OF AMERICA, INC.",,,US,DC
4545,401103640,THE FEIGHAN TEAM,small business,,US,DC
4546,4221,ARIZONA COTTON GROWERS ASSOCIATION,,,US,AZ
4547,400638929,FEDERATION OF STATE MEDICAL BOARDS,Representation the interests of the nation's 70 medical state medical boards,,US,DC
4548,401106581,UNIVERSITY OF CALIFORNIA STUDENT ASSOCIATION,,,US,CA
4549,41988,60 PLUS ASSOCIATION,,,US,VA
4550,11914,GLENN DELANEY,Consultant,,US,DC
4551,31758,"POLICY IMPACT COMMUNICATIONS, INC.",Consulting firm,,US,DC
4552,401105013,"CLARISSA J MIDDLETON, LOBBYIST",Lobbying,,US,GA
4553,304337,DUNKEL GOVERNMENT RELATIONS,Government affairs consulting,,US,VA
4554,27081,NATIONAL ACTIVE AND RETIRED FEDERAL EMPLOYEES ASSOCIATION,,,US,VA
4555,567,AIR CONDITIONING CONTRACTORS OF AMERICA,,,US,VA
4556,401105380,"GLOBAL TECH STRATEGIES, LLC",Consulting Space Systems,,US,VA
4557,318870,EARL RASMUSSEN,,,US,VA
4558,28195,MENTAL HEALTH AMERICA,,,US,VA
4559,71837,"DAVID L. HORNE, LLC",Government Relations,,US,DC
4560,401105982,GREEN MOUNTAIN STRATEGIES LLC,government affairs consulting firm,,US,VT
4561,401103662,FEDERAL CITY STRATEGIES,government affairs consulting,,US,VT
4562,401106676,INSESSION STRATEGIES LLC,,,US,DC
4563,401104157,"NOVAVAX, INC",clinical-stage vaccine company,,US,MD
4564,401104405,MS. TAMI WAHL,A government affairs firm.,,US,WY
4565,401106952,IKYR LLC,,,US,VA
4566,401108566,IGGY VENTURES LLC,,,US,MD
4567,401108966,JOHN WILLIAMS,,,US,FL
4568,401108903,ACUMEN STRATEGIES LLC,,,US,VA
4569,3297,AMERICAN SEED TRADE ASSOCIATION,American Seed Trade Association represents seed companies and related industries,,US,VA
4570,401105501,PANNONE LOPES DEVEREAUX & O'GARA LLC,Law firm,,US,RI
4571,13461,"EMANUEL & ASSOCIATES, INC. (FKA ADAM EMANUEL)",consulting,,US,DC
4572,401104426,KENT CAPERTON CONSULTING,Business/Legislative Consultant,,US,TX
4573,400272260,SOUTH CAROLINA FARM BUREAU FEDERATION,Non Profit Organization promoting agriculture,,US,SC
4574,309550,"NATIONWIDE CHILDREN'S HOSPITAL, INC.",,,US,OH
4575,26706,NATIONAL ASSOCIATION OF COMMUNITY HEALTH CENTERS,,,US,VA
4576,3801,AMERICANS FOR TAX REFORM,,,US,DC
4577,401105379,GREGORY TERRY,Business Development,,US,DC
4578,401105190,THE CAMPBELL CONSULTING GROUP,Governmental Relations and Public Affairs Firm,,US,SC
4579,401108098,THE TORO COMPANY,,,US,MN
4580,33055,RENEWABLE FUELS ASSOCIATION,Trade association for the U.S. ethanol industry,,US,DC
4581,26967,PLUMBING-HEATING-COOLING CONTRACTORS--NATIONAL ASSOCIATION,Advocacy,,US,VA
4582,401104876,SOO LINE RAILROAD COMPANY,Railroad,,US,DC
4583,401105492,THE PROJECT HONG KONG TRUST,Advocate for democracy in Hong Kong,,US,NY
4584,11127,COUNCIL OF THE GREAT CITY SCHOOLS,,,US,DC
4585,312257,BAVARIAN NORDIC INC.,Pharmaceutical,,US,NC
4586,304257,"SANDERS INTERNATIONAL GROUP, LLC",,,US,VA
4587,401105545,PATRICIA LOVERA,agriculture and food policy,,US,DC
4588,401106275,PLAINS ALL AMERICAN GP LLC,midstream energy infrastructure and logistics services,,US,TX
4589,401107534,NATIONAL DOWN SYNDROME CONGRESS,,,US,OH
4590,401109530,"GD MOUNTAIN INSIGHTS, LLC",,,US,CO
4591,90033,AMERICAN SOCIETY OF AGRONOMY,,,US,WI
4592,401105094,THE MCSWANE GROUP,government relations consulting firm,,US,VA
4593,400319490,EWG ACTION FUND,Advocacy and  education on issues affecting the public's health and governmental stewardship.,,US,DC
4594,69457,ENVIRONMENTAL WORKING GROUP,,,US,DC
4595,400922680,SHARE OUR STRENGTH,Non-profit organization dedicated to ending childhood hunger in America.,,US,DC
4596,401105310,JOCELYN HONG & ASSOCIATES,consulting and lobbying,,US,VA
4597,401103753,AMERICAN DAIRY COALITION,consulting,,US,WI
4598,40038310,AMERICAN EXPLORATION & MINING ASSOCIATION,Trade association representing the hardrock mining industry,,US,WA
4599,401062995,"C6 STRATEGIES, LLC (FKA MS. DANA W. HUDSON)",government relations,,US,DC
4600,401103346,"EDNEXUS ADVISORS, LLC","government relations, public affairs",,US,ID
4601,27786,NATIONAL FAMILY PLANNING AND REPRODUCTIVE HEALTH ASSOCIATION,,,US,DC
4602,400420000,MANUFACTURER & BUSINESS ASSOCIATION,trade association,,US,PA
4603,401109518,SOLANA POLICY INSTITUTE,,,US,DC
4604,4722,"ASSOCIATION OF THE UNITED STATES ARMY, (INC.)",,,US,VA
4605,401104445,"ALPHA STRATEGIES, LLC",Lobbying Firm,,US,VA
4606,401104412,THE INSTITUTE OF INTERNAL AUDITORS,Member association representing the internal audit profession.,,US,FL
4607,76354,"HEARTH, PATIO & BARBECUE ASSOCIATION",,,US,VA
4608,58432,"PARK STRATEGIES, LLC",Business consulting and government relations advocacy services.,,US,NY
4609,401107714,COALITION FOR HEALTHCARE COMMUNICATIONS,,,US,NY
4610,33875,THE ROYER LAW FIRM (FORMERLY ROYER & BROOKS),Law Firm,,US,DC
4611,401107619,SMITH DAVIS ADVISORY & RESEARCH LLC,,,US,VA
4612,313998,"PENDULUM STRATEGIES, LLC",Community development housing,,US,MD
4614,3082,AMERICAN PHYSICAL SOCIETY,,,US,DC
4615,401107791,VINCENT TROMETTER,,,US,DC
4616,18318,MR.RICHARD HIRN,law firm,,US,DC
4617,9306,CITIZENS COMMITTEE FOR THE RIGHT TO KEEP AND BEAR ARMS,,,US,WA
4618,400462295,NATIONAL EMPLOYMENT LAW PROJECT,Non-profit organization advocating on behalf of low-wage and unemployed workers.,,US,DC
4619,6096,MOSAIC,,,US,NE
4620,5756,MR. STEVEN BECKHAM,governmental relations consultant,,US,VA
4621,401103892,CLOUDFACTORS LLC,computer industry,,US,FL
4622,401103784,FLYWHEEL GOVERNMENT SOLUTIONS,government affairs firm,,US,DC
4623,401108544,ADOMI ADVISORY GROUP PLLC,,,US,DC
4624,400338572,GLOBAL EXTERNAL RELATIONS,Government and regulatory relations consulting.,,US,AZ
4625,299310,MONSTER WORLDWIDE,,,US,DC
4626,4595,ASSOCIATION OF JESUIT COLLEGES AND UNIVERSITIES,,,US,DC
4627,401107373,"DOBBINS CONSULTING, LLC",,,US,MD
4628,28025,NATIONAL HYDROPOWER ASSOCIATION,trade association,,US,DC
4629,401105941,ASSOCIATION OF ORGAN PROCUREMENT ORGANIZATIONS,non-profit association representing organ procurement organizations,,US,VA
4630,91091,FIRST STRATEGIC,Lobbying and Communications,,US,AZ
4631,400581774,"FOOD DIRECTIONS, LLC",government relations consulting firm,,US,MD
4632,297215,MR. JONATHAN BAND,law firm,,US,DC
4633,32260,PROFESSIONAL AVIATION SAFETY SPECIALISTS,Labor Union,,US,DC
4634,401108422,LYCOS ADVISORY GROUP,,,US,DC
4635,400695075,CRANMER CONSULTANTS,Cranmer Consultants is a State and Federal lobbing company.,,US,PA
4636,400738213,TE CONNECTIVITY CORPORATION,Designs and manufactures products that connect / protect the flow of power and data,,US,DC
4637,401104694,DAHLBERG STRATEGIC,strategic business consulting and advocacy,,US,DC
4638,401108288,"SCARLET SOLUTIONS, LLC",,,US,VA
4639,400689053,CLERGY FINANCIAL STRATEGY AND TAX PLANNING INC,CHURCH AND CLERGY ACTIVITIES,,US,VA
4640,401106007,"ARENA OFFSHORE, LP",Offshore energy development,,US,TX
4641,401109474,"TERRAPOWER, LLC",,,US,WA
4642,401105449,THE UNIVERSITY OF TEXAS MD ANDERSON CANCER CENTER,healthcare,,US,TX
4643,401107388,RAVENSAFE LLC,,,US,MA
4644,401104342,"EASTERN SHIPBUILDING GROUP, INC.",shipbuilding,,US,FL
4645,401105223,"FDJ SOLUTIONS, LLC",political consulting,,US,DC
4646,400411947,WASHINGTON HEALTH STRATEGIES GROUP,nonprofit,,US,DC
4647,400588794,MR. JOHN ROMANIN,Director of Legislative and Advocacy Affairs for the American Tenants Association (ATENA),,US,VA
4648,19855,INTERNATIONAL BROTHERHOOD OF TEAMSTERS,Labor Union,,US,DC
4649,401103672,"J. ALEXANDER HUNT, INC.",Legislative Lobbying Consulting,,US,IL
4650,401103320,UNIVERSITIES SPACE RESEARCH ASSOCIATION,"Nonprofit, 501(c)(3), furthering space-related science, technology, and engineering.",,US,DC
4651,401105819,VON BATTEN-MONTAGUE-YORK,"Von Batten-Montague-York, L.C. is a policy advisory and advocacy group.",,US,DC
4652,400348610,"MUSCULAR DYSTROPHY ASSOCIATION, INC.",Patient advocacy and services for the neuromuscular disease community.,,US,IL
4653,400323516,FOXLEY & PIGNANELLI,Government Relations and Public Affairs,,US,UT
4654,2786,AMERICAN LIBRARY ASSOCIATION,,,US,DC
4655,4711,ASSN. OF STATE AND TERRITORIAL HEALTH OFFICIALS,Nonprofit organization representing public health agencies,,US,VA
4656,401109520,US POLICY METRICS,,,US,VA
4657,400564686,"MASIELLO MARTUCCI HUGHES KULPA (FKA MASIELLO, MARTUCCI & ASSOCIATES",Consulting and lobbying,,US,NY
4658,401109495,INNOVATIVE CONSULTING HAWAII LLC,,,US,HI
4659,401106737,WISE,,,US,NY
4660,401103326,KINETIC SOLUTIONS GROUP,Consulting firm,,US,VA
4661,53458,"THE CHARLES GROUP, LLC",management consulting,,US,ME
4662,401105302,THE BURNHAM GROUP LLC,Lobbying and consulting firm,,US,MI
4663,401103616,NATIONAL ASSOCIATION OF STATE AVIATION OFFICIALS,Association representing state officials involved in aviation,,US,DC
4664,401105402,EXACT SCIENCES,cancer diagnostic company,,US,WI
4665,57338,MOTORCYCLE INDUSTRY COUNCIL,,,US,VA
4666,400834472,CANADIAN SNOWBIRD ASSOCIATION,Not-for-profit association advocating on behalf of travelling Canadians,,CA,ON
4667,401106703,ANGLO AMERICAN,,,GB,
4668,401108727,ENERGY EXPLORATION TECHNOLOGIES,,,US,TX
4669,400268225,NATIONAL DOWN SYNDROME SOCIETY,"Promoting  research, education and support about& for persons & families w Down syndrome",,US,DC
4670,400679025,"THE RANDEL GROUP, LLC",Consulting,,US,VA
4671,400418988,INTERNATIONAL ASSOCIATION OF REFRIGERATED WAREHOUSES,The association works to promote the safe and efficient flow of food products globally.,,US,VA
4672,2013,AMERICAN COMMITTEE FOR THE WEIZMANN INSTITUTE OF SCIENCE,,,US,NY
4673,401107383,MILL INDUSTRIES INC.,,,US,CA
4674,79596,"FENNEL CONSULTING, LLC",public policy and government relations consulting services,,US,DC
4675,30108,OHIO MUNICIPAL ELECTRIC ASSOCIATION,,,US,OH
4676,303850,"HABITAT FOR HUMANITY INTERNATIONAL, INC.",Housing non-profit agency,,US,GA
4677,400865534,"CAPGOV, LLC",government relations,,US,DC
4678,400545627,LOPER CONSULTING LLC,health care consulting and advocacy,,US,VA
4679,400704112,"CORLEY CONSULTING, LLC",Federal consulting across the legislative and executive branches.,,US,TX
4680,4265,"ARMENIAN ASSEMBLY OF AMERICA, INC.",non-profit advocacy organization,,US,DC
4681,401107225,MR. JEFF GRUBBE,,,US,TX
4682,4425,AMT - THE ASSOCIATION FOR MANUFACTURING TECHNOLOGY,,,US,VA
4683,401105917,NO FLUKE FISHING LLC,fishing and fish advocacy work,,US,RI
4684,401109508,NATIONAL ALLIANCE TO END HOMELESSNESS,,,US,DC
4685,401109001,CAMGIAN CORPORATION,,,US,MS
4686,400525550,FAMILY EQUALITY COUNCIL,Leading national non-profit organization dediated to securing equality for LGBT families.,,US,NY
4687,41625,"WINE AND SPIRITS WHOLESALERS OF AMERICA, INC",Trade association representing wholesale distributors of wine and spirits.,,US,DC
4688,71850,"RAFAEL U.S.A., INC.",Defense,,US,MD
4689,401000834,"THE PRINCIPI GROUP, LLC",Government,,US,VA
4690,4163,APPRAISAL INSTITUTE,Professional organization representing appraisers.,,US,IL
4691,305635,"MONUMENT STRATEGIES, LLC",lobbyist,,US,DC
4692,312691,"NETAPP, INC",,,US,VA
4693,293791,LOG CABIN REPUBLICANS,"Advocating for civil rights, fisc",,US,DC
4694,401107287,ST. BALDRICK'S FOUNDATION,,,US,CA
4695,401103599,"WEST & WEST, LLC",Lobbying on the Federal level.,,US,FL
4696,401103958,OVARIAN CANCER RESEARCH FUND ALLIANCE,Ovarian cancer research and advocacy organization,,US,DC
4697,400421011,TRUCKLOAD CARRIERS ASSOCIATION,Trade Association focused on the Truckload Industry,,US,VA
4698,401104918,SJB STRATEGIES LLC,Consulting / Government Relations,,US,CT
4699,401105613,"TRAUTWEIN & ASSOCIATES, LLC",Consulting firm,,US,VA
4700,40025213,"ALEXANDER, BOROVICKA & O'SHEA GOVERNMENT SOLUTIONS (FKA ALEXANDER & BOROVICKA GO",Lobbying Firm,,US,IL
4701,401105606,COMMUNICATIONS PREFERRED LLC,communications strategy,,US,VA
4702,401105249,AVANT BISHOP WASHINGTON & BLACK LLC,Federal lobbying,,US,DC
4703,401106281,SECURITYSCORECARD,Cybersecurity ratings and insights,,US,NY
4704,401108430,GOTION INC,,,US,CA
4705,400482376,PHYSICIAN ASSISTANT EDUCATION ASSOCIATION,Health professions education association,,US,DC
4706,401103956,EARTH & WATER GROUP,law firm,,US,DC
4707,400403904,PROFESSIONAL PHOTOGRAPHERS OF AMERICA / ALLIANCE OF VISUAL ARTISTS,Profesional photographic trade association..,,US,GA
4708,401105022,SPLYSS LLC,Strategic consultant,,US,DC
4709,401105004,COMMONWEALTH POLICY SOLUTIONS,Government Consulting,,US,VA
4710,401108364,NEPHCURE,,,US,PA
4711,401104873,"STOCKTON GLOBAL STRATEGIES, LLC",Water Resources Consulting,,US,VA
4712,400374719,DIGITAL CONTENT NEXT,Trade Association for online content providers,,US,NY
4713,287851,INTERNATIONAL BANKING FEDERATION,Banking Trade Association,,GB,
4714,401109008,MS. KELSEY HADDOW,,,US,VA
4715,400738210,"AMERICAN HEALTHCARE, LLC",Long Term Care Facilities/Nursing Homes,,US,VA
4716,401108794,"COLLABORATIVE PHYSICIAN PARTNERS, LLC",,,US,OH
4717,400927689,CRANE STRATEGIES,Government relations consulting,,US,VA
4718,401108732,"ESS TECH, INC.",,,US,OR
4719,401105363,ACUITY STRATEGIC PARTNERS LLC,Government Consulting,,US,VA
4720,401105992,AURORA STRATEGIC ADVISORS,Consultant,,US,MN
4721,400388803,"JMH GROUP, FORMERLY JAMIAN MCELROY & HAMLIN, LLC",Interaction with Congressional Offices regarding communications platforms,,US,MD
4722,13882,ETKA CONSULTING,lobbying firm,,US,VA
4723,400955762,CATSKILL MOUNTAINKEEPER INC,Non-profit 501c3 grassroots advocact organization working to protect the Catskills Region,,US,NY
4724,77253,SOCIETY OF INTERVENTIONAL RADIOLOGY,medical specialty society,,US,VA
4725,401107869,MCWILLIAMS GOVERNMENTAL AFFAIRS CONSULTANTS,,,US,TX
4726,67570,DANEA KEHOE,private duty in home care,,US,DC
4727,28140,NATIONAL LEGAL AID AND DEFENDER ASSOCIATION,Legal services membership association,,US,DC
4728,401106032,"MELWOOD INC., (FORMERLY KNOWN AS MELWOOD HTC)",nonprofit,,US,MD
4729,303278,PRIDE MOBILITY PRODUCTS CORP.,,,US,PA
4730,400804406,THE JONES FIRM,law firm,,US,TX
4731,25988,KATE MOSS,Legislative Consulting,,US,NM
4732,38574,THE TRUST FOR PUBLIC LAND,"The Trust for Public Land is a non-profit, land conservation group.",,US,DC
4733,46095,THE OUTLAW GROUP,Consulting firm,,US,VA
4734,401105868,MR. THOMAS MARQUEZ,Consulting/Government Affairs,,US,TX
4735,401106256,THE BIRCH GROUP LLC,lobbying and public affairs firm,,US,ND
4736,69812,"NATIONAL WATERWAYS CONFERENCE, INC.","Advocate for water resource policies, including infrastructure, navigation, flood protect.",,US,VA
4737,294952,"TRADEWINS, LLC",trade law & policy consulting,,US,DC
4738,113,ACADEMY FOR RADIOLOGY & BIOMEDICAL IMAGING RESEARCH,non-profit organization,,US,DC
4739,401106341,PAUL BAILEY,consultant,,US,VA
4740,401103123,"CAPITOL KNOWLEDGE, LLC",Consulting,,US,FL
4741,304474,VIANOVO,Advocacy communications,,US,DC
4742,400761302,CARTER LAWS & ASSOCIATES,Consulting,,US,DC
4743,401106741,BALLENTINE STRATEGIES,,,US,MD
4744,46621,ENVIRONMENTAL TECHNOLOGY COUNCIL,National association for hazardous waste companies.,,US,DC
4745,40012091,AMERICAN INDIAN HIGHER EDUCATION CONSORTIUM,American Indian Higher Education Consortium - Tribal Colleges and Universities,,US,VA
4746,401107078,B. BRAUN MEDICAL,,,US,PA
4747,60776,"NATIONAL STONE, SAND AND GRAVEL ASSOCIATION",,,US,VA
4748,401103437,AMERICAN SOCIETY FOR DERMATOLOGIC SURGERY ASSOCIATION,Director of Federal Advocacy and Practice Support,,US,IL
4749,20141,UNITYPOINT HEALTH (FORMERLY KNOWN AS: IOWA HEALTH SYSTEM),Health Care,,US,IA
4750,400459250,ERIK MILMAN,Grassroots Advocacy,,US,VA
4751,28014,NATIONAL HUMANITIES ALLIANCE,humanities,,US,DC
4752,401106286,"STEPHEN WARD CONSULTING, LLC",Government Affairs,,US,VA
4753,401106336,LINDEN GROVE STRATEGIES LLC,Consulting firm.,,US,VA
4754,401106942,LILLIAN HAWKINS,,,US,DC
4755,64793,PAT YOUNGER,Representation of public port authorities,,US,TX
4756,401107303,CAPCVENTURES LLC,,,US,DC
4757,401106200,VINCENT BRANDYS,Consultant/Lobbyist,,US,IL
4758,401104481,POSCO AMERICA CORPORATION,trading and processing steel products,,US,DC
4759,401103740,ALYCIA FARRELL,"Provides expertise to firms in cyber and cybersecurity, public policy, and appropriations.",,US,DC
4760,308731,"HUDSON COOK, LLP",Law firm.,,US,DC
4761,401107511,HOMARUS STRATEGIES,,,US,ME
4762,401103702,CASCADE STRATEGIES,Government Affairs Firm,,US,VI
4763,56997,NORTH AMERICAN EQUIPMENT DEALERS ASSOCIATION (FORMERLY KNOWN AS EQUIPMENT DEALER,,,US,MO
4764,401107518,TRAILHEAD COMMUNICATIONS LLC,,,US,NM
4765,401108309,ROGUE SPACE SYSTEMS CORPORATION,,,US,NH
4766,27398,NATIONAL CENTER FOR MANUFACTURING SCIENCES,Manufacturing R&D project management,,US,DC
4767,401107362,SHADWELL GP LLC,,,US,PA
4768,48188,NATIONAL ORGANIZATION FOR THE REFORM OF MARIJUANA LAWS,Public interest lobby working to legalize the responsible use of marijuana by adults.,,US,DC
4769,401107850,NATIONAL PARENTS UNION ACTION FUND INC.,,,US,MA
4770,401107644,PROTECT OUR WINTERS,,,US,CO
4771,40041330,BOOK HILL PARTNERS,Federal Government Relations,,US,DC
4772,401104186,JONATHAN GREGORY,Government Affairs Consulting,,US,MD
4773,401105535,"WILLIAMS CONSULTING GROUP, LLC",Manufacturing,,US,MS
4774,401103272,NORM DICKS AND ASSOCIATES LLC,Fed funding for passenger-only ferries & other transportation programs for Kitsap region,,US,WA
4775,8214,CAPSTONE NATIONAL PARTNERS,public affairs,,US,DC
4776,401106787,"BRANSTAD CHURCHILL GROUP, LLC",,,US,IA
4777,401104451,INSTITUTIONAL LIMITED PARTNERS ASSOCIATION,Trade Association Representing Investors in Private Equity Funds,,US,DC
4778,401105089,GLOBAL BUSINESS POLICY-DC,independent consultant,,US,VA
4779,313750,MR. THAD HUGULEY,Lobbying,,US,VA
4780,401104062,JERE GLOVER,Law Firm,,US,MD
4781,400617873,GRAY COMMUNICATIONS INC,Broadcasting-Media,,US,IL
4782,2957,AMERICAN NETWORK OF COMMUNITY OPTIONS AND RESOURCES,Trade association for providers of community services for people with disabilities,,US,VA
4783,401104743,AIR MEDICAL OPERATORS ASSOCIATION,Trade association representing operators of air medical transportation,,US,VA
4784,24533,"MCINTYRE & LEMON, PLLC",Law Firm,,US,DC
4785,32908,REDFERN RESOURCES,Consulting,,US,FL
4786,401108946,GRANITE CAPITOL CONSULTING LLC,,,US,NH
4787,400713141,"THE MAJORITY GROUP, LLC",General Lobbying Services,,US,DC
4788,400790382,BOB RILEY & ASSOCIATES,Consulting,,US,AL
4789,7496,MR. MILTON BUSH,,,US,VA
4790,46222,JOHN CARROLL UNIVERSITY,University -- higher education,,US,OH
4791,303416,MARYLAND & DISTRICT OF COLUMBIA CREDIT UNION ASSOCIATION,Credit Union activities,,US,MD
4792,401109245,DIADEM LLC,,,US,ID
4793,401106117,"PROVIDENCE STRATEGIES, LLC",Advocacy Firm,,US,MD
4794,40049382,"AMERICAN ASSOCIATION FOR DENTAL, ORAL, AND CRANIOFACIAL RESEARCH",Professional association representing academic dentists,,US,VA
4795,400498453,WATERSHED RESULTS LLC,Advocacy and consulting for business and non-profits seeking ambitious conservation.,,US,DC
4796,19491,INSTITUTE OF REAL ESTATE MANAGEMENT,Real Estate Management Professional Association,,US,IL
4797,38791,"U.S. ENGLISH, INC.",,,US,DC
4798,39746,VALERO ENERGY CORPORATION,,,US,TX
4799,401103761,WILLIAM SWEETNAM,Consulting firm,,US,OH
4800,400960771,"AEROSPACE INTELLIGENCE, LLC",Manufacturing,,US,VA
4801,401106220,"LAW OFFICES OF SCOTT J. BLOCH, PA",Law firm,,US,DC
4802,53538,SUSAN STOHR,Government Affairs Consulting,,US,NJ
4803,81054,R-CALF UNITED STOCKGROWERS OF AMERICA,"National, non-profit cattle-producer association",,US,MT
4804,401103337,MR. MIKE WASSENAAR,Community Media,,US,MD
4805,10970,COUNCIL FOR A LIVABLE WORLD,,,US,DC
4806,49351,CENTER FOR ARMS CONTROL & NON-PROLIFERATION,,,US,DC
4807,401106780,STIERS LLC,,,US,VA
4808,400767311,JUDICIAL ACTION GROUP,Non-profit advocacy organization,,US,DC
4809,401107486,"DIAKON PARTNERS, INC",,,US,WV
4810,23758,MARCH OF DIMES,,,US,VA
4811,401103545,TWO RIVERS LLC,Government Relations Consulting,,US,VA
4812,70131,"MERCURY STRATEGIES, LLC",Legislative consulting and lobbying.,,US,DC
4813,400911656,KENNETH BROWN,Strategic consulting and government affairs,,US,MD
4814,401105927,"SAPPHIRE STRATEGIES, LLC",General government affairs consulting.,,US,MO
4815,88278,"UPSTREAM CONSULTING, INC.",Government Relations,,US,VA
4816,291834,DQB INTERNATIONAL,Consulting Firm,,US,TX
4817,401105859,DELTA OFFSHORE ENERGY AMERICA'S LLC,Energy production,,US,TX
4818,26488,NATIONAL AIR TRANSPORTATION ASSOCIATION,,,US,DC
4819,401108534,TERPENE BELT INC.,,,US,CA
4820,401104519,MR. IAN FERGUSON,lobbying / consulting,,US,MA
4821,17341,HALL ESTILL HARDWICK GABLE GOLDEN & NELSON,Practice of Law and Government Relations,,US,NY
4822,401109446,CAPITOL CONSULTING & PUBLIC AFFAIRS LLC,,,US,CA
4823,3071,AMERICAN PHARMACISTS ASSOCIATION,,,US,DC
4824,401104002,KIM KRENIK,self employed lobbyist,,US,VA
4825,401104155,ODONNELL & SON LLC,Lobbying firm,,US,DC
4826,401105146,"SIX-7 STRATEGIES, LLC",Consulting,,US,AK
4827,401104487,GLOBAL WITNESS INC (FORMERLY GLOBAL WITNESS PUBLISHING),non-profit organization,,US,DC
4828,400404907,BOND DEALERS OF AMERICA,Trade Association,,US,DC
4829,401105815,KH STRATEGIES,Government relations,,US,NC
4830,70313,ASSN. OF SMALL BUSINESS DEV. CENTERS,Trade association representing America's Small Business Development Centers,,US,VA
4831,401104134,ROBERT ROZEN,consulting,,US,VA
4832,400339575,"MCMURRAY STRATEGY GROUP, LLC",Governmental Affairs Consulting,,US,VA
4833,401055977,"UNIVERSITY OF MARYLAND GLOBAL CAMPUS, FORMERLY KNOWN AS UNIVERSITY OF MARYLAND UNIVERSITY COLLEGE",Public University in the University System of Maryland,,US,MD
4834,400458231,"COMMUNITY CATALYST, INC.",Community Catalyst is a national non-profit advocacy organization working on healthcare,,US,MA
4835,401103201,THOMPSON & HORTON LLP,Law Firm with some lobbying activities,,US,TX
4836,286291,NATIONAL CONFERENCE ON PUBLIC EMPLOYEE RETIREMENT SYSTEMS,,,US,DC
4837,400511510,WILDFIRE PROTECTION SYSTEMS,wildfire protection and food security,,US,IN
4838,401107745,MS. DANA KUHNLINE,,,US,OH
4839,89350,RICK MALDONADO & ASSOCIATES INC.,Seaport,,US,DC
4840,401105084,AARON OESTERLE,Space activism,,US,MD
4841,401108037,BOWERS HINMAN CAPITOL AFFAIRS,,,US,OH
4842,400265214,MASS GENERAL BRIGHAM (FORMERLY KNOWN AS PARTNERS HEALTHCARE),health care system,,US,MA
4843,401105196,CONGRESSIONAL PARTNERS,education,,US,DC
4844,401107647,ALLIED FOR PROGRESS,,,US,VA
4845,287691,DAY & ZIMMERMANN,,,US,VA
4846,400561679,AMERICAN SOCIETY OF APPRAISERS,Professional organization representing appraisal professionals.,,US,VA
4847,400672009,JACKSONVILLE REGIONAL CHAMBER OF COMMERCE,Chamber of Commerce,,US,FL
4848,2547,AMERICAN HIGHWAY USERS ALLIANCE,,,US,DC
4849,1810,AMERICAN BIRD CONSERVANCY,,,US,DC
4850,401107414,"DBW STRATEGIES, LLC",,,US,AL
4851,400711130,CONSERVATION INTERNATIONAL FOUNDATION,Non-profit organization focused on environmental and conservation issues.,,US,VA
4852,400479360,DOCTORS HOSPITAL AT RENAISSANCE,Healthcare,,US,TX
4853,401105184,"CRISPR THERAPEUTICS, INC.",Biotech,,US,MA
4854,401107387,KIANA MOORE,,,US,DC
4855,401105872,MICHAEL POWELSON,Lobbying,,US,OR
4856,400460281,"OGLETHORPE PUBLIC AFFAIRS GROUP, INC.",Public affairs firm.,,US,GA
4857,321191,ORGANIC TRADE ASSOCIATION,Trade Association,,US,DC
4858,400728185,COMMERCE BANK,Financial Services and banking company,,US,MO
4859,401104424,"SHORELIGHT, LLC (FKA SHORELIGHT EDUCATION, LLC)",Shorelight  works with flagship U.S. universities to promote international education,,US,MA
4860,401103134,ROWAN UNIVERSITY,NJ Public Research University,,US,NJ
4861,30427,OWENS CORNING,Manufacuturing Building Materials and Composite Materials,,US,OH
4862,401107476,BEHRCO,,,US,OH
4863,27968,NATIONAL HEALTH COUNCIL,,,US,DC
4864,53287,CHILDREN'S CANCER CAUSE,Non-profit (501(C)3 focused on childhood cancer.,,US,DC
4865,401105221,"SPIE, THE INTERNATIONAL SOCIETY FOR OPTICS AND PHOTONICS",Scientific Society,,US,WA
4866,401107470,TIGERSWAN,,,US,NC
4867,401106246,ORION STRATEGIES,Government relations/public affairs firm,,US,DC
4868,401108890,TRAJECTOR MEDICAL,,,US,FL
4869,401104337,"SAM ACTION, INC.",issue advocacy,,US,VA
4870,87392,CCMSC CORPORATION,Government Affairs Consulting,,US,MD
4871,400316477,PLASMA PROTEIN THERAPEUTICS ASSOCIATION,Trade Association,,US,MD
4872,401103637,"THE STRATEGY GROUP, INC.",Public Affairs,,US,MA
4873,56873,AMERICAN THORACIC SOCIETY,,,US,NY
4874,401106284,"THE HEALTH EQUITY STRATEGIES GROUP, LLC","Consulting LLC, providing policy and legislative counsel, as well as diversity outreach.",,US,DC
4875,83433,"MISSILE DEFENSE ADVOCACY ALLIANCE, INC.","Advocating the teting, development and deployment of missile defense systems",,US,VA
4876,401107102,ABB E-MOBILITY INC.,,,US,NC
4877,401108105,NATIONAL FLIGHT TRAINING ALLIANCE,,,US,DC
4878,7144,"BROTHERHOOD OF MAINTENANCE OF WAY EMPLOYES DIVISION, IBT",,,US,DC
4879,400562683,UNIVERSITY OF NEW HAMPSHIRE,UNH is NH's world-class public research university,,US,NH
4880,401109218,MEGAFIRE ACTION,,,US,CA
4881,29802,"THE OB-C GROUP, LLC",Lobbying Firm,,US,DC
4882,400406915,TRILOGY ADVISORS LLC,Government affairs,,US,DC
4883,401104422,ZIRKELBACH STRATEGIES,consulting,,US,DC
4884,45653,THE FEDERAL AFFAIRS OFFICE,government relations,,US,DC
4885,400677020,MR. DOYCE BOESCH,Government Relations,,US,SC
4886,400530578,SEXUALITY INFORMATION AND EDUCATION COUNCIL OF THE UNITED STATES (SIECUS),Advocacy,,US,DC
4887,401103455,VIRGINIA HOSPITAL & HEALTHCARE ASSOCIATION,Alliance of hospitals and health delivery systems.,,US,VA
4888,400873559,HUMANE WORLD ACTION FUND AND AFFILIATES (FORMERLY KNOWN AS HUMANE SOCIETY LEGISLATIVE FUND),Social welfare organization for the protection of animals.,,US,DC
4889,401103759,THE MARINE RETAILERS ASSOCIATION OF THE AMERICAS,Trade association representing boat retailers.,,US,MN
4890,401108826,TSE CONSULTING,,,US,FL
4891,401106409,ALAN PASETSKY,tax advisor,,US,MD
4892,28311,NATIONAL PATIENT ADVOCATE FOUNDATION,Non-profit patient advocacy,,US,VA
4893,401106194,"J.P. DEESE & ASSOCIATES, LLC","LLC, Lobbying Firm - political affairs, digital assets, economics",,US,CA
4894,401107944,"HARBOR POLICY, LLC",,,US,DC
4895,400418985,MR. MICHAEL ROMANSKY,Provide lobbying and consulting services to health care organizations,,US,DC
4896,1980,AMERICAN COLLEGE OF NURSE-MIDWIVES,Professional membership association,,US,DC
4897,401108432,BICE POLICY GROUP,,,US,MD
4898,401103249,LESTER HEALTH LAW PLLC,law firm,,US,DC
4899,401105847,CHARLES FROHMAN,consultant,,US,VA
4900,400454174,"HARLEM UNITED COMMUNITY AIDS CENTER, INC.",CBO serving Harlem's most underserved and difficult-to-reach HIV/AIDS populations.,,US,NY
4901,55256,"THE GALLAGHER GROUP, LLC",Lobbying/Consulting,,US,VA
4902,40008059,NORTHERN ARIZONA UNIVERSITY,Education,,US,AZ
4903,401109068,"ISTARI, INC.",,,US,VA
4904,14438,"JACK FERGUSON ASSOC., INC.",Consulting firm,,US,DC
4905,401106719,TILRAY BRANDS INC.,,,US,NY
4906,400459238,"EAGLE 1 RESOURCES, LCC",Utility Consultant / Management,,US,AL
4907,38450,"TRI-STATE GENERATION AND TRANSMISSION ASSOCIATION, INC.",,,US,CO
4908,40025201,NATIONAL ASSOCIATION OF COLLEGE AND UNIVERSITY BUSINESS OFFICERS (NACUBO),NACUBO develops and promotes business and financial principles for colleges & universities,,US,DC
4909,302530,SECULAR COALITION FOR AMERICA,Nonprofit Advocacy Organization,,US,DC
4910,401103552,DAIKIN U.S. CORPORATION,Manufacturing,,US,NY
4911,401105988,INTERNATIONAL CHIROPRACTORS ASSOCIATION,Professional Association representing the chiropractic profession & community worldwide.,,US,VA
4912,54916,NATIONAL ASSOCIATION FOR COLLEGE ADMISSION COUNSELING,Nonprofit Organization representing college admission officers and high school counselors.,,US,VA
4913,401108290,MAHR STRATEGIES,,,US,OR
4914,50375,"JAY B. LEVIN, LEVIN,PAOLINO & CHRIST GOVENMENT REALTIONS CONSULTING",lobbying & governmental relations firm,,US,CT
4915,401104772,JINKOSOLAR (U.S.) INC.,Solar panel wholesale,,US,CA
4916,401108281,SHRIVER CENTER ON POVERTY LAW,,,US,IL
4917,401103967,WSQUARED STRATEGIES LLC,Governmental Affairs,,US,TX
4918,82170,BLUEWATER STRATEGIES,consulting,,US,VA
4919,18182,HICKS-RICHARDSON ASSOCIATES,,,US,VA
4920,401103630,SACKLER BRINKMANN & HUGHES LLC,Law and policy firm,,US,DC
4921,401105668,"VITA INCLINATA TECHNOLOGIES, INC.",Aerospace OEM Company,,US,DC
4922,401103596,WILLIAM F. JEWELL,consulting firm,,US,MD
4923,400971786,KEY IMPACT STRATEGIES,Government relations consulting firm,,US,MS
4924,77834,THE MAGNATE GROUP LLC,Direct advocacy before U.S. Government offices and entities,,US,DC
4925,401104768,"NOONE ASSOCIATES, LLC",Government relations/law firm,,US,VA
4926,400558667,WASHINGTON PREMIER GROUP,Consulting firm,,US,DC
4927,48793,ACADEMY OF MANAGED CARE PHARMACY,Professional association representing managed care pharmacy,,US,VA
4928,401107092,"EMCA, INC.",,,US,DC
4929,401105841,HOLTEC INTERNATIONAL,Energy,,US,NJ
4930,401008847,AANEM AMERICAN ASSOCIATION OF NEUROMUSCULAR AND ELECTRODIAGNOSTIC MEDICINE,AANEM is a nonprofit membership org representing physicians and others,,US,MN
4931,14872,FLORIDA CRYSTALS CORPORATION,,,US,DC
4932,401108110,RESILIENT PARTNERS LLC,,,US,DC
4933,30507,SEMPRA,,,US,DC
4934,401107876,AKZONOBEL COATINGS INC.,,,US,TN
4935,8395,"CARTWRIGHT & RILEY, INC.",Government Affairs Consultant,,US,VA
4936,401104185,THE FABRY GROUP,Federal Government Relations,,US,NC
4937,401108099,GALVANIZE PARTNERS LLC,,,US,WA
4938,31075,CROSSSTATE CREDIT UNION ASSOCIATION,Financial services trade,,US,PA
4939,48895,TEXAS ASSOCIATION OF BUSINESS,,,US,TX
5102,401103414,"LIBERTY CONSULTING, LLC",Government relations consultant,,US,NJ
4940,52127,PEOPLEFORBIKES COALITION,To promote bicycling in all its forms while maximizing the federal investment in cycling,,US,CO
4941,401106744,ROBIN & ASSOCIATES,,,US,LA
4942,401108412,"BLUESTEM BIOSCIENCES, INC.",,,US,NE
4943,401106631,EICHSTAEDT LAW OFFICE,,,US,WA
4944,287350,ADVANCED CAPITOL CONSULTING,IT Staffing,,US,DC
4945,51150,"JOHNSON CONTROLS, INC AND AFFILIATES",,,US,WI
4946,3435,AMERICAN SOCIETY FOR CLINICAL PATHOLOGY,,,US,DC
4947,54836,INFECTIOUS DISEASES SOCIETY OF AMERICA,,,US,VA
4948,401105735,"DENDREON PHARMACEUTICALS, LLC",biopharmaceutical company that manufactures an immunotherapy for prostate cancer,,US,CA
4949,401106262,"MASA GROUP, LLC",Immigration policy advocacy,,US,DC
4950,401107063,STONO PUBLIC AFFAIRS,,,US,NJ
4951,400823440,ACCESS PARTNERSHIP CORP,International public policy consulting firm,,US,DC
4952,27833,NATIONAL FISHERIES INSTITUTE,Trade Association for the seafood industry,,US,VA
4953,316811,MR. GEORGE WATERS,Consulting,,US,DC
4954,401107286,HERMEUS CORP.,,,US,GA
4955,401103175,NATIONAL ASSOCIATION OF COUNCILS ON DEVELOPMENTAL DISABILITIES,NACDD serves as national voice of state and territorial Councils on Dvlpmntl Disabilities,,US,DC
4956,400459270,AMERICAN COUNCIL OF THE BLIND INC,501c3 non profit charity for the benefit of the blind.,,US,VA
4957,38368,TRANSPORTATION COMMUNICATIONS NATIONAL UNION/IAM (FKA TRANSPORTATION COMMUNICATI,Labor union representing primarily railroad workers.,,US,MD
4958,7394,BUILDING OWNERS AND MANAGERS ASSOCIATION INTERNATIONAL,trade association (commercial real estate),,US,DC
4959,401106337,"MCB CONSULTING, INC.",&#226;€‹Consulting and lobbying entity,,US,NY
4960,401103330,ASSOCIATION OF ASSISTIVE TECHNOLOGY ACT PROGRAM,Assistive Technology,,US,DC
4961,15838,THE GARRISON GROUP LLC,Public relations and government affairs consulting,,US,DC
4962,45232,DEKIEFFER & HORGAN,Law Firm,,US,DC
4963,401103535,"ENVISION STRATEGY, LLC",Government Affairs Firm,,US,DC
4964,401104872,AMERICAN ASSOCIATION OF COLLEGIATE REGISTRARS AND ADMISSIONS OFFICERS,Higher Education,,US,DC
4965,400474349,COLORADO FARM BUREAU,Agriculture,,US,CO
4966,400912660,"SWF CONSULTING, L.L.C.",Government and Public Relations Consultant,,US,DC
4967,401108745,COAST TO COAST LOBBYING LLC,,,US,MI
4968,318298,CHRISTOPHER HEINZ,Consulting and Lobbying,,US,MA
4969,401105435,"HODGKINS CONSULTING, LLC",consulting,,US,VA
4970,319472,"WESTERN SKIES STRATEGIES, INC.",Government relations and consulting,,US,MT
4971,401106086,MR. STEPHEN RYAN,legal consulting,,US,DC
4972,37620,TAXPAYERS AGAINST FRAUD,Combating fraud against the Federal Government,,US,DC
4973,322990,APPIAN,Government affairs firm,,US,IN
4974,401105562,THE BROOKMONT GROUP LLC,Government Relations,,US,MD
4975,86697,HICKS-RAY ASSOCIATES,Consulting firm.,,US,TX
4976,401107974,KINDERCARE LEARNING COMPANIES,,,US,DC
4977,401106414,PIPER-SMITH,Government and Public Affairs,,US,KY
4978,53312,"LEMUNYON GROUP, LLC",Public Policy Consulting,,US,DC
4979,401105729,PEARSON WILCOX ADVOCACY,Public Affairs Consultant,,US,MD
4980,773,ALBANIAN AMERICAN CIVIC LEAGUE,,,US,NY
4981,401103706,WATEREUSE ASSOCIATION,water reuse trade association,,US,VA
4982,401104984,"THE MERCHANT STRATEGY, INC.",Government and community relations,,US,FL
4983,23452,MADISON GOVERNMENT AFFAIRS,Government Affairs,,US,DC
4984,23782,MARITIME INSTITUTE FOR RESEARCH AND INDUSTRIAL DEVELOPMENT,,,US,DC
4985,401107364,AMERICAN STATISTICAL ASSOCIATION,,,US,VA
4986,40025195,AMERICAN COMPOSITES MANUFACTURERS ASSOCIATION,Trade association,,US,VA
4987,401103584,OTT BIELITZKI & O'NEILL PLLC,law firm and government relations firm,,US,DC
4988,85936,"WAYPOINT CONSULTING, LLC",Consulting / Business Development,,US,DC
4989,401106069,LKB STRATEGIES LLC,Consulting firm,,US,DC
4990,2412,AMERICAN FROZEN FOOD INSTITUTE,Trade Association,,US,VA
4991,401109196,EARL POMEROY LLC,,,US,FL
4992,4527,ASSOCIATION OF ART MUSEUM DIRECTORS,peer group/trade association for art museum directors,,US,DC
4993,300856,AMERICAN ACADEMY OF NEUROLOGY,Physician trade association,,US,DC
4994,28515,NATIONAL RURAL ELECTRIC COOPERATIVE ASSOCIATION (NRECA),NRECA provides national leadership through legislative representation before US Congress.,,US,VA
4995,248,ADVANTAGE ASSOCIATES INTERNATIONAL,Defence finding,,US,MD
4996,310791,THE MONDELLO GROUP LLC,Government affairs consulting,,US,DC
4997,33363,"RISK & INSURANCE MANAGEMENT SOCIETY, INC.","Risk Management for corporations, governmental entities, small businesses",,US,NY
4998,401103240,COMMERCIAL VEHICLE TRAINING ASSOCIATION,"Association of post-secondary truck driving schools, motor carriers, and other members.",,US,VA
4999,46665,SPINA BIFIDA ASSOCIATION OF AMERICA,,,US,VA
5000,401105533,FRESENIUS KABI USA LLC,Generic and Biosimilar pharmaceutical manufacturer,,US,IL
5001,32076,PRESERVATION ACTION,nonprofit lobbying organization for historic preservation issues,,US,DC
5002,401105072,NATIONAL ASSOCIATION OF LANDSCAPE PROFESSIONALS,Landscape Trade Association,,US,VA
5003,48760,GENESIS GROUP LLC,consulting/law firm,,US,VA
5004,9066,CHILDREN'S HOSPITAL BOSTON,Health care,,US,MA
5005,401108170,"DEEL, INC.",,,US,CA
5006,19742,INTERNATIONAL ASSOCATION OF DRILLING CONTRACTORS,"U.S.-based, int. trade association for upstream energy industry",,US,DC
5007,401107279,PAT WILLIAMS AND ASSOCIATES,,,US,MD
5008,400749242,THOMAS CHAMPION,federal governmental affairs consultant and advocate,,US,MD
5009,314113,"HEIDEMAN NUDELMAN & KALIK, PC",Law Firm,,US,DC
5010,296453,ENCOMPASS HEALTH CORPORATION (FKA HEALTHSOUTH CORPORATION),Healthcare Service Provider,,US,DC
5011,401106049,"CAPITOL ALLIANCE GROUP, INC",Consulting and Lobbying Firm,,US,FL
5012,400991824,KASASA,Research & Development firm that helps financial institutions with products and services,,US,TX
5013,400315471,"PRINCE GLOBAL SOLUTIONS, LLC",consulting and lobbying firm,,US,VA
5014,47611,UNITED MOTORCOACH ASSOCIATION,,,US,VA
5015,57134,OWNER-OPERATOR INDEPENDENT DRIVERS ASSOCIATION,,,US,MO
5016,400829463,LONE ROCK STRATEGIES,Lobbying firm,,US,OR
5191,315490,"FEDERAL STRATEGIES GROUP, INC.",consulting,,US,DC
5017,401105682,PRINTING UNITED ALLIANCE,Manufacturing trade association in the printing and packaging sector.,,US,PA
5018,401106474,COLDQUANTA DBA INFLEQTION (FKA COLDQUANTA),,,US,CO
5019,401108225,TRPR,,,US,MD
5020,400856517,THE CONNOLLY GROUP,lobby firm,,US,FL
5021,401105865,MERKAVA STRATEGIES CORPORATION,Healthcare,,US,SC
5022,40874,MR. ROBERT K WEIDNER,Mineral Exploration,,US,PA
5023,401107656,YOUNG PEOPLE'S ALLIANCE,,,US,NC
5024,21040,KAMAN CORPORATION AND SUBSIDIARIES,,,US,CT
5025,401107088,ANAKLIA DEVELOPMENT CONSORTIUM LLC,,,GE,
5026,401108326,RESEARCH SERVICE BUREAU,,,US,WA
5027,284436,"THE TOMHAVE GROUP, INC.",Lobbying firm,,US,MD
5028,578,AIR FORCE SERGEANTS ASSOCIATION,"Military, Veterans Affairs",,US,MD
5029,400286366,UNIVERSITY OF CENTRAL FLORIDA,Public Metropolitan Research University,,US,FL
5030,401104352,SIEKMAN AND SIEKMAN LLC,Government Affairs,,US,OH
5031,4540,ASSOCIATION OF COMMUNITY COLLEGE TRUSTEES,,,US,DC
5032,401104787,SLAIMAN CONSULTING LLC,consulting firm,,US,VA
5033,83513,NATIONAL COUNCIL FOR COMMUNITY AND EDUCATION PARTNERSHIPS,,,US,DC
5034,79370,AMERICAN ACADEMY OF AUDIOLOGY,hearing health care association,,US,VA
5035,401109569,"THE MALBRUE GROUP, LLC",,,US,VA
5036,400656972,A.C.E. CONSULTING DBA A.C.E. CONSTRUCTION CONSULTING,Aerospace dba Construction,,CA,ON
5037,400890604,WEST GULF MARITIME ASSOCIATION,Maritime Trade Association,,US,TX
5038,303713,"MAVEN, INC.",Lobbying and government relations,,US,PA
5039,400315472,PROVIDENCE ST. JOSEPH HEALTH,Health care system,,US,WA
5040,401106003,"CAPITOL SOLUTIONS, LLC (DC)",Government Consulting,,US,DC
5041,9658,COALITION FOR RESPONSIBLE WASTE INCINERATION,,,US,VA
5042,40020140,AMERICAN ASSOCIATION OF STATE COLLEGES AND UNIVERSITIES,Higher Education Association,,US,DC
5043,401103554,"PARK STREET STRATEGIES, LLC",Consulting and government relations,,US,MA
5044,400618877,VOLVO CAR CORPORATION,Manufacturers Motor Vehicles,,US,MD
5045,400271247,MASSACHUSETTS BIOTECHNOLOGY COUNCIL,Biotechnology Trade Organization,,US,MA
5046,401109565,MR. DAN CRIPPEN,,,US,MD
5047,401103261,SAFE ROUTES TO SCHOOL NATIONAL PARTNERSHIP,To advance safe walking and bicycling to and from schools and in daily life,,US,VA
5048,401104531,LIBERTY GOVERNMENT AFFAIRS,"Public relations, lobbying and coalitions building.",,US,MD
5049,400367703,THE GRIMES GROUP INC.,lobbying firm,,US,PA
5050,401107542,MR. CASEY TRUPIN,,,US,WA
5051,401109466,AXIS MUNDI LLC,,,US,DC
5052,401103638,PARKER MEGGITT,Manufacture of equipment and systems for commercial and defense customers.,,US,DC
5053,401108685,WASHINGTON GLOBAL ADVISORS LLC,,,US,DC
5054,401105383,"POLICY AZ, LLC","public affairs, government relations consulting,",,US,AZ
5055,25077,MEYERS AND ASSOCIATES,Lobbying Firm,,US,DC
5056,3526,AMERICAN SPORTFISHING ASSOCIATION,,,US,VA
5057,87814,CT GROUP FKA CTF GLOBAL LLC,consultant in government relations,,US,DC
5058,38984,UNITE HERE!,labor union,,US,NY
5059,401108459,"RELIANT GOVERNMENT RELATIONS, LLC",,,US,DC
5060,74077,THE AMERICAN PUBLIC GAS ASSOCIATION,,,US,DC
5061,27707,NATIONAL COURT REPORTERS ASSOCIATION,,,US,VA
5062,14371,FEDERAL MANAGERS ASSOCIATION,,,US,VA
5063,6906,BRAIN INJURY ASSOCIATION OF AMERICA (FKA BRAIN INJURY ASSOCIATION),Federal lobbying on behalf of individuals with brain injury.,,US,VA
5064,65932,MARKQUEST,strategic consulting with AFSA,,US,FL
5065,297237,"CONGRESSIONAL SOLUTIONS, INC (CSI)",consultant,,US,VA
5066,401107584,"ALASKA NATIVE CHAMBER, LLC",,,US,AK
5067,401109519,THE AI POLICY NETWORK INC.,,,US,DE
5068,401107885,"CONVENTUM GROUP, LLC",,,US,CO
5069,401105727,"ESP ADVISORS, LLC",Strategic consulting,,US,DC
5070,401046941,EMERGENCY NURSES ASSOCIATION,Advocacy on behalf of Emergency Nurses,,US,DC
5071,400840483,PEEBLES BERGIN FKA PEEBLES KIDDER,Law firm dedicated to federal Indian law.,,US,DC
5072,290013,OPPORTUNITY FINANCE NETWORK-FORMERLY NATIONAL COMMUNITY CAP,Nonprofit trade association for CDFIs,,US,PA
5073,20802,"JOINT BALTIC AMERICAN NATIONAL COMMITTEE, INC.",,,US,MD
5074,401105385,MARK SMITH PUBLIC AFFAIRS,Public Affairs,,US,TX
5075,400308441,NATIONAL COALITION FOR ASSISTIVE AND REHAB TECHNOLOGY,Trade association working on Medicare and Medicaid coverage of Complex Rehab Technology.,,US,VA
5076,401105712,"NATIONAL MAIN STREET CENTER, INC.",Historic preservation and community economic development.,,US,IL
5077,401106403,MCCOLL STRATEGIES LLC,"Advocacy Consulting, Strategy and Planning",,US,DC
5078,401103627,ALLEN EGON CHOLAKIAN,,,US,GA
5079,401104230,BAYR AND ASSOCIATES LLC,Consulting firm,,US,VA
5080,3390,AMERICAN SOCIETY OF ASSOCIATION EXECUTIVES,,,US,DC
5081,83796,AMITAY CONSULTING,Lobbying/consulting,,US,DC
5082,3878,"MORRIS J. AMITAY, PC",Public affairs government relations services,,US,DC
5083,401105390,GLOBAL INFRASTRUCTURE INVESTOR ASSOCIATION,Association promoting private investment in global infrastructure projects,,GB,
5084,401107918,NET CENTRIC ALLIANCE LLC,,,US,VA
5085,58853,AMERICAN INSTITUTE OF PHYSICS,scientific non-profit organization,,US,MD
5086,401107115,"PAYWARD INTERACTIVE, INC. D/B/A KRAKEN",,,US,WY
5087,73191,LIBERTY SQUARE GROUP,strategic communications and government affairs consulting,,US,MA
5088,401108349,TOO GOOD TO GO,,,US,NY
5089,401106873,TENPENNY LAW LLC,,,US,KS
5090,26466,NATIONAL AIR CARRIER ASSOCIATION,,,US,VA
5091,400761275,"REPUBLIC CONSULTANTS, LLC",Government Relations & Public Relations,,US,DC
5092,401104033,YORKTOWN SOLUTIONS,Consulting,,US,DC
5093,401109568,"HALLOWELL CONSULTING, LLC",,,US,IN
5094,401108159,MS. TANISHA LEWIS,,,US,VA
5095,401106904,56 CAPITALS LLC,,,US,VA
5096,19503,"INSTITUTE OF SCRAP RECYCLING INDUSTRIES, INC",,,US,DC
5097,5288,BANKERS ASSOCIATION FOR FINANCE AND TRADE (FORMERLY KNOWN AS BAFT-IFSA),Trade Association,,US,DC
5098,401109563,"AL LAWSON & ASSOCIATES, INC",,,US,FL
5099,401108679,"MOSS & ASSOCIATES, LLC",,,US,FL
5100,401106915,GRASSROOT INSTITUTE OF HAWAII,,,US,HI
5101,299274,OIL COMPANIES INTERNATIONAL MARINE FORUM,,,GB,
5192,80931,LAND TRUST ALLIANCE,,,US,DC
5103,8225,CAREER EDUCATION COLLEGES & UNIVERSITIES (FKA ASS'N OF PRIVATE SECTOR COLLEGES A,non-profit trade association representing career education colleges and universities.,,US,VA
5104,401109019,"ADVOCACYBUILD, LLC",,,US,DC
5105,40726,PARAGON GOVERNMENT RELATIONS,Federal Relations,,US,DC
5106,401100069,ATLAS ADVOCACY,disinfectant manufacturing,,US,DC
5107,401107576,ARCH STREET,,,US,VA
5108,297135,MR. ANDREW FUTEY,Consulting,,US,OH
5109,401106263,SENTILINK,Identity verification technology provider,,US,CA
5110,52823,STATE UNIVERSITY OF NEW YORK AT BUFFALO,Director of Federal Relations,,US,NY
5111,39542,UNIVERSITY OF VIRGINIA,Research and higher education advocacy,,US,VA
5112,401106561,"K9S FOR WARRIORS, INC.",,,US,FL
5113,401108112,TREWADET LAW,,,US,DC
5114,87778,NATIONAL ASSOCIATION OF AGRICULTURAL EDUCATORS,,,US,KY
5115,401103962,CORUS FEDERAL STRATEGIES,Government Relations,,US,VA
5116,70494,MR. ROBERTO A. GONZALEZ,"Government Consulting, Government Relations, and Business Development",,US,NC
5117,401104643,"TUELL LAW, P.C.",Law Firm,,US,CA
5118,401030903,NATIONAL ASSOCIATION FOR GUN RIGHTS,"pro-Second Amendment, firearms advocacy and public policy",,US,SC
5119,401105920,COMMON SENSE MEDIA,Education organization,,US,CA
5120,401104188,DMM STRATEGIES,government affairs consulting,,US,DC
5121,300355,JENNIFER BERZOK,Government Relations Consultant,,US,MD
5122,401109000,DBS PUBLIC AFFAIRS GROUP LLC,,,US,VA
5123,401108909,RESOLUTIONARIES,,,US,CA
5124,401108734,SCHOOLS THAT CAN,,,US,NY
5125,401108963,THE SOUTHERN GROUP,,,US,FL
5126,27161,NATL ASSC OF STATE DIRECTORS OF CAREER TECHNICAL EDUCATION,National Association for career technical education,,US,MD
5127,401107988,VALENTINE STRATEGIES,,,US,VA
5128,401109538,VALIANT PUBLIC AFFAIRS,,,US,DC
5129,401108803,G SQUARED STRATEGIES LLC,,,US,DC
5130,401105833,AWSOM ASSOC,public affairs,,US,NJ
5131,401106297,"MR. CHARLES DOLAN, JR",Public Affairs and Public Relation,,US,VA
5132,400718160,BLUE TUSK COMMUNICATIONS,Lobbying,,US,FL
5133,320793,JST STRATEGIES LLC (JOCHUM SHORE & TROSSEVIN PC),Government Affairs,,US,VA
5134,8293,CARLYLE CONSULTING,Lobbying,,US,VA
5135,315012,PUBLIC KNOWLEDGE,Public interest organization,,US,DC
5136,306897,AMERICAN SOCIETY FOR REPRODUCTIVE MEDICINE (ASRM),,,US,DC
5137,400536605,RENAL PHYSICIANS ASSOCIATION,Medical Professional Society,,US,MD
5138,401105810,"BIG FIRE LAW & POLICY GROUP, LLP",LAW AND POLICY GROUP,,US,NE
5139,401108839,SMITH + MALEK,,,US,ID
5140,401109490,NORDEST ADVISORY LLC,,,US,MD
5141,15053,"FOLEY FEDERAL & INTERNATIONAL AFFAIRS, INC.",government relations firm,,US,MD
5142,400531587,MR. ROBERT ZIMMER,Public Affairs Firm,,US,RI
5143,22438,"LEDGE COUNSEL, INC.",Government Relations and Strategic Consulting,,US,DC
5144,401103592,CASCADE PUBLIC AFFAIRS,Public affairs,,US,WA
5145,19321,INTERNATIONAL SAFETY EQUIPMENT ASSOCIATION,"ISEA members design, test, manufacture and supply PPE.",,US,VA
5146,401104776,MGD STRATEGIES LLC,grassroots consulting,,US,MD
5147,401104891,MR. BRIAN WALSH,"Public policy research, communications, education, and advocacy",,US,CO
5148,401103852,THUNDERBIRD STRATEGIC LLC,Government Relations and Communications,,US,MD
5149,401108086,"NATIONAL WOMEN'S SHELTER NETWORK, INC.",,,US,FL
5150,89235,UNIVERSITY OF NORTH CAROLINA AT CHAPEL HILL,,,US,NC
5151,17192,"GUN OWNERS OF AMERICA, INC.",,,US,VA
5152,401104664,MS. MOLLY NIX,Communications,,US,LA
5153,401108292,DANCING RABBIT TRIBAL CONSULTING,,,US,OK
5154,401107295,"CAPITOL CHAIRMAN'S ALLIANCE, LLC",,,US,TX
5155,401109489,"CIVITAS RESOURCES, INC.",,,US,CO
5156,400520535,JASON UNDERWOOD,Lobbying firm,,US,KY
5157,401103157,"POTOMAC GOVERNMENT RELATIONS, LLC",Advocates on business matters.,,US,DC
5158,401107922,SYNCHRONICITY STRATEGIES LLC,,,US,DC
5159,401105725,"MCKINLEY STRATEGIES, LLC",Consulting firm/government affairs,,US,OH
5160,401105873,INDEPENDENT DISTRIBUTORS ASSOCIATION,Trade association dedicated to the independent heavy equipment aftermarket,,US,TX
5161,401107392,NEXTGEN CLIMATE ACTION,,,US,CA
5162,36754,HOLLY STEVENS,,,US,TX
5163,35968,SOCIETY OF NUCLEAR MEDICINE AND MOLECULAR IMAGING,"The Society of Nuclear Medicine and Molecular Imaging (SNMMI), headquartered in Reston, Va",,US,VA
5164,400458211,MR. MATTHEW R. SIMMONS,Government Affairs Consulting,,US,CA
5165,401108865,LAST ENERGY INC,,,US,DC
5166,90272,"BLOOMIN' BRANDS, INC.",,,US,FL
5167,401109578,AGF ADVOCACY LLC,,,US,FL
5168,401106092,AMBESSA SOLUTIONS LLC,Political and Security Consulting,,US,SC
5169,401105540,STRATEGIC GOVERNMENT AFFAIRS,Municipality,,US,VA
5170,401107836,THOMAS CAPITOL PARTNERS INC.,,,US,DC
5171,40013101,THE POLICY GROUP,Regulatory Analysis & Legislative Advocacy,,US,VA
5172,401106949,CHAPMAN AND CUTLER LLP,,,US,IL
5173,401108725,"JTI MARKETING & COMMUNICATIONS, INC. DBA JTI, INC.",,,US,VA
5174,1854,AMERICAN BUSINESS CONFERENCE,,,US,DC
5175,401109586,"ALPEK POLYESTER USA, LLC",,,US,NC
5176,290274,LAW OFFICES OF PHILIP R. HOCHBERG,Law firm,,US,MD
5177,401106259,BLINK CHARGING COMPANY,Provider of electric vehicle charging infrastructure.,,US,MD
5178,400689051,ERIC LACHICA,"consultant: research, representation, advocacy and communication",,US,MD
5179,21847,"KOGOVSEK & ASSOCIATES, INC.",provides general legislative and administrative consulting services on natural resources,,US,CO
5180,401104877,THE PRESIDENTS' FORUM OF THE DISTILLED SPIRITS INDUSTRY,Alcohol production,,US,VA
5181,401105879,WEST VIRGINIA HOSPITAL ASSOCIATION,Trade Association,,US,WV
5182,27662,UNIDOSUS (FKA NATIONAL COUNCIL OF LA RAZA),nonprofit,,US,DC
5183,401109583,EARHART TURNER LLC,,,US,DC
5184,401109584,NUCLEAR THREAT INITIATIVE,,,US,DC
5185,401109393,ATLAS ADVISERS LLC,,,US,CO
5186,315956,JOBS WITH JUSTICE F.K.A. AMERICAN RIGHTS AT WORK,expanded bargaining for workers rights,,US,DC
5187,401109587,"INTERSTATE GAS SUPPLY, LLC",,,US,OH
5188,401109560,ANKURA ADVOCACY LLC,,,US,DC
5189,6575,BOATU.S.,,,US,VA
5190,401109588,"JHS CONSULTING, INC",,,US,VA
5193,401104304,MR. LANDON FULMER,"Lobbying, communications consulting",,US,FL
5194,400424026,"TIM YEHL, LLC","federal lobbying, communicaitons consulting",,US,MD
5195,40016126,"EQUALITY FOR ADOPTED CHILDREN, LLC",Advocacy organization on behalf of adoptive families and adopted children.,,US,VA
5196,78551,"BARRY UNIVERSITY, INC.",,,US,FL
5197,401104700,CORDONE CONSULTING LLC,Public Policy Consulting Firm,,US,SC
5198,401105526,YWCA USA,Nonprofit organization dedicated to empowering women,,US,DC
5199,401108480,JACOBS GROUP INC.,,,US,IL
5200,401108014,"INTERNATIONAL AVIATION PROFESSIONALS, TEAMSTERS LOCAL UNION NO. 2750",,,US,OH
5201,25066,THE LAW OFFICE OF MICHAEL R. KLIPPER,law firm,,US,DC
5202,15918,DAVID GENCARELLI,Legislative and regulatory consultant,,US,DC
5203,54131,TAXPAYERS FOR COMMON SENSE,,,US,DC
5204,13654,ENVELOPE MANUFACTURERS ASSOCIATION,Association,,US,VA
5205,401109575,YAZAKI NORTH AMERICA,,,US,MI
5206,40027234,TACOMA PUBLIC UTILITIES,Tacoma Public Utilities is the municipally owned utility of the City of Tacoma.,,US,WA
5207,400355624,JACKSON LEWIS PC,Law Firm,,US,VA
5208,69878,GOVERNMENT ACCOUNTABILITY PROJECT,,,US,DC
5209,401109521,OCEANTIC NETWORK,,,US,MD
5210,27035,NATIONAL DISABILITY RIGHTS NETWORK,Disability rights,,US,DC
5211,401103855,LINCOLN CONCEPTS,Consulting,,US,VA
5212,400445139,PACIFIC ATLANTIC PARTNERS,Public Affairs and Government Affairs Representation,,US,DC
5213,16657,"GOVERNMENTAL STRATEGIES, INC.",government affairs consulting,,US,VA
5214,3617,AMERICAN TRAFFIC SAFETY SERVICES ASSOCIATION,,,US,VA
5215,40087,VIETNAM VETERANS OF AMERICA,Not for Profit Veterans Service Organization,,US,MD
5216,400498459,MR. DANIEL DELICH,issue advocacy,,US,TX
5217,401105994,JON THOMAS CONSULTING,Community college serving various members of the community along with Native Americans.,,US,DC
5218,401106550,HOUSTON FOOD BANK,,,US,TX
5219,401107068,INTERNATIONAL MOTOR VEHICLE TRADE ASSOCIATION,,,US,DC
5220,78312,PREVENT BLINDNESS,Nonprofit organization,,US,IL
5221,401105794,"OLYMPUS CAPITOL STRATEGIES, LLC (FKA OLYMPUS POLITICAL CONSULTING, LLC)",Lobbyist,,US,MO
5222,16271,GLASS PACKAGING INSTITUTE,trade association representing glass container industry,,US,VA
5223,400296396,"THE MIZEUR GROUP, LLC",Policy consulting,,US,MD
5224,6985,"STONE MATTHEIS XENOPOULOS AND BREW, PC",Law Firm,,US,DC
5225,401109585,REWIRING AMERICA INC.,,,US,DC
5226,316217,"POTOMAC STRATEGIC DEVELOPMENT COMPANY, LLC",Legislative counsel,,US,VA
5227,401106031,HILLCREST STRATEGIES LLC (FKA NICHOLAS FLOCKEN),"Consulting, lobbying",,US,VA
5228,400458209,MR. PETER SNELL,political consultant,,US,VA
5229,297410,"RASKY PARTNERS, INC.",lobby firm,,US,DC
5230,316797,"SOBBA PUBLIC, LLC",business consulting,,US,DC
5231,1604,LEADINGAGE (FKA AMER. ASSOC. OF HOMES AND SERVICES FOR THE AGING),Represent non-profit providers of aging services,,US,DC
5232,87051,"ATOKA INTERNATIONAL, LLC",Consulting and Advisory Services,,US,VA
5233,401105102,STUDENTS FOR SENSIBLE DRUG POLICY,Drug policy reform advocacy,,US,DC
5234,35753,"THE POLICY AGENCY, LLC, FORMERLY ANNE SMITH","manufacturer, promotion of democracy in Latin American and Central Europe",,US,NH
5235,400458234,COMMERCIAL SPACEFLIGHT FEDERATION,Industry association of commercial spaceflight companies and related organizations,,US,DC
5236,401108435,SONY INTERACTIVE ENTERTAINMENT LLC,,,US,DC
5237,21610,CALMETTO MANAGEMENT GROUP,"FIRM SPECIALIZING IN ASSOCIATION MANAGEMENT, SPECIAL EVENTS AND GOVERNMENT RELATIONS",,US,SC
5238,319632,NATIONAL ASSOCIATION OF SHELL MARKETERS,Trade association,,US,KY
5239,401105923,J.SULLIVAN ADVOCACY,advocacy,,US,VA
5240,401103504,KEITH JOHNSON,Advocacy for global health issues,,US,WA
5241,401106642,UNCAC COALITION,,,AT,
5242,401106789,STRATEGIC PRINCIPLES LLC,,,US,VA
5243,401103451,MILESTONE FEDERAL SOLUTIONS,legislative consulting,,US,MD
5244,401107332,"THE JACKSON GROUP, LLC",,,US,MD
5245,49214,MR. ROBERT TALLEY,Lobbyist,,US,DC
5246,401103846,"EDGEPOINT, LLC",consulting firm,,US,NC
5247,401109595,COMPASS PATHWAYS INC.,,,US,NY
5248,91238,THURGOOD MARSHALL COLLEGE FUND,"Provide leadership development, scholarships, & advocacy to public HBCUs.",,US,DC
5249,401109608,HYDROCEPHALUS ASSOCIATION,,,US,MD
5250,400496441,KIPP,"KIPP is a national network of free, open-enrollment, college preparatory public schools.",,US,CA
5251,314476,NATIVE AMERICAN CONTRACTORS ASSOCIATION,,,US,DC
5252,401109615,GIIZHIK LAW PLLC,,,US,VA
5253,401107933,GWC PUBLIC AFFAIRS LLC,,,US,CO
5254,12345,"DISABILITY RIGHTS EDUCATION & DEFENSE, INC.",Nonprofit Disability Rights Law and Policy Center,,US,CA
5255,400751248,CLAUSTEN LLC,Energy policy,,US,DC
5256,401108875,"CLEANSPARK, INC",,,US,NV
5257,401103700,ROSEMONT GROUP,government affairs consulting,,US,DC
5258,400995828,"AFRICAN FEDERAL GROUP, LLC","Promote African Development through Education, Training, Economic Development & Democracy",,US,MO
5259,401108084,ALLEVAN-US ADVOCATE CORP,,,US,FL
5260,401103808,"COLLIER COLLECTIVE, LLC",A firm that specializes in policy advocacy and strategy for public interest clients.,,US,DC
5261,401109617,DLG PARTNERS (FKA DRAGON LIST GLOBAL),,,US,DC
5262,400291380,COALITION OF AIRLINE PILOTS ASSOCIATIONS,Aviation Safety and Security,,US,DC
5263,401109054,RIGHT TURN STRATEGIES,,,US,DC
5264,401104744,OLIVERSTRATEGIES,Political strategy and consulting,,US,DC
5265,304975,"THE FARLEY GROUP, INC.",Lobbying,,US,DC
5266,53004,OHIO HOSPITAL ASSOCIATION,,,US,OH
5267,401109626,FIRST DAY PR,,,US,AZ
5268,401109629,"TURBOVETS, INC.",,,US,TX
5269,401103817,WILLIAMSON LAW + POLICY PLLC,law firm,,US,DC
5270,401105279,ALTERNATIVE FUELS & CHEMICALS COALITION,Trade Association,,US,DC
5271,17135,"GESCONTI GROUP,INC.",,,US,DC
5272,40046361,COUNCIL OF STATE ADMINISTRATORS OF VOCATIONAL REHABILITATION,Represents the state vocational rehabilitation agencies,,US,MD
5273,401105663,EQV STRATEGIC,Lobbying/Consulting,,US,NC
5274,401109513,MR. ROBERT FRANCIS MCDONNELL,,,US,VA
5275,401104826,THE UNIVERSITY OF FLORIDA BOARD OF TRUSTEES,Institution of Higher Education,,US,FL
5365,401109675,JUMP CRYPTO HOLDINGS LLC,,,US,IL
5276,401103692,"BRIDGE STREET GROUP, LLC",Government Affairs,,US,VA
5277,401105933,"GOODRX, INC.",Health Care Technology,,US,CA
5278,401109641,SNYDER GRESSARD STRATEGY,,,US,DC
5279,401109639,THEYFEARTRUTH FEDERAL GOVERNMENT OF AMERICA,,,US,TX
5280,401103265,THE KIDD GROUP LLC,Public Relations and Governmental Affairs,,US,KY
5281,400980802,NATIONAL ALLIANCE FOR PUBLIC CHARTER SCHOOLS,Charter School advocacy,,US,DC
5282,4538,ASSOCIATION OF CALIFORNIA WATER AGENCIES,Public Water Districts in California,,US,DC
5283,401109591,ANCHOR GROUP LLC,,,US,DC
5284,291093,"FRONTLINE PUBLIC STRATEGIES, INC.",association management and consulting,,US,IL
5285,47336,LOWRY STRATEGIES,Governmental Consulting,,US,VA
5286,401109232,COGNITAE,,,US,VA
5287,401109624,"FIRST NATION GROUP, LLC",,,US,FL
5288,14052,CAPITOL METEOROLOGICS,Lobbying / Consultancy,,US,DC
5289,314658,NATIONAL PSORIASIS FOUNDATION,health care,,US,VA
5290,400493435,MS. KAREN JOHNSON,government affairs,,US,VA
5291,401104156,SOCIETY FOR MATERNAL-FETAL MEDICINE,Medical Society,,US,DC
5292,401108443,"THE GRIFFIN GROUP GLOBAL, LLC",,,US,NY
5293,27536,NATIONAL COOPERATIVE BUSINESS ASSOCIATION,,,US,DC
5294,2536,"AMERICAN HELLENIC INSTITUTE, FORMERLY KNOWN AS AMERICAN HELLENIC INSTITUTE P.A.C",,,US,DC
5295,401105057,"SB GROUP US, INC. DBA SOFTBANK GROUP US, INC.",Operating company managing investments.,,US,DC
5296,309333,ESSENTIAL MINERALS ASSOCIATION (FKA INDUSTRIAL MINERALS ASSOCIATION - NORTH AMERICA),,,US,VA
5297,401109638,KERRY INC. AND AFFILIATES OWNED BY KERRY HOLDING CO INCLUDING NIACET CORPORATION,,,US,WI
5298,401106364,THE ANGLE,Government Relations Firm,,US,CA
5299,40020145,"SPECIALTY TOBACCO COUNCIL, INC.",Trade association protecting interests of specialty tobacco manufacturers and importers,,US,NC
5300,401104631,FIRST USA CONSULTING GROUP LLC,consultance,,US,GA
5301,401109640,LARRAGAN CREST STRATEGIES,,,US,FL
5302,82272,"FOX POTOMAC RESOURCES, LLC",Government Affairs,,US,DC
5303,40036304,"SCHOLASTIC, INC.",Publisher and distributor of children's books and software,,US,NY
5304,40020151,DANCE/USA,Dance/USA is the national service organization for professional dance.,,US,DC
5305,315477,BUTTERFIELD EVANS & ASSOCIATES LLC,Government affairs,,US,DC
5306,291914,"LAW OFFICES OF FREDERICK H. GRAEFE, PLLC",Federal lobbying,,US,DC
5307,9135,CHRISTIAN LEGAL SOCIETY,,,US,VA
5308,401109613,"CAPITAL CITY CONSULTING, LLC.",,,US,FL
5309,401105455,"BOOM TECHNOLOGY, INC.",Supersonic Passenger Transport,,US,CO
5310,400997830,"THE CAVALRY GROUP, LLC","Consulting, federal lobbying, campaign management",,US,OK
5311,401107239,ELK CREEK RESOURCES CORP.,,,US,CO
5312,290398,"POLICY COMMUNICATONS, INC.",Firm specializing in public affairs and strategic communications.,,US,CO
5313,400453161,NORTH CAROLINA FARM BUREAU FEDERATION,NCFB is a general farm organization.,,US,NC
5314,401109646,THE NUCLEAR COMPANY,,,US,KY
5315,401109651,RILEY EXECUTIVE GOVERNMENT SOLUTIONS,,,US,UT
5316,401105387,FOOD ALLERGY RESEARCH AND EDUCATION (FARE),Non-profit organization,,US,VA
5317,401109650,"DHILLON LAW GROUP, INC.",,,US,VA
5318,401109105,NOVUS STRATEGIES,,,US,PA
5319,401109634,"GECKO ROBOTICS, INC.",,,US,PA
5320,401109627,OURARING INC.,,,US,CA
5321,401104779,"BELLEVUE STRATEGIES, LLC",lobbyist,,US,PA
5322,401107404,SUNUNU ENTERPRISES LLC,,,US,NH
5323,401109631,ELENI KALISCH,,,US,VA
5324,13200,THE MACON EDWARDS COMPANY,Lobbying Firm,,US,DC
5325,45835,MR. RICHARD GOODSTEIN,Law/lobbying firm,,US,DC
5326,401108304,WAKE FOREST UNIVERSITY,,,US,NC
5327,401109648,"COREWEAVE, INC.",,,US,NJ
5328,22974,LIVESTOCK MARKETING ASSOCIATION,trade organization of local livestock sale auction markets,,US,KS
5329,19981,INTERNATIONAL LONGSHORE & WAREHOUSE UNION,,,US,CA
5330,401107755,"OLD RHINE, LLC",,,US,OK
5331,401105911,THE REPARATIONIST COLLECTIVE,"""TRC"" advocates for reparations for African Americans descended from US chattel slavery.",,US,NC
5332,401109649,"KYOWA KIRIN, INC",,,US,NJ
5333,401104307,"GULF SOUTH STRATEGIES USA, LLC",Government Relations,,US,LA
5334,4403,ASSET & EQUITY CORPORATION,Lobbying,,US,TN
5335,401109660,"UNIVERSITY HEALTH SYSTEMS OF EASTERN CAROLINA, INC. D/B/A ECU HEALTH",,,US,NC
5336,401109636,JOHN WATTS,,,US,DC
5337,401109657,AGIOS PHARMACEUTICALS,,,US,MA
5338,401109622,ASHA STRATEGIES LLC,,,US,DC
5339,401109637,BREAKAWAY,,,US,DC
5340,400552652,BIOCOM,Life Sciences Trade Association,,US,CA
5341,8750,THE FOUNDATION FOR ADVANCING ALCOHOL RESPONSIBILITY (FKA THE CENTURY COUNCIL),,,US,DC
5342,401106954,ROCKIES ARIA LLC,,,US,CO
5343,401109668,"CRAVATH, SWAINE & MOORE LLP",,,US,NY
5344,401109655,BRIGHTSPRING HEALTH SERVICES,,,US,KY
5345,86356,MERIDIAN HILL STRATEGIES FORMERLY KNOWN AS ERNEST C. BAYNARD IV,full scale public affairs firm,,US,MD
5346,89895,CAPITOL CONSULTANTS LLC,Consultant,,US,NM
5347,401106372,"ACCENTCARE, INC.",healthcare service provider,,US,TX
5348,401109661,CRUCE CAPITOL CONSULTING LLC,,,US,VA
5349,401109674,"COMPASS CAPITOL ADVISORS, LLC",,,US,OH
5350,401109671,FEDERAL MONEY SERVICES BUSINESS ASSOCIATION INC.,,,US,NY
5351,401106317,NATIONAL NEIGHBORWORKS ASSOCIATION,Affordable housing and community development trade associaton,,US,DC
5352,534,MS. VIRGINIA AINSLIE,Advocacy,,US,VA
5353,400490410,"CAPITOL VENTURES GOVERNMENT RELATIONS, LLC",tribe,,US,OK
5354,401109686,TAXORA LLC,,,US,WY
5355,401109548,GUARDIAN POLICE SOLUTIONS LLC,,,US,AZ
5356,401109597,SPARACINO PLLC,,,US,DC
5357,307171,"STIEFEL & JONES CONSULTING, LLC",Consulting firm,,US,WA
5358,39256,"UNITED STEEL, PAPER & FORESTRY, RUBBER, MANUFACTURING, ENERGY",,,US,DC
5359,401103970,"BASSMAN, MITCHELL, ALFANO & LEITER CHTD.",Law firm,,US,DC
5360,401103874,JUSTICE ACTION NETWORK,Nonprofit Advocacy Organization,,US,DC
5361,401109611,"CANFIELD CONSULTING, LLC",,,US,KS
5362,400319495,"POTOMAC CURRENTS, LLC",lobbying firm,,US,VA
5363,26535,NATIONAL AMERICAN INDIAN HOUSING COUNCIL,nonprofit organization dedicated to Native American housing,,US,DC
5364,401109688,RICHARD MCGIVERN,,,US,NC
5366,401109694,"EXECUTIVE STRATEGIES, LTD. CO.",,,US,VA
5367,401108239,MR. DAVID KASTEN,,,GB,
5368,401109606,FFG GROUP,,,US,DC
5369,401108117,BREAKTHROUGH365 GOVERNMENT RELATIONS STRATEGIES,,,US,VA
5370,401105141,AMERICAN FORESTS,Environmental Non Profit,,US,DC
5371,401107740,"ZEROAVIA, INC.",,,US,WA
5372,401109691,1816 PUBLIC AFFAIRS GROUP,,,US,IN
5373,400615867,ONE ACTION,Nonprofit working on poverty and global health issues,,US,DC
5374,401109580,PWC US GROUP LLP,,,US,DC
5375,400468314,"BROMELKAMP GOVERNMENT RELATIONS, LLC",government relations firm,,US,MN
5376,48691,MR. RICHARD INNES,Assist clients with help achieving goals to advance environmental causes and issues,,US,DE
5377,401109589,ZOOM COMMUNICATIONS INC,,,US,CA
5378,401109630,BITDEER TECHNOLOGIES GROUP,,,KY,
5379,400933698,WYMAN ASSOCIATES,Trade Association,,US,VA
5380,401109676,VERNONBURG GROUP,,,US,VA
5381,401109599,MN8 ENERGY LLC,,,US,NY
5382,401107398,COLOROFCHANGE.ORG,,,US,CA
5383,401109687,"ELWELL & ASSOCIATES, LLC",,,US,VA
5384,293552,"AMERICAN FAMILY MUTUAL INSURANCE COMPANY, S.I.",Insurance,,US,WI
5385,401109311,TULIPIFERA STRATEGIES,,,US,MD
5386,401109544,"DISABILITY COMMUNITY FOR DEMOCRACY, INC.",,,US,DE
5387,401109598,METREA LLC,,,US,DC
5388,401109665,OSHKOSH CORPORATION,,,US,WI
5389,401109286,TELNYX LLC,,,US,TX
5390,296316,MR. PETER DICKINSON,Public affairs consulting,,US,VA
5391,401108171,AMANDA GORT,,,US,CA
5392,401109618,COOK INLET REGION INC.,,,US,DC
5393,401109732,"JOSHUA HIGGINBOTHAM CONSULTING, LLC",,,US,WV
5394,401109459,SURESCRIPTS,,,US,VA
5395,401107808,CRANE STRATEGIES LLC (LOUISIANA),,,US,LA
5396,401109739,SUGAR CREEK PACKING COMPANY,,,US,OH
5397,401105412,MR. DANIEL WEISS,government affairs,,US,DC
5398,401108060,"LEOLABS, INC.",,,US,CA
5399,401105330,SWEENEY & ASSOCIATES LLC LLC,Law firm,,US,NY
5400,401109736,PUENTES GLOBAL ADVISORY LLC,,,US,MD
5401,401104774,DUE PROCESS INSTITUTE,501(c)(4) dedicated to supporting bipartisan solutions for criminal justice related reform,,US,DC
5402,401109680,"VIAL HEALTH TECHNOLOGY, INC.",,,US,CA
5403,401109702,MR. CRAIG JEFFRIES,,,US,NC
5404,91411,"FAHMY HUDOME INTERNATIONAL, LLC",International Business Consulting,,US,NJ
5405,401105255,BASS PUBLIC AFFAIRS,Public Affairs,,US,VA
5406,401103948,"MLT CONSULTING, LLC",Government Affairs Consulting and Lobbying,,US,CA
5407,401109756,AMANDA KADILAK,,,US,VA
5408,401104801,NATIONAL SECURITY ACTION,Nonprofit organization,,US,DC
5409,401109696,DERMATOLOGY ASSOCIATION OF RADIATION THERAPY (DART),,,US,IL
5410,401109697,PATIENTSACT,,,US,IL
5411,400525551,HEMOPHILIA FEDERATION OF AMERICA,patient advocacy organization,,US,DC
5412,401109514,"ARTICLE ONE CONSULTING, LLC",,,US,VA
5413,401109728,SPARC,,,US,DC
5414,401109737,MEGAN MCELWAIN,,,CA,ON
5415,401109669,"B HALL STRATEGIES, LLC",,,US,DC
5416,401109753,MCGINLEY LLC,,,US,VA
5417,16236,GIRL SCOUTS OF THE U.S.A.,Non Profit,,US,NY
5418,401109775,"CONSCIENCE POINT CONSULTING, INC.",,,US,DC
5419,401105062,STANDARD CHARTERED BANK,Banking and financial services,,US,DC
5420,401109779,ENGEL BURNS,,,US,DC
5421,401109399,MADELEINE SMITH,,,US,VA
5422,401109766,"MERIDIAN STRATEGIC RESOURCES, LLC",,,US,CA
5423,401108716,"CHIPPS, CAFFREY AND DUBILIER, P. S. C.",,,US,KY
5424,401109528,"SKYRYSE, INC.",,,US,CA
5425,401109718,"CONTROL AI US, INC.",,,US,DC
5426,401106034,CONNECT STRATEGY LLC,Government Consulting Company,,US,VA
